{
"type": "FeatureCollection",
"name": "Arunachal_Pradesh",
"crs": { "type": "name", "properties": { "name": "urn:ogc:def:crs:OGC:1.3:CRS84" } },
"features": [
{ "type": "Feature", "properties": { "GID_1": "IND.3_1", "GID_0": "IND", "COUNTRY": "India", "NAME_1": "Arunachal Pradesh", "VARNAME_1": "Agence de la Frontière du Nord-E", "NL_NAME_1": "NA", "TYPE_1": "State", "ENGTYPE_1": "State", "CC_1": "NA", "HASC_1": "IN.AR", "ISO_1": "IN-AR" }, "geometry": { "type": "MultiPolygon", "coordinates": [ [ [ [ 95.368301391000102, 27.107362747000138 ], [ 95.373657226000091, 27.107999801000119 ], [ 95.372673035000105, 27.101671220000071 ], [ 95.376976012000114, 27.102180481000175 ], [ 95.385467530000142, 27.105091095000148 ], [ 95.386116028000117, 27.111709595000093 ], [ 95.396148683000092, 27.114469529000189 ], [ 95.406311034000055, 27.118320465000124 ], [ 95.420272828000122, 27.130781174000049 ], [ 95.429191589000084, 27.134050369000079 ], [ 95.440986634000126, 27.132810594000091 ], [ 95.445579529000099, 27.134290696000164 ], [ 95.447135925000111, 27.138330460000134 ], [ 95.450752259000183, 27.138839722000171 ], [ 95.453399658000137, 27.135879518000024 ], [ 95.457786561000091, 27.135641099000111 ], [ 95.461067200000173, 27.140220641000099 ], [ 95.463676452000072, 27.150360109000076 ], [ 95.465850829000146, 27.154800415000125 ], [ 95.465072632000158, 27.157609941000032 ], [ 95.463317871000186, 27.159540176000178 ], [ 95.459899903000178, 27.160419465000189 ], [ 95.45870971700009, 27.163288117000036 ], [ 95.463836670000035, 27.167020797000134 ], [ 95.468009948000145, 27.172290802000191 ], [ 95.463668824000138, 27.182121277000078 ], [ 95.467117309000116, 27.185550690000014 ], [ 95.468643188000158, 27.190500260000135 ], [ 95.465812682000092, 27.197429657000157 ], [ 95.462051391000159, 27.203010559000063 ], [ 95.458900451000034, 27.20956993100009 ], [ 95.459709167000199, 27.213430404000064 ], [ 95.469429017000095, 27.218259811000053 ], [ 95.470672607000097, 27.223211288000186 ], [ 95.473899841000161, 27.223649978000083 ], [ 95.474510192000139, 27.226869583999985 ], [ 95.480552673000091, 27.232339860000025 ], [ 95.48722839300018, 27.246030807000125 ], [ 95.490997315000129, 27.248699189000092 ], [ 95.506278991000102, 27.254619599000023 ], [ 95.510643005000077, 27.258979798000098 ], [ 95.510887147000176, 27.266269685000111 ], [ 95.516181945000028, 27.268630981000058 ], [ 95.520462036000083, 27.263740539000082 ], [ 95.525932312000066, 27.266260147000025 ], [ 95.529716491999977, 27.269069671000125 ], [ 95.534812928000179, 27.270620347000033 ], [ 95.55416107200017, 27.259340286000054 ], [ 95.556137085000159, 27.254369735000125 ], [ 95.563262939000197, 27.252502442000093 ], [ 95.574462891000167, 27.251060485000039 ], [ 95.578300476000152, 27.247140884000032 ], [ 95.577880859000174, 27.242151260000185 ], [ 95.59008789100011, 27.229520798000181 ], [ 95.599166871000079, 27.229610443000013 ], [ 95.607353210000042, 27.231372833000023 ], [ 95.619140625, 27.236551285000189 ], [ 95.634132384999987, 27.239810943000066 ], [ 95.637001037000061, 27.236909867 ], [ 95.679206849000195, 27.25391960200011 ], [ 95.679397583000195, 27.256162644000085 ], [ 95.684417724000127, 27.25741005000009 ], [ 95.695426942000154, 27.258148194000057 ], [ 95.701881409000123, 27.255640030000166 ], [ 95.715492249000079, 27.259099961000175 ], [ 95.721076966000055, 27.257600784000033 ], [ 95.725486755000134, 27.259229660000187 ], [ 95.731880188000048, 27.266540528000064 ], [ 95.736389161000147, 27.266750335000097 ], [ 95.739929200000063, 27.269889832000047 ], [ 95.7570114130001, 27.274351121000166 ], [ 95.78468322700013, 27.279130935000012 ], [ 95.790802001000145, 27.285459518999971 ], [ 95.800758362000124, 27.288700104000156 ], [ 95.806289672000048, 27.291740419000064 ], [ 95.806503297, 27.288011551000125 ], [ 95.808486937, 27.285440446000109 ], [ 95.810195922000105, 27.280920029000072 ], [ 95.837936402000139, 27.287071228 ], [ 95.850227356000119, 27.293149948000121 ], [ 95.860466003000056, 27.294210434000092 ], [ 95.861923219000175, 27.290029526000183 ], [ 95.86064147899998, 27.283420564000153 ], [ 95.860847472999978, 27.279792785999973 ], [ 95.865440369000055, 27.276681901000075 ], [ 95.872383119, 27.266910553000173 ], [ 95.877601623000146, 27.267408371000158 ], [ 95.882431030000134, 27.266941071000076 ], [ 95.887657165000121, 27.263320922000105 ], [ 95.893966675000058, 27.26301193300003 ], [ 95.898109437000187, 27.264310836000107 ], [ 95.9011611950001, 27.276388169000086 ], [ 95.904289246000189, 27.279859542000167 ], [ 95.904533386000139, 27.286239624000132 ], [ 95.902389527000139, 27.287830353000061 ], [ 95.90643310500019, 27.291879655000059 ], [ 95.912292481000065, 27.293140412000184 ], [ 95.918746949000138, 27.299222947000146 ], [ 95.940567016000159, 27.309589385000038 ], [ 95.963218688000097, 27.317068100000029 ], [ 95.965568543000131, 27.321662903000174 ], [ 95.962608337000177, 27.324331283000163 ], [ 95.967857360000039, 27.324569702000076 ], [ 95.969032288000108, 27.328409195000063 ], [ 95.968711853000116, 27.33183098000012 ], [ 95.978042602000073, 27.33269119300013 ], [ 95.98420715400016, 27.334341050000148 ], [ 95.972282410000048, 27.334629059000065 ], [ 95.970016479000094, 27.336980821000168 ], [ 95.974212646000069, 27.339361190000034 ], [ 95.977340697000159, 27.342300415000125 ], [ 95.993682861000195, 27.351440428999979 ], [ 95.994873046000123, 27.360240936000139 ], [ 95.99697113000019, 27.363479615000131 ], [ 96.002113343000133, 27.364128113000106 ], [ 96.003143311000088, 27.364459991000047 ], [ 96.01319885200013, 27.364030839000065 ], [ 96.018356324000194, 27.36790084800009 ], [ 96.020912171000191, 27.371259689999988 ], [ 96.014945984000121, 27.375459672000034 ], [ 96.010566712000127, 27.381282807000048 ], [ 96.008369446000074, 27.387210847000063 ], [ 96.002052307000042, 27.39349937500009 ], [ 96.000068665000072, 27.39756965800018 ], [ 96.001007081000068, 27.403472900000111 ], [ 95.994590760000051, 27.412359238000136 ], [ 95.990936279000096, 27.414571762000037 ], [ 95.991226195000138, 27.419399261000081 ], [ 95.989456177000022, 27.42172050500011 ], [ 95.979522704000146, 27.421850205000169 ], [ 95.978073119000044, 27.425331116000166 ], [ 95.980926513000043, 27.426122666000083 ], [ 95.980232238000042, 27.43021965000014 ], [ 95.97782898000014, 27.432291032000137 ], [ 95.977783203, 27.435499192000179 ], [ 95.973297119999984, 27.436750411000048 ], [ 95.971778869000048, 27.430370330000187 ], [ 95.968032836000191, 27.424119949000044 ], [ 95.967033387000185, 27.436660767000092 ], [ 95.963577270000144, 27.43548011900009 ], [ 95.961051941000164, 27.428710937000119 ], [ 95.957290650000061, 27.432880402000023 ], [ 95.952972413000111, 27.433280946000139 ], [ 95.950523376000035, 27.437240602000031 ], [ 95.95350647000015, 27.440771102000099 ], [ 95.953071595000154, 27.443450928000118 ], [ 95.949890136000079, 27.445020676000183 ], [ 95.943000793000181, 27.446390153000038 ], [ 95.933273315000179, 27.446687699000165 ], [ 95.916847230000087, 27.443159104000131 ], [ 95.911170959000174, 27.439960479000092 ], [ 95.907966613999974, 27.432640076000041 ], [ 95.906127930000082, 27.423269272000084 ], [ 95.900100708000195, 27.411331178000125 ], [ 95.893058778000182, 27.406040192000034 ], [ 95.891876220000029, 27.409780502999979 ], [ 95.894256591000101, 27.414382935000162 ], [ 95.894378662000179, 27.418289184000116 ], [ 95.890029908000031, 27.426410674000124 ], [ 95.889419555000075, 27.431629181000176 ], [ 95.890373229000147, 27.43967056300005 ], [ 95.888656616000105, 27.444070817000181 ], [ 95.882591247000164, 27.444080352000185 ], [ 95.8757705700001, 27.435358048000012 ], [ 95.864906311000084, 27.429012299000192 ], [ 95.863243103000173, 27.424858094000058 ], [ 95.864227294000159, 27.421318055000029 ], [ 95.866668701000094, 27.419210434000149 ], [ 95.867332459000124, 27.417150498000069 ], [ 95.857955933000198, 27.420681001000048 ], [ 95.857612609000057, 27.42481994700006 ], [ 95.855735778999986, 27.427669526000159 ], [ 95.849342347000174, 27.430320740000184 ], [ 95.849472045000084, 27.434909820000087 ], [ 95.852912904000107, 27.44475936900011 ], [ 95.855171205000033, 27.447370529000182 ], [ 95.859558105000076, 27.449052810000182 ], [ 95.863792419000106, 27.452030182000158 ], [ 95.859458923000034, 27.462610245000064 ], [ 95.861167908000141, 27.466299058 ], [ 95.866065978000051, 27.469022751000068 ], [ 95.87625885000017, 27.471109391000027 ], [ 95.878433227000016, 27.47560119700006 ], [ 95.881256104000101, 27.487421036000057 ], [ 95.879158019000158, 27.492670059000147 ], [ 95.879051209000181, 27.499191285000052 ], [ 95.880462647000058, 27.501100539000106 ], [ 95.886047364000035, 27.503562927000132 ], [ 95.889640808000195, 27.506168366000111 ], [ 95.887107849000131, 27.511270523000121 ], [ 95.881797790000178, 27.515090942000143 ], [ 95.878479003999985, 27.519830704000071 ], [ 95.88080596900005, 27.522510530000147 ], [ 95.879920960000106, 27.529790879000075 ], [ 95.881439208000131, 27.545831680000049 ], [ 95.88133239800004, 27.55323028700019 ], [ 95.87361907900015, 27.551170350000177 ], [ 95.86701965300017, 27.551099777000104 ], [ 95.862358094, 27.552600860000041 ], [ 95.852096558000085, 27.565650939000079 ], [ 95.846015931000125, 27.567991256000028 ], [ 95.839897156000177, 27.566610336000167 ], [ 95.836288452000019, 27.571178436000082 ], [ 95.831932068000185, 27.578889846999971 ], [ 95.827728271000069, 27.581750871000111 ], [ 95.821243285000151, 27.581720352000161 ], [ 95.819808960000046, 27.590280533000112 ], [ 95.820259094000164, 27.595571518000099 ], [ 95.824195861000192, 27.603010177000158 ], [ 95.820877075000055, 27.604721070000039 ], [ 95.816825866000158, 27.605438233000143 ], [ 95.809608460000163, 27.605270386000029 ], [ 95.798027039000033, 27.607830048000096 ], [ 95.796066285000109, 27.618190766000055 ], [ 95.794296265000071, 27.622369767000066 ], [ 95.787117004000152, 27.623409271000071 ], [ 95.78504180900012, 27.627399445000037 ], [ 95.787345887000185, 27.632299424000166 ], [ 95.79741668600002, 27.635890960000154 ], [ 95.797340393000013, 27.6395607 ], [ 95.799591065000072, 27.642969132000133 ], [ 95.801452637000125, 27.64900970500014 ], [ 95.794853211000145, 27.65279960700019 ], [ 95.786231994000104, 27.655660629000124 ], [ 95.779220581000061, 27.660539628000151 ], [ 95.777847289000078, 27.666259766000053 ], [ 95.778472901000157, 27.672349929000063 ], [ 95.780448913000043, 27.679189682000128 ], [ 95.785491942000135, 27.683259965000047 ], [ 95.794532776000153, 27.684190751000131 ], [ 95.796470642000088, 27.688060760000155 ], [ 95.79312896800019, 27.692270280000116 ], [ 95.778762817000199, 27.694391251000184 ], [ 95.774551392000149, 27.696701050000058 ], [ 95.772666931000117, 27.699951172000056 ], [ 95.773361206000118, 27.705350875000136 ], [ 95.772621154000149, 27.711320877000105 ], [ 95.770523071000184, 27.715999604000046 ], [ 95.770393372, 27.720029831000033 ], [ 95.763046265000071, 27.722660064000138 ], [ 95.758712768000066, 27.726680755000189 ], [ 95.758216859000186, 27.731109620000097 ], [ 95.762672425000062, 27.73293113800014 ], [ 95.771881104000045, 27.734510422000085 ], [ 95.78479766900017, 27.739780426000038 ], [ 95.787773132000098, 27.742050170000084 ], [ 95.780532837000067, 27.758220673000153 ], [ 95.788825989000031, 27.765052795000031 ], [ 95.795387268000184, 27.772630693000167 ], [ 95.800949097, 27.77686119100008 ], [ 95.806365968000136, 27.783580781000069 ], [ 95.807579040000121, 27.789949417000116 ], [ 95.8113174450001, 27.793720246000134 ], [ 95.823127746000182, 27.809249879000106 ], [ 95.828941346000192, 27.813659668000184 ], [ 95.834976196000184, 27.815771102000099 ], [ 95.843368529000088, 27.821470261000115 ], [ 95.845993042000089, 27.83010101300016 ], [ 95.852096558000085, 27.834110261000035 ], [ 95.866333008000083, 27.838460923000127 ], [ 95.873725892000039, 27.839801788000159 ], [ 95.876571655000191, 27.841770173000043 ], [ 95.892097473000149, 27.857040406000067 ], [ 95.894226075000063, 27.860960007000074 ], [ 95.895027160000154, 27.867221833000031 ], [ 95.897636414000033, 27.867469787000118 ], [ 95.900558472000057, 27.866680145000146 ], [ 95.907226562000062, 27.868640899000013 ], [ 95.906181335000156, 27.877229692000014 ], [ 95.911376953000172, 27.873018265000042 ], [ 95.914093018000074, 27.874650956000039 ], [ 95.912918091000165, 27.878139497000063 ], [ 95.914001464000137, 27.880849839000177 ], [ 95.918663025000114, 27.882780075000028 ], [ 95.922622681000178, 27.886180879 ], [ 95.921279908000031, 27.890470505 ], [ 95.923751831000175, 27.890331268000125 ], [ 95.927352905000077, 27.88726043700018 ], [ 95.928550721000022, 27.890529633000142 ], [ 95.923927307000156, 27.895999909000125 ], [ 95.925010680000128, 27.900941848000173 ], [ 95.92864227300015, 27.902851105000138 ], [ 95.938331604000098, 27.903270722000116 ], [ 95.939315795000084, 27.909820557000046 ], [ 95.943511962000116, 27.912639619000061 ], [ 95.952491760000044, 27.922819138000193 ], [ 95.955299377000074, 27.926820756000041 ], [ 95.953811645000087, 27.930240631000117 ], [ 95.957542419000049, 27.93288040200008 ], [ 95.957550050000066, 27.937080384000183 ], [ 95.952346801000033, 27.937179566 ], [ 95.951553344, 27.939170837000177 ], [ 95.952316284000062, 27.941841125000167 ], [ 95.965209961000141, 27.952632905000087 ], [ 95.977462768000066, 27.968500138000138 ], [ 95.956886291000103, 27.969129563000081 ], [ 95.825881957000092, 27.977371217000041 ], [ 95.606742859000065, 27.957769394000081 ], [ 95.596946717000094, 27.951129913999978 ], [ 95.58866119400011, 27.941629410000132 ], [ 95.580535887999986, 27.943561555000031 ], [ 95.571212769000169, 27.94238090500005 ], [ 95.566261292000036, 27.931591034000178 ], [ 95.565048217000083, 27.922519684000122 ], [ 95.543800354000041, 27.913459777000014 ], [ 95.542068481000172, 27.910741807000022 ], [ 95.544342042000096, 27.905782700000145 ], [ 95.543533324000123, 27.902322770000069 ], [ 95.533020019000048, 27.900430679000067 ], [ 95.526229858000193, 27.897899628000175 ], [ 95.5159530640002, 27.881788253000025 ], [ 95.384338379000042, 27.842021942000144 ], [ 95.316558838000162, 27.871129991000089 ], [ 95.308471679000093, 27.867820741 ], [ 95.292549133000193, 27.86499023600004 ], [ 95.236541749000082, 27.848350526000104 ], [ 95.194862366000052, 27.834449767000081 ], [ 95.05182647800018, 27.790229798000155 ], [ 95.048866272000055, 27.786460876000035 ], [ 95.038757323000198, 27.777730942000176 ], [ 95.0312194830002, 27.77477073600005 ], [ 95.019149780000134, 27.772499084000174 ], [ 94.997879028, 27.776550294000174 ], [ 94.987037660000055, 27.770851135000157 ], [ 94.930030823000152, 27.756731033000165 ], [ 94.923210867000194, 27.754560072000061 ], [ 95.085541079000052, 27.850273019000099 ], [ 95.188033980000114, 27.903328021000164 ], [ 95.269714020000038, 27.937495980000108 ], [ 95.325546060000192, 28.099441981000041 ], [ 95.544144000000188, 28.188884969000128 ], [ 95.561261778000073, 28.195014248000177 ], [ 95.875808941000173, 28.291663981000113 ], [ 95.894440020000104, 28.288330019000171 ], [ 95.911651981000034, 28.238884021000104 ], [ 95.974784962000172, 28.205736606000073 ], [ 95.971682579000117, 28.201584889 ], [ 95.976928980000139, 28.198604971000179 ], [ 96.002776979000146, 28.186660981000159 ], [ 96.016937039000084, 28.18360503100007 ], [ 96.031661940000106, 28.184441041000127 ], [ 96.044144041000038, 28.187217990000136 ], [ 96.051091077000194, 28.18999703500009 ], [ 96.051030712000056, 28.191766438000059 ], [ 96.050796509000122, 28.198631287000069 ], [ 96.053413392000039, 28.202169418000153 ], [ 96.061927796000191, 28.201850891000163 ], [ 96.078880310000045, 28.19552040200017 ], [ 96.084503174000076, 28.194360733000053 ], [ 96.087959290000015, 28.196020127 ], [ 96.099136352000073, 28.196769715000073 ], [ 96.106307983000022, 28.194709779000164 ], [ 96.109886170000095, 28.19115066500018 ], [ 96.11620330900007, 28.18758010900018 ], [ 96.119445801000097, 28.182991027000071 ], [ 96.134696961000088, 28.177450180000164 ], [ 96.143829346000132, 28.175117493000187 ], [ 96.145706177000079, 28.180419922000056 ], [ 96.155731201000151, 28.185800552999979 ], [ 96.166732787000058, 28.18934822000017 ], [ 96.170272828000122, 28.19227027900007 ], [ 96.173950195000032, 28.196920395000063 ], [ 96.176437379000106, 28.201839448000044 ], [ 96.185546876000046, 28.209140778000176 ], [ 96.192268371000068, 28.211822510000047 ], [ 96.205146789000196, 28.227220535000129 ], [ 96.209953307000148, 28.231357574000072 ], [ 96.217262267000081, 28.236110688000053 ], [ 96.231971741000166, 28.243909837000103 ], [ 96.239646911000136, 28.24488067700014 ], [ 96.24627685500019, 28.243318559000045 ], [ 96.265549080000199, 28.230549031000066 ], [ 96.275818079000146, 28.215549991000159 ], [ 96.297760080000103, 28.152495990000091 ], [ 96.318054, 28.140831 ], [ 96.330891847000089, 28.136922225000035 ], [ 96.349991041000123, 28.131107040000188 ], [ 96.367752000000166, 28.126942021000104 ], [ 96.37248203900009, 28.126385010000092 ], [ 96.381363060000126, 28.127220030000103 ], [ 96.386932080000122, 28.128882961000102 ], [ 96.392487060000065, 28.131939000000102 ], [ 96.401381940000078, 28.140273991000072 ], [ 96.407485920000113, 28.14916203100006 ], [ 96.409423980000042, 28.15444197 ], [ 96.414154020000069, 28.162494989000095 ], [ 96.418045081000059, 28.167496020999977 ], [ 96.422759999000107, 28.17055098100019 ], [ 96.427765080000029, 28.17055098100019 ], [ 96.436771920000069, 28.168234020000057 ], [ 96.448593059000189, 28.158885991000091 ], [ 96.475539960000049, 28.13221701100008 ], [ 96.502777020000167, 28.108608030000028 ], [ 96.511931999000126, 28.098605971000154 ], [ 96.518570041000089, 28.090086031000055 ], [ 96.524704081000095, 28.082217960000037 ], [ 96.530547960000035, 28.080550980000112 ], [ 96.53831496000015, 28.07333001 ], [ 96.54332003900015, 28.071109980000188 ], [ 96.565262040000107, 28.071109980000188 ], [ 96.570541079000179, 28.068054030000098 ], [ 96.57388296, 28.063884960000166 ], [ 96.59082006, 28.051388010000153 ], [ 96.608597040000063, 28.046943991000092 ], [ 96.612197941000034, 28.043053020000116 ], [ 96.614989920000198, 28.03833 ], [ 96.616927980000128, 28.032776010000134 ], [ 96.622482061000085, 28.023330959000134 ], [ 96.630264000000125, 28.016388001000166 ], [ 96.641373060000035, 27.997494030000155 ], [ 96.661652039000046, 27.980827020999982 ], [ 96.670821961000058, 27.975273031000029 ], [ 96.68081700099998, 27.97027199900009 ], [ 96.697753918999979, 27.96527097000012 ], [ 96.724152001000164, 27.962215019000155 ], [ 96.735259981000127, 27.958885020000025 ], [ 96.746094000000141, 27.954440999000155 ], [ 96.767211960000054, 27.938606041000185 ], [ 96.790543019000154, 27.93249504 ], [ 96.795257940000113, 27.929997 ], [ 96.798873960000151, 27.926106030000028 ], [ 96.804428040000175, 27.916664040000057 ], [ 96.809142961000077, 27.906661980000081 ], [ 96.816085919000102, 27.898605 ], [ 96.821929981000096, 27.896941981000055 ], [ 96.837494039000035, 27.898052039999982 ], [ 96.843322980000096, 27.896384970000099 ], [ 96.847487999, 27.893051011000182 ], [ 96.853042979000122, 27.891384031000086 ], [ 96.865813980000098, 27.889439040000013 ], [ 96.881362920000015, 27.890552971000091 ], [ 96.893875079000111, 27.894160980000095 ], [ 96.894408960000135, 27.891093959000102 ], [ 96.900901920000194, 27.887100031000045 ], [ 96.903869939, 27.885273030000121 ], [ 96.936096060000011, 27.872497980000048 ], [ 96.961379941000075, 27.863609041000075 ], [ 96.966095040000027, 27.859160971000108 ], [ 96.968323080000175, 27.853606981000098 ], [ 96.97221396000009, 27.837218970000151 ], [ 96.976090081000052, 27.828053009000143 ], [ 96.980819940000174, 27.823051980000173 ], [ 96.98526, 27.819996028999981 ], [ 96.996094019000168, 27.81555201000009 ], [ 97.004989980000175, 27.813609989999975 ], [ 97.009720020000032, 27.811665000000175 ], [ 97.016387941000119, 27.802775970000141 ], [ 97.021103040000071, 27.800830981000047 ], [ 97.025817961000143, 27.804717989000153 ], [ 97.028870039000083, 27.817497000000117 ], [ 97.033600081000145, 27.816109019000066 ], [ 97.037766000000147, 27.8133319800001 ], [ 97.04165706100008, 27.804443041000127 ], [ 97.042480921000049, 27.79638696000012 ], [ 97.042206060000126, 27.76749804100001 ], [ 97.044433919000198, 27.758052990000067 ], [ 97.046096940000041, 27.754165980000153 ], [ 97.046402040000032, 27.751463011000055 ], [ 97.046647665000194, 27.749715466000112 ], [ 97.037361144000045, 27.752161026000181 ], [ 97.028572082000039, 27.749120713000025 ], [ 97.015747071000192, 27.740631103000169 ], [ 97.013221740000063, 27.735361099000045 ], [ 97.010322572000177, 27.725500107000187 ], [ 97.005500793000067, 27.715490341000134 ], [ 97.003227234000178, 27.710470200000145 ], [ 97.001457214000084, 27.708200454000121 ], [ 96.997207642000035, 27.702739715000121 ], [ 96.988838195000028, 27.696899414000143 ], [ 96.984848023000097, 27.690990447000161 ], [ 96.98255920400004, 27.679769516000135 ], [ 96.978302002000191, 27.671873094000148 ], [ 96.977600098000039, 27.671922684000151 ], [ 96.958656311000141, 27.674280167000063 ], [ 96.948768615000063, 27.671428681000066 ], [ 96.942321778000178, 27.667449952000084 ], [ 96.93887329100005, 27.660739900000181 ], [ 96.935226440000179, 27.659839630000135 ], [ 96.928962706999982, 27.656032562000064 ], [ 96.927009583000029, 27.641901017000123 ], [ 96.92556762800001, 27.640201570000102 ], [ 96.920303344000047, 27.632671357000106 ], [ 96.919448853000119, 27.631450653000172 ], [ 96.913085938000052, 27.627489089000164 ], [ 96.912086486000135, 27.627231597000161 ], [ 96.90058136000016, 27.624269486000117 ], [ 96.89758300900013, 27.62080192600007 ], [ 96.897781373000043, 27.618141174000016 ], [ 96.899101258000087, 27.600458145 ], [ 96.899223328000062, 27.593629837000094 ], [ 96.90299987800006, 27.589899063000132 ], [ 96.910118104000162, 27.589921951000122 ], [ 96.914031981999983, 27.588430404000064 ], [ 96.914093018000074, 27.584392547000164 ], [ 96.913246155000081, 27.576301575000059 ], [ 96.914222716000154, 27.567291261000094 ], [ 96.915428162000069, 27.560449600000027 ], [ 96.915809631000116, 27.558282851000058 ], [ 96.920349121000186, 27.555620194000142 ], [ 96.92453765900018, 27.551259995000066 ], [ 96.928649902000132, 27.542310715000156 ], [ 96.93363952600015, 27.537220002000026 ], [ 96.937683106000065, 27.530059814000026 ], [ 96.936386107000146, 27.523250580000081 ], [ 96.933502197000109, 27.515710830999978 ], [ 96.9308166510001, 27.511880874000099 ], [ 96.925720215000126, 27.503040315000021 ], [ 96.921859741000105, 27.4993667600001 ], [ 96.920768738000163, 27.497220993000099 ], [ 96.913856506000059, 27.488412857000185 ], [ 96.913650512000061, 27.487869262000061 ], [ 96.911216735000039, 27.481521607 ], [ 96.910812379000163, 27.474599838000074 ], [ 96.910926819000053, 27.46801948600006 ], [ 96.911849975000052, 27.462709428000039 ], [ 96.917556762000117, 27.458860397000137 ], [ 96.925926209000124, 27.456449509000151 ], [ 96.93334198000008, 27.45051193300003 ], [ 96.937026977000073, 27.439590454000097 ], [ 96.941390992000095, 27.42695045500011 ], [ 96.948890686000141, 27.42094040000012 ], [ 96.96552276500006, 27.415359497000111 ], [ 96.968933105000133, 27.401821137000127 ], [ 96.975540162000129, 27.396001817000183 ], [ 96.969009399000072, 27.386270523000064 ], [ 96.971740722000163, 27.378950120000184 ], [ 96.976966859000129, 27.376750947000062 ], [ 96.981979371000079, 27.373710632000098 ], [ 96.985046387000182, 27.362609864000035 ], [ 96.989540100000113, 27.358520508000026 ], [ 96.997467042000153, 27.355100633000177 ], [ 96.998428345000036, 27.350868225000056 ], [ 97.000267028000053, 27.339960098000176 ], [ 97.003341675000115, 27.329940796000017 ], [ 97.009552001000088, 27.32564926200007 ], [ 97.016868591000105, 27.320079804000045 ], [ 97.040328980000083, 27.307859421000103 ], [ 97.043586731000062, 27.289751053000145 ], [ 97.051643371000182, 27.286502838000047 ], [ 97.056671143000187, 27.285640718000138 ], [ 97.058853149000072, 27.276798249000137 ], [ 97.063316345000032, 27.272249223000131 ], [ 97.068511963000049, 27.26752090400015 ], [ 97.073669433000077, 27.261880875000031 ], [ 97.08184051600017, 27.253868104000105 ], [ 97.089370728000063, 27.250820161000092 ], [ 97.0940780640002, 27.247890472000051 ], [ 97.095970153000167, 27.241210938000165 ], [ 97.095146179000039, 27.22142982400004 ], [ 97.100502015000131, 27.214979172000085 ], [ 97.108047486000146, 27.213100434000069 ], [ 97.116699219000054, 27.209220887000185 ], [ 97.12023925800014, 27.204589845000157 ], [ 97.123901367000144, 27.199871064000092 ], [ 97.125686645000087, 27.192388535000134 ], [ 97.127296448000152, 27.18517112700016 ], [ 97.133590698000091, 27.180959702000166 ], [ 97.140312195000149, 27.177469254000187 ], [ 97.149917603000176, 27.178340912000181 ], [ 97.15289306700015, 27.16841125500008 ], [ 97.155998230000137, 27.162179948000073 ], [ 97.167205811000088, 27.155479431000174 ], [ 97.172157288000051, 27.144359590000192 ], [ 97.171737671000074, 27.136810304000107 ], [ 97.166252136000139, 27.132560730000023 ], [ 97.165901185000166, 27.132291793999968 ], [ 97.155906677000075, 27.126380920000145 ], [ 97.152366638000046, 27.119670868000071 ], [ 97.150115967000033, 27.111520767000115 ], [ 97.146934509000062, 27.104032518 ], [ 97.146430970000097, 27.102840424000135 ], [ 97.139945984000121, 27.101289748999989 ], [ 97.130989074000126, 27.103740692000031 ], [ 97.122337341000048, 27.11202049200017 ], [ 97.114692688000048, 27.119930268000189 ], [ 97.108558655000081, 27.121259690000045 ], [ 97.099212647000058, 27.118570329000192 ], [ 97.089256286000193, 27.113840103000143 ], [ 97.084281922000059, 27.111949921000075 ], [ 97.079101562000062, 27.109979629000122 ], [ 97.071517944000163, 27.109170914000117 ], [ 97.063018799000133, 27.111082078000152 ], [ 97.062683105000019, 27.111160279000103 ], [ 97.05889892600004, 27.114070893000076 ], [ 97.052581787, 27.118930816000102 ], [ 97.047912598000153, 27.123741149000125 ], [ 97.045539857000051, 27.126819611000087 ], [ 97.041999816000157, 27.131269454000119 ], [ 97.035011290999989, 27.137109758000179 ], [ 97.030220032000159, 27.141740800000036 ], [ 97.020996094000111, 27.145450591000099 ], [ 97.01315307700014, 27.146881103000169 ], [ 97.006813050000062, 27.149829863999969 ], [ 96.999000549000129, 27.153949737000062 ], [ 96.992561340000179, 27.16122055000011 ], [ 96.984657287000175, 27.166709900000058 ], [ 96.973510742000087, 27.171052933000169 ], [ 96.963729859000182, 27.172590256000092 ], [ 96.955261229000087, 27.173681259000034 ], [ 96.94467926100009, 27.174051283999972 ], [ 96.928016663000051, 27.175132752000138 ], [ 96.91841125500008, 27.175489426000127 ], [ 96.902732850000177, 27.180778504000045 ], [ 96.896896362000064, 27.183361053000169 ], [ 96.882972717000087, 27.190519333000168 ], [ 96.87563324000007, 27.193559648000132 ], [ 96.86622619700006, 27.199689865000096 ], [ 96.864021301000037, 27.206901551000101 ], [ 96.863578796000127, 27.212200164000024 ], [ 96.863372803, 27.219240189000175 ], [ 96.866256714000144, 27.223619462000045 ], [ 96.874099731000115, 27.226690293000161 ], [ 96.880317688000048, 27.23077011200013 ], [ 96.885200501000043, 27.232599258000164 ], [ 96.890007019000166, 27.23686981200018 ], [ 96.891403199000081, 27.240909577000025 ], [ 96.892692565000175, 27.247631074000083 ], [ 96.887039185000106, 27.254730225000117 ], [ 96.887908936000201, 27.259389878000093 ], [ 96.88877868600008, 27.263599395000142 ], [ 96.885101319000171, 27.267959594000047 ], [ 96.875076294000166, 27.267160417000071 ], [ 96.86622619700006, 27.269050598000092 ], [ 96.861717223000198, 27.272510528000169 ], [ 96.855667115000188, 27.280309678000151 ], [ 96.853782654000099, 27.29067039600011 ], [ 96.851776123000093, 27.300411225000062 ], [ 96.84974670500003, 27.306280137000158 ], [ 96.836257935000049, 27.310541152000042 ], [ 96.831253051000033, 27.314640045000147 ], [ 96.824867249000135, 27.320470810000018 ], [ 96.821601868000073, 27.32444953900017 ], [ 96.817100525, 27.329540253 ], [ 96.812759399000186, 27.336418152000078 ], [ 96.808631896000179, 27.344921113000055 ], [ 96.805847168000184, 27.350429536000092 ], [ 96.802360534000172, 27.354431152000075 ], [ 96.794830322000053, 27.356479645000036 ], [ 96.78531646800019, 27.358810424000069 ], [ 96.779602051000154, 27.362100601000066 ], [ 96.772956849000082, 27.364959717000033 ], [ 96.759796142000198, 27.363290787000153 ], [ 96.754196167000032, 27.362770080000132 ], [ 96.747756958000025, 27.364030839000065 ], [ 96.740692139000032, 27.364459991000047 ], [ 96.728446961000088, 27.372390748000157 ], [ 96.722518921000017, 27.376951217000112 ], [ 96.712547303000122, 27.380729675999987 ], [ 96.708763123000153, 27.375190734000171 ], [ 96.706382752000138, 27.371160508000173 ], [ 96.699096680000196, 27.365560533000178 ], [ 96.69374084500015, 27.365518571000052 ], [ 96.683166504000155, 27.368940354000131 ], [ 96.676193237000064, 27.3708992010001 ], [ 96.670158387000072, 27.372301101000119 ], [ 96.660842895000087, 27.371389389000171 ], [ 96.656036378000181, 27.368921280000166 ], [ 96.646118163000153, 27.367830277000053 ], [ 96.639137268000127, 27.369239808000032 ], [ 96.630371093000178, 27.371829987000012 ], [ 96.620483399000079, 27.372819901000071 ], [ 96.612541199000191, 27.369369507000044 ], [ 96.610771179000096, 27.36730766200003 ], [ 96.608940124000014, 27.365182878000098 ], [ 96.602607727000191, 27.360717774000136 ], [ 96.602516175000119, 27.360651016000133 ], [ 96.598297120000154, 27.356451034000088 ], [ 96.597938538000164, 27.351499557000068 ], [ 96.599014283000088, 27.348924636000106 ], [ 96.600807190000182, 27.344631195000034 ], [ 96.597206116000109, 27.343008041000076 ], [ 96.596321107000165, 27.342609405000132 ], [ 96.591667176000101, 27.340850830000193 ], [ 96.585922242000152, 27.336839677 ], [ 96.579917908000198, 27.333650590000047 ], [ 96.575439453000115, 27.329191209000101 ], [ 96.56598663300008, 27.326660157000106 ], [ 96.561828613000159, 27.325252534000072 ], [ 96.556213380000145, 27.320619584000099 ], [ 96.550460816000054, 27.314720153000053 ], [ 96.545272827000076, 27.3097229010001 ], [ 96.537597656000173, 27.304298402000086 ], [ 96.530746459, 27.298049927000079 ], [ 96.522331238000163, 27.29397010800011 ], [ 96.517036437000058, 27.300579071000072 ], [ 96.511810302000072, 27.304050446000133 ], [ 96.505386353000119, 27.307600022000031 ], [ 96.500030517000198, 27.30936050400004 ], [ 96.49402618400012, 27.30626106200009 ], [ 96.486030578999987, 27.305231094000135 ], [ 96.479179383000144, 27.308080674 ], [ 96.470748901000036, 27.312461852000126 ], [ 96.466667174000065, 27.311050416000057 ], [ 96.461585998000089, 27.309110642000121 ], [ 96.452507018000119, 27.309801102000051 ], [ 96.446136475000174, 27.310300828000038 ], [ 96.439765931000125, 27.310359956000127 ], [ 96.433486939000147, 27.30994033900015 ], [ 96.424957275000168, 27.306140901 ], [ 96.41609191900011, 27.299892426000042 ], [ 96.408622741999977, 27.29994964600013 ], [ 96.401733399000079, 27.298561096000185 ], [ 96.391571045000035, 27.294580459000088 ], [ 96.382797241000048, 27.297519684000179 ], [ 96.37370300300006, 27.298931123000159 ], [ 96.364120484000068, 27.300161361000164 ], [ 96.361518859, 27.29405975300017 ], [ 96.357887269000116, 27.291658402000166 ], [ 96.355201721000128, 27.289882659000057 ], [ 96.348075867000091, 27.288461685000073 ], [ 96.347717285000101, 27.288391114000149 ], [ 96.341186524000193, 27.291580201000158 ], [ 96.335746764000078, 27.295940400000063 ], [ 96.320396423000147, 27.298019410000109 ], [ 96.310836792000089, 27.302040101000159 ], [ 96.303306579000093, 27.299222947000146 ], [ 96.290428161000193, 27.294071198000097 ], [ 96.282173156000056, 27.286020278000137 ], [ 96.278656006000062, 27.279382707000082 ], [ 96.26743316600016, 27.277839660000041 ], [ 96.25421142600004, 27.280981064000059 ], [ 96.241386412999987, 27.284290314000145 ], [ 96.234329224000078, 27.284879685000135 ], [ 96.227096558000085, 27.280599594000137 ], [ 96.218109132000052, 27.269580841000163 ], [ 96.205856323000091, 27.266130448000013 ], [ 96.196327209000174, 27.265190125000117 ], [ 96.194068908000133, 27.263452531000041 ], [ 96.19187927300004, 27.261770249000165 ], [ 96.185203552000075, 27.256633759000067 ], [ 96.182098389000089, 27.254249572000049 ], [ 96.181167603000176, 27.254261017000033 ], [ 96.163688659000059, 27.254480363000027 ], [ 96.150405884000179, 27.249509812000099 ], [ 96.114501954000048, 27.233310701000107 ], [ 96.099021912000183, 27.231409074000055 ], [ 96.092132569000114, 27.226671220000128 ], [ 96.08731079, 27.218599319000077 ], [ 96.086387634, 27.217050554000082 ], [ 96.085159302000193, 27.216777801000148 ], [ 96.068977356000119, 27.213190078000025 ], [ 96.057281493000062, 27.202791213000182 ], [ 96.036430359, 27.196050645000071 ], [ 96.029792785000097, 27.187789918000021 ], [ 96.027000427000132, 27.179018021000161 ], [ 96.022987366, 27.166389465000123 ], [ 96.016937255000073, 27.154790879000018 ], [ 96.004318236000074, 27.140441894000048 ], [ 96.003250121000065, 27.139331817000084 ], [ 95.989585876000035, 27.125190734000057 ], [ 95.979187011000192, 27.110729217000141 ], [ 95.973892213000113, 27.102012635000165 ], [ 95.97193908700018, 27.098791122000137 ], [ 95.963066101000038, 27.081979752000052 ], [ 95.957122802000072, 27.068220140000051 ], [ 95.94596862700007, 27.059709549000104 ], [ 95.940277100000117, 27.055772781000144 ], [ 95.936248779000152, 27.052991866000184 ], [ 95.923187257000166, 27.048900604000096 ], [ 95.915809631000116, 27.04532051200016 ], [ 95.909233093000068, 27.040300369000192 ], [ 95.900688170000137, 27.031780241999968 ], [ 95.889183044000163, 27.027851105000082 ], [ 95.877136231000179, 27.020498276000183 ], [ 95.867477417000032, 27.022340775000146 ], [ 95.857772827000133, 27.022359848000178 ], [ 95.83796691900011, 27.01531028800008 ], [ 95.82798004100016, 27.018051149000087 ], [ 95.815299989000096, 27.022220612000012 ], [ 95.807937622000111, 27.020450591000042 ], [ 95.804862975000049, 27.011999130000049 ], [ 95.779647828000122, 26.989990234000118 ], [ 95.772941589000084, 26.982530594000025 ], [ 95.77172851500012, 26.978641510000102 ], [ 95.767059326000037, 26.972890855000117 ], [ 95.760879516000102, 26.96398925800014 ], [ 95.76158142200012, 26.959260940999968 ], [ 95.76368713300019, 26.944980622000173 ], [ 95.760566712000184, 26.942010880000112 ], [ 95.756736755000077, 26.940219879000153 ], [ 95.752548218000186, 26.930231094000135 ], [ 95.754547120000041, 26.925001144000134 ], [ 95.757247924000012, 26.920400620000123 ], [ 95.758132935000162, 26.914899825000191 ], [ 95.754997253000056, 26.907888412000148 ], [ 95.74507904100011, 26.900899887000037 ], [ 95.735961914000086, 26.892709733000061 ], [ 95.730812073000038, 26.887491226000179 ], [ 95.721130371000129, 26.883630753000091 ], [ 95.71247863800005, 26.884307862000071 ], [ 95.711563110000156, 26.884380340000178 ], [ 95.711418151000146, 26.884429932000046 ], [ 95.703491209999981, 26.887189865000039 ], [ 95.698593140000071, 26.895210265000173 ], [ 95.692276002000199, 26.899919511000064 ], [ 95.687988281000059, 26.901893616000109 ], [ 95.681289672000162, 26.904979706000177 ], [ 95.673362733000033, 26.910221101000161 ], [ 95.668197631000055, 26.908340455000143 ], [ 95.662956238000049, 26.904920578000088 ], [ 95.657775880000088, 26.898080827000172 ], [ 95.655342101000031, 26.892950059000043 ], [ 95.654144287000065, 26.890451432000134 ], [ 95.65099334700011, 26.883848190000037 ], [ 95.646446229000105, 26.88287925700007 ], [ 95.64562225300017, 26.882915497000056 ], [ 95.642219544000056, 26.883060456000067 ], [ 95.636756897000112, 26.879289627000048 ], [ 95.634132384999987, 26.873260499000025 ], [ 95.634788513000103, 26.867689133000169 ], [ 95.634918214000095, 26.866579056000091 ], [ 95.633552552000083, 26.855140687000187 ], [ 95.632232666000107, 26.849479675000055 ], [ 95.628120423000155, 26.843849183000088 ], [ 95.627693176000037, 26.843259811 ], [ 95.622032165000178, 26.837232591000145 ], [ 95.617980958000089, 26.829851150000025 ], [ 95.611518860000103, 26.821212768000066 ], [ 95.599105836000092, 26.822219850000067 ], [ 95.592262268000184, 26.823030473000074 ], [ 95.584732055000188, 26.822771073000126 ], [ 95.574752807000152, 26.825670242000115 ], [ 95.568511962000059, 26.829910278000114 ], [ 95.565620422000109, 26.833789825 ], [ 95.562698365000188, 26.837209702000109 ], [ 95.554756165000128, 26.839569093000023 ], [ 95.545677185000159, 26.837860108000086 ], [ 95.532775880000031, 26.831209183 ], [ 95.530242919000102, 26.826791764000177 ], [ 95.525001526000153, 26.819948196000041 ], [ 95.521476746000189, 26.816675187000044 ], [ 95.520256043000188, 26.815540314000032 ], [ 95.514801025, 26.81319999700014 ], [ 95.506507874000135, 26.796630861000153 ], [ 95.502151490000131, 26.782739640000045 ], [ 95.495903015000124, 26.771940231000087 ], [ 95.489143371000182, 26.761671067 ], [ 95.48348999100017, 26.754989624000075 ], [ 95.479560852000191, 26.75365829500015 ], [ 95.475852965000115, 26.752399445000094 ], [ 95.465660095000146, 26.750410080000051 ], [ 95.461410523000097, 26.746000291000144 ], [ 95.458480836000092, 26.737710952000043 ], [ 95.454536439000094, 26.732938766000075 ], [ 95.454162599000085, 26.732479095000144 ], [ 95.453437805000135, 26.732017518000077 ], [ 95.446296693000136, 26.727439881000123 ], [ 95.441963195000199, 26.722841263000134 ], [ 95.43975830100004, 26.717979430000128 ], [ 95.437332153, 26.714460373000179 ], [ 95.435485839000194, 26.708238601000176 ], [ 95.432388306000121, 26.70355987500011 ], [ 95.428855896000073, 26.700040817000115 ], [ 95.423309326000151, 26.696712494000167 ], [ 95.406433105000133, 26.696620942000038 ], [ 95.39463806200007, 26.691020967000043 ], [ 95.383567811000091, 26.688060761000088 ], [ 95.378143311000144, 26.683349610000107 ], [ 95.374702453000168, 26.681253434000041 ], [ 95.371513365999988, 26.679309846000137 ], [ 95.365867614000081, 26.677589416999979 ], [ 95.365432739000028, 26.677570344000117 ], [ 95.355812073000038, 26.677129746000048 ], [ 95.346649171000195, 26.677940369000112 ], [ 95.324417114000028, 26.669082642000035 ], [ 95.317886353000119, 26.666839599000184 ], [ 95.314796448000038, 26.663867950000053 ], [ 95.308410644000105, 26.657720566000137 ], [ 95.302581786000133, 26.656021119000116 ], [ 95.299926759000073, 26.657888412000034 ], [ 95.299270631000127, 26.658348083000135 ], [ 95.293136596000011, 26.661230088000082 ], [ 95.282882690000179, 26.662849427000083 ], [ 95.272026062, 26.662820816000078 ], [ 95.265975953000122, 26.667879105 ], [ 95.2620468140002, 26.673650743000053 ], [ 95.261657716000116, 26.681489945000123 ], [ 95.260032654000156, 26.686351776000151 ], [ 95.256523133000087, 26.689319610000041 ], [ 95.250785829000051, 26.692390441000043 ], [ 95.243957519000105, 26.693901062000066 ], [ 95.240440369000112, 26.69164085400007 ], [ 95.237632752000025, 26.686290740000061 ], [ 95.235977172, 26.688230514000168 ], [ 95.235969544000113, 26.691520691000164 ], [ 95.233695983000189, 26.697099687000104 ], [ 95.236106872999983, 26.712209702000052 ], [ 95.229652406000184, 26.716882706000149 ], [ 95.228202820000149, 26.723848343000157 ], [ 95.2161407480001, 26.735319138000023 ], [ 95.21685028100012, 26.741300583000168 ], [ 95.220977782000091, 26.747430803000043 ], [ 95.22136688300003, 26.751520157000186 ], [ 95.219261169000106, 26.755550386000152 ], [ 95.22010040300006, 26.759820938000132 ], [ 95.224082947000056, 26.761722565000184 ], [ 95.229202270000087, 26.768470764000142 ], [ 95.233177186000148, 26.771930696000084 ], [ 95.233306885000161, 26.773719787000061 ], [ 95.231636047000109, 26.777692796000053 ], [ 95.23467254600007, 26.780349733000094 ], [ 95.242538452000019, 26.784511566000106 ], [ 95.244918824000194, 26.78733062800012 ], [ 95.241722107000101, 26.786930084000176 ], [ 95.240257263000046, 26.789171219000082 ], [ 95.235015870000041, 26.789289474000157 ], [ 95.227470399000026, 26.792341232000069 ], [ 95.221572875000049, 26.793540956000015 ], [ 95.21511840800008, 26.798379898 ], [ 95.206840515000181, 26.811691284000062 ], [ 95.203552246000186, 26.821319580000193 ], [ 95.202583313000048, 26.828750611000146 ], [ 95.20056152300009, 26.832889557000158 ], [ 95.199043274000132, 26.839929580000103 ], [ 95.200508118000187, 26.842878343000052 ], [ 95.206413269, 26.846281052000165 ], [ 95.208602905000191, 26.850719453000124 ], [ 95.204238892000149, 26.84893989700015 ], [ 95.197708129000091, 26.851539611000135 ], [ 95.197326661000147, 26.849391938000167 ], [ 95.195610046000127, 26.849620819000165 ], [ 95.193046570000092, 26.85116958600014 ], [ 95.185768127000131, 26.859630585000048 ], [ 95.184501648000094, 26.864830017000031 ], [ 95.206428528000117, 26.877870560000133 ], [ 95.211357116000045, 26.881732941000053 ], [ 95.212852479000048, 26.885602952000113 ], [ 95.217826844000172, 26.886869432000083 ], [ 95.22992706399998, 26.88566970800008 ], [ 95.233856201000094, 26.89084053 ], [ 95.231323242000087, 26.898349762000123 ], [ 95.233772279000107, 26.905902863000051 ], [ 95.234100342000147, 26.909650802000101 ], [ 95.232086182000103, 26.914831162000098 ], [ 95.231956482000044, 26.917890548000116 ], [ 95.23396301300005, 26.918752671000107 ], [ 95.23396301300005, 26.920600892000039 ], [ 95.231849671000191, 26.926141739000059 ], [ 95.229309082000043, 26.930631638000023 ], [ 95.225563049000129, 26.934429168000179 ], [ 95.217056273000082, 26.934200287000181 ], [ 95.214447021000183, 26.936950684000124 ], [ 95.212196350000056, 26.943349838000017 ], [ 95.209236144000101, 26.956670760000179 ], [ 95.213417053000057, 26.958789827000089 ], [ 95.208511353000063, 26.960729600000093 ], [ 95.206756590999987, 26.962591172000089 ], [ 95.208839416000103, 26.965351104000035 ], [ 95.213668822000045, 26.968120574000181 ], [ 95.215042114000141, 26.970371247000173 ], [ 95.208770752000135, 26.975080490000153 ], [ 95.20655822700013, 26.978820801000097 ], [ 95.205223084000068, 26.982170105000137 ], [ 95.209960938, 26.982629776000067 ], [ 95.207756042000199, 26.984701156000028 ], [ 95.200439452000182, 26.985559464000175 ], [ 95.195198059000063, 26.989990234000118 ], [ 95.196266174000016, 26.997810363000156 ], [ 95.199821473000156, 26.999359131 ], [ 95.200080873000104, 27.006229400000109 ], [ 95.197616577000133, 27.015689851000161 ], [ 95.197853088000045, 27.019840240000065 ], [ 95.195793152000135, 27.032501221000075 ], [ 95.195518494000169, 27.042949676000092 ], [ 95.198455811000088, 27.044429779999973 ], [ 95.200942993000183, 27.042329789000064 ], [ 95.203796387000011, 27.043001175000029 ], [ 95.207687377000127, 27.03478050300015 ], [ 95.213806153000121, 27.033479692000071 ], [ 95.219696045000035, 27.036790847000077 ], [ 95.222633362000124, 27.04089164700008 ], [ 95.225982666000164, 27.042259216000161 ], [ 95.229469300000119, 27.04017067000018 ], [ 95.232147218000193, 27.042921067000123 ], [ 95.230911255000194, 27.045709610000188 ], [ 95.234718323000038, 27.043579102000137 ], [ 95.237876891999974, 27.043220521000023 ], [ 95.243713380000088, 27.034160614000143 ], [ 95.248229981000122, 27.030252458000064 ], [ 95.25219726500012, 27.031919479000067 ], [ 95.260719299000186, 27.037250519000054 ], [ 95.259948731000065, 27.038972854 ], [ 95.262626648000037, 27.041009901999985 ], [ 95.266693114000191, 27.040439606000064 ], [ 95.270973205000075, 27.045070648000092 ], [ 95.277626037000175, 27.049770355000192 ], [ 95.279449462000173, 27.053911209000148 ], [ 95.277832031000173, 27.056768418000047 ], [ 95.287918091000165, 27.066320420000068 ], [ 95.296623229000147, 27.072851182000022 ], [ 95.309677124000075, 27.081130982000161 ], [ 95.31317901500006, 27.086740495000015 ], [ 95.323272705000136, 27.089571 ], [ 95.335105895000083, 27.09592056300005 ], [ 95.348602295000148, 27.104761124000106 ], [ 95.366470337000123, 27.112850189000142 ], [ 95.371269227000141, 27.111400605000085 ], [ 95.370666504000098, 27.110149384000067 ], [ 95.367782593000129, 27.109710694000171 ], [ 95.368301391000102, 27.107362747000138 ] ] ] ] } },
{ "type": "Feature", "properties": { "GID_1": "Z07.3_1", "GID_0": "Z07", "COUNTRY": "India", "NAME_1": "Arunachal Pradesh", "VARNAME_1": "Agence de la Frontière du Nord-E", "NL_NAME_1": "NA", "TYPE_1": "State", "ENGTYPE_1": "State", "CC_1": "NA", "HASC_1": "IN.AR", "ISO_1": "NA" }, "geometry": { "type": "MultiPolygon", "coordinates": [ [ [ [ 94.191246031999981, 27.496320725000032 ], [ 94.18689727800006, 27.490810395000096 ], [ 94.174713135000104, 27.484071731000142 ], [ 94.167930602000183, 27.484188079000035 ], [ 94.16422271800019, 27.480989457000021 ], [ 94.157211304000043, 27.478048324000156 ], [ 94.158737183000085, 27.470001222000121 ], [ 94.160202027000139, 27.466470719000085 ], [ 94.154457093000133, 27.460460662000116 ], [ 94.140808106000122, 27.448459625000055 ], [ 94.135856629000159, 27.445859908000159 ], [ 94.123336792000146, 27.43498039300016 ], [ 94.117080689000034, 27.430971146000161 ], [ 94.106521607000161, 27.418050765000032 ], [ 94.099922180000078, 27.413919449000161 ], [ 94.093299865000063, 27.410940170000117 ], [ 94.086349487000177, 27.404560090000189 ], [ 94.072448730000133, 27.383012771000153 ], [ 94.068649292000032, 27.374401092000028 ], [ 94.063148499000079, 27.368911743000183 ], [ 94.060928345000036, 27.363559724000083 ], [ 94.054832458000078, 27.36283111500012 ], [ 94.048316955000189, 27.358749389000081 ], [ 94.041641234, 27.353290558000026 ], [ 94.030082703000119, 27.347991944000057 ], [ 94.02583313100007, 27.347700119000137 ], [ 94.009788514000093, 27.338890076000098 ], [ 94.000007628000105, 27.334709167000142 ], [ 94.000686645000087, 27.330139161000034 ], [ 93.99780273500005, 27.327859879000073 ], [ 93.996032715000126, 27.327882767 ], [ 93.990180970000097, 27.324649811000029 ], [ 93.985671997000168, 27.320579530000145 ], [ 93.980949402000135, 27.313768386000049 ], [ 93.972671510000168, 27.308340074000171 ], [ 93.956520080000132, 27.294759750000082 ], [ 93.938911438000162, 27.273279191000086 ], [ 93.933906556000125, 27.268341065000072 ], [ 93.918899535000037, 27.257141113000102 ], [ 93.901046753000116, 27.241540909000037 ], [ 93.892982483000026, 27.230970383000113 ], [ 93.89097595200019, 27.23018074100014 ], [ 93.885612488000163, 27.224382400000081 ], [ 93.867446899000186, 27.198841095000034 ], [ 93.857460021000065, 27.191101075000176 ], [ 93.847167969000111, 27.17978096000013 ], [ 93.839881897000112, 27.173458099000186 ], [ 93.836997985000096, 27.172079086000053 ], [ 93.828979492000201, 27.17064285400005 ], [ 93.826660155000013, 27.169370652000111 ], [ 93.817016601000091, 27.158241273000044 ], [ 93.808586121000076, 27.15175056400011 ], [ 93.807296753000173, 27.150140763000024 ], [ 93.806808472000171, 27.147209168000018 ], [ 93.805610656, 27.137790680000023 ], [ 93.80143737800006, 27.1379108430001 ], [ 93.798240661000136, 27.13716125500008 ], [ 93.797798158000035, 27.136009216000105 ], [ 93.798431397000115, 27.134399414000086 ], [ 93.800247193000075, 27.132629395000095 ], [ 93.802223205000132, 27.132860184000094 ], [ 93.805809021000186, 27.134750367000095 ], [ 93.808189392000031, 27.132869721000134 ], [ 93.813507079000146, 27.132011414000033 ], [ 93.81423187300004, 27.130821228000173 ], [ 93.813850403000117, 27.128618240000151 ], [ 93.811363221000192, 27.126268387000152 ], [ 93.813156128000116, 27.123760225000069 ], [ 93.814956665000182, 27.122608186000093 ], [ 93.819107056000121, 27.122901917000149 ], [ 93.821952820000035, 27.122030259000155 ], [ 93.825492858000189, 27.119340898000075 ], [ 93.827232360000039, 27.111940384000093 ], [ 93.826637269000116, 27.099380493000126 ], [ 93.831321716000161, 27.092439652000053 ], [ 93.833030701000098, 27.087610246000168 ], [ 93.836212158000137, 27.086479188000169 ], [ 93.83436584400016, 27.082849503000148 ], [ 93.834762573000035, 27.08205032300009 ], [ 93.836746216000108, 27.078212738000104 ], [ 93.835021972000106, 27.074991227000112 ], [ 93.832099915000185, 27.072868348000043 ], [ 93.829010010000047, 27.072122575000094 ], [ 93.828247070000145, 27.068950654000105 ], [ 93.827102661000083, 27.068849564000061 ], [ 93.825492858000189, 27.072122575000094 ], [ 93.824577332000104, 27.072170257000096 ], [ 93.822875976000034, 27.068321229000162 ], [ 93.818786621000129, 27.064931870000123 ], [ 93.815711975000113, 27.06545066800004 ], [ 93.81288147000015, 27.07068061800004 ], [ 93.810188293000124, 27.068140031000041 ], [ 93.808547974000078, 27.062570572000141 ], [ 93.804885865000188, 27.061349868000036 ], [ 93.802131653, 27.061761857000079 ], [ 93.799423219000118, 27.066871644000173 ], [ 93.798767091000173, 27.069681168000102 ], [ 93.798057555000071, 27.070941925000056 ], [ 93.797096252000017, 27.070882796999967 ], [ 93.793998718000068, 27.057729721000044 ], [ 93.791191101000038, 27.054569245000039 ], [ 93.787422179000146, 27.054229737000185 ], [ 93.786132813, 27.055370330000187 ], [ 93.785110473000145, 27.058359145000111 ], [ 93.783210754000095, 27.067190171000163 ], [ 93.782272338000098, 27.066900253000142 ], [ 93.781166076000034, 27.060819626000182 ], [ 93.779136658000141, 27.058290482000189 ], [ 93.779159547000177, 27.053342820000069 ], [ 93.777946472999986, 27.052770615999975 ], [ 93.775436402000082, 27.056219102000057 ], [ 93.773681640000177, 27.062360763000072 ], [ 93.772399903000064, 27.062301635000154 ], [ 93.77178955100004, 27.055519104000041 ], [ 93.77095794700017, 27.054550172000177 ], [ 93.77007293600019, 27.055580140000131 ], [ 93.768196106000175, 27.055519104000041 ], [ 93.768478394000056, 27.043291092000118 ], [ 93.746429443000125, 27.032409669000117 ], [ 93.74257660000012, 27.02971267800018 ], [ 93.733886718000178, 27.027231217000121 ], [ 93.718933105000076, 27.019220353000037 ], [ 93.705566406000173, 27.008329391000075 ], [ 93.704498291000164, 27.006561280000028 ], [ 93.705680846, 27.003681183000026 ], [ 93.700950622000164, 26.997102737000034 ], [ 93.698280335000106, 26.994791031000091 ], [ 93.696556091000105, 26.992378235999979 ], [ 93.675781250000057, 26.971071242999983 ], [ 93.655113219000157, 26.966478347000134 ], [ 93.640167236000138, 26.964780808000114 ], [ 93.624496460000103, 26.96421051100009 ], [ 93.59583282400007, 26.955181123000102 ], [ 93.584220887000015, 26.952648164000038 ], [ 93.570793153000125, 26.954122543000096 ], [ 93.545486450000112, 26.95174026400008 ], [ 93.525840759000062, 26.948631286000023 ], [ 93.489356995000151, 26.938529968000012 ], [ 93.486831666000171, 26.943090439000173 ], [ 93.480293275000179, 26.94017982500003 ], [ 93.468109131000176, 26.938890457000127 ], [ 93.463836671000138, 26.943540573000121 ], [ 93.4478683480001, 26.954151154000044 ], [ 93.436660767000092, 26.956090928000151 ], [ 93.39073181100008, 26.960029602000077 ], [ 93.374237060000155, 26.960380554000153 ], [ 93.347938538000108, 26.963241578000122 ], [ 93.266853333000086, 26.956001281000113 ], [ 93.222389222000061, 26.949140550000095 ], [ 93.184280396000133, 26.93873977700008 ], [ 93.108963012000117, 26.927280426000038 ], [ 93.091873169, 26.915540695000118 ], [ 93.07636261000016, 26.919940949000193 ], [ 93.068840027000078, 26.92420959400016 ], [ 93.060173036000037, 26.921180725000113 ], [ 93.038208009000073, 26.917881012 ], [ 93.019371034000187, 26.916830063000191 ], [ 92.997436523000147, 26.930349349000039 ], [ 92.995796204000044, 26.93032074000007 ], [ 92.993759156000067, 26.931787491000023 ], [ 92.986686707000104, 26.933830262000185 ], [ 92.982719421000127, 26.935939789000031 ], [ 92.980697632000101, 26.935621261000165 ], [ 92.972976685000106, 26.940820695000127 ], [ 92.96161651500006, 26.945880890000012 ], [ 92.951362610000103, 26.94890975900006 ], [ 92.932769776000043, 26.956939698000042 ], [ 92.9264068600001, 26.960660935000192 ], [ 92.92166137800001, 26.961908341000026 ], [ 92.91777038500004, 26.964241028000174 ], [ 92.914947510000161, 26.969760896000025 ], [ 92.916679382000098, 26.984651566000025 ], [ 92.899772644000109, 26.99626159800016 ], [ 92.89028930700016, 26.999820710000108 ], [ 92.887519836000081, 27.00022125300012 ], [ 92.883377076000158, 27.002340318000051 ], [ 92.872436524000136, 27.007699966000132 ], [ 92.836585999000135, 27.013549804999968 ], [ 92.824417114000198, 27.018480301000068 ], [ 92.785270691000107, 27.030679703000146 ], [ 92.769096374000071, 27.033041001000129 ], [ 92.727508545000148, 27.028400421000015 ], [ 92.713676452000072, 27.026090623000073 ], [ 92.702316284000176, 27.027580261000026 ], [ 92.682388306000178, 27.031740188000072 ], [ 92.658927918000074, 27.038520813000048 ], [ 92.657020569000053, 27.037590027000078 ], [ 92.650489807999975, 27.024778367000181 ], [ 92.639099122000061, 27.018539428999986 ], [ 92.644630431000053, 27.010040283000023 ], [ 92.644203186000141, 27.002510071000131 ], [ 92.645309448000035, 26.995611190000147 ], [ 92.645462035000094, 26.987449647000176 ], [ 92.585212707000039, 26.961862564000057 ], [ 92.553611756000066, 26.959070204999989 ], [ 92.531761170000152, 26.963300706000041 ], [ 92.515441895000151, 26.964420318000123 ], [ 92.505020142000035, 26.9667701730001 ], [ 92.490638733000196, 26.964731218000054 ], [ 92.483757018000176, 26.964740753000058 ], [ 92.466293335000046, 26.963060379000126 ], [ 92.459571839000091, 26.963310240999988 ], [ 92.44616699200003, 26.960639954000158 ], [ 92.442169189000083, 26.955022813000141 ], [ 92.425765991, 26.943468094000082 ], [ 92.411888123000153, 26.94419098000003 ], [ 92.399757384, 26.926271438000072 ], [ 92.367286683000032, 26.931550980000111 ], [ 92.364433289000033, 26.932699204000073 ], [ 92.353050233000033, 26.935569764000093 ], [ 92.346778869000161, 26.933460235000041 ], [ 92.320053102000145, 26.928380967000066 ], [ 92.302856446000192, 26.92420959400016 ], [ 92.303749085000049, 26.90954017700011 ], [ 92.300537110000107, 26.908140183000114 ], [ 92.290077210000106, 26.905460358000141 ], [ 92.281486512000185, 26.904148102000079 ], [ 92.276390076000041, 26.902469635000045 ], [ 92.267868042000146, 26.905082703000062 ], [ 92.265106202000084, 26.907600403 ], [ 92.261230468000178, 26.908769608000057 ], [ 92.25456237800006, 26.912229538000133 ], [ 92.209350587000131, 26.896890641000141 ], [ 92.194847107000044, 26.891000748000124 ], [ 92.177169799000069, 26.892480850000027 ], [ 92.168823243000077, 26.891910553000173 ], [ 92.162399292000146, 26.892660141000192 ], [ 92.147926331000178, 26.890888215000132 ], [ 92.129539490000013, 26.890712739000037 ], [ 92.124191284000176, 26.889760972000033 ], [ 92.120368957000039, 26.890300750000108 ], [ 92.112983704000101, 26.892383575000053 ], [ 92.114425659000176, 26.893905639000025 ], [ 92.116752625000117, 26.896450043000073 ], [ 92.117210389000149, 26.898097993000192 ], [ 92.11795043900014, 26.899379730000078 ], [ 92.118431091000105, 26.901027680000027 ], [ 92.118881225000052, 26.903009415000099 ], [ 92.119514465, 26.905395508000083 ], [ 92.119926452000072, 26.907756806000066 ], [ 92.120132446000071, 26.909542084000179 ], [ 92.119895935000159, 26.911014558000147 ], [ 92.119224549000194, 26.912450791000083 ], [ 92.11779022200011, 26.913700104000156 ], [ 92.117103577000194, 26.91493988000002 ], [ 92.116622924000126, 26.916734696000049 ], [ 92.116462707000096, 26.918415070000151 ], [ 92.116455079000048, 26.920255661000112 ], [ 92.11661529600002, 26.922317505000024 ], [ 92.116798400000107, 26.924020768000162 ], [ 92.117149354000162, 26.925842285000158 ], [ 92.117515564000087, 26.927270890000159 ], [ 92.117576599000074, 26.928951264000091 ], [ 92.117164612000181, 26.930871964000062 ], [ 92.116836547000162, 26.931560516000161 ], [ 92.116264343000068, 26.932744979 ], [ 92.115798951000102, 26.934206010000025 ], [ 92.115890503, 26.936048509000159 ], [ 92.11614227400014, 26.936355591000165 ], [ 92.116966248000153, 26.937364578000086 ], [ 92.117958069000053, 26.938589096000157 ], [ 92.118270874000075, 26.940900802999977 ], [ 92.117645263999975, 26.943300248000185 ], [ 92.116203307000148, 26.944517136000172 ], [ 92.114753724000195, 26.945734025000036 ], [ 92.114387512000121, 26.94753074700003 ], [ 92.114555360000111, 26.949441909000086 ], [ 92.114456177000193, 26.951116562000152 ], [ 92.114738464000197, 26.952308656000184 ], [ 92.116096497, 26.953603744000077 ], [ 92.117355346000181, 26.954748155000175 ], [ 92.119201660000158, 26.955591202 ], [ 92.121498108000083, 26.956871032000038 ], [ 92.122177124000132, 26.957937242000128 ], [ 92.122070312, 26.95913505600015 ], [ 92.121833801000093, 26.960931777000042 ], [ 92.121322632000158, 26.962253572000066 ], [ 92.120544433000134, 26.963340760000108 ], [ 92.119918824000194, 26.965501786000061 ], [ 92.119682312000123, 26.967298508000056 ], [ 92.119453430000021, 26.96945381200004 ], [ 92.119621277000135, 26.971363068000073 ], [ 92.11965942400019, 26.973276138000074 ], [ 92.118606567000029, 26.974126816000137 ], [ 92.116218568000079, 26.974878311000055 ], [ 92.113265992000038, 26.97564506599997 ], [ 92.112770081000122, 26.975772858000084 ], [ 92.112632752000025, 26.975864410000042 ], [ 92.111198425000111, 26.976842880000163 ], [ 92.1093444830002, 26.978326797000079 ], [ 92.108291626000039, 26.979177475000142 ], [ 92.106834411000193, 26.979797363999978 ], [ 92.10604095400015, 26.980405807000182 ], [ 92.104995727000073, 26.98173523000014 ], [ 92.104759216000161, 26.983293533000165 ], [ 92.104530335000106, 26.985090257000138 ], [ 92.104568482000161, 26.986970902000053 ], [ 92.10492706399998, 26.987443925000036 ], [ 92.105926512999986, 26.988775254000132 ], [ 92.106399535000094, 26.989322663000053 ], [ 92.107154846000128, 26.990192413000045 ], [ 92.106529236000029, 26.992712021000159 ], [ 92.105644227000084, 26.995233537000104 ], [ 92.104484558000138, 26.997402191000106 ], [ 92.10409546000011, 26.998363496000138 ], [ 92.103454590000013, 26.999568940000074 ], [ 92.103210448000084, 27.000886917000116 ], [ 92.103111266000042, 27.003911972000026 ], [ 92.101699830000143, 27.006050109000114 ], [ 92.101158142000088, 27.006792069000028 ], [ 92.099487304000036, 27.007452012000044 ], [ 92.098533631000123, 27.008007050000117 ], [ 92.097084046000134, 27.009103775000028 ], [ 92.095794678000061, 27.009731294000176 ], [ 92.095520020000038, 27.010938645000124 ], [ 92.095390319000103, 27.011518478000028 ], [ 92.093154907000041, 27.013105392000057 ], [ 92.092742920000148, 27.013235093000048 ], [ 92.089965820000032, 27.014106751000043 ], [ 92.087577819999979, 27.01497841000014 ], [ 92.084793090000176, 27.016094207000037 ], [ 92.081871033000084, 27.016733170000066 ], [ 92.078262329000097, 27.017684937000183 ], [ 92.077880859000118, 27.018461228000035 ], [ 92.077705383000193, 27.01970863400004 ], [ 92.077346800999976, 27.020410537000089 ], [ 92.077308655000024, 27.02335357700008 ], [ 92.077720641000042, 27.026367188000108 ], [ 92.078964234000182, 27.030267716000083 ], [ 92.080741883000087, 27.031730652000135 ], [ 92.082466125999986, 27.033615113 ], [ 92.082839966000051, 27.034643174000109 ], [ 92.082679749000192, 27.03583717500004 ], [ 92.081817625999975, 27.03704261900009 ], [ 92.081390381000062, 27.038240433000112 ], [ 92.081527710000159, 27.041219712000157 ], [ 92.074508666000099, 27.041877748000047 ], [ 92.074348451000048, 27.041963577000104 ], [ 92.071075440000072, 27.04369163500013 ], [ 92.069458007000094, 27.044326783000088 ], [ 92.066070558000035, 27.046791078000126 ], [ 92.062026978000119, 27.048267365000186 ], [ 92.061134339000091, 27.048587800000121 ], [ 92.060409545000141, 27.048904420000042 ], [ 92.059097291000114, 27.049573898000176 ], [ 92.057861328000058, 27.05020523100012 ], [ 92.05641937300004, 27.05087852500003 ], [ 92.054977418000192, 27.05139732400005 ], [ 92.053520202000072, 27.051609039000084 ], [ 92.049194337000188, 27.051555634000181 ], [ 92.046371460000103, 27.051786422000077 ], [ 92.043991088000155, 27.051645278000137 ], [ 92.043418884000062, 27.052721024000164 ], [ 92.04331970200019, 27.053785324000103 ], [ 92.042762756000116, 27.056093216000136 ], [ 92.039138793000063, 27.05959510800011 ], [ 92.038101197000174, 27.061298370000031 ], [ 92.037170411000091, 27.062345505000053 ], [ 92.037223816000107, 27.062910081000041 ], [ 92.03738403400007, 27.064491272000055 ], [ 92.037605286000087, 27.067325593000191 ], [ 92.037208558000088, 27.069248200000175 ], [ 92.036300660000109, 27.071332931000086 ], [ 92.035545350000177, 27.072263717 ], [ 92.034858703000111, 27.073352813000099 ], [ 92.032714844999987, 27.076751709000121 ], [ 92.031723022999984, 27.079204559000175 ], [ 92.031234741000105, 27.080415726000126 ], [ 92.030990601000155, 27.082159043000047 ], [ 92.031089783000198, 27.083597183 ], [ 92.031509399000072, 27.084669113000075 ], [ 92.031394958000135, 27.085748673000069 ], [ 92.031204224000135, 27.086650847999977 ], [ 92.031311034000112, 27.088685989000055 ], [ 92.031478882000158, 27.090961456000116 ], [ 92.031234741000105, 27.092042923000179 ], [ 92.030982971000071, 27.09312629700014 ], [ 92.030334473000039, 27.094333649000191 ], [ 92.029342652000139, 27.095306397 ], [ 92.028755187000115, 27.095912933000136 ], [ 92.028976440000065, 27.097108841000136 ], [ 92.028930665000075, 27.098308563999979 ], [ 92.028625488000159, 27.100168229000133 ], [ 92.02791595500014, 27.101556779000077 ], [ 92.026817321000181, 27.103849412000159 ], [ 92.025901795000095, 27.105060578000177 ], [ 92.02491760200013, 27.10633277800008 ], [ 92.024848939000037, 27.107719421000184 ], [ 92.023902892000194, 27.109489441000051 ], [ 92.024261474000184, 27.111240388000056 ], [ 92.025177002000078, 27.11162948600014 ], [ 92.025573730000076, 27.111902237000038 ], [ 92.025932312000066, 27.11239242500011 ], [ 92.026214600000117, 27.112636566000162 ], [ 92.026100160000112, 27.115232468000158 ], [ 92.026916503000052, 27.116287232000047 ], [ 92.02772521900016, 27.117036820000067 ], [ 92.028572083000086, 27.118896484000118 ], [ 92.029670715000179, 27.120397567000055 ], [ 92.031105042000149, 27.121793748000186 ], [ 92.032188415000121, 27.122821807999969 ], [ 92.032806397000115, 27.125112533000049 ], [ 92.033096313000101, 27.126543045000119 ], [ 92.033393859000057, 27.128091813000026 ], [ 92.033538818000068, 27.129047395000043 ], [ 92.034103393000123, 27.130472184000041 ], [ 92.034118653000178, 27.131547927000156 ], [ 92.034202575000165, 27.132396697000047 ], [ 92.03427886999998, 27.133220673000039 ], [ 92.034423828000115, 27.133815766000112 ], [ 92.034721374000185, 27.135366441000087 ], [ 92.035148621000133, 27.13703346200009 ], [ 92.035446168000135, 27.138582229000065 ], [ 92.035728454000036, 27.139539719000084 ], [ 92.035865783000133, 27.140010834000066 ], [ 92.035606385000165, 27.14049148600003 ], [ 92.03523254300012, 27.141572952000161 ], [ 92.033943177000197, 27.144340514000191 ], [ 92.032516480000197, 27.147230149000109 ], [ 92.032157899000083, 27.14914703400018 ], [ 92.031661988, 27.151782990000129 ], [ 92.031303406000177, 27.15405845700019 ], [ 92.02998352000003, 27.155033113000172 ], [ 92.029479981000065, 27.156595231000097 ], [ 92.028312683000081, 27.158643722000079 ], [ 92.027809143000184, 27.160322190000045 ], [ 92.02755737300015, 27.161283493000042 ], [ 92.027450561000194, 27.162837983000088 ], [ 92.02720642200012, 27.164276123000036 ], [ 92.027099609000118, 27.165950775000056 ], [ 92.027252197000109, 27.167142868000042 ], [ 92.026824951000094, 27.168603896000093 ], [ 92.027717591000055, 27.170722961000024 ], [ 92.029609680000192, 27.172012329000154 ], [ 92.031372070000032, 27.173301696000124 ], [ 92.034339906000071, 27.17469596900014 ], [ 92.035057067000196, 27.176614762000156 ], [ 92.035316467000143, 27.177310944000055 ], [ 92.037483216000112, 27.178955079000104 ], [ 92.039398193000181, 27.181436540000163 ], [ 92.03977203300019, 27.181892396000023 ], [ 92.040077210000163, 27.182264329000191 ], [ 92.041282654000042, 27.182367326000076 ], [ 92.043022155000187, 27.182582856000124 ], [ 92.044387817000199, 27.182340622000027 ], [ 92.044494629000155, 27.182321549000108 ], [ 92.045333861000131, 27.182600022000145 ], [ 92.046241761000147, 27.182895661000032 ], [ 92.047584534000123, 27.183235169000056 ], [ 92.048522948000141, 27.183462143000156 ], [ 92.050659180000139, 27.183551789000092 ], [ 92.051887513000054, 27.184610366000015 ], [ 92.053245544000106, 27.18590545700016 ], [ 92.054061890000128, 27.186969757000099 ], [ 92.054397583000082, 27.187732697000172 ], [ 92.054679871000189, 27.18836021400017 ], [ 92.055877685000155, 27.191246031999981 ], [ 92.056411743000126, 27.191944122000052 ], [ 92.0569686890002, 27.192665101000102 ], [ 92.059005737000177, 27.194162368999969 ], [ 92.058906555000135, 27.195821762000037 ], [ 92.058380127000078, 27.196828841000183 ], [ 92.058410644000048, 27.198741913000163 ], [ 92.058578492000095, 27.200412751000044 ], [ 92.059547425000062, 27.20219040000012 ], [ 92.059707642000092, 27.204101562000176 ], [ 92.060409545000141, 27.205526351 ], [ 92.060531616000048, 27.206966401000159 ], [ 92.060569763000103, 27.207435607999969 ], [ 92.061134339000091, 27.208982468000102 ], [ 92.062103272000058, 27.210880280000083 ], [ 92.063049316000161, 27.211345674000029 ], [ 92.064125062000187, 27.211927414 ], [ 92.064613342000087, 27.212091446000102 ], [ 92.065292359000011, 27.2123203270001 ], [ 92.066505433000032, 27.213251113000013 ], [ 92.067848206, 27.21447563300012 ], [ 92.068954468000072, 27.215917588000138 ], [ 92.069869996000136, 27.219257355000138 ], [ 92.069778442000029, 27.221529006000083 ], [ 92.069801330000189, 27.222963333000166 ], [ 92.070503235000047, 27.22474670400004 ], [ 92.070930481000062, 27.226175309000041 ], [ 92.070960999000079, 27.22772788900005 ], [ 92.070976258000201, 27.228683472000171 ], [ 92.070991516000049, 27.229759217000094 ], [ 92.070770263000156, 27.232032776000153 ], [ 92.071189880000134, 27.233102799000164 ], [ 92.071075440000072, 27.234539033000146 ], [ 92.071235657000102, 27.235851287000173 ], [ 92.070846557000039, 27.236574174000054 ], [ 92.070648193000181, 27.238016129000073 ], [ 92.069961548000094, 27.239336013000013 ], [ 92.069053650000114, 27.240781784000035 ], [ 92.068267823000042, 27.242109298000059 ], [ 92.066818238000053, 27.242965698000091 ], [ 92.065841675000172, 27.243638992000172 ], [ 92.065757750999978, 27.24369812000009 ], [ 92.064048768000077, 27.245275497000137 ], [ 92.063133240000184, 27.246364594999989 ], [ 92.062454223000032, 27.24704551700006 ], [ 92.061683655000081, 27.247819901000184 ], [ 92.060905456000057, 27.248905182000158 ], [ 92.059997558000077, 27.250831604000041 ], [ 92.059486389000142, 27.252033233000077 ], [ 92.058036804000039, 27.253009796000129 ], [ 92.056312561000084, 27.253990175000183 ], [ 92.05416107200017, 27.253423691000023 ], [ 92.052162171000077, 27.253690721000055 ], [ 92.051170350000177, 27.253992080000046 ], [ 92.048034668000071, 27.25494384700005 ], [ 92.04643249500009, 27.254964828000084 ], [ 92.043899536000197, 27.255359649000127 ], [ 92.041458130000194, 27.255252839000036 ], [ 92.03853607200017, 27.254760743000134 ], [ 92.038291931000117, 27.255947114000151 ], [ 92.038635255000145, 27.256950379000159 ], [ 92.039245606000065, 27.257652284000017 ], [ 92.039878845000146, 27.258666992000144 ], [ 92.041152955000086, 27.2606639870001 ], [ 92.041458130000194, 27.260986328 ], [ 92.042144774000178, 27.261720657000126 ], [ 92.04386901800018, 27.262371063000103 ], [ 92.045318603000112, 27.263654710000026 ], [ 92.045295715000179, 27.266454696000039 ], [ 92.045143127000188, 27.268886566000162 ], [ 92.047088623000036, 27.268886566000162 ], [ 92.048133850000113, 27.268968582000014 ], [ 92.048995973000103, 27.269622802000185 ], [ 92.049011231000122, 27.270437241000138 ], [ 92.049919129000102, 27.270423890000188 ], [ 92.050842284000169, 27.27122306800004 ], [ 92.051742554000043, 27.270399094000084 ], [ 92.052665710000042, 27.271198273000039 ], [ 92.053573608000022, 27.271184920999985 ], [ 92.054481507000105, 27.271173477000104 ], [ 92.05539703300019, 27.271160127000087 ], [ 92.056320191, 27.271959304000063 ], [ 92.057228088000102, 27.271947861000058 ], [ 92.058135986000082, 27.271934510000108 ], [ 92.059043884000062, 27.271921158000055 ], [ 92.059959412000126, 27.271909714 ], [ 92.060882567000192, 27.272708892000082 ], [ 92.061790467000037, 27.272695541000132 ], [ 92.062713623000036, 27.273496629000135 ], [ 92.063636779000035, 27.274295806000111 ], [ 92.064559937000183, 27.275096894000114 ], [ 92.065490723000096, 27.275896074000173 ], [ 92.065864563000105, 27.276222229000041 ], [ 92.066413879000095, 27.276697159000094 ], [ 92.067321777000075, 27.276683808000143 ], [ 92.067535401000157, 27.276679993000073 ], [ 92.068229674000179, 27.276670455000044 ], [ 92.069137574000138, 27.276657104000094 ], [ 92.070037841000101, 27.275833131000184 ], [ 92.070960999000079, 27.27663230800016 ], [ 92.071479797000052, 27.277082444000087 ], [ 92.071884155000077, 27.277431488 ], [ 92.072792053000057, 27.277420045000042 ], [ 92.073715211000092, 27.278219223000065 ], [ 92.074630737000177, 27.278205872000115 ], [ 92.075538634000054, 27.278194427000187 ], [ 92.076431274000186, 27.277368545000058 ], [ 92.076416015000063, 27.276554107000152 ], [ 92.076965331000054, 27.276048661000061 ], [ 92.077316285000165, 27.275728226000126 ], [ 92.078208924000194, 27.2749023450001 ], [ 92.079101563000052, 27.274076461000163 ], [ 92.080001831000118, 27.273250580000138 ], [ 92.080909728, 27.273239137000132 ], [ 92.081802368000126, 27.272413253000025 ], [ 92.082679749000192, 27.272399902000075 ], [ 92.082870483000136, 27.272228242000097 ], [ 92.083610535000105, 27.271574021000049 ], [ 92.084518432000152, 27.27156066800012 ], [ 92.085411072000113, 27.270734787000038 ], [ 92.085403442000199, 27.269922256000086 ], [ 92.086311341000112, 27.269908906000012 ], [ 92.08720398000014, 27.269083024000111 ], [ 92.088790893000066, 27.269657136000149 ], [ 92.089042664000033, 27.269870759000185 ], [ 92.089950562000013, 27.269857406000028 ], [ 92.090843201000098, 27.269031525000173 ], [ 92.091751099000078, 27.269018174000053 ], [ 92.092666626000039, 27.269004821000124 ], [ 92.093574524000189, 27.268991470000174 ], [ 92.094497680000188, 27.269792558000177 ], [ 92.095405578000168, 27.26977920500002 ], [ 92.096305847000167, 27.268953323000119 ], [ 92.097213745000147, 27.268939973000045 ], [ 92.098121642000194, 27.268926620000116 ], [ 92.099014282000155, 27.26810073900009 ], [ 92.099929810000049, 27.26808738800014 ], [ 92.100837707000153, 27.268074034999984 ], [ 92.101745605000133, 27.268062592000035 ], [ 92.102653503999989, 27.268049241000085 ], [ 92.103561402000139, 27.268035888000156 ], [ 92.104476928000054, 27.268022536999979 ], [ 92.105400086000088, 27.268821717000037 ], [ 92.106307983000136, 27.268808364000108 ], [ 92.107231139000135, 27.269609452000111 ], [ 92.108154297000112, 27.270408631000066 ], [ 92.109069825, 27.270395279000013 ], [ 92.109977722999986, 27.270381928000063 ], [ 92.11088562000009, 27.270370485000115 ], [ 92.111778260000051, 27.269542694000108 ], [ 92.112693787000012, 27.269531250000057 ], [ 92.113601685, 27.269517899999983 ], [ 92.114524841, 27.270317077000129 ], [ 92.115432739000141, 27.270303727000112 ], [ 92.116363525000111, 27.271102906000067 ], [ 92.117271422000158, 27.271089554000184 ], [ 92.118179322000117, 27.271078110000133 ], [ 92.119087220000097, 27.27106475800008 ], [ 92.11999511700003, 27.27105140700013 ], [ 92.120925903000114, 27.271850587000188 ], [ 92.121849059000112, 27.272649764000164 ], [ 92.121864320000043, 27.273462295000115 ], [ 92.122787476000042, 27.274263382000072 ], [ 92.123710632000041, 27.27506256200013 ], [ 92.123725892000039, 27.275875093000138 ], [ 92.123741150000058, 27.276687623000043 ], [ 92.12375640900018, 27.277502059000085 ], [ 92.124679564000076, 27.278301239000143 ], [ 92.124694825000176, 27.279113770000095 ], [ 92.124710083000195, 27.2799263 ], [ 92.124725341000044, 27.280738831000178 ], [ 92.124755860000164, 27.282365799000161 ], [ 92.123855591000051, 27.283191681000119 ], [ 92.12296295100009, 27.284017562000145 ], [ 92.122978209999985, 27.284830093000153 ], [ 92.12299347000004, 27.285642623000058 ], [ 92.123008728000059, 27.286457061000078 ], [ 92.122116088999974, 27.287282945000072 ], [ 92.121215820000032, 27.288108826000098 ], [ 92.120323180000071, 27.288934707000124 ], [ 92.119430540999986, 27.289760591000061 ], [ 92.119003296000074, 27.29015159700009 ], [ 92.118530274000022, 27.290586472000086 ], [ 92.117637634000062, 27.291412353000112 ], [ 92.116744995000033, 27.29223823500007 ], [ 92.11582946700014, 27.292251588 ], [ 92.114936828000054, 27.293077469000025 ], [ 92.114028930000075, 27.293090819999975 ], [ 92.113136291000046, 27.293916703000036 ], [ 92.11223602300015, 27.294742584000062 ], [ 92.111328126000103, 27.294755935000182 ], [ 92.110435487000075, 27.29558181900012 ], [ 92.109519959000124, 27.295595169000023 ], [ 92.108627320000096, 27.296421051000095 ], [ 92.107734680000135, 27.297246934000157 ], [ 92.106819152000071, 27.297260285000107 ], [ 92.105926512999986, 27.298086166000132 ], [ 92.105033874000128, 27.298912050000069 ], [ 92.104133606000062, 27.299739838000164 ], [ 92.103240967000033, 27.300565720000122 ], [ 92.102348328000176, 27.301391601000148 ], [ 92.101432800000055, 27.301403046000132 ], [ 92.100601196000184, 27.302175523000187 ], [ 92.100540161000197, 27.302230835000159 ], [ 92.100440979000155, 27.302232743000104 ], [ 92.099632263000046, 27.302242279000041 ], [ 92.098724365000066, 27.302255631000037 ], [ 92.097824096000124, 27.303081513000166 ], [ 92.096916198000145, 27.303094863000069 ], [ 92.09600830100004, 27.303108216000169 ], [ 92.095092773000147, 27.303121567000119 ], [ 92.094200134000118, 27.303947448000145 ], [ 92.093292236000138, 27.30396080100013 ], [ 92.092376708000018, 27.303972244000079 ], [ 92.091468811000141, 27.303985595000029 ], [ 92.090560913000161, 27.303998948000128 ], [ 92.089653015000181, 27.304012299000078 ], [ 92.088752746000068, 27.304838180000161 ], [ 92.087860107000154, 27.305664063000165 ], [ 92.086967467000193, 27.306489945000123 ], [ 92.08605194200004, 27.306503296000074 ], [ 92.085159302000079, 27.307329179000078 ], [ 92.084472655000184, 27.307962419000091 ], [ 92.084259033000137, 27.308155060000104 ], [ 92.083366393000176, 27.308980942000062 ], [ 92.082458496000072, 27.308992387000046 ], [ 92.081558228, 27.309818268000072 ], [ 92.080665589000148, 27.31064415000003 ], [ 92.07977295000012, 27.311470031000056 ], [ 92.078857422, 27.311483383999985 ], [ 92.077964783000141, 27.31230926500001 ], [ 92.07707214300018, 27.313135146000093 ], [ 92.077087402000132, 27.313947677000044 ], [ 92.076187134000065, 27.314773560000106 ], [ 92.075294495000037, 27.315599442000064 ], [ 92.075309753000056, 27.316411972000139 ], [ 92.074409484000057, 27.317237854000041 ], [ 92.073516847000178, 27.318063737000102 ], [ 92.073532105000197, 27.318878173000144 ], [ 92.072631835000152, 27.319702149000136 ], [ 92.071739196000124, 27.320528030000162 ], [ 92.070846557000039, 27.32135391200012 ], [ 92.069946289000143, 27.322179795000125 ], [ 92.069038392000095, 27.322193146000075 ], [ 92.06813812200005, 27.3230190270001 ], [ 92.067245483000193, 27.323844910000162 ], [ 92.066352844000107, 27.32467079200012 ], [ 92.066368102000126, 27.325483322000025 ], [ 92.065467835000163, 27.326309204000097 ], [ 92.065483093000182, 27.327121734 ], [ 92.065116883000087, 27.327472688000114 ], [ 92.065063476000034, 27.327804566000054 ], [ 92.064323426000044, 27.331161499000075 ], [ 92.063575744000048, 27.334518432999971 ], [ 92.0636291510001, 27.33762550400013 ], [ 92.063049316000161, 27.339496612000062 ], [ 92.062553406000177, 27.341535569000087 ], [ 92.061782837000067, 27.343338014000096 ], [ 92.060737610000047, 27.345027923000032 ], [ 92.059684754000159, 27.345998764000171 ], [ 92.058769226000038, 27.347085952000043 ], [ 92.057052613000053, 27.348772049 ], [ 92.056793213000049, 27.349027633000048 ], [ 92.05342102000003, 27.351470948000099 ], [ 92.054107665000117, 27.352010728000039 ], [ 92.054901122000103, 27.352636336999979 ], [ 92.051719665000064, 27.356353759000115 ], [ 92.050422669, 27.357969285000024 ], [ 92.049858093000182, 27.359636308000177 ], [ 92.048110961000077, 27.359706879000044 ], [ 92.047599792000142, 27.359727860000135 ], [ 92.047233582000047, 27.360872268000151 ], [ 92.047691344000043, 27.361791611000058 ], [ 92.048065186000088, 27.362535476000062 ], [ 92.048500062000187, 27.364322662000177 ], [ 92.048393250000061, 27.366235732000177 ], [ 92.048301698000103, 27.368387223000127 ], [ 92.048347473000092, 27.370897293000155 ], [ 92.048393250000061, 27.373645782000096 ], [ 92.049118041000099, 27.376861572000053 ], [ 92.04994964500014, 27.378284454000038 ], [ 92.050491333000195, 27.378753661000189 ], [ 92.050727844000107, 27.378980637000154 ], [ 92.051063537000118, 27.379125596000165 ], [ 92.051460266000163, 27.379467010000155 ], [ 92.052215576000151, 27.379903793000153 ], [ 92.053878784000062, 27.381645204000108 ], [ 92.054779054000107, 27.38275909400005 ], [ 92.054969788000108, 27.385982515000023 ], [ 92.05487823600015, 27.38849449200012 ], [ 92.055046081000114, 27.390283584000031 ], [ 92.055084228000169, 27.392314911000142 ], [ 92.055236815000058, 27.393508912000073 ], [ 92.055137633000072, 27.395421982000073 ], [ 92.055770875000064, 27.398118973000066 ], [ 92.058258057000103, 27.399980546000165 ], [ 92.05628204400017, 27.400541305000104 ], [ 92.055114747000118, 27.40187454200003 ], [ 92.054328918000181, 27.402843475000168 ], [ 92.05327606100019, 27.403932571000041 ], [ 92.052360535000105, 27.405141830000161 ], [ 92.050376892000031, 27.406364440000061 ], [ 92.049316405000127, 27.407215120000103 ], [ 92.047737121000011, 27.408910752000054 ], [ 92.046287536000079, 27.410007478000068 ], [ 92.044975282000053, 27.411699295000119 ], [ 92.043640137000182, 27.414104462000125 ], [ 92.043472289000135, 27.415708543000051 ], [ 92.042701721000128, 27.417060851000031 ], [ 92.041236877000074, 27.419637680000164 ], [ 92.041809081000167, 27.422140122000087 ], [ 92.043754577000016, 27.42415237400013 ], [ 92.043861390000075, 27.424261094000087 ], [ 92.044067382000094, 27.426954270000124 ], [ 92.043357849000074, 27.428113937000091 ], [ 92.042999267000084, 27.4286956790001 ], [ 92.04263305700016, 27.431169510000018 ], [ 92.042518617000098, 27.431928635000077 ], [ 92.041511535000097, 27.435289383000111 ], [ 92.038940429000149, 27.437511444000052 ], [ 92.038742065000065, 27.438077926000176 ], [ 92.037956238000163, 27.43904495400011 ], [ 92.035690307000152, 27.439910889000089 ], [ 92.034088134000058, 27.439933778000068 ], [ 92.031745910000041, 27.439920425000139 ], [ 92.029029847000118, 27.440315246000011 ], [ 92.026840210000046, 27.440345765000188 ], [ 92.025039672999981, 27.443407058000048 ], [ 92.023727416000042, 27.444858551000152 ], [ 92.022666931000174, 27.445829392000121 ], [ 92.022552491000113, 27.446786881000037 ], [ 92.022033692000093, 27.447750092000035 ], [ 92.021522523000158, 27.449192047000054 ], [ 92.021141052000132, 27.450630189000037 ], [ 92.021026612000071, 27.451469421000013 ], [ 92.020805359000121, 27.454101562000119 ], [ 92.021232604000033, 27.455888748 ], [ 92.021408080000185, 27.458036424000113 ], [ 92.021827697000163, 27.458986283000058 ], [ 92.021453857000154, 27.460664749000046 ], [ 92.021224976000099, 27.462938309000037 ], [ 92.021133422, 27.465330123000058 ], [ 92.020797729000037, 27.469158172000164 ], [ 92.020179748000146, 27.472274781000181 ], [ 92.020072937000123, 27.473711013000184 ], [ 92.019653320000089, 27.477703095000095 ], [ 92.019165040000019, 27.479139327999974 ], [ 92.018768311000144, 27.480323791000046 ], [ 92.017341614000145, 27.480138779000185 ], [ 92.016700744000048, 27.480054856000095 ], [ 92.014030457, 27.479024887000037 ], [ 92.010711669000045, 27.479011536000087 ], [ 92.009033203000058, 27.478523253999981 ], [ 92.001533509000012, 27.478624344000025 ], [ 92.000976563000108, 27.478666306000093 ], [ 91.997650147000058, 27.478918075000081 ], [ 91.997001649000026, 27.47890090900006 ], [ 91.996505738000167, 27.478086470999983 ], [ 91.995826721000185, 27.478054047000171 ], [ 91.994895935000102, 27.47791290300006 ], [ 91.993774415000189, 27.476881027000104 ], [ 91.993309021000073, 27.47631454500015 ], [ 91.992729186000133, 27.475740433000055 ], [ 91.992279053000118, 27.475297928000145 ], [ 91.991981506000059, 27.474798202000159 ], [ 91.991836547000105, 27.474382400000025 ], [ 91.991760253000166, 27.473531723000065 ], [ 91.991836547000105, 27.472179414000038 ], [ 91.991683960000159, 27.471729278000055 ], [ 91.991500854000094, 27.471296310000128 ], [ 91.990768432000095, 27.469696045000148 ], [ 91.989807129000042, 27.468196870000043 ], [ 91.98884582400018, 27.467063904000042 ], [ 91.988281250000171, 27.466630936000115 ], [ 91.987052918000131, 27.465917588000082 ], [ 91.985771180000143, 27.466186523000033 ], [ 91.985336305000146, 27.466203689000054 ], [ 91.984924316000047, 27.466121672999975 ], [ 91.984397888000046, 27.465688705000048 ], [ 91.983947754000098, 27.46547317500017 ], [ 91.983390808000195, 27.465373993000128 ], [ 91.982826232000036, 27.465141297000059 ], [ 91.982604979000087, 27.464908601000161 ], [ 91.98217010400009, 27.464443207000045 ], [ 91.981811524000079, 27.464159013000142 ], [ 91.981132508000201, 27.464027405000081 ], [ 91.980514526000036, 27.463829040000121 ], [ 91.979820251000092, 27.46352958600005 ], [ 91.978996277000135, 27.462997436000023 ], [ 91.977874755000016, 27.462482452000074 ], [ 91.977424622000171, 27.46286773800017 ], [ 91.977462768000123, 27.463218689000144 ], [ 91.977218627000127, 27.463518143000044 ], [ 91.976730347000057, 27.463819505000117 ], [ 91.97584533700018, 27.464221954000095 ], [ 91.974830627000074, 27.464691163000111 ], [ 91.974372864000088, 27.464992522000102 ], [ 91.974067689000151, 27.465192794000131 ], [ 91.973541260000047, 27.465476990000013 ], [ 91.972923278000053, 27.465679169000168 ], [ 91.972381592000033, 27.466047287000038 ], [ 91.971801758000197, 27.466297151000106 ], [ 91.971260070000142, 27.465747833000137 ], [ 91.971015931000068, 27.465488433000189 ], [ 91.970184327000197, 27.464599609000174 ], [ 91.969413756000108, 27.463867187000176 ], [ 91.968589783000084, 27.463451385000042 ], [ 91.967346192000093, 27.463186265000104 ], [ 91.966049194000107, 27.462888718000102 ], [ 91.964347839000084, 27.462791444000061 ], [ 91.963447571000017, 27.462728501000072 ], [ 91.962371826000094, 27.461511612000038 ], [ 91.961227417000032, 27.460428238000077 ], [ 91.960739135000097, 27.460180282000181 ], [ 91.960083009000186, 27.459932328000093 ], [ 91.959541321000131, 27.459882736000111 ], [ 91.95793914799998, 27.460119249 ], [ 91.957061767000141, 27.460237504000133 ], [ 91.955566407000049, 27.460407257000043 ], [ 91.954872132000048, 27.46035766500006 ], [ 91.954216004000159, 27.460142135000126 ], [ 91.953529357000093, 27.459726333000049 ], [ 91.953125000000114, 27.459577561000174 ], [ 91.951553344000104, 27.459695816000078 ], [ 91.949363709000011, 27.460016251000013 ], [ 91.948715211000035, 27.460201263000044 ], [ 91.947776794999982, 27.460739136000086 ], [ 91.947692871000186, 27.460811616 ], [ 91.947013854000033, 27.461389541000131 ], [ 91.946418761000075, 27.461940766 ], [ 91.946037293000131, 27.461791992000144 ], [ 91.94561004600007, 27.461393356000031 ], [ 91.944969178000122, 27.460893630000044 ], [ 91.944717407000155, 27.460748673000069 ], [ 91.944305420000092, 27.460510255000031 ], [ 91.943000793000067, 27.459794999 ], [ 91.942527771000186, 27.459896088000107 ], [ 91.942138673000159, 27.460163116 ], [ 91.941421509000122, 27.460672380000062 ], [ 91.941032409000115, 27.460948945000098 ], [ 91.940437316000157, 27.461334228000112 ], [ 91.939361573000042, 27.461902618000067 ], [ 91.938926697000113, 27.462087630999974 ], [ 91.93824005100015, 27.462472915999967 ], [ 91.937805175000051, 27.462856292000083 ], [ 91.937377930000139, 27.463491440000041 ], [ 91.936874389000138, 27.464361190000091 ], [ 91.936248779000096, 27.464979172000085 ], [ 91.935668945000032, 27.465347291000057 ], [ 91.935310363000042, 27.465681077000113 ], [ 91.93507385200013, 27.466197968000188 ], [ 91.934455871000068, 27.466516496000054 ], [ 91.934059142000194, 27.465900422000061 ], [ 91.93367004400011, 27.465499878000173 ], [ 91.932785035000165, 27.465017318000037 ], [ 91.932296752000184, 27.464918136000165 ], [ 91.931800841000097, 27.464990617000012 ], [ 91.931373596000185, 27.465053558000193 ], [ 91.930717468000068, 27.465171813000097 ], [ 91.930229187000123, 27.465490341000191 ], [ 91.929595948000042, 27.466041566000058 ], [ 91.929313660000105, 27.46650886600014 ], [ 91.929000855000083, 27.466953277000073 ], [ 91.928855896000073, 27.467477799000108 ], [ 91.928672790000178, 27.468294144000083 ], [ 91.928482056000064, 27.468761444 ], [ 91.928131104000158, 27.469263077000051 ], [ 91.927001954000161, 27.4703331 ], [ 91.926139831000114, 27.47136688300003 ], [ 91.925857545000042, 27.471853256000031 ], [ 91.925148010000044, 27.472536088000027 ], [ 91.92439269900018, 27.47335624700014 ], [ 91.923629761000086, 27.474290848000123 ], [ 91.923332214000084, 27.475276947000054 ], [ 91.923011779000149, 27.475126267000064 ], [ 91.922897339000087, 27.474809647000143 ], [ 91.922721863000106, 27.474493027000051 ], [ 91.922195434000173, 27.473993301000064 ], [ 91.921348571000181, 27.473478317000115 ], [ 91.920639038, 27.473262787000067 ], [ 91.919891358000143, 27.473129272999984 ], [ 91.919235230000197, 27.472965241000111 ], [ 91.918418884000175, 27.472898483000108 ], [ 91.916923524000083, 27.472818374000155 ], [ 91.91629028400007, 27.472635270000069 ], [ 91.915573121000193, 27.472286224000129 ], [ 91.915031433000138, 27.472320558000149 ], [ 91.91458129900019, 27.472387314000173 ], [ 91.914192199000126, 27.472421646000157 ], [ 91.913833619000116, 27.472471238000026 ], [ 91.912948608000193, 27.472507477000079 ], [ 91.912010194000175, 27.471958161000089 ], [ 91.911354065000126, 27.471658707000188 ], [ 91.910942078000062, 27.471658707000188 ], [ 91.910530090000066, 27.471759797 ], [ 91.90977478100001, 27.472028732000183 ], [ 91.90806579600013, 27.472698211000022 ], [ 91.90769958400017, 27.472648621000189 ], [ 91.905792237000185, 27.471967697000025 ], [ 91.904594421000013, 27.471719742000175 ], [ 91.902687072000049, 27.471321106000062 ], [ 91.90231323200004, 27.471387864000064 ], [ 91.901840210000159, 27.471506120000072 ], [ 91.901260375000049, 27.471523286000092 ], [ 91.900299072000166, 27.471258163000073 ], [ 91.899436950000052, 27.471042633000025 ], [ 91.898338318000128, 27.470943451000153 ], [ 91.897041320000085, 27.470912934000012 ], [ 91.895957947000056, 27.470996856000056 ], [ 91.895454408000091, 27.471132280000063 ], [ 91.894897462000188, 27.471382142000152 ], [ 91.893272401000104, 27.472335816000168 ], [ 91.89149475, 27.473054885000067 ], [ 91.889839172000165, 27.47365760800011 ], [ 91.887908935000041, 27.474596025000039 ], [ 91.886711121000076, 27.475214004000122 ], [ 91.886116028000117, 27.475198746000103 ], [ 91.885612487000117, 27.474681854000153 ], [ 91.885086060000162, 27.474567413000159 ], [ 91.884696961000031, 27.474700927000185 ], [ 91.883636474000127, 27.474952699000085 ], [ 91.882141114000035, 27.475120544 ], [ 91.881484986000089, 27.475105285999973 ], [ 91.880928040000015, 27.474905014000115 ], [ 91.879714965000119, 27.474657060000027 ], [ 91.878646850000109, 27.474491120000152 ], [ 91.878143311000088, 27.474191666000081 ], [ 91.877693176000093, 27.473741532000133 ], [ 91.877243042000146, 27.473224640000183 ], [ 91.876960754000038, 27.472930909000127 ], [ 91.876319886000147, 27.472259523000162 ], [ 91.875869750000049, 27.471775055000023 ], [ 91.875000000000171, 27.471057892000147 ], [ 91.874519347000103, 27.470842361000166 ], [ 91.873298645000034, 27.470527649000019 ], [ 91.872543334000113, 27.470529557000191 ], [ 91.872016906999988, 27.470613480000111 ], [ 91.871360779000099, 27.470764160000158 ], [ 91.87078094400016, 27.471031190000076 ], [ 91.870445250999978, 27.471248628000126 ], [ 91.86999511700003, 27.471683503000122 ], [ 91.869400025, 27.472383499000102 ], [ 91.869102478000173, 27.473018646000185 ], [ 91.868896484000174, 27.473403931000178 ], [ 91.868774415000132, 27.473936081000147 ], [ 91.868713380000145, 27.474454880000167 ], [ 91.868736266000099, 27.475021362000177 ], [ 91.868751526000096, 27.475971222000055 ], [ 91.868667603000176, 27.476409912000122 ], [ 91.868576051000048, 27.476905823000038 ], [ 91.868408203, 27.47767448400009 ], [ 91.868019105000144, 27.478475571000047 ], [ 91.867515564000144, 27.479459763000136 ], [ 91.867149354000048, 27.479877472000112 ], [ 91.8661956790001, 27.480762481000113 ], [ 91.865447997000047, 27.48138046300005 ], [ 91.864341734999982, 27.482084275000034 ], [ 91.862998962000177, 27.482902527000078 ], [ 91.862144470000032, 27.483236312000031 ], [ 91.861244202000137, 27.483438492000062 ], [ 91.860649109000178, 27.483438492000062 ], [ 91.859558106000065, 27.483207703000062 ], [ 91.857681275000118, 27.482557298000188 ], [ 91.856948853000119, 27.48228264 ], [ 91.856796264000195, 27.482225417000166 ], [ 91.856140136000079, 27.482042313000136 ], [ 91.855583192000154, 27.481992721000097 ], [ 91.855209350000166, 27.481977463000078 ], [ 91.854774474000067, 27.482128143000125 ], [ 91.854286194000167, 27.482374192000123 ], [ 91.853706359000057, 27.482664108000108 ], [ 91.853225709000071, 27.482963562000066 ], [ 91.852088928000057, 27.483848571000181 ], [ 91.850990295000031, 27.484651566000082 ], [ 91.850143432000039, 27.485219955000105 ], [ 91.849227904000145, 27.485788346000163 ], [ 91.848442077000016, 27.486139298000069 ], [ 91.848121643000184, 27.486255646000131 ], [ 91.847473145000151, 27.486022950000063 ], [ 91.847297669, 27.485689164000121 ], [ 91.847137451000094, 27.485389710000049 ], [ 91.846992492000084, 27.48453903300009 ], [ 91.846786500000121, 27.484289169000192 ], [ 91.846466065000129, 27.4839725490001 ], [ 91.84609222500012, 27.483772277000071 ], [ 91.845603942000139, 27.483388902000058 ], [ 91.845344543000067, 27.483005524000134 ], [ 91.844955444000107, 27.482238770000095 ], [ 91.844734191000043, 27.481687547000092 ], [ 91.844604493000134, 27.481288911000149 ], [ 91.84413147000015, 27.480604171000152 ], [ 91.843704223000088, 27.480054856000095 ], [ 91.84337616, 27.479570388000127 ], [ 91.843261720000157, 27.479204178000032 ], [ 91.843132019000166, 27.478652955000143 ], [ 91.842926026000043, 27.478109359000143 ], [ 91.842834472000106, 27.477870941000106 ], [ 91.842277526000032, 27.477220535000129 ], [ 91.841339112000014, 27.476369858000169 ], [ 91.840835571000014, 27.476053238000077 ], [ 91.840103149000186, 27.475721359999966 ], [ 91.839447021000069, 27.47537040800006 ], [ 91.83892822200005, 27.475055694000162 ], [ 91.838439941000047, 27.474637986000062 ], [ 91.838188172000116, 27.474372864000145 ], [ 91.836990356000115, 27.473539353000035 ], [ 91.83640289300007, 27.472990037000045 ], [ 91.835845947, 27.472322463000069 ], [ 91.835090637000064, 27.471857071000102 ], [ 91.834373473000198, 27.47154045100018 ], [ 91.833663940000065, 27.471357346000048 ], [ 91.832672119000108, 27.471090318000165 ], [ 91.832107544000053, 27.47092437800012 ], [ 91.831474305000143, 27.470659255000101 ], [ 91.8308715820001, 27.469974518000186 ], [ 91.830421448000152, 27.469257355000082 ], [ 91.829879760000097, 27.468708039000148 ], [ 91.829353333000142, 27.468391419000056 ], [ 91.828674316000047, 27.468175889000122 ], [ 91.827819824000187, 27.468067169000051 ], [ 91.82721710300018, 27.468006134000063 ], [ 91.82677459700011, 27.467971802000022 ], [ 91.826362610000047, 27.46788215700019 ], [ 91.825790406000124, 27.467672348000121 ], [ 91.825286865000123, 27.467679978000035 ], [ 91.824897767000095, 27.467433929000038 ], [ 91.823921203000111, 27.467929840000124 ], [ 91.823272705000136, 27.468498228999977 ], [ 91.822731018000127, 27.468666077000023 ], [ 91.82209777800017, 27.468866349000052 ], [ 91.821701049000126, 27.469100952000019 ], [ 91.821342468000182, 27.469417572000111 ], [ 91.821235657000159, 27.469610214000056 ], [ 91.821121215000062, 27.469818116000056 ], [ 91.820899964000148, 27.470285415000092 ], [ 91.820655823000152, 27.470834733000061 ], [ 91.82033538800016, 27.471185685000137 ], [ 91.819915771000183, 27.471220017000121 ], [ 91.81942749000018, 27.471271514000023 ], [ 91.818321228000116, 27.471454620000088 ], [ 91.81785583400017, 27.471656799000016 ], [ 91.817298888000096, 27.471855164000033 ], [ 91.816566467000143, 27.47204017700011 ], [ 91.815711976000102, 27.472391129000016 ], [ 91.814682008000148, 27.473009110000078 ], [ 91.813804627000081, 27.473594665000121 ], [ 91.813072205000083, 27.473678589000144 ], [ 91.812438965000069, 27.473594665000121 ], [ 91.811820984000178, 27.473413467000057 ], [ 91.81092834500015, 27.473163605000025 ], [ 91.810279847000118, 27.472963333000109 ], [ 91.809753417000081, 27.472898483000108 ], [ 91.809455871000182, 27.473098755000137 ], [ 91.809074403000068, 27.473232269000164 ], [ 91.808685302000072, 27.473064423000153 ], [ 91.80782318100006, 27.472749711000063 ], [ 91.807014466000055, 27.472665787000039 ], [ 91.806175232000044, 27.472665787000039 ], [ 91.805419922000112, 27.472734452000111 ], [ 91.804611206000175, 27.472867966000138 ], [ 91.803886414000033, 27.472801208000135 ], [ 91.803398132000154, 27.472652436000089 ], [ 91.803039550000165, 27.472402572000192 ], [ 91.802574158000198, 27.472036362000097 ], [ 91.802177429000153, 27.471735001000127 ], [ 91.801414489000081, 27.471635819000085 ], [ 91.800865173000091, 27.471687316000157 ], [ 91.800399781000124, 27.47177124000018 ], [ 91.799644471000136, 27.472038270000041 ], [ 91.798896789000139, 27.472438813000053 ], [ 91.797904969000115, 27.473073959000033 ], [ 91.797546387000125, 27.472955703000025 ], [ 91.797172547000116, 27.472658157000126 ], [ 91.796852112000124, 27.472274781000181 ], [ 91.796569824000073, 27.471773148000182 ], [ 91.796234131000062, 27.471273422000024 ], [ 91.795768737000117, 27.470706940000071 ], [ 91.795173644000158, 27.470275880000088 ], [ 91.794052124000075, 27.469789505000051 ], [ 91.792915343000118, 27.469623567000042 ], [ 91.792312622000054, 27.469675064000114 ], [ 91.791954040000064, 27.469751358000053 ], [ 91.791603089000034, 27.469825744000161 ], [ 91.791000366, 27.469860078000124 ], [ 91.790573121000079, 27.469892502000164 ], [ 91.789901734000068, 27.469825744000161 ], [ 91.789260864000141, 27.469743730000118 ], [ 91.788619994000044, 27.469627380000077 ], [ 91.788017273000037, 27.469528197000102 ], [ 91.787643433000198, 27.469377517999988 ], [ 91.787307740000188, 27.469144822000089 ], [ 91.787101746000189, 27.468877792000058 ], [ 91.786705017000145, 27.468660354000178 ], [ 91.785568236000131, 27.468477250000149 ], [ 91.785057067000025, 27.468328476000067 ], [ 91.784721374000071, 27.468128204000038 ], [ 91.784431458000086, 27.467876435000051 ], [ 91.784202575000052, 27.46767807000009 ], [ 91.783432006000169, 27.467061996999973 ], [ 91.783103943000071, 27.466760635000128 ], [ 91.782577514000138, 27.466510773000039 ], [ 91.781791687000066, 27.466211319000138 ], [ 91.78113555900012, 27.466045379000093 ], [ 91.780258180000089, 27.465745925000192 ], [ 91.779525756000055, 27.465545655000142 ], [ 91.779045105000193, 27.465394974000162 ], [ 91.77831268400007, 27.465112686000111 ], [ 91.777725219000047, 27.464879990000043 ], [ 91.77690124500009, 27.464847565000071 ], [ 91.775741578000122, 27.465030671000136 ], [ 91.775573730000076, 27.465072631000055 ], [ 91.774581909000176, 27.465314865000039 ], [ 91.773529052000015, 27.465415955000026 ], [ 91.772987366000166, 27.465383530000111 ], [ 91.771896363000053, 27.465185166000026 ], [ 91.770957947, 27.465009690000102 ], [ 91.770637512000064, 27.464950563000116 ], [ 91.769256592000033, 27.464851380000141 ], [ 91.767311096000185, 27.464897155000131 ], [ 91.766822815000182, 27.465099335000161 ], [ 91.766670228000066, 27.465381623000042 ], [ 91.766426087000013, 27.465721131000066 ], [ 91.766410828000119, 27.465799332000074 ], [ 91.76628112800006, 27.466421127000103 ], [ 91.766258239000194, 27.466989518000105 ], [ 91.766227722000053, 27.467973709000091 ], [ 91.766433715000119, 27.469123841000055 ], [ 91.766822815000182, 27.470325470000091 ], [ 91.767211914000143, 27.471725465000191 ], [ 91.767509460000042, 27.472726822000027 ], [ 91.767585754000152, 27.473394394000024 ], [ 91.767379761000086, 27.473794937000036 ], [ 91.766700745000037, 27.474210739000114 ], [ 91.766212464000034, 27.474445343000184 ], [ 91.765609741000162, 27.474512101000187 ], [ 91.764190674000076, 27.474580764000109 ], [ 91.763313293000067, 27.474731446000135 ], [ 91.761878966000154, 27.474964142000033 ], [ 91.759674073000042, 27.475183487000152 ], [ 91.757591248000097, 27.475418091000051 ], [ 91.75623321400019, 27.475519180000106 ], [ 91.754570006000051, 27.475669860000153 ], [ 91.753356934000067, 27.476003648000074 ], [ 91.75307464600013, 27.476287842000147 ], [ 91.752548219000175, 27.476671219000139 ], [ 91.752059936000194, 27.476671219000139 ], [ 91.751632691000111, 27.476470947999985 ], [ 91.751235962000067, 27.476270676000127 ], [ 91.750885011000094, 27.475971222000055 ], [ 91.75043487500011, 27.475437164000084 ], [ 91.750068665000185, 27.474920273000066 ], [ 91.749450684000124, 27.474214554000184 ], [ 91.749206542000195, 27.473936081000147 ], [ 91.748512267000194, 27.473220825000112 ], [ 91.748085022000112, 27.472852708000119 ], [ 91.747619628000166, 27.472486496000045 ], [ 91.7472229, 27.47230339000015 ], [ 91.746551513000156, 27.472263336000026 ], [ 91.745445251000092, 27.471860886000115 ], [ 91.74356079000006, 27.471286774000077 ], [ 91.740600586000085, 27.470844269000111 ], [ 91.738456726000152, 27.470272065000017 ], [ 91.73522186200006, 27.469472885000187 ], [ 91.732673645000148, 27.469383240000127 ], [ 91.731468201000041, 27.468921661000024 ], [ 91.7294540420001, 27.46894455000006 ], [ 91.728660584000181, 27.469312667000054 ], [ 91.72719574100006, 27.469806671000072 ], [ 91.726043702000197, 27.470300673999986 ], [ 91.724327087000177, 27.471036911000056 ], [ 91.71965789800015, 27.472166061000053 ], [ 91.717124939000087, 27.473152162000019 ], [ 91.714370727000073, 27.474721908000049 ], [ 91.714721678999979, 27.476318360000164 ], [ 91.715423584000064, 27.478736879000166 ], [ 91.716758727000126, 27.483579636000059 ], [ 91.717033387000129, 27.484523773000092 ], [ 91.717239380000194, 27.485172273000103 ], [ 91.714965820000032, 27.488161088000027 ], [ 91.713180542000089, 27.493572236000091 ], [ 91.712402343000122, 27.494470595999985 ], [ 91.710227966000048, 27.496213913000076 ], [ 91.707122803000118, 27.497079849000158 ], [ 91.705604554000161, 27.497749329000158 ], [ 91.704025268000066, 27.498773575000143 ], [ 91.700988770000151, 27.499933242000111 ], [ 91.70015716600011, 27.501003265000065 ], [ 91.698318481000115, 27.502088548000074 ], [ 91.697738647999984, 27.503339767000114 ], [ 91.697494507000158, 27.504583360000083 ], [ 91.696640014000025, 27.505422592000059 ], [ 91.694725037000126, 27.505918503000146 ], [ 91.693122864000031, 27.50558090200019 ], [ 91.691719056000011, 27.5045318600001 ], [ 91.690788270000098, 27.504543305000027 ], [ 91.688659668000184, 27.503917694000052 ], [ 91.687515259000122, 27.502923964999979 ], [ 91.687278748000153, 27.502603532000023 ], [ 91.686225891000163, 27.501163482000095 ], [ 91.685279847000061, 27.499578476000067 ], [ 91.685531616000048, 27.498569488000044 ], [ 91.685043336000149, 27.497213364000118 ], [ 91.684028625999986, 27.495687485000076 ], [ 91.683021546000191, 27.495107651000069 ], [ 91.68182373000019, 27.494647979000035 ], [ 91.680824280000081, 27.494600296999977 ], [ 91.678565980000087, 27.494092941000133 ], [ 91.677093506000119, 27.493104935000076 ], [ 91.675628662000065, 27.493061065000177 ], [ 91.674568177000197, 27.493074418000106 ], [ 91.67284393400007, 27.493152619000114 ], [ 91.671905518000074, 27.493106842000145 ], [ 91.670921326000155, 27.492998124000053 ], [ 91.670181274000186, 27.492355347000057 ], [ 91.669311524000193, 27.492128372000025 ], [ 91.669059754000159, 27.491641998000091 ], [ 91.668365479000158, 27.490659715000106 ], [ 91.667320250000103, 27.490718843000025 ], [ 91.667037964000031, 27.490734101000044 ], [ 91.666687011000192, 27.490306854000096 ], [ 91.666122437000183, 27.489622116000135 ], [ 91.663795470000139, 27.488006593000136 ], [ 91.66343689100006, 27.486726761000114 ], [ 91.662513733000196, 27.486686706000057 ], [ 91.660820008000144, 27.485113145000184 ], [ 91.659782410000105, 27.485073090000128 ], [ 91.658737183000198, 27.484367370000029 ], [ 91.656280518000074, 27.484357835000026 ], [ 91.651710511000033, 27.484342576000074 ], [ 91.651550294000174, 27.485380173000067 ], [ 91.651161193000064, 27.485141754000153 ], [ 91.651084900000058, 27.486215592000178 ], [ 91.650726318000068, 27.487588883 ], [ 91.650772095000036, 27.488533020000091 ], [ 91.650535584000068, 27.488977433000173 ], [ 91.649909974000195, 27.489877701000069 ], [ 91.649520874000132, 27.490409851000038 ], [ 91.649116517000152, 27.491064071000153 ], [ 91.648902892000194, 27.491325379000102 ], [ 91.64865875300012, 27.491542816000049 ], [ 91.64851379400011, 27.491943360000164 ], [ 91.648414612000067, 27.492362977000141 ], [ 91.648117065000065, 27.494016647000024 ], [ 91.647979736000195, 27.494754792000094 ], [ 91.647918700999981, 27.495269776000043 ], [ 91.647834777000185, 27.495735168000181 ], [ 91.647460937000119, 27.496099472000139 ], [ 91.64727783100011, 27.496536255000137 ], [ 91.647003173000087, 27.497213364000118 ], [ 91.646965026000032, 27.49801254200014 ], [ 91.647132874000079, 27.498535156000059 ], [ 91.646911621000186, 27.499551774000167 ], [ 91.646705627000188, 27.500501633000113 ], [ 91.64521789500003, 27.501407624000024 ], [ 91.643859863000102, 27.502758027000141 ], [ 91.642326354000147, 27.504213333000109 ], [ 91.640365600000052, 27.505878448000146 ], [ 91.638977050000108, 27.506553650000058 ], [ 91.637687684000184, 27.507802963000131 ], [ 91.636344909, 27.509386063000193 ], [ 91.633514404000039, 27.51029777500014 ], [ 91.631797791, 27.511264801000038 ], [ 91.629684449000138, 27.512294769000164 ], [ 91.627632141000163, 27.512851715000068 ], [ 91.625915527000018, 27.513580322 ], [ 91.624328612999989, 27.51395416400004 ], [ 91.623603822000177, 27.514316559000122 ], [ 91.623046875000171, 27.517700195000089 ], [ 91.622497558000134, 27.519372940000039 ], [ 91.621826171000066, 27.520509721000053 ], [ 91.620750428000179, 27.522008895999988 ], [ 91.619621277000078, 27.523460389000093 ], [ 91.619003296000187, 27.524852752000129 ], [ 91.6185073850001, 27.526346207000131 ], [ 91.617553711000085, 27.527847290000068 ], [ 91.616256715000077, 27.529863357000181 ], [ 91.614723206000065, 27.531574250000062 ], [ 91.61415863100018, 27.532554626000035 ], [ 91.614303589000087, 27.534555435000073 ], [ 91.613975525000114, 27.536098481000067 ], [ 91.613670349000131, 27.538463593000188 ], [ 91.613342286000034, 27.540058137000131 ], [ 91.613075256000172, 27.54134369000019 ], [ 91.612525940000182, 27.543352127000162 ], [ 91.611267089000194, 27.544187546000103 ], [ 91.609909058000198, 27.543998719 ], [ 91.60837554800014, 27.543245316000139 ], [ 91.60653686500018, 27.543104171999971 ], [ 91.606018067000036, 27.543064118000075 ], [ 91.604286194, 27.542879104000178 ], [ 91.60229492100018, 27.542583466000053 ], [ 91.599662780000074, 27.54195404100011 ], [ 91.597358704000044, 27.541875840000159 ], [ 91.595344543000124, 27.542547226000067 ], [ 91.593948365000074, 27.543548583000074 ], [ 91.593574524000132, 27.544088364000061 ], [ 91.592964173000155, 27.54498481800016 ], [ 91.592185974000188, 27.546421051000095 ], [ 91.591506958000139, 27.547946930000137 ], [ 91.589729309, 27.549928665000039 ], [ 91.588264466000055, 27.552440643000068 ], [ 91.586387635000108, 27.554157258000032 ], [ 91.585693360000164, 27.554506302000163 ], [ 91.58439636200012, 27.555158615000039 ], [ 91.583122253000113, 27.557044983000139 ], [ 91.583145141000045, 27.558830262000185 ], [ 91.5831832880001, 27.559177398000088 ], [ 91.583396912000183, 27.561019897000051 ], [ 91.583587647000058, 27.562610626000151 ], [ 91.583770753000124, 27.563531875000081 ], [ 91.583671570000035, 27.564304351000033 ], [ 91.583625793000067, 27.565124512000125 ], [ 91.58334350500013, 27.566230774000189 ], [ 91.581962585000099, 27.567316055000163 ], [ 91.580284119000112, 27.569208146000165 ], [ 91.577499389000138, 27.57039642400008 ], [ 91.57586670000012, 27.571111680000058 ], [ 91.575012207000043, 27.571891784000172 ], [ 91.573875427000132, 27.572879791999981 ], [ 91.572692871000129, 27.574535370000035 ], [ 91.572189330000128, 27.575925828000152 ], [ 91.571701050000058, 27.57875442500017 ], [ 91.570625304000032, 27.580549240000039 ], [ 91.569160461000081, 27.581962586000145 ], [ 91.566886902000192, 27.584144593000076 ], [ 91.566917420000038, 27.586454391000075 ], [ 91.5675582880001, 27.588264466000169 ], [ 91.568275452000137, 27.590089799000111 ], [ 91.568908691000047, 27.591365814000085 ], [ 91.569046020000144, 27.591650009999967 ], [ 91.570121765000067, 27.593143462000114 ], [ 91.570571899000186, 27.594749450000108 ], [ 91.571426392000092, 27.595901489000141 ], [ 91.572708129000148, 27.597375870000178 ], [ 91.574447631000055, 27.59797477800015 ], [ 91.575721741000109, 27.598730087000035 ], [ 91.576812744000051, 27.59958648700001 ], [ 91.577590943000075, 27.600198745000057 ], [ 91.579048156000113, 27.601312638000138 ], [ 91.580902100000174, 27.602319717000057 ], [ 91.582138061000023, 27.604564667000147 ], [ 91.583091736000199, 27.606864930000143 ], [ 91.584266663000108, 27.608238220000089 ], [ 91.584388734000186, 27.608903886000121 ], [ 91.584053039000025, 27.609575272000029 ], [ 91.583198548000155, 27.610353471000053 ], [ 91.582115173000091, 27.610877991000109 ], [ 91.580673218000072, 27.612642288000131 ], [ 91.579879760000154, 27.613365173000034 ], [ 91.578102112000181, 27.614810945000102 ], [ 91.576919556000178, 27.61651802 ], [ 91.575439452000126, 27.618318557000066 ], [ 91.574058533000141, 27.619850159000123 ], [ 91.572563172000173, 27.620042800000192 ], [ 91.570777894000059, 27.621221543000104 ], [ 91.568893433000198, 27.622491837000041 ], [ 91.566612244000169, 27.624477386000081 ], [ 91.565444946000071, 27.627166749000139 ], [ 91.564605712000059, 27.628826142000037 ], [ 91.563194276000161, 27.630741119000106 ], [ 91.562927246000129, 27.632642746000158 ], [ 91.563194276000161, 27.635309220000124 ], [ 91.563270569000167, 27.636083602000099 ], [ 91.56340026800018, 27.637462616000164 ], [ 91.563598632000037, 27.63941192600015 ], [ 91.564437867000152, 27.641969680000045 ], [ 91.565368653000064, 27.642780303000052 ], [ 91.566078186000027, 27.644004823000103 ], [ 91.567161560000159, 27.646863937000091 ], [ 91.568496704000154, 27.648412705000112 ], [ 91.569740295000088, 27.649929046000125 ], [ 91.570625304000032, 27.651569367000036 ], [ 91.571449280000195, 27.653360367000062 ], [ 91.57196044900013, 27.655357359999982 ], [ 91.57250976500012, 27.657262802000105 ], [ 91.573051453000176, 27.658685684000034 ], [ 91.573829652000143, 27.660991669000168 ], [ 91.574676514000032, 27.661724091000167 ], [ 91.576179504000038, 27.662067414000092 ], [ 91.577629090000073, 27.66266822800003 ], [ 91.579063415, 27.662805557000127 ], [ 91.580055236000135, 27.662899018000132 ], [ 91.581611634000126, 27.663139344000115 ], [ 91.58335876600006, 27.664197922000142 ], [ 91.585212708000142, 27.664947510000161 ], [ 91.587547302000075, 27.667049408000025 ], [ 91.588623047000169, 27.667690278000066 ], [ 91.589523315000065, 27.668237686000111 ], [ 91.592163086000028, 27.670021057000099 ], [ 91.593940734000057, 27.670909881000114 ], [ 91.594772338000098, 27.672542573000044 ], [ 91.595252991000166, 27.67387199500007 ], [ 91.595901489000198, 27.67509842000004 ], [ 91.596374511000079, 27.676782609000043 ], [ 91.596694946000014, 27.67862892100004 ], [ 91.597702026000036, 27.680406571 ], [ 91.599227905000077, 27.681394578000152 ], [ 91.60082244900002, 27.682268143000044 ], [ 91.602691650000054, 27.682672500000024 ], [ 91.605133056000113, 27.684133530999986 ], [ 91.605262757000105, 27.685056686999985 ], [ 91.606124878000116, 27.687181474000056 ], [ 91.607086182000046, 27.689107894000074 ], [ 91.608093262000068, 27.68979835600004 ], [ 91.609603881000112, 27.690654754000036 ], [ 91.611351013000046, 27.691612244000169 ], [ 91.61325836200001, 27.692052842000066 ], [ 91.615867614000081, 27.692947389000096 ], [ 91.6180038440001, 27.693334580000055 ], [ 91.619979859000068, 27.694082260000073 ], [ 91.621772766, 27.694627763000028 ], [ 91.624206543000014, 27.695472717000143 ], [ 91.625724793000074, 27.696842194 ], [ 91.627639771000077, 27.69855880700004 ], [ 91.628700256000172, 27.699323655000057 ], [ 91.629165650000118, 27.700384140000153 ], [ 91.629608153000049, 27.702341079000178 ], [ 91.629974365000123, 27.703878404000079 ], [ 91.629943849000085, 27.705669403000059 ], [ 91.630264282000041, 27.707538605000138 ], [ 91.630393982000157, 27.709230422000076 ], [ 91.631210328000179, 27.710292817000152 ], [ 91.631515503000116, 27.710824967000121 ], [ 91.632026672000052, 27.711442948000183 ], [ 91.6324462890002, 27.712865830000112 ], [ 91.633071900000175, 27.714820862000067 ], [ 91.633186341000169, 27.718351364000114 ], [ 91.633308411000144, 27.719598770000118 ], [ 91.634124755000187, 27.721391677000099 ], [ 91.634338379999974, 27.722923279000156 ], [ 91.634880065000118, 27.724611283000172 ], [ 91.635665894000056, 27.726911545000064 ], [ 91.636375428000122, 27.728496552000024 ], [ 91.637863160000165, 27.730041505000088 ], [ 91.638710022000055, 27.73151016300011 ], [ 91.639366150000171, 27.733140945000173 ], [ 91.63957977300015, 27.734825134000175 ], [ 91.639419555000018, 27.735801697000056 ], [ 91.638862609000171, 27.737194062000071 ], [ 91.63784027100013, 27.738437653000062 ], [ 91.637054444, 27.739728928000034 ], [ 91.635757446000184, 27.741548539000064 ], [ 91.634704589000194, 27.744888306000064 ], [ 91.635368348000156, 27.746984481000027 ], [ 91.636375428000122, 27.749027252000019 ], [ 91.637374877000127, 27.750196457000072 ], [ 91.639114381000184, 27.750946044000159 ], [ 91.640228271000183, 27.751909257000193 ], [ 91.64116668700018, 27.752347947000089 ], [ 91.641502380000134, 27.752614975000142 ], [ 91.64186096200018, 27.753124237000179 ], [ 91.641693115000066, 27.753843308000057 ], [ 91.642120362000128, 27.755481719000045 ], [ 91.642898559000116, 27.757114411000089 ], [ 91.643325806000064, 27.759059907000164 ], [ 91.643936156999985, 27.761106491000191 ], [ 91.644470215000126, 27.762399674000164 ], [ 91.645111084000121, 27.763647079000066 ], [ 91.645553588000155, 27.765348434000089 ], [ 91.645927430000199, 27.767448425000168 ], [ 91.645889281000109, 27.768680573000154 ], [ 91.645545960000049, 27.769248962000063 ], [ 91.644012451000094, 27.77054977500012 ], [ 91.642059326000037, 27.771291733000055 ], [ 91.639915466000105, 27.773429870000086 ], [ 91.638542174000179, 27.775436402000025 ], [ 91.638046264000195, 27.777442933000088 ], [ 91.637580872000058, 27.778631211000175 ], [ 91.637908935000098, 27.780500411999981 ], [ 91.637947082000153, 27.783174514999985 ], [ 91.638679505000084, 27.785186769000063 ], [ 91.63800811700014, 27.786888123000153 ], [ 91.637451173000045, 27.788381576000177 ], [ 91.637527466000051, 27.789869308000164 ], [ 91.637550355000087, 27.791511535000041 ], [ 91.637374877000127, 27.792455674000109 ], [ 91.637084961000141, 27.793439865000096 ], [ 91.636596680000139, 27.794248581000033 ], [ 91.636314392000088, 27.795322419000058 ], [ 91.636039734000065, 27.797376633000056 ], [ 91.635437011000022, 27.79969215400007 ], [ 91.635696411000197, 27.801500321000162 ], [ 91.635406494999984, 27.802200318000075 ], [ 91.635116576000087, 27.80291557400011 ], [ 91.634826660000101, 27.803632736000111 ], [ 91.634330749000185, 27.804262162000157 ], [ 91.6331405640002, 27.805345536000118 ], [ 91.632141114000092, 27.805624009000155 ], [ 91.630950928, 27.806262971000081 ], [ 91.630165099000124, 27.807252885000082 ], [ 91.628585815000179, 27.809320449999973 ], [ 91.627700806000064, 27.810489655000026 ], [ 91.626907349000021, 27.811569215000191 ], [ 91.62541198700012, 27.811853408000161 ], [ 91.625015258000076, 27.812393189000147 ], [ 91.623222351000152, 27.813392640000131 ], [ 91.621139526000036, 27.814664840000034 ], [ 91.61924743700007, 27.815935135000075 ], [ 91.61787414600019, 27.817911147000189 ], [ 91.616699218000178, 27.819974899000044 ], [ 91.61490631200013, 27.82106590300009 ], [ 91.613113403000057, 27.822065354000074 ], [ 91.611816407, 27.822704315000067 ], [ 91.610626221000132, 27.823520660000042 ], [ 91.609222413000168, 27.823715209000056 ], [ 91.607521058000145, 27.823734283000022 ], [ 91.60540771400008, 27.82331085300018 ], [ 91.603294373000097, 27.822887420000029 ], [ 91.600975036000136, 27.822109222000165 ], [ 91.600059509000175, 27.821298599000158 ], [ 91.599189758000023, 27.820636750000176 ], [ 91.598640442000089, 27.820220948000042 ], [ 91.597419740000134, 27.819566727 ], [ 91.595916747000047, 27.818685531000085 ], [ 91.594909667000195, 27.818340302000081 ], [ 91.592903138000167, 27.81836319100006 ], [ 91.590187073000095, 27.818212509000034 ], [ 91.587379457000111, 27.817975998000122 ], [ 91.586051942000154, 27.816474915000185 ], [ 91.584518433000198, 27.814439774000107 ], [ 91.582298279000156, 27.813304901000095 ], [ 91.579788208000025, 27.813064575000055 ], [ 91.577087402000018, 27.813360214000113 ], [ 91.576652527000192, 27.813592910000182 ], [ 91.575012207000043, 27.814470291000021 ], [ 91.573799133000193, 27.815357208000137 ], [ 91.57250976500012, 27.816530228000033 ], [ 91.571357726000087, 27.817434312000046 ], [ 91.570167542000036, 27.818834305000166 ], [ 91.568916321000131, 27.820489883 ], [ 91.568351745000143, 27.821418762000064 ], [ 91.567619323000088, 27.82260704000015 ], [ 91.566886902000192, 27.824155807000125 ], [ 91.56620788500004, 27.825160980000078 ], [ 91.565223694000053, 27.82659721400006 ], [ 91.564445495000029, 27.828123093000102 ], [ 91.562957765000078, 27.829475404000164 ], [ 91.562377930000139, 27.830997468000135 ], [ 91.561996459999989, 27.832963943000038 ], [ 91.56142425500019, 27.834932327000047 ], [ 91.5611495980001, 27.836719513000105 ], [ 91.560966492000034, 27.837968827000111 ], [ 91.559982300000172, 27.839584350000109 ], [ 91.559188843000129, 27.840307237000104 ], [ 91.558609009000122, 27.841562271000043 ], [ 91.557708741000056, 27.841838836000136 ], [ 91.557014466000112, 27.842826844000172 ], [ 91.555747987000188, 27.845336915000075 ], [ 91.555404663000047, 27.848274230000186 ], [ 91.55482482900004, 27.849945068000068 ], [ 91.555412292000028, 27.850759506000145 ], [ 91.557395934000056, 27.852331162000155 ], [ 91.558082581000122, 27.852428437000128 ], [ 91.559417724000184, 27.852615356000058 ], [ 91.560928345000036, 27.853164674000027 ], [ 91.562950134000062, 27.852460861000111 ], [ 91.563056947000121, 27.852424622000058 ], [ 91.563690185999974, 27.852365494000139 ], [ 91.564491272, 27.851997377000146 ], [ 91.56580352800006, 27.850700379000102 ], [ 91.566604612999981, 27.850332261000062 ], [ 91.568550110000103, 27.848926545000097 ], [ 91.569526672999984, 27.848505021000051 ], [ 91.570159912000065, 27.84855079800019 ], [ 91.570686340000123, 27.849006652000071 ], [ 91.571220397000161, 27.849514008000085 ], [ 91.572097778, 27.850736618000042 ], [ 91.572669983000196, 27.851852418000135 ], [ 91.572944641, 27.853549956999984 ], [ 91.573509217000037, 27.855112076000182 ], [ 91.573776244000157, 27.856672286000162 ], [ 91.574333191000164, 27.858760834000122 ], [ 91.574882506000051, 27.860378265000122 ], [ 91.57595062300004, 27.861835480000138 ], [ 91.57674407900015, 27.862796783000192 ], [ 91.57776641900017, 27.863100052000163 ], [ 91.57966613800005, 27.863275528000088 ], [ 91.582649230000129, 27.862796783000192 ], [ 91.585197449000077, 27.861206056000128 ], [ 91.586906432000148, 27.860280990000149 ], [ 91.588157653, 27.859142304000045 ], [ 91.588516235000043, 27.85869407600012 ], [ 91.589088439000136, 27.857976914000119 ], [ 91.589851380000084, 27.857093811000141 ], [ 91.590515136000135, 27.856647492000036 ], [ 91.591667175000168, 27.85635376099998 ], [ 91.592445374000135, 27.856439590000093 ], [ 91.593566894000048, 27.856241226000179 ], [ 91.594627381000123, 27.856603623000069 ], [ 91.595619203000126, 27.857679368000163 ], [ 91.596557617000144, 27.858779906999985 ], [ 91.597938537000175, 27.859693528000037 ], [ 91.598152161000087, 27.859909058000085 ], [ 91.59928131200013, 27.859308242000111 ], [ 91.607376099000135, 27.854000091000103 ], [ 91.614921570000149, 27.856891631999986 ], [ 91.621604920000152, 27.857692719000113 ], [ 91.626586914000086, 27.855829239000116 ], [ 91.627250672000116, 27.855579377000026 ], [ 91.631851196000071, 27.855058670000062 ], [ 91.637763978000123, 27.854509354000072 ], [ 91.641853332000039, 27.854129792000094 ], [ 91.654060364000031, 27.857061387000101 ], [ 91.661956787000122, 27.858240127000101 ], [ 91.669326782000041, 27.856710435000025 ], [ 91.679595948000042, 27.844139099000074 ], [ 91.68952941900011, 27.829139710999982 ], [ 91.694122314000083, 27.822130203000029 ], [ 91.702217103000066, 27.816820146000055 ], [ 91.709571838000159, 27.813289643000076 ], [ 91.721153260000051, 27.810499192000179 ], [ 91.74627685500019, 27.803350450000039 ], [ 91.758132935000049, 27.801298141000132 ], [ 91.771125794000113, 27.801240921000044 ], [ 91.778701782000098, 27.803060531000142 ], [ 91.788597108000147, 27.804639816000133 ], [ 91.799072266000167, 27.80822181800005 ], [ 91.804122926000048, 27.808889389000115 ], [ 91.810516358000086, 27.802989960000048 ], [ 91.81527709900007, 27.803379059000179 ], [ 91.8242111200002, 27.810350418000155 ], [ 91.827949525000179, 27.807550430999981 ], [ 91.828903199000024, 27.796670914000174 ], [ 91.831367492000084, 27.78895187500018 ], [ 91.833488464000084, 27.779888153000059 ], [ 91.845199585000159, 27.775659562000044 ], [ 91.84886932500001, 27.768249512000125 ], [ 91.8511962890002, 27.765060426000048 ], [ 91.852912902000185, 27.759330750000061 ], [ 91.857597351000095, 27.742290496000066 ], [ 91.860527039000033, 27.736932755000055 ], [ 91.8704376230001, 27.734460832000082 ], [ 91.873306275000118, 27.730470657000069 ], [ 91.875778198000091, 27.726009368000121 ], [ 91.878646850000109, 27.721839905000024 ], [ 91.888442994000116, 27.724241258000063 ], [ 91.902259827000137, 27.727069855000025 ], [ 91.90281677300004, 27.727001190000124 ], [ 91.908378601000152, 27.726310730000023 ], [ 91.915008544000102, 27.71816063000017 ], [ 91.918762207000043, 27.715101242000173 ], [ 91.934020995000139, 27.721569062000071 ], [ 91.94506073000008, 27.728691101000095 ], [ 91.946594239000035, 27.73217773500005 ], [ 91.949821473000043, 27.73953056400012 ], [ 91.955589294000106, 27.750669479000123 ], [ 91.961059570000089, 27.750970840000093 ], [ 91.965827943000193, 27.751440048000177 ], [ 91.97287750300012, 27.759901047000085 ], [ 91.978942870000026, 27.764730453000027 ], [ 91.983856201000037, 27.769990922000147 ], [ 91.994972228999984, 27.768419266000137 ], [ 92.000289918000078, 27.767469406000032 ], [ 92.010742188000165, 27.764730453000027 ], [ 92.037773132000098, 27.757200242000181 ], [ 92.048637391000113, 27.756990433000169 ], [ 92.05539703300019, 27.759130478000031 ], [ 92.067626953000115, 27.767869950000147 ], [ 92.084571838000159, 27.779779435000137 ], [ 92.099220276000153, 27.79338073800011 ], [ 92.119956970000146, 27.810600282 ], [ 92.138893128000177, 27.824462892000042 ], [ 92.156097412000065, 27.837020875000178 ], [ 92.170883178999986, 27.842912674000161 ], [ 92.18934631400009, 27.852050782000049 ], [ 92.20028686500018, 27.85707283000005 ], [ 92.210395813000105, 27.858989715000121 ], [ 92.234191894000162, 27.862649918000045 ], [ 92.236808776000146, 27.86283874500009 ], [ 92.246276855000076, 27.863519669000141 ], [ 92.255157471000132, 27.862169266000024 ], [ 92.264022826000144, 27.857931137000151 ], [ 92.267379761000143, 27.853939056000115 ], [ 92.271102905000191, 27.844642640000131 ], [ 92.277412414000082, 27.825189591000026 ], [ 92.284690857000044, 27.807559967000088 ], [ 92.307388306000121, 27.779239655000026 ], [ 92.315956115000176, 27.778240203000109 ], [ 92.32892608700007, 27.78354835500005 ], [ 92.350280761000192, 27.790660858000081 ], [ 92.364242553000054, 27.793638230000056 ], [ 92.369628907000049, 27.793302536000169 ], [ 92.374702453000054, 27.793670654000096 ], [ 92.379837036000083, 27.795019150000087 ], [ 92.382957459000068, 27.815570832000049 ], [ 92.397979736000195, 27.820470810000131 ], [ 92.406860352000081, 27.82208824300011 ], [ 92.413856507000162, 27.823040008000078 ], [ 92.42736816300004, 27.812009811000053 ], [ 92.443809509000118, 27.800781250000114 ], [ 92.454933167000149, 27.803262711000173 ], [ 92.459487915000068, 27.807580948000123 ], [ 92.467033387000185, 27.81521987900004 ], [ 92.476722718000076, 27.821529389000034 ], [ 92.484558105000133, 27.828639985000052 ], [ 92.492507935000106, 27.836820603000149 ], [ 92.501327514000195, 27.84150123500018 ], [ 92.515090943000075, 27.840219498000067 ], [ 92.526367187000119, 27.831130982 ], [ 92.534477234000178, 27.824331283000049 ], [ 92.54389953600014, 27.817470551000099 ], [ 92.554252624000185, 27.818298340000126 ], [ 92.560691833000135, 27.821041107000156 ], [ 92.565299989000039, 27.82735061700015 ], [ 92.576240539000196, 27.841810227000167 ], [ 92.585746765000181, 27.856870651000122 ], [ 92.605072022000172, 27.877508165000052 ], [ 92.620361329, 27.884468079000044 ], [ 92.631591798000102, 27.887290956000129 ], [ 92.651573181, 27.892971039000145 ], [ 92.669212341000048, 27.900131225000166 ], [ 92.674156190000076, 27.906000137000092 ], [ 92.686363220000089, 27.919481277000159 ], [ 92.701255797000101, 27.933809281000151 ], [ 92.713851930000033, 27.949279786000034 ], [ 92.729797362000056, 27.971920014000148 ], [ 92.733161927000197, 27.977930068000035 ], [ 92.739486694000107, 27.989410400999986 ], [ 92.733520507000037, 27.995708466 ], [ 92.727790833000029, 28.001480102000073 ], [ 92.722084046000134, 28.014474868000036 ], [ 92.721260070000142, 28.016340256000035 ], [ 92.709541321000188, 28.03327941900011 ], [ 92.702468872000054, 28.040840149000076 ], [ 92.695426941000107, 28.048370361000138 ], [ 92.681251525000164, 28.058578492000038 ], [ 92.679649352000183, 28.058944702000133 ], [ 92.66293334900007, 28.06277084400017 ], [ 92.661163331000182, 28.067701340000099 ], [ 92.667259217000094, 28.078268052000055 ], [ 92.673118591000105, 28.096700669000086 ], [ 92.677635193000071, 28.110374451999974 ], [ 92.680160523000154, 28.118009567000172 ], [ 92.684906006000119, 28.123424531000182 ], [ 92.686988831000065, 28.125799180000115 ], [ 92.6941528320001, 28.129825593000078 ], [ 92.695762635000165, 28.130729676000044 ], [ 92.704582215000187, 28.136568069000191 ], [ 92.720901490000131, 28.144979478000096 ], [ 92.736557006000169, 28.151550294 ], [ 92.737854004000042, 28.152465821000192 ], [ 92.744247437000126, 28.156972885000073 ], [ 92.758331299000133, 28.166900635000104 ], [ 92.759536743000183, 28.167724609000061 ], [ 92.783027649000132, 28.183740617000069 ], [ 92.799636840000119, 28.202230454000073 ], [ 92.807548523000094, 28.204078675000119 ], [ 92.81617736700008, 28.201620102000163 ], [ 92.8193206790001, 28.197410583000135 ], [ 92.817680358000189, 28.184310914000093 ], [ 92.818618774000072, 28.181596757000136 ], [ 92.82126617300014, 28.173919677000185 ], [ 92.826469422000173, 28.172035218000133 ], [ 92.830101012000114, 28.172956467000063 ], [ 92.839378357000044, 28.179204942000069 ], [ 92.839607238000099, 28.17935943700013 ], [ 92.847290040000189, 28.182821274000162 ], [ 92.852600097000163, 28.185232162000148 ], [ 92.872756958000195, 28.194389344000172 ], [ 92.895256043000074, 28.204610825000088 ], [ 92.905326843000068, 28.215240478000055 ], [ 92.912948609000068, 28.235019685000111 ], [ 92.922889710000049, 28.242580414000145 ], [ 92.927719117000038, 28.244138718000102 ], [ 92.933471679000149, 28.245990754000047 ], [ 92.941726685000162, 28.248649597000053 ], [ 92.955520629000148, 28.258329392000064 ], [ 92.964523316000111, 28.261810303000061 ], [ 92.974472045000198, 28.259620667999968 ], [ 92.985961912999983, 28.251310349000107 ], [ 92.986869811000133, 28.242490767999982 ], [ 92.98999023500005, 28.234422683999981 ], [ 92.994659423000201, 28.230260850000093 ], [ 93.000358581000114, 28.230791092000061 ], [ 93.009948730000019, 28.239870072000087 ], [ 93.020339967000155, 28.252298355000164 ], [ 93.033782959000064, 28.263130188000105 ], [ 93.032890320000035, 28.266830445000096 ], [ 93.02565765300011, 28.286640167000144 ], [ 93.023933410000041, 28.292766571000072 ], [ 93.022621154000149, 28.297405243000185 ], [ 93.021911621000186, 28.299930572000108 ], [ 93.023666382000158, 28.30319976800007 ], [ 93.024978637000061, 28.303276061000076 ], [ 93.032241822000174, 28.303699493000124 ], [ 93.045921326000155, 28.30249977200009 ], [ 93.046249391, 28.302471161000085 ], [ 93.061676026000043, 28.306930542000032 ], [ 93.0626602170002, 28.307151795000152 ], [ 93.069168090000176, 28.308614731000034 ], [ 93.072036744000172, 28.309259414000167 ], [ 93.087112426000033, 28.306221009000069 ], [ 93.095352172, 28.30707931500018 ], [ 93.110687255000073, 28.314790726000069 ], [ 93.112136841000108, 28.315521240000123 ], [ 93.124786376000031, 28.326799393000044 ], [ 93.1290664670002, 28.326490402000161 ], [ 93.136466981000069, 28.324890136000079 ], [ 93.154968263000171, 28.318481446000078 ], [ 93.179786683000032, 28.317211151000038 ], [ 93.193756103000169, 28.318040848000066 ], [ 93.206932068000071, 28.323270798000067 ], [ 93.218978882000158, 28.333730698000068 ], [ 93.219886780000138, 28.335510254000042 ], [ 93.221458436000148, 28.338569642000039 ], [ 93.222740174000137, 28.341068267000139 ], [ 93.220298767000031, 28.355489730000102 ], [ 93.219276429000161, 28.361499787000071 ], [ 93.222259521000069, 28.377941131999989 ], [ 93.231521607000104, 28.400711059000059 ], [ 93.225868225000056, 28.408300399999973 ], [ 93.216056823000031, 28.41366958600014 ], [ 93.204612732000044, 28.41927909900005 ], [ 93.190368652000075, 28.426019668000094 ], [ 93.181068421000191, 28.432741165000095 ], [ 93.182662963000155, 28.439990997000109 ], [ 93.190338135000161, 28.444150925000031 ], [ 93.200881957000149, 28.448991776000071 ], [ 93.207542419000049, 28.452228546000185 ], [ 93.21357727100002, 28.458169937000036 ], [ 93.222450257000048, 28.470279694 ], [ 93.229057312, 28.477951051000161 ], [ 93.235305787000186, 28.482730865000065 ], [ 93.236389161000147, 28.48324203400017 ], [ 93.253959656000063, 28.491550446000133 ], [ 93.262863159000176, 28.496900559000039 ], [ 93.269630433000032, 28.501140595000038 ], [ 93.275917053000057, 28.504829408000148 ], [ 93.27934265100015, 28.513790131000064 ], [ 93.281646729000045, 28.521230697000192 ], [ 93.288909912000122, 28.543411256000127 ], [ 93.297439576000102, 28.557588578000093 ], [ 93.305267333000074, 28.566259384000034 ], [ 93.3033370980001, 28.576871872000083 ], [ 93.297538758000144, 28.592029572000115 ], [ 93.299873353000123, 28.599550247000025 ], [ 93.306396484000118, 28.600982666000164 ], [ 93.311370849000014, 28.60375022900007 ], [ 93.319580079000161, 28.607009889000153 ], [ 93.327636719000111, 28.60828971900014 ], [ 93.329879761000086, 28.615631103000055 ], [ 93.330963135, 28.623479843000041 ], [ 93.332305908000194, 28.633680344000027 ], [ 93.335502625000061, 28.638179779000041 ], [ 93.336906433000081, 28.640159607000101 ], [ 93.341918946000135, 28.640119553000147 ], [ 93.350860595000199, 28.63889122 ], [ 93.361770631000127, 28.640829086000167 ], [ 93.36971283000014, 28.644540787000039 ], [ 93.389678956000125, 28.64946937600007 ], [ 93.395393371000125, 28.650356293000186 ], [ 93.405181885000047, 28.651870728000176 ], [ 93.411842347000118, 28.652900697000177 ], [ 93.429801941000164, 28.662309647000143 ], [ 93.437141418000181, 28.669134140000153 ], [ 93.437469483000029, 28.669439317000126 ], [ 93.441329956000175, 28.672559738000075 ], [ 93.44567108200016, 28.676040649000072 ], [ 93.456748962000177, 28.66842079200012 ], [ 93.462562561000084, 28.657030105000104 ], [ 93.466758728000059, 28.652120590000038 ], [ 93.474197387000117, 28.65365028400015 ], [ 93.475502015000075, 28.662309647000143 ], [ 93.479179383000201, 28.674980164000146 ], [ 93.483596802000079, 28.680091858000139 ], [ 93.485565185000098, 28.681102753000062 ], [ 93.491119385000104, 28.683961868999972 ], [ 93.495506287000183, 28.684022903000084 ], [ 93.500869751000039, 28.682092667000063 ], [ 93.509208680000199, 28.679840089000038 ], [ 93.511993408000194, 28.678028107000046 ], [ 93.518432617000144, 28.673830032000012 ], [ 93.518936158000145, 28.671495438000136 ], [ 93.520202637000068, 28.665641784000059 ], [ 93.524467467000136, 28.661279679000188 ], [ 93.533836364000024, 28.658849716000077 ], [ 93.561271667000142, 28.65961074900008 ], [ 93.606986999000071, 28.655878066000071 ], [ 93.620086670000092, 28.657730103000119 ], [ 93.63487243600008, 28.661020280000116 ], [ 93.638870238000095, 28.661909104000131 ], [ 93.6536407480001, 28.6668396 ], [ 93.66942596500013, 28.671960830000103 ], [ 93.68551635700004, 28.679340363000051 ], [ 93.699645996000015, 28.679929733000165 ], [ 93.713821410000151, 28.683860780000089 ], [ 93.725028993000137, 28.688219071000162 ], [ 93.731567382000151, 28.689279556000088 ], [ 93.74364471500013, 28.684627533000025 ], [ 93.747329713, 28.683210372000076 ], [ 93.761276244000157, 28.674608231000036 ], [ 93.771713258000034, 28.670036317000097 ], [ 93.775177003000181, 28.668518066000161 ], [ 93.785285949000126, 28.671409607000044 ], [ 93.797363282000106, 28.680271149000134 ], [ 93.818786621000129, 28.694890977000114 ], [ 93.835556030000077, 28.704521180000143 ], [ 93.844039917000089, 28.70738983200016 ], [ 93.84966278100012, 28.706991196000047 ], [ 93.857872010000165, 28.705802918000131 ], [ 93.865272522000168, 28.703712463000102 ], [ 93.904129028000114, 28.676660538000135 ], [ 93.919601440000122, 28.670379637999986 ], [ 93.926132202000076, 28.671800615000052 ], [ 93.93456268400007, 28.677099227999975 ], [ 93.943527222000171, 28.689170839000042 ], [ 93.95697021400008, 28.704679490000103 ], [ 93.960289002000025, 28.713060378000023 ], [ 93.962539673000038, 28.718711853000173 ], [ 93.965553284000066, 28.723239898000145 ], [ 93.965110778000053, 28.74299049300015 ], [ 93.968505860000107, 28.751382829000136 ], [ 93.977630615000066, 28.759300232000044 ], [ 93.990356446000078, 28.765630722000139 ], [ 93.998092651000036, 28.771640778 ], [ 94.001426697000056, 28.775539398000035 ], [ 94.001632690000122, 28.784280778000152 ], [ 93.998413086000198, 28.788040162000129 ], [ 93.985267640000188, 28.798290252000186 ], [ 93.985572814000193, 28.806770325000116 ], [ 93.986801147000165, 28.807878494000022 ], [ 93.999977112000067, 28.819770814000094 ], [ 93.998001099000078, 28.83111953800011 ], [ 93.994911194000167, 28.841369628000166 ], [ 94.002853394000056, 28.847021103000145 ], [ 94.014808654000149, 28.851181030000191 ], [ 94.017921448000152, 28.851642609000066 ], [ 94.030067444000053, 28.853450775000113 ], [ 94.034202576000041, 28.860961914000143 ], [ 94.043998717000136, 28.87383079500006 ], [ 94.05694580100004, 28.886428832000149 ], [ 94.058113098000092, 28.887559890000148 ], [ 94.066535950000116, 28.89608955500006 ], [ 94.078842163000047, 28.905820846000097 ], [ 94.09416198800011, 28.915130615000066 ], [ 94.120468140000128, 28.930280685000184 ], [ 94.136489869000172, 28.94039154100011 ], [ 94.155136108000079, 28.954761504000089 ], [ 94.156921386000192, 28.959369660000164 ], [ 94.158317566000051, 28.97406005900018 ], [ 94.166770935000045, 28.981161119000092 ], [ 94.172943115000066, 28.99182128800004 ], [ 94.171775817000082, 29.003168107000192 ], [ 94.171928407000109, 29.007001877000164 ], [ 94.171958923000147, 29.00776291000011 ], [ 94.17520904600002, 29.020490647000145 ], [ 94.179458617000193, 29.028551102000108 ], [ 94.184989929000096, 29.039121627000156 ], [ 94.191986084000121, 29.048799516000031 ], [ 94.198997498000097, 29.060108186000093 ], [ 94.205772400000058, 29.069351196000127 ], [ 94.214691163000168, 29.084089279000182 ], [ 94.224716186000194, 29.090009689000112 ], [ 94.233078002000127, 29.096281051000176 ], [ 94.23805999800004, 29.100458146000165 ], [ 94.245796203000054, 29.107980729000076 ], [ 94.257682800000055, 29.116790772000115 ], [ 94.26889038000013, 29.127128601000038 ], [ 94.277557374000139, 29.135391236000089 ], [ 94.287727356000119, 29.148149491000083 ], [ 94.292350770000041, 29.149620057000106 ], [ 94.297576905000199, 29.15055084300019 ], [ 94.307456970000089, 29.150880814000061 ], [ 94.311553955000079, 29.150598526000124 ], [ 94.31846618600008, 29.150119781000058 ], [ 94.331329346000189, 29.150289536000116 ], [ 94.350166321000074, 29.150209428000096 ], [ 94.356925963000037, 29.152589799000111 ], [ 94.357780456000114, 29.153173447000086 ], [ 94.35824585000006, 29.153491974000076 ], [ 94.363700866000045, 29.157220841000139 ], [ 94.367630005000137, 29.16633987400013 ], [ 94.370086670000092, 29.181760789 ], [ 94.372276305000184, 29.190229416000022 ], [ 94.376846314000034, 29.19450187800004 ], [ 94.397079467000196, 29.203830720000099 ], [ 94.399528504000045, 29.204969405999975 ], [ 94.413879394000105, 29.212690353000141 ], [ 94.425743103000059, 29.223560333000137 ], [ 94.431182861000195, 29.226821900000118 ], [ 94.433891297000116, 29.226459503000058 ], [ 94.441467285000044, 29.225439073000189 ], [ 94.454658508000193, 29.223970414000064 ], [ 94.466949464000038, 29.221679687000176 ], [ 94.470069884999987, 29.220903398000132 ], [ 94.478698730000133, 29.218759537000153 ], [ 94.494461060000106, 29.216672897000137 ], [ 94.500000000000114, 29.216821671 ], [ 94.502975464000087, 29.216901780000171 ], [ 94.514007569000114, 29.217201232000093 ], [ 94.53306579700012, 29.218719483000029 ], [ 94.545806884000172, 29.223270416000048 ], [ 94.557899476000046, 29.228910446000043 ], [ 94.559951782000041, 29.23148345900006 ], [ 94.567398071000014, 29.240829469000118 ], [ 94.572082520000095, 29.250570298000071 ], [ 94.572647094000104, 29.256490708000172 ], [ 94.573448182000163, 29.264900207000096 ], [ 94.573890685000094, 29.275171281000098 ], [ 94.5777587890002, 29.280769348000092 ], [ 94.583831788000055, 29.282690048000063 ], [ 94.58895874100017, 29.286300660000165 ], [ 94.593887329000097, 29.289840698000148 ], [ 94.605369568000071, 29.296989441000051 ], [ 94.610710143000063, 29.301162719 ], [ 94.61900329600013, 29.312799454000128 ], [ 94.621086121000076, 29.322530746999973 ], [ 94.623703004000163, 29.336771012000099 ], [ 94.623542786000201, 29.345590591000189 ], [ 94.628158570000039, 29.348590851000097 ], [ 94.641456604000041, 29.346920013000044 ], [ 94.649551391000045, 29.341922761000092 ], [ 94.665977478000116, 29.331779481000183 ], [ 94.677246093000178, 29.327840806000154 ], [ 94.681587219000164, 29.323801042000014 ], [ 94.690956116000052, 29.316711425000051 ], [ 94.694618225000113, 29.313940048000177 ], [ 94.704452515000071, 29.307750702000192 ], [ 94.711051940000118, 29.304340363000051 ], [ 94.715866088000041, 29.300132751000035 ], [ 94.730705261000082, 29.287160873 ], [ 94.736633301000154, 29.281980515000043 ], [ 94.748222351000152, 29.266258241000173 ], [ 94.766532897000104, 29.252790452000056 ], [ 94.777381898000101, 29.241119385000104 ], [ 94.782768250000061, 29.233190536000166 ], [ 94.790840149000132, 29.226190568000106 ], [ 94.795387269000116, 29.218730926000148 ], [ 94.797897339000144, 29.209989549000113 ], [ 94.796531678, 29.195499419999976 ], [ 94.792869568000071, 29.180360793000034 ], [ 94.792922974000021, 29.169740678000153 ], [ 94.797988891000045, 29.164609910000024 ], [ 94.809486390000075, 29.166709901000104 ], [ 94.820289611000135, 29.170959473000039 ], [ 94.832618713999977, 29.176742554000043 ], [ 94.840263367000034, 29.180160523000154 ], [ 94.84658813600015, 29.18299102900005 ], [ 94.852447510000161, 29.183719635000102 ], [ 94.871803285000055, 29.184289932000127 ], [ 94.881156921000184, 29.181789397999978 ], [ 94.89263153100012, 29.176040650000061 ], [ 94.906959535000112, 29.166521072000023 ], [ 94.918800355000144, 29.162300109000114 ], [ 94.926826478000123, 29.162759781000148 ], [ 94.938240051000093, 29.160978317000172 ], [ 94.93939972000004, 29.160942078000119 ], [ 94.956886292000036, 29.160371781000094 ], [ 94.967689513000153, 29.159751892000031 ], [ 94.970977782000148, 29.156240463000188 ], [ 94.981597900000111, 29.149950028000092 ], [ 94.986549377000074, 29.146709441000155 ], [ 94.995101928000111, 29.140960694000114 ], [ 95.004981995000037, 29.135749818000079 ], [ 95.011161805000086, 29.133407593000186 ], [ 95.022796630000073, 29.13062095700019 ], [ 95.025672913000108, 29.133590699000024 ], [ 95.018226624000135, 29.142959595000036 ], [ 95.010406495000154, 29.151859283000078 ], [ 95.004219055000135, 29.157711029000041 ], [ 94.991958618000069, 29.165819169000144 ], [ 94.986686706000171, 29.173538208000139 ], [ 94.997497558000077, 29.173011781000184 ], [ 95.004913330000079, 29.170499801000176 ], [ 95.010887145000083, 29.167079926000099 ], [ 95.020271302000197, 29.161149978000083 ], [ 95.023391723000032, 29.159801482000034 ], [ 95.029228210000042, 29.157279969000058 ], [ 95.039741517000095, 29.152421951000122 ], [ 95.053680420000092, 29.150184632000162 ], [ 95.054336548000038, 29.150079727000104 ], [ 95.065559387000064, 29.147930146000135 ], [ 95.078109742000095, 29.145601272000192 ], [ 95.092117309000116, 29.144357681000031 ], [ 95.098396301000037, 29.143800735000184 ], [ 95.102516174000129, 29.140108109000153 ], [ 95.108886719000111, 29.129020691999983 ], [ 95.113533020000034, 29.121200561000023 ], [ 95.121757508000201, 29.116250992000175 ], [ 95.145927430000199, 29.115610124000114 ], [ 95.154876709000177, 29.113349915000072 ], [ 95.177520753000067, 29.108579637000048 ], [ 95.196647644000166, 29.107580185000131 ], [ 95.202896117000137, 29.107856751000099 ], [ 95.213623047000056, 29.10833358800005 ], [ 95.216712952000194, 29.108470917000147 ], [ 95.24047851600011, 29.110710144000052 ], [ 95.250762940000186, 29.109880448000126 ], [ 95.247856139000135, 29.093772888 ], [ 95.251373291000164, 29.085739137000076 ], [ 95.250579834000121, 29.08135795600009 ], [ 95.249710083000195, 29.076580048000153 ], [ 95.25010681200007, 29.068571090000091 ], [ 95.257507324000073, 29.061979293000093 ], [ 95.266555785000151, 29.057649613000137 ], [ 95.272377013000039, 29.05861282300009 ], [ 95.277877808000142, 29.059530259000155 ], [ 95.286186218000125, 29.062219620000178 ], [ 95.297500610000156, 29.063190460000044 ], [ 95.302749634000122, 29.062919617000091 ], [ 95.308708191000107, 29.059310913000104 ], [ 95.318267823000099, 29.055070877000105 ], [ 95.331123351000087, 29.05145073000017 ], [ 95.345489502000078, 29.046110152000097 ], [ 95.373870849000127, 29.04129028400007 ], [ 95.384635926000044, 29.038040162000073 ], [ 95.399963379000042, 29.035400390000177 ], [ 95.410133361000021, 29.034120560000133 ], [ 95.416511535000041, 29.038160324999978 ], [ 95.421546936000198, 29.041210175000117 ], [ 95.429359436000198, 29.041280746000155 ], [ 95.438713075000067, 29.037202835000187 ], [ 95.447425843000133, 29.036012649000099 ], [ 95.454338074000134, 29.036991120000152 ], [ 95.459266663000164, 29.043100356000082 ], [ 95.464859008000019, 29.054611206000175 ], [ 95.470207213000151, 29.060899735000135 ], [ 95.474029540000117, 29.065929413000106 ], [ 95.482986450000112, 29.071130752000101 ], [ 95.485893250000117, 29.076250077000111 ], [ 95.489089966000108, 29.089740754000161 ], [ 95.491928101000042, 29.10918045000011 ], [ 95.491867066000054, 29.123680115000184 ], [ 95.49498748700006, 29.135299684000131 ], [ 95.496330262000185, 29.140310289000183 ], [ 95.503532410000162, 29.14299011200012 ], [ 95.513816834000011, 29.138919831000067 ], [ 95.527786254000148, 29.134742738000057 ], [ 95.538276673000155, 29.130569458000082 ], [ 95.546806335000156, 29.128650665 ], [ 95.546562194000103, 29.145750046000046 ], [ 95.547080993000122, 29.151332855000021 ], [ 95.54679870700005, 29.158710481000128 ], [ 95.546302796000134, 29.168069840000101 ], [ 95.545318603000112, 29.180580139000028 ], [ 95.545051575000059, 29.181751251000151 ], [ 95.541557312000066, 29.196979522000049 ], [ 95.537178039000196, 29.208242417000179 ], [ 95.537719727000081, 29.214000702000135 ], [ 95.545028687000126, 29.215589524000109 ], [ 95.560356140000124, 29.216531753000027 ], [ 95.579719543000067, 29.217372895000153 ], [ 95.585800170000198, 29.217992783999989 ], [ 95.585609436000198, 29.228160858000024 ], [ 95.587631226000155, 29.242372514000124 ], [ 95.593032836000191, 29.2542305 ], [ 95.598731996000083, 29.261861802000112 ], [ 95.605102539000086, 29.262470246000191 ], [ 95.620620727000073, 29.254949571000111 ], [ 95.631217956000171, 29.249048234000043 ], [ 95.638023377000081, 29.249839784000187 ], [ 95.642883300000108, 29.256029129000069 ], [ 95.652282715000069, 29.260490418000188 ], [ 95.660232545000042, 29.265228272000115 ], [ 95.673233032000041, 29.271099090000064 ], [ 95.683151244000157, 29.277280807000011 ], [ 95.692253113000163, 29.286521913000115 ], [ 95.697341919000053, 29.294588088000012 ], [ 95.701896667000142, 29.300420761000055 ], [ 95.70633697500017, 29.300680161000059 ], [ 95.715171814000144, 29.298299789999987 ], [ 95.727050781000059, 29.302469255000119 ], [ 95.743499757000166, 29.316249848000155 ], [ 95.745407104000151, 29.329120635999971 ], [ 95.76509857200017, 29.34459114100008 ], [ 95.772949219, 29.351840973000037 ], [ 95.777626038000164, 29.356399537000129 ], [ 95.783096313000101, 29.35638046400004 ], [ 95.786956788000055, 29.347360611000056 ], [ 95.791023254000038, 29.337898254999971 ], [ 95.796485900000107, 29.336330414000031 ], [ 95.80256652800017, 29.339372634000028 ], [ 95.803497314000083, 29.340074540000046 ], [ 95.810081482000044, 29.345069886000147 ], [ 95.819252014000142, 29.352050781000173 ], [ 95.826812744000108, 29.355710983000165 ], [ 95.840301513000156, 29.353742600000089 ], [ 95.8482589730001, 29.358659745000068 ], [ 95.858940124000185, 29.367509843000107 ], [ 95.87523651000015, 29.385580062000031 ], [ 95.880851746000019, 29.391490936000025 ], [ 95.889312745000154, 29.391361238000172 ], [ 95.899269104000155, 29.389753342000176 ], [ 95.909591675000058, 29.388090134000038 ], [ 95.935379028000057, 29.384250642000154 ], [ 95.957107544000053, 29.38266754100016 ], [ 95.965896606000172, 29.387390137000125 ], [ 95.977966309000067, 29.400449754000192 ], [ 95.987190246000068, 29.406871794999972 ], [ 95.993186950000108, 29.410440445 ], [ 96.002487183000142, 29.412071228000059 ], [ 96.014526367000087, 29.421350478000079 ], [ 96.025550841000097, 29.43342971900006 ], [ 96.034721374000128, 29.442989350000119 ], [ 96.044067384000186, 29.450469970000142 ], [ 96.055603027000075, 29.458410262000086 ], [ 96.06945037800017, 29.462272643000176 ], [ 96.080535888000099, 29.463344574000132 ], [ 96.087188720000029, 29.461610795000126 ], [ 96.092819213000041, 29.456430435000129 ], [ 96.101181030000134, 29.445310593000045 ], [ 96.113197326000147, 29.427509309000129 ], [ 96.123947144000169, 29.417619706000096 ], [ 96.139236451000158, 29.407791138000107 ], [ 96.149986267000031, 29.399259568000161 ], [ 96.157775879000042, 29.383100511000123 ], [ 96.163803100000052, 29.376680375000035 ], [ 96.175247193000018, 29.364530563000187 ], [ 96.180320739000081, 29.355501175000029 ], [ 96.185783387000129, 29.344480514000054 ], [ 96.185112000000117, 29.339099884 ], [ 96.183082581000178, 29.309251785000129 ], [ 96.188400269000113, 29.304630279000037 ], [ 96.197196960000099, 29.298103333000029 ], [ 96.20323944, 29.293619155000044 ], [ 96.207542419000163, 29.281770707000078 ], [ 96.210052489000191, 29.27486038100011 ], [ 96.22619628800004, 29.259809494000137 ], [ 96.234169007000048, 29.243459702000052 ], [ 96.243568420000145, 29.235122682000167 ], [ 96.250839233000193, 29.233238221000136 ], [ 96.265716553000118, 29.236551286000065 ], [ 96.266136170000095, 29.236520767000115 ], [ 96.282798768000134, 29.235330582000131 ], [ 96.292999268000187, 29.235788345000117 ], [ 96.293472291000171, 29.236349107000137 ], [ 96.312606812000183, 29.259099960000071 ], [ 96.320159912, 29.261650085000099 ], [ 96.345336914000029, 29.267351152000117 ], [ 96.350746155000081, 29.271890639999981 ], [ 96.358383180000033, 29.281541824000044 ], [ 96.363151551000101, 29.285631181000099 ], [ 96.369026184000063, 29.286300660000165 ], [ 96.374977112000067, 29.283729554000047 ], [ 96.375488281000173, 29.283197402000098 ], [ 96.37576293900014, 29.282917023999971 ], [ 96.382087708000086, 29.276380540000048 ], [ 96.387542724000014, 29.263820649000081 ], [ 96.392807008000034, 29.256500244000051 ], [ 96.391769409000062, 29.246171952000111 ], [ 96.388671874000011, 29.236652374000073 ], [ 96.38771057200006, 29.233711243000187 ], [ 96.380210876000035, 29.226579666000134 ], [ 96.37136840800008, 29.218030931000044 ], [ 96.369354249000139, 29.21379852300015 ], [ 96.366333008000197, 29.207460403000141 ], [ 96.363029480000023, 29.198400498000069 ], [ 96.358497620000094, 29.181629180000073 ], [ 96.346359254000106, 29.171030046000055 ], [ 96.332557677000068, 29.169530868000038 ], [ 96.310043335000103, 29.168500900000083 ], [ 96.307640075, 29.168390275000093 ], [ 96.30641174200008, 29.167940141000145 ], [ 96.290580750000117, 29.162147522 ], [ 96.272460938000108, 29.160680771000045 ], [ 96.266700744000104, 29.161090850000164 ], [ 96.260200501000043, 29.160160064000081 ], [ 96.255516052000189, 29.154170991000058 ], [ 96.248901367000087, 29.150171281000041 ], [ 96.238777160000041, 29.148487092000039 ], [ 96.23808288500004, 29.148370744000033 ], [ 96.227760314000136, 29.146379470999989 ], [ 96.217498778000163, 29.138099670000145 ], [ 96.215087890000177, 29.13325119100017 ], [ 96.208686828000111, 29.120710373000122 ], [ 96.205032349000135, 29.11444091900006 ], [ 96.200332641000102, 29.10593032800017 ], [ 96.185623169000053, 29.094619750999982 ], [ 96.179809570000145, 29.092100145000074 ], [ 96.169502259000069, 29.087631225000166 ], [ 96.163169860000039, 29.086738586000081 ], [ 96.155540467000037, 29.085660935000192 ], [ 96.124206544000117, 29.080669404000105 ], [ 96.114501954000048, 29.077602388000173 ], [ 96.1367111200002, 29.064470292000067 ], [ 96.15039062600016, 29.053140641000084 ], [ 96.160842896000077, 29.036510467000085 ], [ 96.16520691, 29.020109176000062 ], [ 96.168830872, 29.01288032500014 ], [ 96.17561340300017, 29.003469467000059 ], [ 96.180229187000123, 28.999410629000181 ], [ 96.184852601000046, 28.988119125000082 ], [ 96.184547424000129, 28.977779388000158 ], [ 96.180442809000056, 28.968540192000034 ], [ 96.162200927000072, 28.959680557000183 ], [ 96.155166625000163, 28.955602646000045 ], [ 96.154060363000099, 28.946510315000126 ], [ 96.150337219000107, 28.943130494000172 ], [ 96.145248413000047, 28.937488557000052 ], [ 96.155342103000123, 28.928329468000129 ], [ 96.162979126000096, 28.922060012000088 ], [ 96.165573120000147, 28.914039611000192 ], [ 96.166526795000095, 28.905929566 ], [ 96.174728394, 28.904260635000071 ], [ 96.185997010000165, 28.912010193000185 ], [ 96.204650879000042, 28.9191608430001 ], [ 96.215469361000032, 28.923299790000158 ], [ 96.228149415000075, 28.929330825000136 ], [ 96.248298644000045, 28.942840576000151 ], [ 96.255653381000059, 28.959251404000156 ], [ 96.260650635, 28.965139390000047 ], [ 96.268196106, 28.971290589000148 ], [ 96.281867982000051, 28.983690261999982 ], [ 96.286590575999981, 28.992019653000057 ], [ 96.293701172000169, 28.998729707000109 ], [ 96.301078797000173, 29.002241134000144 ], [ 96.309127807000039, 29.005590439000059 ], [ 96.314117431000057, 29.008478164000167 ], [ 96.321533203000058, 29.012769700000149 ], [ 96.33728790400005, 29.024520873000142 ], [ 96.341392515999985, 29.027900696000131 ], [ 96.346702575000165, 29.032268524000187 ], [ 96.357406617000152, 29.034240723000039 ], [ 96.368736267000145, 29.034950257000162 ], [ 96.388961793000135, 29.034141541 ], [ 96.404411317000154, 29.035360336000053 ], [ 96.420867920000092, 29.037000656000032 ], [ 96.435791015, 29.03758812000018 ], [ 96.438552857000104, 29.038520814000094 ], [ 96.449798584, 29.042310714000109 ], [ 96.45001220600011, 29.042392731000064 ], [ 96.458892822000053, 29.04582977400014 ], [ 96.464927673000091, 29.052267076000021 ], [ 96.466583252000021, 29.05402755800003 ], [ 96.469436646000077, 29.055677413000012 ], [ 96.477157593000186, 29.060140610000133 ], [ 96.479858397000044, 29.06120300200007 ], [ 96.491630554000153, 29.065839767000114 ], [ 96.500312806000181, 29.070901871000103 ], [ 96.508155823000152, 29.073778153000035 ], [ 96.518623351000087, 29.078451157000188 ], [ 96.525199890000181, 29.07928085400016 ], [ 96.511695862000181, 29.052610397000137 ], [ 96.505409240000176, 29.041891099000111 ], [ 96.498832704000108, 29.031330109000123 ], [ 96.492813109000053, 29.020330429000182 ], [ 96.48857879600007, 29.010480880000159 ], [ 96.484252930000082, 29.005342484000039 ], [ 96.477401734000068, 28.994039535000184 ], [ 96.481163026000047, 28.982309342000121 ], [ 96.481384276000085, 28.981613160000109 ], [ 96.481536866000056, 28.981138230000056 ], [ 96.484329224000192, 28.972841264000124 ], [ 96.487525939000079, 28.965339660000097 ], [ 96.493247985000153, 28.962320328000033 ], [ 96.49366760200013, 28.962396622000142 ], [ 96.500762939000197, 28.963689805000115 ], [ 96.513359070000149, 28.970319748000065 ], [ 96.518829346000132, 28.970989227000075 ], [ 96.521217345000082, 28.965209961000141 ], [ 96.522636414000033, 28.955480575000138 ], [ 96.523666382000158, 28.948009490000061 ], [ 96.530296326000155, 28.936969758000032 ], [ 96.535476684000173, 28.930000306000181 ], [ 96.537925721000192, 28.923198700000171 ], [ 96.538726806000113, 28.920982361000029 ], [ 96.536872864000031, 28.909660341000063 ], [ 96.536079407000045, 28.89717102100019 ], [ 96.537452698000038, 28.884120941000106 ], [ 96.542259216000048, 28.879209519000142 ], [ 96.546867370000086, 28.874500276000163 ], [ 96.552650451000147, 28.864089966000165 ], [ 96.553199769000116, 28.863100052000107 ], [ 96.553817748000142, 28.862424850000025 ], [ 96.559768677000079, 28.855930328 ], [ 96.562858582, 28.847990036000112 ], [ 96.566978455000083, 28.841920854000136 ], [ 96.575859071000195, 28.830490113000167 ], [ 96.584259034000183, 28.821519853000098 ], [ 96.595146179000096, 28.815200807000053 ], [ 96.603836059000059, 28.804420472000118 ], [ 96.608383180000146, 28.798070907000067 ], [ 96.611236573000042, 28.790040970000121 ], [ 96.615997314000083, 28.778579711000134 ], [ 96.615516662000061, 28.764820099000133 ], [ 96.613616943000181, 28.759798051000075 ], [ 96.609436034000055, 28.753381730000058 ], [ 96.598159791000057, 28.738019943000097 ], [ 96.585937500000171, 28.721588135000161 ], [ 96.572326660000044, 28.714710236000144 ], [ 96.560012818000075, 28.71186256500016 ], [ 96.532226563000108, 28.711498260000099 ], [ 96.527206421000017, 28.710218430000054 ], [ 96.522369384000115, 28.708980560000157 ], [ 96.50802612200016, 28.701120376000119 ], [ 96.498413087000131, 28.692569733000084 ], [ 96.490570069000114, 28.688497544000029 ], [ 96.484321594000107, 28.688299180000115 ], [ 96.472740174000194, 28.68820953400018 ], [ 96.470542908000084, 28.684551240000189 ], [ 96.474250794000113, 28.680313111000089 ], [ 96.474990844000047, 28.679470062000064 ], [ 96.478401184000177, 28.672878265000065 ], [ 96.483932496000079, 28.665260316000115 ], [ 96.486816406000116, 28.658769607000124 ], [ 96.491149902000188, 28.650722503999987 ], [ 96.491592407000098, 28.649948121000136 ], [ 96.495162964000031, 28.643760681000117 ], [ 96.494056702000194, 28.638191223000092 ], [ 96.484230042000149, 28.631540298000061 ], [ 96.472892761000139, 28.622472763000189 ], [ 96.458259583000142, 28.613870620000171 ], [ 96.444442750000064, 28.605989455999975 ], [ 96.43936920200008, 28.600811006000185 ], [ 96.435028076000037, 28.596990587000164 ], [ 96.428070068000068, 28.587141038000084 ], [ 96.422500610000043, 28.585029602000191 ], [ 96.415077209000174, 28.588430405000111 ], [ 96.407356262000178, 28.594432832000166 ], [ 96.400917053000057, 28.594310761000145 ], [ 96.399940490000176, 28.590440750000084 ], [ 96.406150818000128, 28.577890397000033 ], [ 96.406700134000062, 28.571500778000086 ], [ 96.40660858200016, 28.564041138000164 ], [ 96.400772094000047, 28.562370300000111 ], [ 96.394218444000103, 28.562698365000188 ], [ 96.386367799000084, 28.563659668000071 ], [ 96.370796204000158, 28.564151762999984 ], [ 96.367973327000072, 28.563531876000127 ], [ 96.35460662800017, 28.560590744000137 ], [ 96.343246461000035, 28.551059722000048 ], [ 96.334815978000165, 28.538530350000087 ], [ 96.325675965000187, 28.53400993300005 ], [ 96.324302673000034, 28.530340196000111 ], [ 96.331138611000085, 28.526599884000063 ], [ 96.332206726000095, 28.526073456 ], [ 96.342102050000108, 28.521200180000051 ], [ 96.352996825000105, 28.514900208000142 ], [ 96.360916138000164, 28.509729385000128 ], [ 96.36660766500006, 28.504728318000161 ], [ 96.371711732000051, 28.496770858000048 ], [ 96.37296295100009, 28.487039567000011 ], [ 96.369659423000144, 28.48290634100016 ], [ 96.366958619000172, 28.479530335000106 ], [ 96.341369628000052, 28.470020295000154 ], [ 96.335060120000094, 28.462779998000144 ], [ 96.323860167000021, 28.455049515000098 ], [ 96.309638976000144, 28.445699692000176 ], [ 96.297126770000091, 28.439140320000149 ], [ 96.284767150000107, 28.430770875000178 ], [ 96.274482726000087, 28.424011231000065 ], [ 96.265960694000171, 28.417049408000025 ], [ 96.263771057000099, 28.413379670000154 ], [ 96.267402649000189, 28.410209657000166 ], [ 96.272911072000056, 28.409448624000163 ], [ 96.276992798000094, 28.408880234000037 ], [ 96.287826539000037, 28.408708572000023 ], [ 96.29926300000011, 28.406650543000183 ], [ 96.304641724000192, 28.404720307000161 ], [ 96.308097839000084, 28.400352478000173 ], [ 96.310302734000174, 28.39756965700002 ], [ 96.315322877000142, 28.388420103999977 ], [ 96.319877621000046, 28.38615989900012 ], [ 96.330512999000177, 28.387779238000064 ], [ 96.34783019300005, 28.391079706000141 ], [ 96.361846921000165, 28.39375114 ], [ 96.370941159000154, 28.394300459000078 ], [ 96.374847410000143, 28.387269970000034 ], [ 96.380012509000039, 28.364091869000106 ], [ 96.386421972000051, 28.36333047300019 ], [ 96.392150880000088, 28.362649918000102 ], [ 96.394222961000025, 28.357466448000025 ], [ 96.399406432000035, 28.344499590000055 ], [ 96.412712098000156, 28.346731189000081 ], [ 96.417785646000198, 28.348851204000084 ], [ 96.4228591910001, 28.350971221000066 ], [ 96.42698669300006, 28.363430023000092 ], [ 96.427764318000186, 28.367489524000121 ], [ 96.428726198000163, 28.37251091000013 ], [ 96.429931640000063, 28.381050110000047 ], [ 96.430519103000108, 28.386091232000069 ], [ 96.431376365000176, 28.389357882000127 ], [ 96.431999211000175, 28.391731259000153 ], [ 96.436982120000096, 28.398212507000096 ], [ 96.43914794900013, 28.401029589000132 ], [ 96.443540388000031, 28.404472541000075 ], [ 96.446983339000042, 28.407171250000033 ], [ 96.452720727000155, 28.414279024000109 ], [ 96.453826903000163, 28.415649410000185 ], [ 96.45455285700001, 28.416233482 ], [ 96.45826721100002, 28.419221879000077 ], [ 96.469726560000083, 28.422809600000051 ], [ 96.479988098000035, 28.424610139000038 ], [ 96.496726990000127, 28.423559190000049 ], [ 96.506286621000186, 28.420061111000109 ], [ 96.510261539000112, 28.418308259000185 ], [ 96.513513951000107, 28.419964603000096 ], [ 96.520141599999988, 28.423339841000143 ], [ 96.533859251000194, 28.434640880000188 ], [ 96.542495725000151, 28.438431739000066 ], [ 96.551132199999984, 28.442222599000161 ], [ 96.553688056999988, 28.44551085400019 ], [ 96.559532170000125, 28.453029629000127 ], [ 96.579589839000107, 28.463092801000187 ], [ 96.598663329000146, 28.466230390000192 ], [ 96.610519001, 28.465277529000105 ], [ 96.621421811000118, 28.464401248000172 ], [ 96.630167002000064, 28.464267889000098 ], [ 96.639183041000081, 28.464130401000091 ], [ 96.645885742000189, 28.464842259000193 ], [ 96.660087587000078, 28.466350557000112 ], [ 96.664566040000182, 28.465770721000069 ], [ 96.675399780000021, 28.45676040799998 ], [ 96.68144989100017, 28.451202391000095 ], [ 96.687347410000029, 28.448280332000024 ], [ 96.706199648000052, 28.437469482000097 ], [ 96.709276204000105, 28.436166510000135 ], [ 96.71687316900011, 28.432949069000074 ], [ 96.733985901000096, 28.430789949000143 ], [ 96.738242272000093, 28.428258656000025 ], [ 96.739967348000164, 28.427232742000058 ], [ 96.742750172000058, 28.425847076000025 ], [ 96.751052857000161, 28.421712878000051 ], [ 96.757492069000023, 28.415430069000081 ], [ 96.763160707000111, 28.404218672000127 ], [ 96.764385048000065, 28.39995141300011 ], [ 96.767326353000158, 28.389699938000035 ], [ 96.770683290000193, 28.380760192000025 ], [ 96.771996707000085, 28.378380980000145 ], [ 96.774375918000032, 28.374071121000156 ], [ 96.782577513000149, 28.37038993800013 ], [ 96.789860616000112, 28.370445459000052 ], [ 96.797088621000171, 28.370500560000039 ], [ 96.811569210000016, 28.368101121000052 ], [ 96.812416512000141, 28.368050061000076 ], [ 96.82647705, 28.367202759000122 ], [ 96.851110698000184, 28.368310689000168 ], [ 96.852218628, 28.36836052100017 ], [ 96.857353209000053, 28.373334884000087 ], [ 96.862487792000081, 28.378309250000086 ], [ 96.869567871000129, 28.380840301000148 ], [ 96.87121059500015, 28.381146886000067 ], [ 96.880012511000132, 28.382789610000088 ], [ 96.893951420000121, 28.386140820000037 ], [ 96.898666380000179, 28.385900500000048 ], [ 96.904190060000133, 28.379909521000059 ], [ 96.910285949000126, 28.371400829000038 ], [ 96.919960020000019, 28.363349910000125 ], [ 96.919776918000139, 28.359220503000131 ], [ 96.920898439000155, 28.352188111000032 ], [ 96.925903321000192, 28.345029830000044 ], [ 96.942291259000058, 28.342060091000121 ], [ 96.95276642000016, 28.339950560000091 ], [ 96.961936950000108, 28.332029341000066 ], [ 96.974060060000056, 28.323690413000065 ], [ 96.979736329000104, 28.32228088200003 ], [ 96.986991881000051, 28.322191240000109 ], [ 96.996498109000186, 28.316230771000107 ], [ 97.000865152000131, 28.317435881000165 ], [ 97.004287719000104, 28.31838035800007 ], [ 97.017172799000036, 28.32389738 ], [ 97.022689819000163, 28.326259611000182 ], [ 97.02649116900011, 28.329497254999978 ], [ 97.02715301700016, 28.330060959000093 ], [ 97.036369323000088, 28.338672639000151 ], [ 97.038860320000083, 28.343941689000189 ], [ 97.041351320000103, 28.349210741000036 ], [ 97.043338776000098, 28.351660730000162 ], [ 97.045326232000036, 28.354110720000051 ], [ 97.051818849000142, 28.358068468000113 ], [ 97.061111449, 28.358320238000147 ], [ 97.06362152000014, 28.358915328000023 ], [ 97.066131590000168, 28.359510421000152 ], [ 97.079299929, 28.365089419000071 ], [ 97.085933684999986, 28.367390635000049 ], [ 97.092567439000163, 28.369691850000095 ], [ 97.093742371000019, 28.369232179000164 ], [ 97.094917297999984, 28.368772509000166 ], [ 97.095647962000044, 28.368487432000109 ], [ 97.098251340000161, 28.367471690000116 ], [ 97.102033616000142, 28.364610680000169 ], [ 97.104187011000022, 28.362981798000192 ], [ 97.112792969000111, 28.35890960800009 ], [ 97.120204810000132, 28.35807317900003 ], [ 97.120956419000038, 28.35798835900016 ], [ 97.121990525000172, 28.357621356000038 ], [ 97.125938419000136, 28.356220249000046 ], [ 97.129806520000159, 28.351409912 ], [ 97.130879403000051, 28.350587647000111 ], [ 97.138992309000173, 28.344369889000063 ], [ 97.151992800000187, 28.33403015000016 ], [ 97.158805848999975, 28.326940539000191 ], [ 97.165367129, 28.313011170000095 ], [ 97.169372560000056, 28.302251818000173 ], [ 97.17391968000004, 28.299060821000182 ], [ 97.178001402000064, 28.297300339 ], [ 97.181398259000048, 28.296640268000033 ], [ 97.183036799000092, 28.296321870000156 ], [ 97.189409893000175, 28.295041402999971 ], [ 97.192596439000056, 28.294401170000015 ], [ 97.202735900999983, 28.29560088900007 ], [ 97.214027401000067, 28.299051280000015 ], [ 97.223823543000037, 28.299856046000173 ], [ 97.224243160000071, 28.29989052000019 ], [ 97.228019709000137, 28.294452670000055 ], [ 97.234191891000137, 28.280790330000059 ], [ 97.235852291000015, 28.279457430000093 ], [ 97.241241457000058, 28.275131229000181 ], [ 97.252944822000188, 28.276317472000187 ], [ 97.254432680000036, 28.276468279000142 ], [ 97.268127440000171, 28.278261180000072 ], [ 97.27463018900005, 28.277327771000046 ], [ 97.282066347000182, 28.276260376999971 ], [ 97.292572021000069, 28.270639419000133 ], [ 97.306327820000035, 28.263967512000136 ], [ 97.307662963000098, 28.258100509000087 ], [ 97.313041689000158, 28.251831053000046 ], [ 97.319027814000151, 28.251864085000079 ], [ 97.322029111000063, 28.251880647000064 ], [ 97.32737731900005, 28.25082016000016 ], [ 97.333770751000031, 28.247779848000107 ], [ 97.335573850000117, 28.246506333000184 ], [ 97.341712951000147, 28.242170333000047 ], [ 97.349502561000179, 28.235813140000118 ], [ 97.351356507000105, 28.234300612000027 ], [ 97.356887819000178, 28.233200073000035 ], [ 97.364990232000082, 28.23159027000014 ], [ 97.367664944000069, 28.229933091000078 ], [ 97.374656679000054, 28.225601198 ], [ 97.377006530000074, 28.223419189000026 ], [ 97.378453695000189, 28.22207158100008 ], [ 97.381248471000163, 28.219469071000049 ], [ 97.387032806000093, 28.21459164800018 ], [ 97.389678958000047, 28.212360381000053 ], [ 97.400566101000152, 28.200500490000081 ], [ 97.400421140000105, 28.193510061000154 ], [ 97.392227171000116, 28.191200261000176 ], [ 97.387191770000129, 28.194509511000092 ], [ 97.382232671000054, 28.196550370000125 ], [ 97.37201691000007, 28.200399400000094 ], [ 97.363571169000181, 28.196468352000068 ], [ 97.361778260000051, 28.193159101999981 ], [ 97.360883537000177, 28.191505604000156 ], [ 97.359230039000181, 28.188449860000105 ], [ 97.351837160000173, 28.181539540000131 ], [ 97.341270449000092, 28.172250751000092 ], [ 97.330802921000156, 28.162971500000026 ], [ 97.329739990000064, 28.160513883000135 ], [ 97.327056882000079, 28.154310228000099 ], [ 97.324699400999975, 28.148229600000093 ], [ 97.32670593, 28.14163970900006 ], [ 97.33170318800012, 28.13572120900011 ], [ 97.334953309000184, 28.131269452000083 ], [ 97.334984536000036, 28.131227490000185 ], [ 97.335075379000159, 28.131105421000143 ], [ 97.336565013000154, 28.129133208000098 ], [ 97.340026858000158, 28.124549868000145 ], [ 97.339012148000052, 28.119541169000058 ], [ 97.333114625000121, 28.114501000000189 ], [ 97.327217101000144, 28.109460831000149 ], [ 97.326537619000021, 28.108870013000114 ], [ 97.317481993000058, 28.100996019000036 ], [ 97.316940309000188, 28.100519180000106 ], [ 97.310211180000181, 28.093250273000024 ], [ 97.308113099000082, 28.085727692000148 ], [ 97.307746889000157, 28.077100753000025 ], [ 97.311790470000119, 28.069950103000053 ], [ 97.314760005000039, 28.06873682000014 ], [ 97.318862917000104, 28.067060470000172 ], [ 97.331672670000103, 28.065362930000049 ], [ 97.345329283000183, 28.066591261000156 ], [ 97.34980011, 28.066989899000077 ], [ 97.356758118000187, 28.067609788000141 ], [ 97.366043091000051, 28.068098070000019 ], [ 97.373519898000097, 28.070238110000162 ], [ 97.373992921000024, 28.062591551000139 ], [ 97.3718338, 28.058944702000133 ], [ 97.367973328000176, 28.052429199000073 ], [ 97.377067569000076, 28.039091111000118 ], [ 97.382186890000071, 28.040189741000063 ], [ 97.389762879000102, 28.037389758000131 ], [ 97.3985672, 28.034111021000172 ], [ 97.405616760000157, 28.030048370000031 ], [ 97.411560059000124, 28.027271270000085 ], [ 97.415161130000058, 28.024080278000042 ], [ 97.413948060000052, 28.019239430000084 ], [ 97.411628721999989, 28.015140532000032 ], [ 97.402221681000128, 28.013019560000089 ], [ 97.401428222000163, 28.01294136100006 ], [ 97.39121246100018, 28.011930468000173 ], [ 97.388839721000124, 28.006200790000037 ], [ 97.383308410000154, 27.993671418000019 ], [ 97.382766722000099, 27.992450712000107 ], [ 97.381814753000128, 27.99117459200005 ], [ 97.378067019000184, 27.986150741000131 ], [ 97.378149355000062, 27.981872876000125 ], [ 97.378150940000069, 27.981790542000056 ], [ 97.378219602000115, 27.978500369000074 ], [ 97.378378124000051, 27.97093667300004 ], [ 97.378540039000029, 27.963211061000152 ], [ 97.375617980000129, 27.944389342000079 ], [ 97.382682800000055, 27.936109541 ], [ 97.385072845000195, 27.933525217000067 ], [ 97.387657168000089, 27.930730821000168 ], [ 97.387687681000045, 27.926599501000112 ], [ 97.381073000000129, 27.921119691 ], [ 97.378562929000168, 27.918010711000193 ], [ 97.379791260000104, 27.912588121000056 ], [ 97.38755035000014, 27.903680799000028 ], [ 97.389022829000169, 27.896379472000149 ], [ 97.384458514000073, 27.894964271000049 ], [ 97.378479002000063, 27.893110278000051 ], [ 97.371353149000129, 27.886930468000116 ], [ 97.364799500000117, 27.885129929000072 ], [ 97.350006102000179, 27.891338350000126 ], [ 97.343521120000048, 27.894060133000039 ], [ 97.335578919999989, 27.893169402000126 ], [ 97.321166991000098, 27.889511110000115 ], [ 97.322853088999977, 27.903419492000182 ], [ 97.32393646100013, 27.911859512000035 ], [ 97.322166442000139, 27.916200640000056 ], [ 97.314743041999975, 27.925191879000181 ], [ 97.308708191000107, 27.929960250000079 ], [ 97.307268142000055, 27.929364829000122 ], [ 97.301742553000167, 27.927080153000077 ], [ 97.28810882800019, 27.921779631999982 ], [ 97.280746461000035, 27.919549940000081 ], [ 97.256477358000097, 27.909530640000128 ], [ 97.247200012000064, 27.903909682000062 ], [ 97.246432732000187, 27.902820408000025 ], [ 97.241241457000058, 27.895450591000156 ], [ 97.23677063000008, 27.889938353000048 ], [ 97.228496566000103, 27.883689903000118 ], [ 97.226470950000191, 27.88216019000015 ], [ 97.220497131000172, 27.87738991100008 ], [ 97.212440491000052, 27.871999740000035 ], [ 97.202560423000023, 27.864402771000186 ], [ 97.196028929000192, 27.856890119000127 ], [ 97.195598694000182, 27.856395898000187 ], [ 97.195434571000192, 27.856235501000185 ], [ 97.193611147000126, 27.855201720000139 ], [ 97.192733765000185, 27.853976250000187 ], [ 97.191856382000196, 27.852750779000132 ], [ 97.189491270000076, 27.850450519000049 ], [ 97.188624445000187, 27.848878869000032 ], [ 97.187919618000024, 27.847600938000085 ], [ 97.186981200000048, 27.845899581000083 ], [ 97.184406282000168, 27.843825339000091 ], [ 97.18183136100015, 27.841751101000057 ], [ 97.180526731000043, 27.841161731000113 ], [ 97.174446109000201, 27.838422780000087 ], [ 97.171127320000096, 27.837341310000113 ], [ 97.167808532000151, 27.836259840000025 ], [ 97.168678281000098, 27.830860141000073 ], [ 97.166324617000043, 27.828815460999976 ], [ 97.163970949000145, 27.82677078200004 ], [ 97.16331557500007, 27.825471498000184 ], [ 97.162879939000106, 27.824607851000053 ], [ 97.160863870000185, 27.823003191000112 ], [ 97.160346983000125, 27.822591782000131 ], [ 97.158174287000122, 27.821680684000057 ], [ 97.152259830000048, 27.819200521000084 ], [ 97.144287109000061, 27.816961290000165 ], [ 97.137351989000194, 27.815061571000115 ], [ 97.133941650000168, 27.806470871000045 ], [ 97.127876281000056, 27.801071170000114 ], [ 97.12578159200001, 27.799572416999979 ], [ 97.124282839000102, 27.798500059999981 ], [ 97.119586944000162, 27.797216415000094 ], [ 97.114891050000097, 27.795932770000036 ], [ 97.102462769, 27.793420790000027 ], [ 97.09839630099998, 27.788570403000051 ], [ 97.099639890000105, 27.784404753 ], [ 97.099779549000061, 27.783931723000137 ], [ 97.100112918000036, 27.782802582000045 ], [ 97.104766847000064, 27.775188447000062 ], [ 97.101196290000132, 27.767230989000154 ], [ 97.098075868000024, 27.757280351000134 ], [ 97.096420289000093, 27.749929431000169 ], [ 97.091423033000183, 27.748460770000065 ], [ 97.086280822000049, 27.750410079000119 ], [ 97.084791180000082, 27.750974842000062 ], [ 97.082351683000127, 27.751899719000107 ], [ 97.067543030000081, 27.759721758000126 ], [ 97.065248538000105, 27.758779432000097 ], [ 97.062011719000111, 27.757450102000064 ], [ 97.05837120800004, 27.75383250699997 ], [ 97.056556699000112, 27.752029420000099 ], [ 97.048080439999978, 27.749338151000075 ], [ 97.046647665000194, 27.749715466000112 ], [ 97.046402040000032, 27.751463011000055 ], [ 97.046096940000041, 27.754165980000153 ], [ 97.044433919000198, 27.758052990000067 ], [ 97.042206060000126, 27.76749804100001 ], [ 97.042480921000049, 27.79638696000012 ], [ 97.04165706100008, 27.804443041000127 ], [ 97.037766000000147, 27.8133319800001 ], [ 97.033600081000145, 27.816109019000066 ], [ 97.028870039000083, 27.817497000000117 ], [ 97.025817961000143, 27.804717989000153 ], [ 97.021103040000071, 27.800830981000047 ], [ 97.016387941000119, 27.802775970000141 ], [ 97.009720020000032, 27.811665000000175 ], [ 97.004989980000175, 27.813609989999975 ], [ 96.996094019000168, 27.81555201000009 ], [ 96.98526, 27.819996028999981 ], [ 96.980819940000174, 27.823051980000173 ], [ 96.976090081000052, 27.828053009000143 ], [ 96.97221396000009, 27.837218970000151 ], [ 96.968323080000175, 27.853606981000098 ], [ 96.966095040000027, 27.859160971000108 ], [ 96.961379941000075, 27.863609041000075 ], [ 96.936096060000011, 27.872497980000048 ], [ 96.903869939, 27.885273030000121 ], [ 96.900901920000194, 27.887100031000045 ], [ 96.894408960000135, 27.891093959000102 ], [ 96.893875079000111, 27.894160980000095 ], [ 96.881362920000015, 27.890552971000091 ], [ 96.865813980000098, 27.889439040000013 ], [ 96.853042979000122, 27.891384031000086 ], [ 96.847487999, 27.893051011000182 ], [ 96.843322980000096, 27.896384970000099 ], [ 96.837494039000035, 27.898052039999982 ], [ 96.821929981000096, 27.896941981000055 ], [ 96.816085919000102, 27.898605 ], [ 96.809142961000077, 27.906661980000081 ], [ 96.804428040000175, 27.916664040000057 ], [ 96.798873960000151, 27.926106030000028 ], [ 96.795257940000113, 27.929997 ], [ 96.790543019000154, 27.93249504 ], [ 96.767211960000054, 27.938606041000185 ], [ 96.746094000000141, 27.954440999000155 ], [ 96.735259981000127, 27.958885020000025 ], [ 96.724152001000164, 27.962215019000155 ], [ 96.697753918999979, 27.96527097000012 ], [ 96.68081700099998, 27.97027199900009 ], [ 96.670821961000058, 27.975273031000029 ], [ 96.661652039000046, 27.980827020999982 ], [ 96.641373060000035, 27.997494030000155 ], [ 96.630264000000125, 28.016388001000166 ], [ 96.622482061000085, 28.023330959000134 ], [ 96.616927980000128, 28.032776010000134 ], [ 96.614989920000198, 28.03833 ], [ 96.612197941000034, 28.043053020000116 ], [ 96.608597040000063, 28.046943991000092 ], [ 96.59082006, 28.051388010000153 ], [ 96.57388296, 28.063884960000166 ], [ 96.570541079000179, 28.068054030000098 ], [ 96.565262040000107, 28.071109980000188 ], [ 96.54332003900015, 28.071109980000188 ], [ 96.53831496000015, 28.07333001 ], [ 96.530547960000035, 28.080550980000112 ], [ 96.524704081000095, 28.082217960000037 ], [ 96.518570041000089, 28.090086031000055 ], [ 96.511931999000126, 28.098605971000154 ], [ 96.502777020000167, 28.108608030000028 ], [ 96.475539960000049, 28.13221701100008 ], [ 96.448593059000189, 28.158885991000091 ], [ 96.436771920000069, 28.168234020000057 ], [ 96.427765080000029, 28.17055098100019 ], [ 96.422759999000107, 28.17055098100019 ], [ 96.418045081000059, 28.167496020999977 ], [ 96.414154020000069, 28.162494989000095 ], [ 96.409423980000042, 28.15444197 ], [ 96.407485920000113, 28.14916203100006 ], [ 96.401381940000078, 28.140273991000072 ], [ 96.392487060000065, 28.131939000000102 ], [ 96.386932080000122, 28.128882961000102 ], [ 96.381363060000126, 28.127220030000103 ], [ 96.37248203900009, 28.126385010000092 ], [ 96.367752000000166, 28.126942021000104 ], [ 96.349991041000123, 28.131107040000188 ], [ 96.330891847000089, 28.136922225000035 ], [ 96.318054, 28.140831 ], [ 96.297760080000103, 28.152495990000091 ], [ 96.275818079000146, 28.215549991000159 ], [ 96.265549080000199, 28.230549031000066 ], [ 96.24627685500019, 28.243318559000045 ], [ 96.239646911000136, 28.24488067700014 ], [ 96.231971741000166, 28.243909837000103 ], [ 96.217262267000081, 28.236110688000053 ], [ 96.209953307000148, 28.231357574000072 ], [ 96.205146789000196, 28.227220535000129 ], [ 96.192268371000068, 28.211822510000047 ], [ 96.185546876000046, 28.209140778000176 ], [ 96.176437379000106, 28.201839448000044 ], [ 96.173950195000032, 28.196920395000063 ], [ 96.170272828000122, 28.19227027900007 ], [ 96.166732787000058, 28.18934822000017 ], [ 96.155731201000151, 28.185800552999979 ], [ 96.145706177000079, 28.180419922000056 ], [ 96.143829346000132, 28.175117493000187 ], [ 96.134696961000088, 28.177450180000164 ], [ 96.119445801000097, 28.182991027000071 ], [ 96.11620330900007, 28.18758010900018 ], [ 96.109886170000095, 28.19115066500018 ], [ 96.106307983000022, 28.194709779000164 ], [ 96.099136352000073, 28.196769715000073 ], [ 96.087959290000015, 28.196020127 ], [ 96.084503174000076, 28.194360733000053 ], [ 96.078880310000045, 28.19552040200017 ], [ 96.061927796000191, 28.201850891000163 ], [ 96.053413392000039, 28.202169418000153 ], [ 96.050796509000122, 28.198631287000069 ], [ 96.051030712000056, 28.191766438000059 ], [ 96.051091077000194, 28.18999703500009 ], [ 96.044144041000038, 28.187217990000136 ], [ 96.031661940000106, 28.184441041000127 ], [ 96.016937039000084, 28.18360503100007 ], [ 96.002776979000146, 28.186660981000159 ], [ 95.976928980000139, 28.198604971000179 ], [ 95.971682579000117, 28.201584889 ], [ 95.974784962000172, 28.205736606000073 ], [ 95.911651981000034, 28.238884021000104 ], [ 95.894440020000104, 28.288330019000171 ], [ 95.875808941000173, 28.291663981000113 ], [ 95.561261778000073, 28.195014248000177 ], [ 95.544144000000188, 28.188884969000128 ], [ 95.325546060000192, 28.099441981000041 ], [ 95.269714020000038, 27.937495980000108 ], [ 95.188033980000114, 27.903328021000164 ], [ 95.085541079000052, 27.850273019000099 ], [ 94.923210867000194, 27.754560072000061 ], [ 94.883941650999986, 27.74205970800017 ], [ 94.860862732000101, 27.739479065000069 ], [ 94.8660278320001, 27.736240388000056 ], [ 94.860717773000147, 27.733381270999985 ], [ 94.853576661000091, 27.731620788999976 ], [ 94.848793029000035, 27.71068191500018 ], [ 94.839385986000195, 27.703540803000124 ], [ 94.821266174000186, 27.696220398000094 ], [ 94.818031310000094, 27.696840286000054 ], [ 94.800216675000172, 27.697090148000086 ], [ 94.797576903999982, 27.698932647000049 ], [ 94.795349122000061, 27.698078157000054 ], [ 94.794059754000159, 27.693220139000061 ], [ 94.790992736000192, 27.688850402000128 ], [ 94.776451112000132, 27.683378220000122 ], [ 94.772163391000049, 27.68396949800001 ], [ 94.766937256000062, 27.680139541000131 ], [ 94.764320373000032, 27.674560547 ], [ 94.759559631000116, 27.668439866000142 ], [ 94.755920410000158, 27.666519166000171 ], [ 94.742668151000146, 27.663421631000119 ], [ 94.737030029000096, 27.665649415000075 ], [ 94.727676391000159, 27.667860031000032 ], [ 94.72554016100014, 27.670339585000193 ], [ 94.720703125000114, 27.669990541000061 ], [ 94.71663665900013, 27.661649705000059 ], [ 94.713066102000198, 27.660261155000114 ], [ 94.698081970000089, 27.66710090800018 ], [ 94.689407348000032, 27.667190552000136 ], [ 94.68387603900004, 27.663339614000165 ], [ 94.686508179000043, 27.657142639000028 ], [ 94.686996459999989, 27.653310777000058 ], [ 94.682510375000163, 27.649589540000079 ], [ 94.675743103000173, 27.650651932000073 ], [ 94.669113159000119, 27.650278092 ], [ 94.664642335000053, 27.647859574000108 ], [ 94.648422242000152, 27.642070770000032 ], [ 94.645217895000144, 27.636539459000062 ], [ 94.639793396000073, 27.630960464000054 ], [ 94.634452820000149, 27.628770829000132 ], [ 94.630691529000103, 27.628290177000167 ], [ 94.624977111000135, 27.63011932500018 ], [ 94.614067078000119, 27.62574005200014 ], [ 94.609382630000084, 27.622631074000083 ], [ 94.604080200000112, 27.62310028100012 ], [ 94.600608825000052, 27.621931076000067 ], [ 94.595771790000128, 27.621469497000191 ], [ 94.591468811000198, 27.622810365000078 ], [ 94.586296081000114, 27.620109558000024 ], [ 94.581855773000086, 27.616680145000032 ], [ 94.573532105000083, 27.606969833000051 ], [ 94.569473266000045, 27.606351853000092 ], [ 94.563896179000039, 27.606960297000114 ], [ 94.55612182700014, 27.603239060000192 ], [ 94.551712036000083, 27.604049683000028 ], [ 94.546417237000128, 27.603532792000124 ], [ 94.536590577000084, 27.596990585000185 ], [ 94.531730652000078, 27.596929550000027 ], [ 94.526283264000199, 27.59576988300006 ], [ 94.515663147000112, 27.584730148000119 ], [ 94.509407043000124, 27.584070207000138 ], [ 94.500228881000112, 27.577310563000083 ], [ 94.500000000000114, 27.577264786000114 ], [ 94.490966797000112, 27.575492860000054 ], [ 94.48310852100002, 27.577201843000125 ], [ 94.479156493000062, 27.576990128000091 ], [ 94.469306947000121, 27.564012527000045 ], [ 94.459739686000148, 27.557710647000192 ], [ 94.456222534000119, 27.562902450000138 ], [ 94.453468322000106, 27.570940017000169 ], [ 94.449607849000188, 27.575040817 ], [ 94.442382813000108, 27.579460144 ], [ 94.436050416000114, 27.584421158000168 ], [ 94.430587768000066, 27.596460343 ], [ 94.43103790300006, 27.603080750000061 ], [ 94.420928955000136, 27.601341249000086 ], [ 94.403182983000193, 27.587190628000144 ], [ 94.394828797000116, 27.588779450000175 ], [ 94.387596130000077, 27.589279176000105 ], [ 94.3843765270002, 27.58646011400009 ], [ 94.380432129000155, 27.585090637 ], [ 94.375839234000182, 27.58457756100006 ], [ 94.372306824000134, 27.579269410000052 ], [ 94.367492676000097, 27.576749802000109 ], [ 94.362197875000106, 27.580230712000173 ], [ 94.355697631000169, 27.57738113400012 ], [ 94.348846435000155, 27.579450608000116 ], [ 94.345077515000014, 27.584590912000181 ], [ 94.340576172000169, 27.583440780000046 ], [ 94.338142395000148, 27.581039430000146 ], [ 94.329055787000073, 27.588390350000111 ], [ 94.323738098000035, 27.58716964700011 ], [ 94.319709777000071, 27.590051652000056 ], [ 94.312408447000053, 27.589651108000169 ], [ 94.308357240000134, 27.595581053999979 ], [ 94.301643372000115, 27.599880218000067 ], [ 94.298019410000109, 27.604270936000091 ], [ 94.292892455000185, 27.600360870000088 ], [ 94.288482666000107, 27.594511032000128 ], [ 94.28765869200015, 27.591791154000134 ], [ 94.276031495000097, 27.593349456999988 ], [ 94.275207519000105, 27.597400666000112 ], [ 94.272453307000148, 27.603469849000192 ], [ 94.261886597000171, 27.610099792000085 ], [ 94.25408935500019, 27.613700867999967 ], [ 94.257102966000048, 27.619119643999966 ], [ 94.262222290000125, 27.624519348000035 ], [ 94.267166137, 27.627862931000152 ], [ 94.266708373000142, 27.632560730000137 ], [ 94.262786865000066, 27.636020661000146 ], [ 94.259071350000056, 27.637018203000082 ], [ 94.255989076000105, 27.636552811000115 ], [ 94.252227782000091, 27.640930175999983 ], [ 94.250068664000139, 27.639720917000034 ], [ 94.247268677000193, 27.635810852000077 ], [ 94.245071412000016, 27.635869980000166 ], [ 94.235076904000152, 27.63251113900003 ], [ 94.22595977800006, 27.617990494000026 ], [ 94.217437744000165, 27.609001160000162 ], [ 94.211112976000152, 27.610841752000056 ], [ 94.213508605000186, 27.604421616000138 ], [ 94.222923279000042, 27.600740433000112 ], [ 94.225051879000148, 27.598510742000087 ], [ 94.225311279000096, 27.595239640000159 ], [ 94.221443177000197, 27.587911607000024 ], [ 94.225479126000039, 27.581058503000179 ], [ 94.226478576000147, 27.575630189000094 ], [ 94.234146117000137, 27.57146072400019 ], [ 94.240600585000038, 27.570350647000112 ], [ 94.256500245000041, 27.557428361000063 ], [ 94.255737304000036, 27.550760269000079 ], [ 94.256866455000136, 27.540500641000108 ], [ 94.262512207000043, 27.527429581000092 ], [ 94.259727478000116, 27.523490906000063 ], [ 94.259056092000037, 27.522600174000104 ], [ 94.221672058000195, 27.507030487000122 ], [ 94.215400696000188, 27.503139497000063 ], [ 94.212326050000172, 27.497949601000187 ], [ 94.21065521200012, 27.497903824000048 ], [ 94.195228576000034, 27.497459411000136 ], [ 94.191246031999981, 27.496320725000032 ] ] ] ] } }
]
}
