{
"type": "FeatureCollection",
"name": "Assam",
"crs": { "type": "name", "properties": { "name": "urn:ogc:def:crs:OGC:1.3:CRS84" } },
"features": [
{ "type": "Feature", "properties": { "GID_1": "IND.4_1", "GID_0": "IND", "COUNTRY": "India", "NAME_1": "Assam", "VARNAME_1": "NA", "NL_NAME_1": "NA", "TYPE_1": "State", "ENGTYPE_1": "State", "CC_1": "NA", "HASC_1": "IN.AS", "ISO_1": "IN-AS" }, "geometry": { "type": "MultiPolygon", "coordinates": [ [ [ [ 92.754501342000196, 24.501119615000164 ], [ 92.751327514000138, 24.494369506000055 ], [ 92.750778197999978, 24.491491318000101 ], [ 92.748840332000043, 24.488540650000061 ], [ 92.743606567000199, 24.474628449000136 ], [ 92.730537414000196, 24.452751161000094 ], [ 92.723762512000064, 24.435949326000184 ], [ 92.71813964800009, 24.41621971100011 ], [ 92.715118409000127, 24.414520264000089 ], [ 92.714118957000039, 24.412960053000063 ], [ 92.714202881000062, 24.41036987300015 ], [ 92.715087890000177, 24.408769607000067 ], [ 92.714126588000056, 24.407779694000169 ], [ 92.714218140000128, 24.405321121000043 ], [ 92.707420349000188, 24.39241027800017 ], [ 92.707450867000034, 24.38701057500009 ], [ 92.703437805000192, 24.383800507000046 ], [ 92.7041091910001, 24.376220702000012 ], [ 92.702407836000134, 24.375232696000182 ], [ 92.698272705000193, 24.374961853000059 ], [ 92.696876527000143, 24.374000550000176 ], [ 92.69500732400013, 24.369569778000027 ], [ 92.693252564000034, 24.367820741000173 ], [ 92.694206237000174, 24.36495971700009 ], [ 92.693916321000188, 24.363630295000064 ], [ 92.691772460000152, 24.362169266000024 ], [ 92.69167327800011, 24.356420517000174 ], [ 92.690666199000191, 24.354801178000059 ], [ 92.687995911000087, 24.352010728000096 ], [ 92.684020997000175, 24.349889756000096 ], [ 92.683799744000055, 24.347480772999972 ], [ 92.679641724000078, 24.347780227000101 ], [ 92.674781799000073, 24.349800109000057 ], [ 92.666999817000089, 24.345609665000097 ], [ 92.665252685000155, 24.345211029000154 ], [ 92.664108276000036, 24.346740723000039 ], [ 92.663230895000197, 24.34379959100005 ], [ 92.66224670400004, 24.343439103000094 ], [ 92.660720825000169, 24.345149994000167 ], [ 92.658470155000089, 24.343460082000149 ], [ 92.65751648000014, 24.343509674000131 ], [ 92.657592774000079, 24.341550827000162 ], [ 92.656455993000066, 24.339120866000087 ], [ 92.652397155000187, 24.335290909000037 ], [ 92.652038574000073, 24.332860948000132 ], [ 92.651840209000113, 24.330339432000073 ], [ 92.649398804000157, 24.330820085000141 ], [ 92.649780272999976, 24.329221725000025 ], [ 92.649040223000043, 24.328750610000043 ], [ 92.645248413000047, 24.33180999800004 ], [ 92.645942688000162, 24.329231263000111 ], [ 92.645011902000078, 24.327671052000085 ], [ 92.640991211000198, 24.32871055600009 ], [ 92.639839172, 24.329730988000165 ], [ 92.639259339000091, 24.331750871000054 ], [ 92.636688232000097, 24.332691192000141 ], [ 92.636543275000065, 24.334238052000046 ], [ 92.638236999000071, 24.334430694000162 ], [ 92.637718200000052, 24.335519790000035 ], [ 92.635902405000138, 24.335741043000155 ], [ 92.630638123000153, 24.333370209000066 ], [ 92.626167298000155, 24.334472656000059 ], [ 92.624282838, 24.332651138000188 ], [ 92.62335205100004, 24.33077049200017 ], [ 92.623100280000074, 24.320289611000135 ], [ 92.619438171000184, 24.311508180000146 ], [ 92.619636535000097, 24.308460237000133 ], [ 92.618026734000182, 24.30435943700013 ], [ 92.618309020000083, 24.299709320000034 ], [ 92.616783142000145, 24.291231155000105 ], [ 92.617233277000196, 24.289060593000102 ], [ 92.619056703000069, 24.287870407000071 ], [ 92.619400024000129, 24.286779404000129 ], [ 92.619041442000139, 24.281320573000073 ], [ 92.616821288000097, 24.275310516000104 ], [ 92.615768434000017, 24.27053070200003 ], [ 92.61550903400007, 24.263620376000063 ], [ 92.613082886000086, 24.255838394000136 ], [ 92.611587525000061, 24.253349304000039 ], [ 92.607955933000142, 24.25008010900018 ], [ 92.605957031000116, 24.249200820000169 ], [ 92.595962523000082, 24.249309540000127 ], [ 92.593566894, 24.248588562000123 ], [ 92.591400147000058, 24.245981217000121 ], [ 92.588012696000192, 24.244861604000164 ], [ 92.581840514000191, 24.245359420000113 ], [ 92.56455993700007, 24.250089646000163 ], [ 92.558937073000095, 24.247890473000041 ], [ 92.550636292000092, 24.2458992 ], [ 92.548828125000171, 24.243230820000065 ], [ 92.547096253, 24.237699509000038 ], [ 92.546936035999977, 24.234760284000117 ], [ 92.547782898000094, 24.231889724000098 ], [ 92.547386169000049, 24.224409103000141 ], [ 92.545745850000117, 24.219900132000191 ], [ 92.542236328000172, 24.214178086000175 ], [ 92.542427062000115, 24.210620880000192 ], [ 92.541473390000078, 24.206228256000145 ], [ 92.53726959300019, 24.201931 ], [ 92.536399842000094, 24.199899675000097 ], [ 92.53781890900018, 24.196470261000059 ], [ 92.531478882000044, 24.183460237000077 ], [ 92.533462524000015, 24.180831909 ], [ 92.532890320000149, 24.18053054700016 ], [ 92.531517028000167, 24.177419662000034 ], [ 92.529907226000034, 24.176410674000067 ], [ 92.529663086000085, 24.174800874000084 ], [ 92.525398253999981, 24.172929764000173 ], [ 92.521759034000183, 24.172929764000173 ], [ 92.51759338300019, 24.176210405000063 ], [ 92.51512909000013, 24.175487518000068 ], [ 92.513572693000071, 24.173580169000047 ], [ 92.514793397000176, 24.170200348000094 ], [ 92.513732910000101, 24.169260024000096 ], [ 92.508636474000127, 24.16920089700011 ], [ 92.51200103900004, 24.164819718000047 ], [ 92.512832643000081, 24.16257858299997 ], [ 92.509536743000069, 24.16288948100015 ], [ 92.506782531999988, 24.166820527000141 ], [ 92.504882813000108, 24.167310715000042 ], [ 92.503257752000025, 24.166669845000115 ], [ 92.502456664000192, 24.162111282000126 ], [ 92.500137328000164, 24.160520554000129 ], [ 92.494758606000062, 24.159940720000122 ], [ 92.4880828860002, 24.162218094000082 ], [ 92.485862732000157, 24.162200928000118 ], [ 92.484939576000158, 24.161380768000072 ], [ 92.484901429000104, 24.159309388000111 ], [ 92.483963013000107, 24.158140183000114 ], [ 92.482643128000063, 24.157091141000024 ], [ 92.481185913000161, 24.157079696000039 ], [ 92.483558654000092, 24.153930664000086 ], [ 92.482933044000049, 24.152719499000114 ], [ 92.48065948500016, 24.152299882000136 ], [ 92.480628965999983, 24.150110244000132 ], [ 92.478752136000139, 24.148710251000068 ], [ 92.481498717000136, 24.142940521000128 ], [ 92.480873108000139, 24.141321182000183 ], [ 92.47960662800017, 24.140899658000137 ], [ 92.474822999000196, 24.142910004000044 ], [ 92.473320007000041, 24.142030716000079 ], [ 92.473350525000058, 24.139961244000119 ], [ 92.468589782000038, 24.138000489000149 ], [ 92.466827392000084, 24.135040283000023 ], [ 92.465972900000054, 24.134750367000152 ], [ 92.464836121000076, 24.136631013000169 ], [ 92.463066100999981, 24.13636970500005 ], [ 92.45722198500016, 24.143501282000102 ], [ 92.450630188000162, 24.143690108999976 ], [ 92.443885802000125, 24.153099059999988 ], [ 92.441825865999988, 24.152851105000025 ], [ 92.43875884900018, 24.151250840000046 ], [ 92.437431335000099, 24.151350022000088 ], [ 92.436569214000087, 24.152429581000149 ], [ 92.435226441000111, 24.16257858299997 ], [ 92.438140870000097, 24.169130326000015 ], [ 92.437751770000091, 24.170499802 ], [ 92.434455872000058, 24.174140930000192 ], [ 92.434196473000156, 24.181381225000166 ], [ 92.433212280000191, 24.183269501000098 ], [ 92.422149658000194, 24.188529969000115 ], [ 92.418975830000136, 24.19436073300011 ], [ 92.419715882000105, 24.202470780000112 ], [ 92.418220519000101, 24.210910798000157 ], [ 92.420181274000072, 24.217889785000011 ], [ 92.418518066000104, 24.221649169000045 ], [ 92.420051575000059, 24.235202789000084 ], [ 92.422531129000049, 24.248170852000044 ], [ 92.422378539000022, 24.253110886000059 ], [ 92.416450500999986, 24.253429413 ], [ 92.406837463000102, 24.251939773000061 ], [ 92.395706177000136, 24.25252914400005 ], [ 92.376525878000052, 24.251310349 ], [ 92.314071656000124, 24.252601624000192 ], [ 92.310501099000021, 24.251348496000048 ], [ 92.303497314000083, 24.252691269000024 ], [ 92.296684264000191, 24.251741409000147 ], [ 92.296607971000185, 24.251729966000028 ], [ 92.291870116000098, 24.251281738000046 ], [ 92.284912110000107, 24.252052306000053 ], [ 92.284782409000115, 24.252067567000154 ], [ 92.259704589000137, 24.250488281 ], [ 92.259582520000095, 24.250490188000072 ], [ 92.240478516, 24.250671387000068 ], [ 92.212890625000114, 24.249328614000092 ], [ 92.264099122000061, 24.36214828500016 ], [ 92.264152527000135, 24.362260818000152 ], [ 92.268127441000047, 24.367309570000089 ], [ 92.267700196000135, 24.373291015000177 ], [ 92.268302917000142, 24.37479210000015 ], [ 92.272254944000053, 24.377689361000137 ], [ 92.272468567000033, 24.379280091000112 ], [ 92.271873474000074, 24.380033493000099 ], [ 92.269882203000066, 24.382198335000169 ], [ 92.269943236000074, 24.382289887000127 ], [ 92.272659300999976, 24.386222841000119 ], [ 92.272705078000172, 24.386291503999985 ], [ 92.273086548000094, 24.38845062300004 ], [ 92.270507813000165, 24.390930176000097 ], [ 92.269897461000085, 24.394897462000074 ], [ 92.264282226000091, 24.397705079000161 ], [ 92.262672425000062, 24.404829025000026 ], [ 92.262649537000129, 24.404916764000063 ], [ 92.263305665000019, 24.408081055000139 ], [ 92.262680053000167, 24.40981102100011 ], [ 92.259277344000054, 24.413513184000067 ], [ 92.258636474000127, 24.414646148000031 ], [ 92.25595855600011, 24.418979646000139 ], [ 92.257476807000046, 24.432519913000192 ], [ 92.256530762000182, 24.436279297000056 ], [ 92.256324768000184, 24.436410905000059 ], [ 92.239318848000153, 24.447326661000147 ], [ 92.236068726000042, 24.450271607000104 ], [ 92.23593902500005, 24.453781129000049 ], [ 92.235069275000171, 24.456432343000017 ], [ 92.232299805000196, 24.4584960950001 ], [ 92.231147766000163, 24.460414887000013 ], [ 92.231086731000175, 24.460510254000042 ], [ 92.231094361000089, 24.460813523000184 ], [ 92.231170654000096, 24.465440750000141 ], [ 92.228958130000194, 24.472002030000169 ], [ 92.228919984000072, 24.472101211999984 ], [ 92.230293273000086, 24.48003959700003 ], [ 92.233840942000086, 24.484710693000181 ], [ 92.239501952000069, 24.489929200000176 ], [ 92.236602784000127, 24.492822648000129 ], [ 92.23632812600016, 24.494323731000065 ], [ 92.2361526480002, 24.494844436000108 ], [ 92.235473633000083, 24.4968872070001 ], [ 92.235107421000123, 24.498291015000063 ], [ 92.23468017600004, 24.499328613000102 ], [ 92.234268189000147, 24.500440598000012 ], [ 92.230995179000047, 24.504091264000124 ], [ 92.230941773000097, 24.502229692000071 ], [ 92.230895996000129, 24.499694825000063 ], [ 92.221481322999978, 24.501510621000023 ], [ 92.221130371000072, 24.502929687000176 ], [ 92.220275879000098, 24.506286622 ], [ 92.217147827000076, 24.507200242000124 ], [ 92.215728761000094, 24.50774192800003 ], [ 92.216323853000119, 24.508823396000139 ], [ 92.217506409000066, 24.511117936000119 ], [ 92.218643188000101, 24.513233185000047 ], [ 92.220024109000065, 24.514945985 ], [ 92.220062256000062, 24.51503181400011 ], [ 92.219825745000151, 24.515943527000104 ], [ 92.219947816000058, 24.516366959000152 ], [ 92.221221923000201, 24.516691207000179 ], [ 92.223365784000066, 24.517295838 ], [ 92.223602295000148, 24.517429352000079 ], [ 92.224281311000198, 24.518712997000137 ], [ 92.224746703000164, 24.519914628000151 ], [ 92.226173400000164, 24.523103715000161 ], [ 92.227218629000049, 24.525419236000175 ], [ 92.228347779000046, 24.527692795000064 ], [ 92.228668212000173, 24.528549195000039 ], [ 92.229270935000045, 24.529499055000144 ], [ 92.229797363000102, 24.529840470000067 ], [ 92.230735779000099, 24.530191422000144 ], [ 92.230834961000141, 24.530227661000026 ], [ 92.231025695000085, 24.531019211000114 ], [ 92.231010437000066, 24.534036637000042 ], [ 92.23106384200014, 24.537057876000176 ], [ 92.231246948000035, 24.547349931000099 ], [ 92.231300353000108, 24.548419954000053 ], [ 92.231399535000151, 24.550594331000127 ], [ 92.231521606, 24.553533554000012 ], [ 92.231651307000163, 24.556564331000061 ], [ 92.231811524000193, 24.560264589000155 ], [ 92.231933593000065, 24.563146591000077 ], [ 92.232048035000162, 24.565778732000126 ], [ 92.232147216999977, 24.56814193800011 ], [ 92.232200623000153, 24.569324493000181 ], [ 92.23227691600016, 24.571083068000064 ], [ 92.233253479000041, 24.572376251000037 ], [ 92.233741760000044, 24.573705674 ], [ 92.233665466000105, 24.574848175000113 ], [ 92.234115600000052, 24.575120925000135 ], [ 92.234580994, 24.575416566000172 ], [ 92.233886719000054, 24.576576233000139 ], [ 92.234123230000137, 24.57705688599998 ], [ 92.234344483000086, 24.577499389000138 ], [ 92.234550475000049, 24.57790947 ], [ 92.233283996000182, 24.57790756300011 ], [ 92.233100892000152, 24.57930755600006 ], [ 92.233306885000047, 24.581090927000105 ], [ 92.233322143000066, 24.581212998000183 ], [ 92.233367920000035, 24.581876754000177 ], [ 92.233940124000128, 24.58321762200012 ], [ 92.233787537000183, 24.58464431900012 ], [ 92.234306336000031, 24.585884094000107 ], [ 92.234779358000083, 24.588096618 ], [ 92.234901429000161, 24.588844300000062 ], [ 92.235107421000123, 24.590120315000036 ], [ 92.235420226000031, 24.591468811000084 ], [ 92.23585510200013, 24.593490601000042 ], [ 92.236137390000181, 24.595853806000093 ], [ 92.235404968000182, 24.596075059000157 ], [ 92.235290527000188, 24.597639085000083 ], [ 92.235931397000115, 24.599151610999968 ], [ 92.236167908000027, 24.599147796000125 ], [ 92.236900330000083, 24.599130630000104 ], [ 92.237197877000085, 24.600141525000026 ], [ 92.237228393000123, 24.600240707000069 ], [ 92.237403869000104, 24.601560594000091 ], [ 92.238220215000126, 24.603992463000111 ], [ 92.23863220200019, 24.605283738000139 ], [ 92.239067077000016, 24.607583999000099 ], [ 92.239974975, 24.607992173000127 ], [ 92.240493774000015, 24.608224869000026 ], [ 92.24050903400007, 24.608417510000095 ], [ 92.240577698000038, 24.609443666000061 ], [ 92.241134644000113, 24.610591889000148 ], [ 92.242210389000036, 24.611478806000036 ], [ 92.241867066000168, 24.612405777000106 ], [ 92.241783142000145, 24.614168167000059 ], [ 92.242118835000099, 24.614776611000138 ], [ 92.242118835000099, 24.615142823000099 ], [ 92.242744446000074, 24.615558625 ], [ 92.2435073850001, 24.616067886000167 ], [ 92.243637086000035, 24.616149903000121 ], [ 92.243774415000132, 24.61750602800015 ], [ 92.243957519, 24.618249893000097 ], [ 92.243949891000113, 24.619028092000121 ], [ 92.244308472000171, 24.620357514000148 ], [ 92.243278504000045, 24.62156867900012 ], [ 92.243331909000119, 24.623201370000118 ], [ 92.243370056000174, 24.625591278000115 ], [ 92.244041443000015, 24.627162934000125 ], [ 92.244247437000183, 24.628252030000169 ], [ 92.244377136000196, 24.628938674000153 ], [ 92.245086668999988, 24.630008697000164 ], [ 92.246101379000095, 24.631723405000059 ], [ 92.246368409000183, 24.632356643999969 ], [ 92.24661254800003, 24.632925034000095 ], [ 92.247077942000033, 24.634304046000182 ], [ 92.247329712000067, 24.635810852000134 ], [ 92.247406005000073, 24.636587143000156 ], [ 92.247421266000174, 24.636800765000089 ], [ 92.247451782000041, 24.637109757000076 ], [ 92.248107910000158, 24.638509749999969 ], [ 92.248313903000053, 24.63935852000003 ], [ 92.248382568000125, 24.639547349000111 ], [ 92.248939514000199, 24.641046524000103 ], [ 92.248970031000169, 24.641269685000168 ], [ 92.249107360000039, 24.642351150000025 ], [ 92.249229431000117, 24.643253326999968 ], [ 92.249038697000174, 24.643537521000042 ], [ 92.248481751000099, 24.644367217000138 ], [ 92.248512267000137, 24.644468307000182 ], [ 92.249053955000193, 24.646083833000091 ], [ 92.249504089000084, 24.647806168000045 ], [ 92.249809265000124, 24.649175645000071 ], [ 92.249595643000021, 24.649545670000066 ], [ 92.249176026000043, 24.650268554000036 ], [ 92.248855591000108, 24.650817872000175 ], [ 92.248146056999985, 24.652395249000051 ], [ 92.247009277000075, 24.654918672000179 ], [ 92.247749329000044, 24.656284333000087 ], [ 92.247955323000042, 24.657508851000159 ], [ 92.248558044000106, 24.658607482000036 ], [ 92.249359131000176, 24.658815384000036 ], [ 92.249671936000027, 24.658908844000109 ], [ 92.249877929000149, 24.660022736000087 ], [ 92.25153350800008, 24.660118103000059 ], [ 92.252372743000137, 24.661849976000099 ], [ 92.252998352000134, 24.663494111000148 ], [ 92.253540040000189, 24.665349961000061 ], [ 92.253997802000015, 24.666074752000043 ], [ 92.254676818000064, 24.667163848000143 ], [ 92.254989623000142, 24.668403626000043 ], [ 92.255599976000099, 24.66990470900015 ], [ 92.256118774000186, 24.670969009000089 ], [ 92.256500244000165, 24.672229768000079 ], [ 92.257019043000184, 24.673585892000176 ], [ 92.255043030000195, 24.674255371000072 ], [ 92.254379272000165, 24.675271988000077 ], [ 92.254661560000045, 24.676437378 ], [ 92.25484466600011, 24.677223207000111 ], [ 92.25434112500011, 24.678180694000048 ], [ 92.255050659, 24.678726197000117 ], [ 92.255950928000175, 24.679809571000078 ], [ 92.256546021000133, 24.679668427000138 ], [ 92.257118225000056, 24.679529190000039 ], [ 92.258300781000173, 24.679647446000047 ], [ 92.258560180000075, 24.680080413000098 ], [ 92.259323121000193, 24.681331634000173 ], [ 92.259269714000141, 24.682397842000057 ], [ 92.258468628000116, 24.682619095000177 ], [ 92.258155824000198, 24.683265685000038 ], [ 92.258407593000129, 24.685327529000119 ], [ 92.259544372000107, 24.686584472999982 ], [ 92.259635926000044, 24.68740272600013 ], [ 92.26078033400006, 24.688055039000176 ], [ 92.261543275000065, 24.690244675000145 ], [ 92.262687684000127, 24.690435411000124 ], [ 92.263458252000135, 24.690565110000136 ], [ 92.264678955000136, 24.690763474 ], [ 92.265060425000115, 24.691183091000028 ], [ 92.265182496000136, 24.691318512000123 ], [ 92.265312194000046, 24.691572189000055 ], [ 92.265975953000179, 24.692911149000167 ], [ 92.266662598000039, 24.694292069000028 ], [ 92.267738343000133, 24.694465637000178 ], [ 92.267852783000194, 24.695121766 ], [ 92.268028259000175, 24.69613266000016 ], [ 92.268333436000091, 24.696554185000139 ], [ 92.269752502000074, 24.698699951000037 ], [ 92.270362853000051, 24.700212479000129 ], [ 92.271194457000149, 24.701156616 ], [ 92.271293640000067, 24.701711655 ], [ 92.272300719000157, 24.702739715000178 ], [ 92.274368286000083, 24.705522538000139 ], [ 92.27533721900005, 24.706745148000039 ], [ 92.276062013000171, 24.707586289000062 ], [ 92.274909974000138, 24.708156586000086 ], [ 92.275466920000042, 24.709329606000153 ], [ 92.277023315000122, 24.711683274000052 ], [ 92.27860260000017, 24.713478088000045 ], [ 92.280731202000027, 24.714727402000051 ], [ 92.282081605000144, 24.717016221000108 ], [ 92.282646179000153, 24.71792793200018 ], [ 92.284652710000159, 24.71985817000018 ], [ 92.285232545000099, 24.72104072500008 ], [ 92.287132264000149, 24.722694397999987 ], [ 92.287185669000053, 24.72278213400017 ], [ 92.28724670400004, 24.722875596000108 ], [ 92.288787841999977, 24.725191117000065 ], [ 92.28919982900004, 24.725818634000063 ], [ 92.289573669000106, 24.726425170000141 ], [ 92.290046691000157, 24.727104187000123 ], [ 92.290298462000123, 24.727603913000053 ], [ 92.291175841000154, 24.728555680000056 ], [ 92.291389466000112, 24.728788376000125 ], [ 92.291526795000038, 24.729257583000106 ], [ 92.29151153700019, 24.729448319000085 ], [ 92.292068481000115, 24.730417252000052 ], [ 92.292297364000092, 24.730745315000092 ], [ 92.292396546000134, 24.730945587000178 ], [ 92.2927703860002, 24.731101989000138 ], [ 92.292930603, 24.731191636000176 ], [ 92.293395995000139, 24.731451035000077 ], [ 92.293800354000155, 24.731678009000177 ], [ 92.293952941000043, 24.731885911000177 ], [ 92.29390716600011, 24.732040406000067 ], [ 92.293777466, 24.732137680000108 ], [ 92.293594360000156, 24.732320786000173 ], [ 92.293502808000198, 24.732522965000101 ], [ 92.293586731000119, 24.732618333000175 ], [ 92.293792724000014, 24.73264312900011 ], [ 92.29390716600011, 24.732627868000179 ], [ 92.294105531000071, 24.732601166999984 ], [ 92.294281006000119, 24.732645033999972 ], [ 92.294586181000057, 24.732925415000182 ], [ 92.294647216000044, 24.73309898500014 ], [ 92.29467010500008, 24.733356477000143 ], [ 92.294624328000111, 24.733499527000106 ], [ 92.29437255800002, 24.733636856000146 ], [ 92.294158936000144, 24.73382186900011 ], [ 92.293846131000123, 24.734218598000155 ], [ 92.2937622070001, 24.734516144000111 ], [ 92.293838500999982, 24.734697342000175 ], [ 92.293937683000195, 24.73485756000008 ], [ 92.294044495000151, 24.734979631000158 ], [ 92.294258118000187, 24.735090256000149 ], [ 92.294471741000166, 24.735202789000141 ], [ 92.294990540000185, 24.735462189000089 ], [ 92.295410157, 24.735675811000192 ], [ 92.29547119199998, 24.735807419000082 ], [ 92.295349122, 24.736202241000058 ], [ 92.295402527000078, 24.736396790000072 ], [ 92.295883179000043, 24.73663330100004 ], [ 92.295127869000112, 24.73693084700011 ], [ 92.293449402000022, 24.737592698000071 ], [ 92.28988647500006, 24.738992691000192 ], [ 92.288177491000056, 24.739665985000102 ], [ 92.285522461000085, 24.740709304 ], [ 92.2838058480001, 24.741382599000076 ], [ 92.281837464000091, 24.742156982000097 ], [ 92.281196594, 24.742452621000098 ], [ 92.281791687000123, 24.743553162000126 ], [ 92.279632568000125, 24.744489669000075 ], [ 92.278961181000057, 24.745723724000129 ], [ 92.280044555000188, 24.745563507000099 ], [ 92.280067443000121, 24.745805741000083 ], [ 92.280090332000157, 24.745981216000132 ], [ 92.280281068000136, 24.747827530000109 ], [ 92.279724122000061, 24.748306275000061 ], [ 92.281593322000163, 24.750499726000101 ], [ 92.283531188000097, 24.752786637000042 ], [ 92.284698485000149, 24.75415992700016 ], [ 92.28672027500005, 24.756536484000037 ], [ 92.287109375000114, 24.758523942000181 ], [ 92.287391664000097, 24.75974845900015 ], [ 92.288238526000043, 24.759677888000112 ], [ 92.288864134999983, 24.761161805000029 ], [ 92.287956238000106, 24.761766434000037 ], [ 92.287422180000135, 24.762123108000083 ], [ 92.287338256000112, 24.762178421000101 ], [ 92.287025452000194, 24.762344360999975 ], [ 92.286788941000054, 24.762468339000122 ], [ 92.285652160000097, 24.763069152000185 ], [ 92.285301208000192, 24.763307571000098 ], [ 92.284896850000109, 24.763574601000187 ], [ 92.28427124000001, 24.763748169000166 ], [ 92.284111023000037, 24.763792038000133 ], [ 92.282699584, 24.764366150000058 ], [ 92.282424926000033, 24.764888765000023 ], [ 92.282173157000102, 24.765300750999984 ], [ 92.281272887, 24.765760423000188 ], [ 92.280151367000144, 24.766330720000042 ], [ 92.280906677000075, 24.767389297000136 ], [ 92.281936646000133, 24.7684021 ], [ 92.282539367000197, 24.770597458000111 ], [ 92.282981872000107, 24.770946504000051 ], [ 92.28292083700012, 24.773412704000179 ], [ 92.282089233000079, 24.774433137000131 ], [ 92.281723023000154, 24.775457383000173 ], [ 92.282264709000174, 24.775545121000107 ], [ 92.282608032000098, 24.775598527000113 ], [ 92.282882690000065, 24.77564239600008 ], [ 92.282966614000088, 24.775598527000113 ], [ 92.284629822000056, 24.774740219000137 ], [ 92.284667969000111, 24.77514267000015 ], [ 92.284828186000084, 24.776655196000036 ], [ 92.286338807000106, 24.776994705000163 ], [ 92.286750794, 24.778593064000177 ], [ 92.287834167000028, 24.779327394000177 ], [ 92.287620545000152, 24.781141281000089 ], [ 92.288665771000126, 24.781503678000092 ], [ 92.288246154000092, 24.781892777000053 ], [ 92.288032531000113, 24.782094956000037 ], [ 92.288131714000087, 24.782398225000122 ], [ 92.288543700000048, 24.783716202000051 ], [ 92.288642883000193, 24.784036637000156 ], [ 92.288833619000116, 24.784631730000115 ], [ 92.288154602000191, 24.786216737000075 ], [ 92.288101197000117, 24.786354066000172 ], [ 92.287658691000104, 24.787050248000014 ], [ 92.287345887000129, 24.787546159000101 ], [ 92.288101197000117, 24.787439347000145 ], [ 92.288398743000016, 24.788196564000032 ], [ 92.288444518000176, 24.788322448000145 ], [ 92.287536621000129, 24.788606644000026 ], [ 92.287109375000114, 24.788740158000053 ], [ 92.286880493000183, 24.788906098000098 ], [ 92.286537171000191, 24.789163590000101 ], [ 92.286010742000087, 24.789188386000035 ], [ 92.285690307000095, 24.788949967000121 ], [ 92.284622192000143, 24.789051057000108 ], [ 92.284385681000174, 24.789079666000077 ], [ 92.284156800000176, 24.789108277000025 ], [ 92.28358459500015, 24.789503098000125 ], [ 92.282470703000172, 24.789991379000128 ], [ 92.282325744000161, 24.79005432200006 ], [ 92.282142640000131, 24.790035248000095 ], [ 92.282051086000195, 24.79002571000018 ], [ 92.281990051000037, 24.790063857000064 ], [ 92.281715393000013, 24.790246963000129 ], [ 92.280998229000033, 24.790742874000046 ], [ 92.28063964800009, 24.791536331000032 ], [ 92.280418397000176, 24.792102815000192 ], [ 92.280235291000167, 24.79250907900007 ], [ 92.280014038000047, 24.792800903000057 ], [ 92.279899598000156, 24.792970658000172 ], [ 92.279808044000049, 24.793056487000058 ], [ 92.279747008000129, 24.793111802000112 ], [ 92.279342652000082, 24.79337310700015 ], [ 92.279525758000148, 24.793428422000034 ], [ 92.279846190000171, 24.793663026000047 ], [ 92.279411315000175, 24.794111252 ], [ 92.279144287000122, 24.794227600000056 ], [ 92.279220581, 24.794353485000102 ], [ 92.279273986000078, 24.794420243000104 ], [ 92.279312133000133, 24.794525146000183 ], [ 92.279563904000099, 24.794961929000124 ], [ 92.279609679000089, 24.795057296000152 ], [ 92.279777527000078, 24.795677185000159 ], [ 92.279685975000177, 24.79598426900003 ], [ 92.279502869000112, 24.796485901000096 ], [ 92.279167176000158, 24.797004700000173 ], [ 92.279129029000103, 24.797067643000105 ], [ 92.279014587000063, 24.797199249000187 ], [ 92.278816222000046, 24.797534942000141 ], [ 92.278472901000157, 24.797628404000079 ], [ 92.277862550000179, 24.797794342000088 ], [ 92.27750396800019, 24.797834396000042 ], [ 92.277374267000198, 24.797887801000115 ], [ 92.277183533000084, 24.79795646700012 ], [ 92.277099609000061, 24.797945024000171 ], [ 92.276824951000037, 24.797910690000151 ], [ 92.276496888000167, 24.798145293000118 ], [ 92.276199342000098, 24.798297883000146 ], [ 92.276069641000106, 24.798364639000113 ], [ 92.275741578, 24.798536301000127 ], [ 92.275642396000194, 24.798583984000061 ], [ 92.275566102000084, 24.798616410000079 ], [ 92.275283813999977, 24.798686981000174 ], [ 92.275177002000021, 24.798690796000017 ], [ 92.274963379000042, 24.798700332000124 ], [ 92.274627686000088, 24.798818588000131 ], [ 92.274375916, 24.798885345000031 ], [ 92.273811340000179, 24.799144745000035 ], [ 92.273498535000158, 24.799314498000115 ], [ 92.273460388000103, 24.799718857000073 ], [ 92.273262024000019, 24.799926759000073 ], [ 92.273231506000172, 24.800083161000032 ], [ 92.27326965400016, 24.80023193400018 ], [ 92.273040771000126, 24.800323488000117 ], [ 92.273117065000065, 24.800468445000149 ], [ 92.273048402000143, 24.800664901000061 ], [ 92.273017883000193, 24.800752640000098 ], [ 92.273185730000137, 24.801155091000112 ], [ 92.273315429000093, 24.801511766000033 ], [ 92.273422242000152, 24.801692962000118 ], [ 92.273567199000183, 24.801954269000134 ], [ 92.273780823000095, 24.802230835000103 ], [ 92.273887634000118, 24.802364349000129 ], [ 92.274108886000135, 24.802597047 ], [ 92.274360656000169, 24.802865982000185 ], [ 92.274559020000083, 24.803070069000114 ], [ 92.274818420000031, 24.803310395000096 ], [ 92.27523040900013, 24.80384636000008 ], [ 92.274986267000145, 24.804164888000173 ], [ 92.274909974000138, 24.804264070000045 ], [ 92.274314881, 24.805589677 ], [ 92.274200440000072, 24.805850982000038 ], [ 92.274162292000085, 24.806669235000186 ], [ 92.274307251000096, 24.807083130000024 ], [ 92.274360656000169, 24.807191849000048 ], [ 92.274429321000071, 24.807300567000027 ], [ 92.274368286000083, 24.807357788000047 ], [ 92.274566650000168, 24.807556152000075 ], [ 92.274688721000075, 24.807731628000056 ], [ 92.274749756000062, 24.80783653200001 ], [ 92.274909974000138, 24.807878494000136 ], [ 92.274978637000061, 24.808256149000044 ], [ 92.27516937300004, 24.808422090000136 ], [ 92.275482178000061, 24.80878830000006 ], [ 92.275558472000171, 24.808982849000131 ], [ 92.275833130000137, 24.809560776000069 ], [ 92.27607727100019, 24.810041428000034 ], [ 92.276084899000125, 24.810718537000184 ], [ 92.276031494000051, 24.810808182000073 ], [ 92.275741578, 24.811042785000041 ], [ 92.27533721900005, 24.81123352100019 ], [ 92.276168823000148, 24.81214141900017 ], [ 92.275840760000051, 24.812377930000082 ], [ 92.275123596000071, 24.812997819000145 ], [ 92.274856567000086, 24.813053132000164 ], [ 92.274765015000128, 24.813058854000133 ], [ 92.274261474000127, 24.813499450000165 ], [ 92.274246215, 24.813600540000152 ], [ 92.274192810000159, 24.813720703000058 ], [ 92.273963927000125, 24.813835144000052 ], [ 92.273780823000095, 24.813930513 ], [ 92.273773193000125, 24.814247132000048 ], [ 92.274032593000129, 24.814588546000039 ], [ 92.274482727000077, 24.81462288 ], [ 92.274589539000033, 24.814645767000059 ], [ 92.274749756000062, 24.814735413 ], [ 92.275131227000088, 24.814952851000044 ], [ 92.275360108000086, 24.815036775000067 ], [ 92.275756836000028, 24.815189362000183 ], [ 92.275886535000041, 24.815292359000068 ], [ 92.276191711000081, 24.815570832000105 ], [ 92.275993347000167, 24.815824509000038 ], [ 92.275871277000192, 24.815996170000119 ], [ 92.275962831000129, 24.816274642999986 ], [ 92.275428771000179, 24.817014695000125 ], [ 92.275451659000112, 24.817125320000116 ], [ 92.27549743600008, 24.817390442000033 ], [ 92.275321961000031, 24.817642212000067 ], [ 92.275268556000128, 24.817855835000103 ], [ 92.275123596000071, 24.818155288000071 ], [ 92.274971009000126, 24.818399430000056 ], [ 92.274833680000029, 24.818698884000128 ], [ 92.274810792000096, 24.818771362000064 ], [ 92.27478790300006, 24.818851471000073 ], [ 92.274612427000136, 24.818931580000026 ], [ 92.273933411000087, 24.819234849000168 ], [ 92.273910522000051, 24.819467545000066 ], [ 92.273872375000167, 24.819627762000039 ], [ 92.27379608200016, 24.819721222000169 ], [ 92.273712158000137, 24.819816589000141 ], [ 92.273612976000152, 24.819925309000098 ], [ 92.273422242000152, 24.820602418000078 ], [ 92.273353576000147, 24.820941926000103 ], [ 92.273231506000172, 24.82099914600019 ], [ 92.272827149000193, 24.821142196000153 ], [ 92.272697448000031, 24.821439742000052 ], [ 92.272666931000117, 24.821535112000163 ], [ 92.272674561000031, 24.821693421000191 ], [ 92.272689820000153, 24.821788789000095 ], [ 92.272979736000138, 24.822586061000152 ], [ 92.27288818400018, 24.822700501000043 ], [ 92.27288818400018, 24.822788238000101 ], [ 92.27288818400018, 24.822885513000074 ], [ 92.272811890000128, 24.823009491000164 ], [ 92.272674561000031, 24.823192597000059 ], [ 92.272598265999989, 24.823837280000191 ], [ 92.272567749000075, 24.824092864000193 ], [ 92.272766113000159, 24.824464799000168 ], [ 92.272949219000168, 24.824752808000085 ], [ 92.272796630000073, 24.82546806400012 ], [ 92.272766113000159, 24.82557868900011 ], [ 92.27272796699998, 24.82597351000004 ], [ 92.27272796699998, 24.826248169999985 ], [ 92.272666931000117, 24.826454162000175 ], [ 92.272644043000184, 24.826562882000133 ], [ 92.272567749000075, 24.826959611000177 ], [ 92.272987366000052, 24.827569962000155 ], [ 92.272598265999989, 24.827751160000048 ], [ 92.272354127000142, 24.827877044000161 ], [ 92.271911621000129, 24.828104020000069 ], [ 92.271003723000149, 24.828763963000085 ], [ 92.270645142000035, 24.829046249000157 ], [ 92.270271302000197, 24.829263687000036 ], [ 92.269874573000152, 24.82960128700006 ], [ 92.26977539100011, 24.829666138 ], [ 92.269691467000087, 24.829713822000031 ], [ 92.26960754300012, 24.829765320000035 ], [ 92.269218445000035, 24.829952241000171 ], [ 92.268890382000166, 24.829984665000154 ], [ 92.26850891100014, 24.830030442000123 ], [ 92.268386841000165, 24.830051422999986 ], [ 92.266876220000142, 24.83019828800019 ], [ 92.266212464000091, 24.83019447300012 ], [ 92.265693665000072, 24.830257416000109 ], [ 92.264434815000186, 24.830333709000115 ], [ 92.264396667000085, 24.830503464 ], [ 92.263351440000179, 24.830453872000191 ], [ 92.262634276000199, 24.830434799000102 ], [ 92.261787414000082, 24.830379486000083 ], [ 92.2615203860002, 24.830436706000171 ], [ 92.260978699000077, 24.830446244000086 ], [ 92.260864258000083, 24.830516815000124 ], [ 92.260490418000074, 24.830734253 ], [ 92.260292054000161, 24.830362320000063 ], [ 92.258529664000037, 24.830814362000183 ], [ 92.257637024000076, 24.831026077 ], [ 92.256759643, 24.831239701000072 ], [ 92.256507874000079, 24.831241609000074 ], [ 92.256118774000186, 24.831354142000066 ], [ 92.25547027600004, 24.83154869100008 ], [ 92.255027770000197, 24.831745148000095 ], [ 92.254745484000068, 24.831809998000097 ], [ 92.254173279999975, 24.831888199000105 ], [ 92.253677369000059, 24.832031251000046 ], [ 92.253387451000094, 24.832124710000073 ], [ 92.253112793000071, 24.832229615000131 ], [ 92.252899170000092, 24.832277298000065 ], [ 92.252677917000142, 24.83158111500012 ], [ 92.25242614800004, 24.830982209000126 ], [ 92.2522811890002, 24.830965041000127 ], [ 92.252159118000122, 24.830633163000186 ], [ 92.25208282400007, 24.830646516000115 ], [ 92.251632691, 24.830749511000022 ], [ 92.251174927000136, 24.830743791000089 ], [ 92.251091003000113, 24.830642701000102 ], [ 92.25079345600011, 24.83068466300017 ], [ 92.250083923000147, 24.830240250000088 ], [ 92.249588012000061, 24.83018493700007 ], [ 92.249244689000136, 24.830146790000185 ], [ 92.249198913999976, 24.830017089000023 ], [ 92.249008178, 24.829874040000163 ], [ 92.248870849000127, 24.830652237000152 ], [ 92.248863221000192, 24.830753326000092 ], [ 92.248786927000083, 24.830802918000131 ], [ 92.248786927000083, 24.830959320999966 ], [ 92.248664856000062, 24.831127166000101 ], [ 92.248672485000043, 24.831476212000041 ], [ 92.248657226000091, 24.831565857000101 ], [ 92.248298645000034, 24.832418442000176 ], [ 92.248680115000127, 24.832662583000058 ], [ 92.249000550000119, 24.832643509999969 ], [ 92.248908996000182, 24.832799912000155 ], [ 92.249938964000137, 24.833160401000043 ], [ 92.250312806000125, 24.833351134999987 ], [ 92.250762940000072, 24.833642958999974 ], [ 92.251220704000104, 24.834077835000073 ], [ 92.25150299, 24.834232331000067 ], [ 92.251617432000103, 24.834335327000076 ], [ 92.251602172000048, 24.834636688000046 ], [ 92.250328064000144, 24.835289001000092 ], [ 92.250251771000137, 24.835821151000118 ], [ 92.250778198000091, 24.836225510000077 ], [ 92.251808166000046, 24.837018967000063 ], [ 92.252998352000134, 24.83747100800008 ], [ 92.253990174000137, 24.83785057100016 ], [ 92.254623413000047, 24.838371278000125 ], [ 92.254875183000081, 24.838577270000144 ], [ 92.254653930000131, 24.838806153000178 ], [ 92.253921508000133, 24.838588716 ], [ 92.253501893000134, 24.838441849000048 ], [ 92.253280640000014, 24.838386535999973 ], [ 92.252624512000125, 24.838397980000025 ], [ 92.2522811890002, 24.838474273000031 ], [ 92.251945495000143, 24.838607789000093 ], [ 92.251609802000189, 24.838871002000133 ], [ 92.251174927000136, 24.839487076000125 ], [ 92.248596191000104, 24.839563369000132 ], [ 92.247512818000132, 24.839681625000139 ], [ 92.246009827000194, 24.839845657000183 ], [ 92.245285033000073, 24.839923859000066 ], [ 92.245185851000031, 24.840396881000174 ], [ 92.243782043000067, 24.84049034200018 ], [ 92.243003846000079, 24.840541840000128 ], [ 92.242424012000072, 24.840579987000183 ], [ 92.242576599000131, 24.841968537000184 ], [ 92.242591856999979, 24.842073441000139 ], [ 92.242317199000183, 24.84208870000009 ], [ 92.2413864130001, 24.842142105000107 ], [ 92.241653443000132, 24.844203949000189 ], [ 92.241546631, 24.844278335000126 ], [ 92.241615296000134, 24.845218659000125 ], [ 92.240982056000121, 24.845403672000089 ], [ 92.24103546200007, 24.846677780000164 ], [ 92.241088867000144, 24.847103119999986 ], [ 92.241127014000199, 24.847452164000117 ], [ 92.241157532000045, 24.847888947000115 ], [ 92.241256714000087, 24.848995209000122 ], [ 92.24135589600013, 24.849540711000145 ], [ 92.241401671000119, 24.849969864000059 ], [ 92.2411956790001, 24.850063324000132 ], [ 92.240715027000135, 24.850278854000067 ], [ 92.240753173000087, 24.851108550000106 ], [ 92.2403945920002, 24.851200104000043 ], [ 92.240386964000095, 24.852159500000027 ], [ 92.240165711000145, 24.852241516000049 ], [ 92.240158081000061, 24.852622986000029 ], [ 92.239677428000164, 24.85273742600009 ], [ 92.239578248000157, 24.853910446000157 ], [ 92.239601135000157, 24.855201722000061 ], [ 92.239646912000126, 24.856542587000035 ], [ 92.239723205000132, 24.85782623200015 ], [ 92.238990783000133, 24.858242034000057 ], [ 92.238204956, 24.858640671000103 ], [ 92.238075256000116, 24.858682632000125 ], [ 92.237503051000147, 24.858856201000151 ], [ 92.236740113000053, 24.858995437000146 ], [ 92.236312865000059, 24.859056473000066 ], [ 92.23580932700014, 24.859128952999981 ], [ 92.235824585000159, 24.85940551900012 ], [ 92.235816955000075, 24.860174180000058 ], [ 92.235290527000188, 24.860898971000097 ], [ 92.234848022000108, 24.861505509000153 ], [ 92.235763550000172, 24.8628787990001 ], [ 92.23522949200003, 24.863862992000122 ], [ 92.235572815000126, 24.864122390000091 ], [ 92.235801696000124, 24.864295960000049 ], [ 92.236824037000076, 24.86552238500019 ], [ 92.237197877000085, 24.866165161000083 ], [ 92.237419129000102, 24.866804123000179 ], [ 92.237548828000115, 24.867429733000051 ], [ 92.237892152000086, 24.868120194000085 ], [ 92.238250733000143, 24.868370056000174 ], [ 92.238754272000165, 24.868509293000045 ], [ 92.239395142000092, 24.868474961000061 ], [ 92.23984527600004, 24.868352891000086 ], [ 92.240295410000158, 24.868228912 ], [ 92.240547181000125, 24.870300294000174 ], [ 92.240600586000198, 24.870651246000079 ], [ 92.242095946000063, 24.872539519999975 ], [ 92.243919372000164, 24.872659683000052 ], [ 92.246772766000163, 24.872854234000101 ], [ 92.246887206000054, 24.87445068400001 ], [ 92.246383667000032, 24.874542236000138 ], [ 92.246856689000083, 24.87763977100019 ], [ 92.24719238300014, 24.879924775000063 ], [ 92.247116089000031, 24.880552292000061 ], [ 92.246894836000138, 24.881719589000056 ], [ 92.247146606000172, 24.882122041000173 ], [ 92.24713134700005, 24.883037566000155 ], [ 92.246879578000119, 24.883018493000066 ], [ 92.247062684000184, 24.885028839000142 ], [ 92.247299195000096, 24.885023117 ], [ 92.248031617000152, 24.885007858999984 ], [ 92.247879028000057, 24.885417938000103 ], [ 92.24802398700001, 24.885625840000046 ], [ 92.24719238300014, 24.885854721000101 ], [ 92.24727630600006, 24.886930466000024 ], [ 92.247077942000033, 24.886930466000024 ], [ 92.24713134700005, 24.887657165000178 ], [ 92.24598693900009, 24.88817596500013 ], [ 92.244857788000161, 24.888713837000068 ], [ 92.243415833000142, 24.888969422000116 ], [ 92.243019104000098, 24.888975144000085 ], [ 92.242095946000063, 24.888990403000037 ], [ 92.240730285000154, 24.889772415000039 ], [ 92.239334107000104, 24.890155792000087 ], [ 92.239387512000178, 24.89162254300004 ], [ 92.239402770000197, 24.892036438000048 ], [ 92.239242553000167, 24.891969682000024 ], [ 92.238891601000091, 24.891939163000075 ], [ 92.238334655000187, 24.891899109000178 ], [ 92.238029481000183, 24.891920090000042 ], [ 92.23739624100017, 24.891954422000026 ], [ 92.236991882000041, 24.892009734000169 ], [ 92.236534118000179, 24.892097473000035 ], [ 92.236526490000074, 24.892551422000054 ], [ 92.235549927000193, 24.893245697 ], [ 92.235565184999984, 24.89334869400011 ], [ 92.235572815000126, 24.89368248 ], [ 92.23561096200018, 24.893854141000077 ], [ 92.235702514000081, 24.894235611000056 ], [ 92.235763550000172, 24.894323350000093 ], [ 92.236015319000103, 24.894714356000122 ], [ 92.236358642000198, 24.894958497000175 ], [ 92.236404419000166, 24.895219802000042 ], [ 92.236137390000181, 24.895362854000155 ], [ 92.236045838000052, 24.896278382000048 ], [ 92.235549927000193, 24.896490097000083 ], [ 92.235534669000174, 24.896778107000102 ], [ 92.235908509000183, 24.896915435999972 ], [ 92.235954284000115, 24.898178101000099 ], [ 92.236022949000073, 24.899164200000087 ], [ 92.236022949000073, 24.899263382000129 ], [ 92.234817505000137, 24.899427414000172 ], [ 92.234458923000147, 24.899499893000041 ], [ 92.233604431000117, 24.899669648000156 ], [ 92.233367920000035, 24.899679184000036 ], [ 92.232948303, 24.899913787000173 ], [ 92.232398987000067, 24.900257110999974 ], [ 92.232322693000128, 24.900300980000168 ], [ 92.232124329000044, 24.900428771000179 ], [ 92.232620240000131, 24.902055740000037 ], [ 92.234291076000034, 24.903537750000112 ], [ 92.234748840000066, 24.903945923000038 ], [ 92.236747741000158, 24.904817582000135 ], [ 92.239578248000157, 24.905534745000011 ], [ 92.241157532000045, 24.90598869400003 ], [ 92.2428131100001, 24.906677246000129 ], [ 92.245018006000123, 24.908325196000078 ], [ 92.24523162800017, 24.910249711000063 ], [ 92.250205994000169, 24.912862779000079 ], [ 92.255058289000146, 24.913930894000089 ], [ 92.256401062000123, 24.910390853000024 ], [ 92.257598878000124, 24.907274247000089 ], [ 92.258247376000099, 24.907094956000094 ], [ 92.259452820000035, 24.9072113040001 ], [ 92.260871886000189, 24.90724372800014 ], [ 92.263290405000191, 24.907468796000103 ], [ 92.263496399000189, 24.907430649000048 ], [ 92.265586852000069, 24.907045364000055 ], [ 92.267211913000097, 24.906686782000065 ], [ 92.267936707000047, 24.906227113000114 ], [ 92.270858764000138, 24.911258698000154 ], [ 92.279083252000135, 24.910030366000115 ], [ 92.279861451000102, 24.909910203000038 ], [ 92.279998780000199, 24.90969085800009 ], [ 92.282264709000174, 24.906093597000108 ], [ 92.283042908000198, 24.906166077000023 ], [ 92.283760071000131, 24.906515121000155 ], [ 92.284049987000117, 24.907161712000118 ], [ 92.283996582000043, 24.90758705200011 ], [ 92.284568787000069, 24.908399582000186 ], [ 92.284736634000183, 24.9091014870001 ], [ 92.285293578000051, 24.910644532000163 ], [ 92.285766602000137, 24.911314011 ], [ 92.286827087, 24.912082672000111 ], [ 92.287918091000051, 24.912689208000188 ], [ 92.289390565000019, 24.913370133000171 ], [ 92.29013061500018, 24.913642883000136 ], [ 92.29057312000009, 24.913805008000168 ], [ 92.290924072000166, 24.913923264000175 ], [ 92.292053222000163, 24.914480210000079 ], [ 92.292724609, 24.914810180000188 ], [ 92.294349670000088, 24.915740966000101 ], [ 92.295959473000153, 24.916168214000095 ], [ 92.297737121000182, 24.916194915000119 ], [ 92.298904418, 24.916095733000077 ], [ 92.30042266900017, 24.915725708000082 ], [ 92.300651550000168, 24.915670395000063 ], [ 92.301765442000146, 24.915203096000027 ], [ 92.303062438000154, 24.914325715000189 ], [ 92.303703308000081, 24.9136371620001 ], [ 92.30407714800009, 24.913251877000107 ], [ 92.305297851000091, 24.913038254000128 ], [ 92.308570861000192, 24.908309938000059 ], [ 92.312149049000141, 24.907850266000025 ], [ 92.314453125000171, 24.907550812000125 ], [ 92.31519317700014, 24.903841019000026 ], [ 92.319252014000142, 24.901000978000184 ], [ 92.320053102000145, 24.900430679000124 ], [ 92.319732667000039, 24.895809174000135 ], [ 92.319839477000187, 24.895853042 ], [ 92.320533752000131, 24.896154402999969 ], [ 92.321281432000035, 24.896539689000065 ], [ 92.322998047, 24.896947861000115 ], [ 92.32373809700016, 24.897125244000108 ], [ 92.325210571000127, 24.896677018000162 ], [ 92.325828552000189, 24.89631652800017 ], [ 92.326377868000179, 24.895999909000182 ], [ 92.326950073000148, 24.895368576000067 ], [ 92.327255249000189, 24.894840242000043 ], [ 92.327369690000182, 24.894508361000021 ], [ 92.327705383000136, 24.893531800000176 ], [ 92.327827454000044, 24.893173219000062 ], [ 92.327980041000103, 24.891191483000057 ], [ 92.32823181200007, 24.88978004500018 ], [ 92.329498292000039, 24.888351440000179 ], [ 92.331474304000153, 24.886398316000054 ], [ 92.333572388000164, 24.884279252000056 ], [ 92.33628845200019, 24.88141250700005 ], [ 92.338348389000032, 24.879375457000094 ], [ 92.339660645000038, 24.878343580999967 ], [ 92.34030914300007, 24.878240586000061 ], [ 92.340835571000127, 24.878154754999969 ], [ 92.342094422000059, 24.878334046000191 ], [ 92.342254639000089, 24.878356934000124 ], [ 92.343757630000198, 24.879327775000036 ], [ 92.34468841600011, 24.880828858000029 ], [ 92.34490966900006, 24.882747650000113 ], [ 92.344947816000115, 24.884885788000133 ], [ 92.344779968000068, 24.886291504000098 ], [ 92.344764710000049, 24.886447906000058 ], [ 92.344665528000178, 24.88762664900014 ], [ 92.344589234000068, 24.890335083000082 ], [ 92.344650269000056, 24.891941071000076 ], [ 92.344787598000153, 24.892433167000092 ], [ 92.344879150000111, 24.892786026000067 ], [ 92.344978332000153, 24.893180847000167 ], [ 92.345809936000194, 24.89368248 ], [ 92.346611024000026, 24.893642426000099 ], [ 92.347503663000111, 24.893367768000076 ], [ 92.34765625, 24.893236161000118 ], [ 92.348686218000125, 24.892337799000018 ], [ 92.348754882000151, 24.892175674000043 ], [ 92.349784850000106, 24.889892578000115 ], [ 92.350776672000109, 24.888612747000025 ], [ 92.351585389000149, 24.88673210200011 ], [ 92.352867127000138, 24.883769988000154 ], [ 92.353500367000152, 24.882459641000025 ], [ 92.353553772, 24.882518769000114 ], [ 92.353713989000198, 24.882619859000158 ], [ 92.35384369000019, 24.882738114000063 ], [ 92.353942870000083, 24.882810593000102 ], [ 92.354110718000072, 24.882947922000028 ], [ 92.355491638000103, 24.880462646000069 ], [ 92.362106323000035, 24.882648468000127 ], [ 92.362892152000143, 24.882431030000077 ], [ 92.365463257000158, 24.881700516000024 ], [ 92.367362976000038, 24.878059388000167 ], [ 92.369392394000101, 24.874160768000024 ], [ 92.370254517000092, 24.874567032000073 ], [ 92.371772766000049, 24.874940872000082 ], [ 92.373596191, 24.874910355000111 ], [ 92.375419616000158, 24.874485016000051 ], [ 92.376197815000182, 24.873424531000126 ], [ 92.376960754000152, 24.871444703000066 ], [ 92.377311707000104, 24.869915009000181 ], [ 92.377319335000038, 24.86972427500001 ], [ 92.378227233000189, 24.867959977000055 ], [ 92.378387450000048, 24.867832184000065 ], [ 92.378494263000107, 24.867815018000044 ], [ 92.378593445000149, 24.867771148000145 ], [ 92.378753662000179, 24.867755890000126 ], [ 92.37892150800019, 24.867752075000112 ], [ 92.378921703000117, 24.867868398000041 ], [ 92.380301837000104, 24.867684380000071 ], [ 92.380981403000192, 24.867593861000159 ], [ 92.381072999000139, 24.867582321999976 ], [ 92.381332397999984, 24.867547988000183 ], [ 92.381462097000167, 24.867530822000163 ], [ 92.381591798000159, 24.867513655999971 ], [ 92.381744385000047, 24.867492675000108 ], [ 92.38182830900007, 24.867406846000051 ], [ 92.381958008000083, 24.867464066000139 ], [ 92.382057, 24.867451000000131 ], [ 92.383590699000081, 24.867248536000091 ], [ 92.384552002000135, 24.867122650000169 ], [ 92.385799718000158, 24.865498506000051 ], [ 92.386529030000077, 24.864549164000039 ], [ 92.38883209200003, 24.861551285000075 ], [ 92.388967756000056, 24.861373074000142 ], [ 92.389066545000162, 24.861243301000172 ], [ 92.389251709000064, 24.861000061000084 ], [ 92.388667621000195, 24.860425207000162 ], [ 92.387850376000188, 24.859620884000094 ], [ 92.385391236000089, 24.857200623000153 ], [ 92.386955181000076, 24.852731938000147 ], [ 92.388511915000095, 24.852188030000093 ], [ 92.388523053000142, 24.85218453300007 ], [ 92.390509616000088, 24.851561434000132 ], [ 92.392326000000139, 24.851233 ], [ 92.394029343000113, 24.853804848000095 ], [ 92.394568132000188, 24.85461867500004 ], [ 92.395057679000104, 24.85535812400019 ], [ 92.39628800100013, 24.855284401000063 ], [ 92.397380698000177, 24.855218925000145 ], [ 92.402824, 24.854892999000185 ], [ 92.402921445000061, 24.855182515000138 ], [ 92.402951665999979, 24.855272753000122 ], [ 92.402961732000108, 24.855302811000172 ], [ 92.403312683000138, 24.856050492000122 ], [ 92.403607885000042, 24.856681081000147 ], [ 92.403727024000034, 24.856935579000037 ], [ 92.404083252000191, 24.85769653400007 ], [ 92.404116679000197, 24.857742496000128 ], [ 92.404139641000143, 24.857774069000186 ], [ 92.404181540000138, 24.857829507000133 ], [ 92.404223634000061, 24.857884931000115 ], [ 92.404373168000177, 24.858081817000027 ], [ 92.404823304000161, 24.858678817000055 ], [ 92.404901108000161, 24.858755777000056 ], [ 92.40493555400019, 24.858789849000175 ], [ 92.404998780000085, 24.858852388000116 ], [ 92.405738830000018, 24.85959243800005 ], [ 92.407203673000197, 24.86012840300009 ], [ 92.408107866000137, 24.860196125000186 ], [ 92.408329270000138, 24.860212708000063 ], [ 92.409088134000058, 24.86026954700003 ], [ 92.410289436000141, 24.860192588000189 ], [ 92.41102820600014, 24.860145260000138 ], [ 92.411529541000164, 24.860113143999968 ], [ 92.41430664100011, 24.859386445000155 ], [ 92.416450597, 24.862842532000059 ], [ 92.421722411000133, 24.861339569000108 ], [ 92.425925963000111, 24.860141824000038 ], [ 92.425880433000088, 24.859920503000126 ], [ 92.424919191000129, 24.854320889000064 ], [ 92.425247004000141, 24.854130000000168 ], [ 92.425515777000101, 24.854132326000183 ], [ 92.426055909000183, 24.854137422000065 ], [ 92.427574158000141, 24.854429246000052 ], [ 92.429809570000032, 24.85515022200002 ], [ 92.431312560000038, 24.855974198000183 ], [ 92.433783977000132, 24.856529122000097 ], [ 92.433212001000072, 24.859541000999968 ], [ 92.435257066000077, 24.86024213800016 ], [ 92.437522889000036, 24.861019134000173 ], [ 92.438144500000078, 24.861545631000126 ], [ 92.43918747400005, 24.862429019000047 ], [ 92.44068908700018, 24.863700867000091 ], [ 92.440765546000193, 24.863691498000094 ], [ 92.440833734000194, 24.863683142000127 ], [ 92.441078048000122, 24.863653201000034 ], [ 92.441161999000087, 24.863999999000157 ], [ 92.441288643000064, 24.865675015000193 ], [ 92.441299000000129, 24.86581199900013 ], [ 92.441246, 24.866163000000142 ], [ 92.441083582000033, 24.867137009000032 ], [ 92.440917968, 24.868129730000192 ], [ 92.441001941000138, 24.869201772000054 ], [ 92.441020690000187, 24.869244053000102 ], [ 92.441089733000126, 24.869399750000071 ], [ 92.441749572000106, 24.870887757 ], [ 92.442626953000115, 24.87182998600008 ], [ 92.442695558000196, 24.871876704000044 ], [ 92.443016081000167, 24.872094971000081 ], [ 92.443649100000073, 24.872526037000057 ], [ 92.445175170000198, 24.87309646600005 ], [ 92.448364257000037, 24.873350145000188 ], [ 92.449355754000067, 24.873311412000078 ], [ 92.449829001000069, 24.873293001000093 ], [ 92.450310871000113, 24.873274662000085 ], [ 92.450775, 24.873257 ], [ 92.451452000000131, 24.873298 ], [ 92.451844417000189, 24.873321487000112 ], [ 92.452537537000183, 24.873363495000035 ], [ 92.454570540000077, 24.873876244000087 ], [ 92.454948744000092, 24.873971632000178 ], [ 92.455123901000093, 24.874015808000081 ], [ 92.456993021000017, 24.874382002 ], [ 92.459358215000179, 24.874605179000127 ], [ 92.45964789500016, 24.874582310000108 ], [ 92.459627879000095, 24.874641605000079 ], [ 92.459594726000091, 24.874738693000154 ], [ 92.459594726000091, 24.874923706000061 ], [ 92.459578144000147, 24.874968122000041 ], [ 92.459561241000074, 24.875013400000057 ], [ 92.459541321000017, 24.875066758 ], [ 92.459527421000132, 24.875178827000127 ], [ 92.459523935, 24.875206933000186 ], [ 92.459510804000104, 24.875312804000146 ], [ 92.459465024000053, 24.875516951000066 ], [ 92.459457397, 24.875698090000014 ], [ 92.460067748000142, 24.874525070000118 ], [ 92.461364746000186, 24.874345779000123 ], [ 92.465774535000094, 24.873073579000049 ], [ 92.468109132000109, 24.872131348000153 ], [ 92.470031737000113, 24.871278763000021 ], [ 92.470634460000156, 24.871015548 ], [ 92.471961975000113, 24.87043380800003 ], [ 92.473533631000123, 24.869758606000119 ], [ 92.474197387000117, 24.869377135999969 ], [ 92.474929809000173, 24.868860244000018 ], [ 92.475303649000182, 24.868736268000077 ], [ 92.475830079000048, 24.868577956000138 ], [ 92.476181030000021, 24.868282318000183 ], [ 92.476379395000038, 24.868860244000018 ], [ 92.476600647000055, 24.868839264000087 ], [ 92.476951599000131, 24.869855881000092 ], [ 92.476844787000175, 24.869951248000064 ], [ 92.476943969000047, 24.870597841000176 ], [ 92.47716522200011, 24.870855333000179 ], [ 92.477424621000182, 24.871238708000192 ], [ 92.477798461000191, 24.871667861000105 ], [ 92.478286744000172, 24.872056962000045 ], [ 92.47837829600013, 24.872133255000051 ], [ 92.479095459000064, 24.872539519999975 ], [ 92.479507446000127, 24.872673035000105 ], [ 92.479736327000126, 24.872747422000145 ], [ 92.47988891600005, 24.872795106000183 ], [ 92.480400086000088, 24.872873307000191 ], [ 92.48051452600015, 24.872310639000148 ], [ 92.481826782000155, 24.872291565000182 ], [ 92.482627868000179, 24.872232437000093 ], [ 92.484970092000196, 24.871995926000125 ], [ 92.485496522000062, 24.871894837000013 ], [ 92.487846374000128, 24.871431350000137 ], [ 92.487800598000092, 24.871793747000027 ], [ 92.487655640000185, 24.872928620000039 ], [ 92.489257813000108, 24.873247147000029 ], [ 92.489418030000138, 24.872846604000188 ], [ 92.489494324000077, 24.872661590000121 ], [ 92.490112305000139, 24.873390199000141 ], [ 92.490142822000109, 24.873460770000179 ], [ 92.490325928000118, 24.873935700000061 ], [ 92.491905212000063, 24.877964021000025 ], [ 92.491241456000012, 24.879987716000016 ], [ 92.49188232400013, 24.882591248000153 ], [ 92.49182128800004, 24.882886887000041 ], [ 92.491722106, 24.883268357000134 ], [ 92.491760253000052, 24.883968353000171 ], [ 92.491844177000075, 24.884523391000073 ], [ 92.491859435000094, 24.885248185000023 ], [ 92.491867065000179, 24.88565254100007 ], [ 92.491729736000138, 24.886606216000189 ], [ 92.491539002000138, 24.887172700000178 ], [ 92.491500855000083, 24.88730049100019 ], [ 92.491401673000041, 24.887960434000149 ], [ 92.491233826000098, 24.888900756000169 ], [ 92.491027831000054, 24.890163422000171 ], [ 92.490989684000169, 24.890724182000042 ], [ 92.4910049450001, 24.890960693000125 ], [ 92.491058350000174, 24.891605378000122 ], [ 92.49133300800014, 24.89226341300008 ], [ 92.491744995000033, 24.893264770000087 ], [ 92.492752075000055, 24.894973755000024 ], [ 92.493820190000065, 24.896751404000099 ], [ 92.493927002000191, 24.897504807000189 ], [ 92.493957519000162, 24.897697448000031 ], [ 92.494606019000173, 24.898849487000064 ], [ 92.495170593000125, 24.899511338000025 ], [ 92.49551391600005, 24.899915695000175 ], [ 92.4964218140002, 24.901081084000054 ], [ 92.496788026000104, 24.9021720880001 ], [ 92.496330262000072, 24.902521133999983 ], [ 92.495742797000048, 24.903104782000128 ], [ 92.495391846000075, 24.903320312000062 ], [ 92.494911193000178, 24.903511048000041 ], [ 92.494636535000041, 24.903480529000092 ], [ 92.494148255000141, 24.903755187000058 ], [ 92.493713379000042, 24.904090882000048 ], [ 92.493339538999976, 24.904514313000163 ], [ 92.493080140000131, 24.904926300000056 ], [ 92.493026732000146, 24.905578613000102 ], [ 92.49290466400015, 24.905916213000182 ], [ 92.492820740000127, 24.906229020000183 ], [ 92.493133544999978, 24.908018112000093 ], [ 92.493507385000044, 24.910116195000057 ], [ 92.493927002000191, 24.911186218000182 ], [ 92.494491578000179, 24.912273406000111 ], [ 92.49488067700014, 24.914133073000016 ], [ 92.49480438300003, 24.914821625000172 ], [ 92.494743348000043, 24.915317536000089 ], [ 92.49452209500015, 24.916004181000119 ], [ 92.494140625, 24.916639328000031 ], [ 92.493850708000082, 24.916959763000136 ], [ 92.493377686000031, 24.917484283000192 ], [ 92.492683411000087, 24.917852402 ], [ 92.492485047000173, 24.917957305000073 ], [ 92.492408753000063, 24.917999267000027 ], [ 92.491462707000153, 24.918506623000042 ], [ 92.490699768000184, 24.918869018000123 ], [ 92.489738463000094, 24.919322967000085 ], [ 92.488250733000143, 24.920095443000093 ], [ 92.487731934000067, 24.920543671000189 ], [ 92.487487793000071, 24.920755386000053 ], [ 92.48723602299998, 24.921159745000182 ], [ 92.486968994000051, 24.921667099000103 ], [ 92.486221313000044, 24.923061372000063 ], [ 92.485305786000083, 24.925184251000132 ], [ 92.484748840000179, 24.926498413000161 ], [ 92.484237670000141, 24.927755357000024 ], [ 92.484230042000092, 24.928140640000038 ], [ 92.483940124000071, 24.928604126000039 ], [ 92.483856200000048, 24.929235459000097 ], [ 92.483741760000157, 24.93071937600007 ], [ 92.483818053000164, 24.932289124000079 ], [ 92.484024048000094, 24.933559418000016 ], [ 92.484504700000059, 24.935455322000053 ], [ 92.484710693000125, 24.936161041000105 ], [ 92.485282897000047, 24.937616349000052 ], [ 92.485565185000155, 24.938655853000114 ], [ 92.485969544000113, 24.939836503000095 ], [ 92.486427308000145, 24.941083909000099 ], [ 92.487289428000054, 24.942749024000136 ], [ 92.487838744000044, 24.944204330000105 ], [ 92.487907410000048, 24.944797515000062 ], [ 92.487831116000109, 24.945466996000107 ], [ 92.487754822000056, 24.946218492000128 ], [ 92.48764038000013, 24.946674348000158 ], [ 92.487258912000016, 24.947246552000081 ], [ 92.486740113000167, 24.947574615000121 ], [ 92.486198425000111, 24.947710037000149 ], [ 92.485832215000187, 24.947799683000142 ], [ 92.485275269000113, 24.947834015000126 ], [ 92.48489379900019, 24.947771072000137 ], [ 92.4843444830002, 24.947656632000076 ], [ 92.483383178000167, 24.947280884000065 ], [ 92.482856751000043, 24.946882248000122 ], [ 92.48225402800017, 24.946336747000032 ], [ 92.481582641000159, 24.945714951000127 ], [ 92.481323241000155, 24.94544982900004 ], [ 92.48112487700007, 24.945247651000159 ], [ 92.480743409000127, 24.944892884000012 ], [ 92.480140686000084, 24.944234849000054 ], [ 92.479743957000039, 24.943878175000179 ], [ 92.47958374000001, 24.943750381000086 ], [ 92.479217530000085, 24.942560196000102 ], [ 92.477447510000047, 24.942602157000124 ], [ 92.476119995000033, 24.942199708000146 ], [ 92.47377777000014, 24.941991806000146 ], [ 92.473083495000196, 24.941772461000028 ], [ 92.471221923000144, 24.941781999000114 ], [ 92.469917297000052, 24.941705703000025 ], [ 92.468482972000118, 24.941761018000079 ], [ 92.467048644999977, 24.941677094000056 ], [ 92.465652467000098, 24.941606521000153 ], [ 92.4642105100001, 24.941492080000046 ], [ 92.462638856000069, 24.941244126000129 ], [ 92.461669923000102, 24.941028596000024 ], [ 92.460647583000082, 24.940813066000146 ], [ 92.459518431999982, 24.940544128000113 ], [ 92.458053589000031, 24.940212250000172 ], [ 92.456230163000157, 24.939641953000148 ], [ 92.454750061000084, 24.939168931000097 ], [ 92.453002929000149, 24.938652040000079 ], [ 92.452178956000068, 24.938653947000148 ], [ 92.451362610000047, 24.938581467000176 ], [ 92.451080322000109, 24.9387149800001 ], [ 92.450859069000046, 24.938821793000159 ], [ 92.450645446000181, 24.938732148000099 ], [ 92.45031738300014, 24.938592912000161 ], [ 92.449569703000122, 24.938726426000187 ], [ 92.449157714000194, 24.938899994000167 ], [ 92.448905945000092, 24.939092636000112 ], [ 92.448776246000079, 24.939521790000072 ], [ 92.44841766400009, 24.940559387000064 ], [ 92.448143006000066, 24.941701890000161 ], [ 92.447769164000078, 24.943826675000025 ], [ 92.447853088000102, 24.945135116000188 ], [ 92.447875977000137, 24.945428848000176 ], [ 92.447982789000093, 24.946001054000078 ], [ 92.448028564000197, 24.946233750000147 ], [ 92.448120118000134, 24.946712495000043 ], [ 92.448188781000056, 24.947334289000139 ], [ 92.448394776000157, 24.947626115000162 ], [ 92.448570252000081, 24.948057175000088 ], [ 92.44965362500011, 24.950124740000035 ], [ 92.450286865000123, 24.95082283000005 ], [ 92.451286316000107, 24.952117921000024 ], [ 92.452392578000172, 24.953077316000076 ], [ 92.453483582, 24.953907012000172 ], [ 92.454978942000082, 24.954719543000124 ], [ 92.456657410000048, 24.955007554000076 ], [ 92.457786561000148, 24.955209733 ], [ 92.459556579000036, 24.95540619000019 ], [ 92.461166382000101, 24.955430984000145 ], [ 92.462966919000166, 24.955848693000121 ], [ 92.463287354000101, 24.955917359000125 ], [ 92.464706420000084, 24.954780578000111 ], [ 92.471580505000134, 24.955980302000114 ], [ 92.473716735000153, 24.957099914000025 ], [ 92.4710311890002, 24.964099885 ], [ 92.467117310000106, 24.968580246999977 ], [ 92.464027406000071, 24.970779420000156 ], [ 92.460548400000164, 24.976150512000117 ], [ 92.454452515000185, 24.973180770000056 ], [ 92.449409486000093, 24.972089767000114 ], [ 92.449043274000132, 24.971548081000037 ], [ 92.445907592000026, 24.966962814 ], [ 92.440032959000064, 24.966800689000024 ], [ 92.43515777600004, 24.966379166000024 ], [ 92.43161010700004, 24.970661164000148 ], [ 92.42849731400014, 24.972579957000164 ], [ 92.428550721000192, 24.972909928000036 ], [ 92.429481507000105, 24.979881287000126 ], [ 92.424468995000154, 24.982570647999978 ], [ 92.423637391000113, 24.996099472000083 ], [ 92.425872803000175, 25.003190994000136 ], [ 92.429450987999985, 25.009691239000176 ], [ 92.430366516000106, 25.012809754000159 ], [ 92.431053161000136, 25.01581955100005 ], [ 92.430999756000062, 25.021619797000028 ], [ 92.432197572000064, 25.025079727000104 ], [ 92.433250426000143, 25.028089523000119 ], [ 92.432846070000096, 25.031021118000126 ], [ 92.430648804000157, 25.032260896000025 ], [ 92.427825927000129, 25.031570434000059 ], [ 92.426261901000032, 25.031641007000133 ], [ 92.425903320000089, 25.031820298000127 ], [ 92.431922912000061, 25.032907486000056 ], [ 92.43788147000015, 25.033752441000047 ], [ 92.441780091000055, 25.039850235000131 ], [ 92.446533203000058, 25.042041779000044 ], [ 92.451019286000019, 25.040950776000102 ], [ 92.454208373000199, 25.036609650000116 ], [ 92.45680236700008, 25.035030366000171 ], [ 92.459762573000035, 25.035181046000048 ], [ 92.463256835000152, 25.037128449000136 ], [ 92.464660645000151, 25.047229768000079 ], [ 92.462860108000086, 25.050149917000169 ], [ 92.460151672000165, 25.049591066000062 ], [ 92.459838867000144, 25.0546607980001 ], [ 92.462036133000026, 25.055830003000153 ], [ 92.463668824000024, 25.055570603000149 ], [ 92.465988160000109, 25.05715751800011 ], [ 92.467506409000066, 25.06137085 ], [ 92.470916749000139, 25.066890716000046 ], [ 92.474617005000027, 25.070800782000106 ], [ 92.476547240000173, 25.078252792000114 ], [ 92.480178833000139, 25.085840225000027 ], [ 92.479759216000161, 25.095741273000158 ], [ 92.480316162000065, 25.100408554000069 ], [ 92.484298706000061, 25.108060838000142 ], [ 92.499107359999982, 25.10814857500003 ], [ 92.509780885, 25.105470657000126 ], [ 92.52651214600013, 25.105850219999979 ], [ 92.532012939000083, 25.103960038000082 ], [ 92.538047790000178, 25.099311828000111 ], [ 92.542945861000192, 25.099599839 ], [ 92.540817261000086, 25.104129791000048 ], [ 92.53305816600016, 25.112148284999989 ], [ 92.531326294000053, 25.119901658000174 ], [ 92.530242921000195, 25.121860505000143 ], [ 92.525222778000057, 25.125579834000121 ], [ 92.524665832000153, 25.140029908000088 ], [ 92.527465821000078, 25.139940262000152 ], [ 92.530189514000142, 25.13682174600001 ], [ 92.535629273000154, 25.134412766000025 ], [ 92.539939880000077, 25.137279510000042 ], [ 92.5431289670002, 25.135019302000103 ], [ 92.553169250000053, 25.130710602000136 ], [ 92.557846070000153, 25.129970550000166 ], [ 92.565498353000123, 25.13128089900016 ], [ 92.568038940000065, 25.130090713000072 ], [ 92.579032898000037, 25.132009506000145 ], [ 92.581687927000075, 25.131870269000046 ], [ 92.59443664600019, 25.128290176000064 ], [ 92.598426819000053, 25.124710083000025 ], [ 92.603149415000189, 25.124990464000064 ], [ 92.610031128000173, 25.124099732000047 ], [ 92.621643067000036, 25.117700577000051 ], [ 92.624702453, 25.118690491000052 ], [ 92.629966736000085, 25.125030518000187 ], [ 92.630798340000183, 25.131839752000133 ], [ 92.632423402000143, 25.13755989100008 ], [ 92.638008118000016, 25.145219802000156 ], [ 92.644050599000195, 25.151170731000036 ], [ 92.64826965400016, 25.152652740000178 ], [ 92.651206970000032, 25.15240097100002 ], [ 92.655715943000132, 25.154130937 ], [ 92.659538270000098, 25.159120561 ], [ 92.660812377000127, 25.162252427000169 ], [ 92.662979126000039, 25.172990798000058 ], [ 92.664337157000091, 25.175359727 ], [ 92.666908265000188, 25.17706108100009 ], [ 92.672241210000095, 25.17815971300007 ], [ 92.677040100000113, 25.182189942000036 ], [ 92.6794281, 25.18309020900017 ], [ 92.682846069000107, 25.182041168000126 ], [ 92.687622071000021, 25.182319641000163 ], [ 92.693939209000121, 25.181350708000025 ], [ 92.704612732000157, 25.190521240000123 ], [ 92.71621704100005, 25.194158555000058 ], [ 92.724166871000079, 25.199199675999978 ], [ 92.733337403000121, 25.203220367000029 ], [ 92.742027283000084, 25.203090668000073 ], [ 92.747138977000077, 25.207769395000184 ], [ 92.751686095000082, 25.207349778000037 ], [ 92.754539489000081, 25.205371858000149 ], [ 92.758895873000085, 25.204029082999966 ], [ 92.763450622000107, 25.203849791999971 ], [ 92.767646790000015, 25.20475959700002 ], [ 92.779571532000091, 25.203109742000038 ], [ 92.787750245000097, 25.209529878000126 ], [ 92.792892456000061, 25.212352753000175 ], [ 92.798431396000069, 25.213449479000133 ], [ 92.803565979000041, 25.217239379000034 ], [ 92.804420471000071, 25.219329835000167 ], [ 92.803092957, 25.221509934000153 ], [ 92.794349670000031, 25.226009370000099 ], [ 92.7863082880001, 25.231401443000095 ], [ 92.772239686000091, 25.233259202000056 ], [ 92.770286560000159, 25.240200043000186 ], [ 92.764648438000108, 25.249349594000023 ], [ 92.776702880000073, 25.260538101000179 ], [ 92.776176453000119, 25.262939453000115 ], [ 92.769760132000101, 25.268930436000119 ], [ 92.779472350000049, 25.273761750000176 ], [ 92.782119750999982, 25.275920869000061 ], [ 92.789138793000063, 25.27852249100016 ], [ 92.792221070000096, 25.285181045000058 ], [ 92.792221070000096, 25.286798478000037 ], [ 92.788825988000042, 25.291540146000159 ], [ 92.786911011000143, 25.300670624000134 ], [ 92.783836364000194, 25.3080005650001 ], [ 92.784736634000069, 25.311529160000077 ], [ 92.78801727299998, 25.317609787000038 ], [ 92.784370422000165, 25.332538605000025 ], [ 92.782463073000145, 25.334289551000097 ], [ 92.772453308000195, 25.339611053000056 ], [ 92.76947021400008, 25.339508056000113 ], [ 92.763267518000077, 25.335590363000108 ], [ 92.760566711000138, 25.335279465000099 ], [ 92.758758544000045, 25.339860917000124 ], [ 92.751159668000128, 25.348470688000077 ], [ 92.750099181000053, 25.354379653000024 ], [ 92.748237609, 25.358110428000089 ], [ 92.745666503000109, 25.361139297000136 ], [ 92.740608216000169, 25.363729476000117 ], [ 92.740097045000084, 25.364641189000167 ], [ 92.740592956000171, 25.36678123400003 ], [ 92.736106873000153, 25.373809816000175 ], [ 92.737052917000085, 25.381250382000133 ], [ 92.73480987500011, 25.382499695000035 ], [ 92.725433350000117, 25.38043022100004 ], [ 92.721366882000098, 25.375490189000061 ], [ 92.720565797000177, 25.37490272500014 ], [ 92.718101502000138, 25.374982834000093 ], [ 92.716362, 25.379341125000167 ], [ 92.712898255000084, 25.384540559000129 ], [ 92.70973205700011, 25.386119843000074 ], [ 92.702926636000086, 25.386619569000061 ], [ 92.700378418000071, 25.387790681000126 ], [ 92.693519592000143, 25.399990082999977 ], [ 92.688171387000182, 25.404420853000147 ], [ 92.680046081000057, 25.408580779999966 ], [ 92.673767089000137, 25.417140961000143 ], [ 92.670936584000174, 25.41671943700004 ], [ 92.667037964000144, 25.414079666000021 ], [ 92.663688659000059, 25.409370422000109 ], [ 92.660102844000107, 25.410360336000167 ], [ 92.656883240000184, 25.41570091400007 ], [ 92.653656007000052, 25.423940660000085 ], [ 92.654281616000048, 25.435340882000105 ], [ 92.650543213000049, 25.431669235000129 ], [ 92.641632081000125, 25.41953277600004 ], [ 92.639610291000167, 25.419630051000183 ], [ 92.639228821000074, 25.420370103000153 ], [ 92.637916564000079, 25.422660828000062 ], [ 92.637916564000079, 25.428819655999973 ], [ 92.632659913000111, 25.433141709000097 ], [ 92.629302978000055, 25.434640884000089 ], [ 92.628517151000153, 25.430610657000102 ], [ 92.629310608000196, 25.426990510000167 ], [ 92.628646850000166, 25.425029756000129 ], [ 92.620635987000185, 25.423719407000135 ], [ 92.617889403000106, 25.422021865000033 ], [ 92.614776612000071, 25.417430878000062 ], [ 92.611839295000095, 25.416120529000068 ], [ 92.609092713000052, 25.416570664000119 ], [ 92.607009888000107, 25.418539047000138 ], [ 92.606971741000052, 25.427181244000167 ], [ 92.607757568000181, 25.430351258000087 ], [ 92.605293273000086, 25.44191169700008 ], [ 92.605552673000091, 25.448360444000116 ], [ 92.604507446000184, 25.450191498000095 ], [ 92.60114288300008, 25.452390671000103 ], [ 92.600189209, 25.453872680000075 ], [ 92.5997695920002, 25.457050324000079 ], [ 92.601387025000179, 25.464139939 ], [ 92.598159791000171, 25.471651078000036 ], [ 92.593696594000107, 25.471010208000109 ], [ 92.585441590000073, 25.467580795000174 ], [ 92.582290650000118, 25.472890854000127 ], [ 92.571479798000041, 25.464071273000059 ], [ 92.569129943, 25.464790344000107 ], [ 92.567413330000193, 25.467470170000126 ], [ 92.566551208000078, 25.475120546000028 ], [ 92.56783294700017, 25.480770111000027 ], [ 92.575592041, 25.490430833 ], [ 92.581047059000184, 25.495159150000177 ], [ 92.589500428000179, 25.499519349000082 ], [ 92.593582154000046, 25.503080368000099 ], [ 92.605590820000089, 25.508119584000156 ], [ 92.609596252000074, 25.512609482000187 ], [ 92.621627808000085, 25.515750885000159 ], [ 92.627609254000106, 25.522211074999973 ], [ 92.637626648000094, 25.528528213000072 ], [ 92.644699097000057, 25.5374412540001 ], [ 92.64496612500011, 25.546600343000023 ], [ 92.649879455000018, 25.56001091100012 ], [ 92.657356262000064, 25.563381194000158 ], [ 92.660652160000097, 25.570318222000026 ], [ 92.660720825000169, 25.58184051600017 ], [ 92.660476684000116, 25.585060120000151 ], [ 92.657608032000098, 25.589061737000179 ], [ 92.653457642000092, 25.592180251000116 ], [ 92.651191711000081, 25.592729569000085 ], [ 92.648338318000128, 25.592350007000107 ], [ 92.640632629000038, 25.587369918000093 ], [ 92.634147645000098, 25.578880310000045 ], [ 92.633232117000034, 25.574790954000093 ], [ 92.630569458000082, 25.570669175000035 ], [ 92.628868103000059, 25.569490433000169 ], [ 92.626106263000167, 25.568029404000185 ], [ 92.621101379000152, 25.568309785 ], [ 92.612487793000128, 25.565500259000089 ], [ 92.60871124300013, 25.565731049000192 ], [ 92.603492736000078, 25.561082841000143 ], [ 92.602592469000115, 25.55738067599998 ], [ 92.593467712000177, 25.55393028400016 ], [ 92.58747863800005, 25.55298805200016 ], [ 92.581413269000109, 25.559772492000036 ], [ 92.576103210000099, 25.559650422000061 ], [ 92.572502136000082, 25.560420990000182 ], [ 92.569541930000071, 25.564460755000027 ], [ 92.564682007000044, 25.568258285000184 ], [ 92.560958863000053, 25.574251176000189 ], [ 92.560928344000104, 25.582731248000186 ], [ 92.556320191000111, 25.592800140000179 ], [ 92.55724334700011, 25.596210480000082 ], [ 92.556182862000185, 25.605871200000024 ], [ 92.558616638000103, 25.608951569000112 ], [ 92.557617187000119, 25.611988067000141 ], [ 92.553237916000057, 25.61384010400019 ], [ 92.544532776000096, 25.614250183000081 ], [ 92.540435791000164, 25.617771148000031 ], [ 92.533248902000139, 25.615949630000102 ], [ 92.51727294900013, 25.620082856000124 ], [ 92.510551453000176, 25.617200851000177 ], [ 92.501708984000174, 25.622930527000108 ], [ 92.497901916000103, 25.626960754000095 ], [ 92.49326324600014, 25.636131286000023 ], [ 92.488288880000141, 25.649990082000045 ], [ 92.48134613000019, 25.663892746000158 ], [ 92.47466278100012, 25.673311233000049 ], [ 92.471549988000049, 25.674949647000119 ], [ 92.465446472000053, 25.682460784000114 ], [ 92.459877014000199, 25.682970048000129 ], [ 92.455245972000171, 25.684230805000084 ], [ 92.451286316000107, 25.686611176000156 ], [ 92.443038940000179, 25.687652588000162 ], [ 92.440010070000028, 25.689220428000056 ], [ 92.440467834000117, 25.688129425000113 ], [ 92.434341430000188, 25.687530517000084 ], [ 92.432136536000144, 25.691009522000115 ], [ 92.43334198000008, 25.695230485000025 ], [ 92.431526183000187, 25.704250335000097 ], [ 92.427223206000065, 25.710411071000181 ], [ 92.429626464000137, 25.713268280000079 ], [ 92.436447143000066, 25.715600967000057 ], [ 92.442016602000137, 25.720859528000062 ], [ 92.433166505000031, 25.731452942000089 ], [ 92.432006834999981, 25.731960296000182 ], [ 92.421348571000067, 25.729450226000154 ], [ 92.416976929000043, 25.72968101400005 ], [ 92.412773132000098, 25.732980729000133 ], [ 92.413261414000033, 25.733961105000049 ], [ 92.412467957, 25.737390518000041 ], [ 92.416397094000104, 25.740499496000041 ], [ 92.410736084000177, 25.743129730000078 ], [ 92.404792784999984, 25.743690491000052 ], [ 92.394767761000082, 25.741479874000163 ], [ 92.392127991000166, 25.742599487000177 ], [ 92.38696289000012, 25.743110656000113 ], [ 92.38495636000016, 25.744750978000127 ], [ 92.383537292000199, 25.747430801000064 ], [ 92.384338379000098, 25.750329972000031 ], [ 92.386947632000101, 25.752490998000155 ], [ 92.385101318000068, 25.753562928000179 ], [ 92.371467591000112, 25.746469498000181 ], [ 92.36753845200019, 25.742380142000059 ], [ 92.368309021000073, 25.740440369000055 ], [ 92.36299896200012, 25.736511232000112 ], [ 92.351799012000129, 25.734870910000097 ], [ 92.348052979000045, 25.731931686999985 ], [ 92.339012145000027, 25.72685050900003 ], [ 92.333541869000044, 25.725231171000189 ], [ 92.317680358000132, 25.723791123000069 ], [ 92.31392669700017, 25.724681855000028 ], [ 92.311500549000129, 25.72607994100008 ], [ 92.308258057000103, 25.726150514000153 ], [ 92.306106568000132, 25.723131180000053 ], [ 92.293586731000119, 25.717300414000078 ], [ 92.287979126000039, 25.715900421000185 ], [ 92.284606933000191, 25.715860367000062 ], [ 92.270523071000184, 25.710931778000031 ], [ 92.260849, 25.710340500000143 ], [ 92.255706787000122, 25.710729599000047 ], [ 92.253578187000073, 25.710121155000024 ], [ 92.248046875000171, 25.710960389000149 ], [ 92.236846923000201, 25.708391189000054 ], [ 92.23475647000015, 25.708820344000117 ], [ 92.23384857200017, 25.710069658000066 ], [ 92.232627868000066, 25.715110779000042 ], [ 92.228996277000078, 25.716209413000172 ], [ 92.224906921000127, 25.713970185000164 ], [ 92.210639955000033, 25.695920945000125 ], [ 92.201560974000131, 25.689720154000156 ], [ 92.200088500000163, 25.687288285000136 ], [ 92.198310852000191, 25.686359407 ], [ 92.19692993200016, 25.68695068400018 ], [ 92.194076539000037, 25.68611908000014 ], [ 92.191986083000074, 25.68632126000017 ], [ 92.187919617000091, 25.683431625000082 ], [ 92.184776306000117, 25.681140900000173 ], [ 92.174957275000111, 25.670217515000047 ], [ 92.170951843000182, 25.666879654000013 ], [ 92.169761657000095, 25.666400909000117 ], [ 92.164459228000055, 25.669319153000174 ], [ 92.16069793700018, 25.671859742000152 ], [ 92.160507203000179, 25.673290252000186 ], [ 92.165466308000077, 25.678409577000025 ], [ 92.164352416000099, 25.684850693000044 ], [ 92.160446168000192, 25.690902710000159 ], [ 92.161453247000111, 25.695980073000044 ], [ 92.161048889000085, 25.697290421000105 ], [ 92.157577516000174, 25.701038360000155 ], [ 92.155853272000115, 25.709142685000018 ], [ 92.151062011000079, 25.711830140000075 ], [ 92.149566650000111, 25.71450805600017 ], [ 92.151016236000146, 25.719369889000177 ], [ 92.153717040000117, 25.722700120000127 ], [ 92.15629577600015, 25.724811554000041 ], [ 92.160926818000178, 25.726259232000075 ], [ 92.164230347000057, 25.728731155000048 ], [ 92.165527343000065, 25.73444938800003 ], [ 92.164840699000081, 25.744750978000127 ], [ 92.158241272, 25.757198334000066 ], [ 92.157386779000092, 25.761970520000034 ], [ 92.155967713000109, 25.764541626000153 ], [ 92.154106141000113, 25.772920608000106 ], [ 92.154212951000034, 25.776729584000122 ], [ 92.155181884000172, 25.77864265400018 ], [ 92.154792785000041, 25.779779434000091 ], [ 92.15099334700011, 25.783649446000027 ], [ 92.151168823000035, 25.787450791000026 ], [ 92.153686523000033, 25.795490265000126 ], [ 92.153106689000197, 25.812749862000089 ], [ 92.155738830000075, 25.816591262000145 ], [ 92.163085937, 25.821830750000061 ], [ 92.16326141400009, 25.825750351000124 ], [ 92.16551971500013, 25.833040238000081 ], [ 92.169342042000096, 25.835340500000029 ], [ 92.171440125000061, 25.837730408000027 ], [ 92.175247192000199, 25.846542358000136 ], [ 92.178306580000026, 25.848079682000161 ], [ 92.180961609000065, 25.851360321000072 ], [ 92.18078613300014, 25.86321067900019 ], [ 92.179100037000069, 25.86791038400014 ], [ 92.179885864000141, 25.870172500000081 ], [ 92.181037903000174, 25.871620178000114 ], [ 92.186943053999983, 25.874811173000069 ], [ 92.194961548000151, 25.881269455000108 ], [ 92.203323364000141, 25.890090943000075 ], [ 92.206413269000109, 25.891452790000073 ], [ 92.21286010700004, 25.892129899000054 ], [ 92.215606690000186, 25.893840789000024 ], [ 92.218231201000037, 25.900199890000124 ], [ 92.223846436000031, 25.900688172 ], [ 92.225036622000061, 25.901620866000087 ], [ 92.225479125, 25.907049178000022 ], [ 92.223800659000062, 25.910360336000053 ], [ 92.22260284500004, 25.911319733000141 ], [ 92.217529297000056, 25.909919740000191 ], [ 92.20752716100003, 25.910530091000169 ], [ 92.205139160000101, 25.908710481000071 ], [ 92.200599670000031, 25.908241272000055 ], [ 92.197731018000184, 25.911251068000013 ], [ 92.197006226000042, 25.913660050000033 ], [ 92.197181702000194, 25.918029785000044 ], [ 92.192039490000127, 25.915782930000034 ], [ 92.186721802000193, 25.915809631000172 ], [ 92.183647155000074, 25.912830354000164 ], [ 92.183151244000157, 25.910919190000129 ], [ 92.180892944000163, 25.908590318000165 ], [ 92.174316405000013, 25.909189224000158 ], [ 92.163696290000189, 25.911790848000123 ], [ 92.159927368000069, 25.915189742000109 ], [ 92.160171510000055, 25.925960542000098 ], [ 92.161422729000094, 25.932540893 ], [ 92.157516480000083, 25.939279556000088 ], [ 92.156097412000065, 25.943000793000067 ], [ 92.156318664000082, 25.944799424000109 ], [ 92.160758972000167, 25.951520920000064 ], [ 92.165328979000151, 25.953950883000118 ], [ 92.167327880000073, 25.958761216000141 ], [ 92.165550232000101, 25.964439392000088 ], [ 92.167396546000077, 25.967699050000135 ], [ 92.173110961000134, 25.972198486000138 ], [ 92.176940918000184, 25.973100663000082 ], [ 92.180976867000084, 25.975231171000132 ], [ 92.19161987300015, 25.985202790000187 ], [ 92.200897216000101, 25.985609054 ], [ 92.20738983200016, 25.98823166000011 ], [ 92.209121704000097, 25.989669800000115 ], [ 92.207717895000201, 25.991741181000179 ], [ 92.211006164000025, 25.994659424000133 ], [ 92.215202331000057, 25.996271134000096 ], [ 92.219192505000137, 26.000780105000047 ], [ 92.221687317000146, 25.998601913000073 ], [ 92.22141265900018, 26.002250672000116 ], [ 92.255722045000141, 26.028932572000144 ], [ 92.301582336000081, 26.07649040299998 ], [ 92.299667359000182, 26.07673072900019 ], [ 92.297317503999977, 26.079149247000089 ], [ 92.295982361000085, 26.078889848000188 ], [ 92.293922425000176, 26.077791214000058 ], [ 92.290046691000157, 26.073789596999973 ], [ 92.290145873000199, 26.072799683000142 ], [ 92.288063050000062, 26.06999015800011 ], [ 92.280731202000027, 26.069189071000039 ], [ 92.273689269000158, 26.065019608000114 ], [ 92.273727415999986, 26.065891266000108 ], [ 92.272315980000087, 26.066600800000174 ], [ 92.268646240000066, 26.067949295000119 ], [ 92.265686034000055, 26.065399171000138 ], [ 92.251457215000073, 26.064361572000166 ], [ 92.241172791000167, 26.062540054000124 ], [ 92.228340149000132, 26.067640306000044 ], [ 92.218353271000183, 26.070150376000072 ], [ 92.216110229000037, 26.069299698 ], [ 92.213562012000125, 26.06967926100009 ], [ 92.212013244000048, 26.070970535000185 ], [ 92.210426330000018, 26.071100235000074 ], [ 92.208808899000076, 26.070659637000176 ], [ 92.209342957, 26.069189071000039 ], [ 92.208267211000191, 26.068569184000182 ], [ 92.201820374000135, 26.07002067500008 ], [ 92.18936920100009, 26.066881180000109 ], [ 92.188346863000049, 26.068870544000049 ], [ 92.184600830000193, 26.069189071000039 ], [ 92.182327271000077, 26.070341110000015 ], [ 92.180442810000045, 26.068500519000054 ], [ 92.178886414000033, 26.069210052000074 ], [ 92.180946351000046, 26.076179504000095 ], [ 92.178306580000026, 26.079509735000045 ], [ 92.169090270000083, 26.077590942000029 ], [ 92.154678344999979, 26.068059921000042 ], [ 92.150520325000059, 26.064899445000037 ], [ 92.148986816000104, 26.061630249000075 ], [ 92.146217346000071, 26.058559418000073 ], [ 92.143775939000136, 26.057640075000108 ], [ 92.138168334000056, 26.052818299000137 ], [ 92.133117675000051, 26.045890809000184 ], [ 92.127021789000196, 26.045900345000121 ], [ 92.123382568000068, 26.044889450000028 ], [ 92.116226196000184, 26.046552658000167 ], [ 92.108886719000168, 26.049711228000035 ], [ 92.093360902000143, 26.048521042000118 ], [ 92.081130981000115, 26.04362106300016 ], [ 92.078826903000049, 26.041780472000028 ], [ 92.073631287000069, 26.040279389000091 ], [ 92.070457458000078, 26.037849427000083 ], [ 92.063217164000037, 26.034717560000047 ], [ 92.052856446000021, 26.032831192000117 ], [ 92.050186156000052, 26.033041 ], [ 92.039611816, 26.036220551000156 ], [ 92.036102296000081, 26.03940010000008 ], [ 92.034751893000134, 26.039688110999975 ], [ 92.027893066000104, 26.03989982600018 ], [ 92.023872375000053, 26.038431167000113 ], [ 92.022186279000152, 26.039260864000084 ], [ 92.017616272000168, 26.039590836 ], [ 92.008178710000152, 26.039449692000062 ], [ 92.003379823000046, 26.038030626000079 ], [ 92.000442505000194, 26.039180755000132 ], [ 91.997650147000058, 26.038841249000086 ], [ 91.991065978000165, 26.041032791000077 ], [ 91.987396241000056, 26.038721085000077 ], [ 91.984230041000103, 26.030540467000037 ], [ 91.978172302000075, 26.025850295000112 ], [ 91.957817078, 26.018890381000119 ], [ 91.952423095000199, 26.017812729000127 ], [ 91.946319579000033, 26.014499665000073 ], [ 91.94129180800013, 26.014001847000088 ], [ 91.933967590000066, 26.014669419000086 ], [ 91.926811217000079, 26.001609802000189 ], [ 91.925827026000093, 25.999740601000155 ], [ 91.922096252000131, 25.999530792000144 ], [ 91.919570923000038, 26.000129700000116 ], [ 91.919532776000153, 26.001590728000053 ], [ 91.918716431000178, 26.007240296000134 ], [ 91.915657044000113, 26.0103282930001 ], [ 91.916847228000165, 26.013759613000161 ], [ 91.916969299000073, 26.021461487000067 ], [ 91.911651612000128, 26.023830413000098 ], [ 91.907463073000088, 26.027111054000045 ], [ 91.900917054000161, 26.026269912000089 ], [ 91.891952514000025, 26.029552461000151 ], [ 91.883232117000148, 26.030000687000097 ], [ 91.870162963000098, 26.052190782000025 ], [ 91.869346619000055, 26.056859971000051 ], [ 91.875236511000139, 26.08456039400005 ], [ 91.875785829000108, 26.097730636000165 ], [ 91.864700317000199, 26.100347519000081 ], [ 91.853836060000049, 26.104789734000178 ], [ 91.826553344000047, 26.118141175000062 ], [ 91.819313050000119, 26.118740083000034 ], [ 91.815559387000178, 26.111440658000163 ], [ 91.810806274000072, 26.105171204000101 ], [ 91.808059693000132, 26.103822708999985 ], [ 91.801788331000068, 26.104940414 ], [ 91.790367126000035, 26.087020874000075 ], [ 91.784576417000096, 26.086580276000063 ], [ 91.780426025000054, 26.088300704000119 ], [ 91.778518676000033, 26.091249467000125 ], [ 91.772064209000064, 26.084482193000099 ], [ 91.759483337000063, 26.071292877000189 ], [ 91.731262207000043, 26.059209823000174 ], [ 91.73458862300015, 26.056640625000057 ], [ 91.732955933000028, 26.051029205000077 ], [ 91.726409912000122, 26.046911240000156 ], [ 91.723182678000114, 26.030321122000089 ], [ 91.724662780000187, 26.02725982600009 ], [ 91.72276306100008, 26.019798279000099 ], [ 91.72116851800007, 26.001840592000121 ], [ 91.719779968000125, 25.978300094000133 ], [ 91.721626282000102, 25.965078355000117 ], [ 91.72017669700017, 25.954071044000045 ], [ 91.713935852000077, 25.94722938600006 ], [ 91.708168029000092, 25.944370270000093 ], [ 91.700912477000145, 25.941890716000103 ], [ 91.70197296200007, 25.93792915299997 ], [ 91.692321777000075, 25.929101944000138 ], [ 91.686416625000163, 25.921249391000117 ], [ 91.678596496000125, 25.917320252000025 ], [ 91.675987244000112, 25.911832810000192 ], [ 91.669311524000193, 25.905389785000125 ], [ 91.667236329000161, 25.90818977400005 ], [ 91.661941528000057, 25.909879686000068 ], [ 91.656883239000081, 25.907880782000063 ], [ 91.65148925800014, 25.907669067000029 ], [ 91.647918700999981, 25.913740158999985 ], [ 91.632827759000179, 25.925769806000119 ], [ 91.622756956999979, 25.930990220000069 ], [ 91.611152648000086, 25.939920426000185 ], [ 91.610931396000069, 25.944601060000025 ], [ 91.624626160000048, 25.945970535000072 ], [ 91.630119324000134, 25.94463920700008 ], [ 91.634086608000132, 25.960500718000162 ], [ 91.637947082000153, 25.964849472000083 ], [ 91.632141114000092, 25.970790863000104 ], [ 91.62802124100017, 25.976970672000107 ], [ 91.626792908000084, 25.982389451000188 ], [ 91.62471771200012, 25.985902786000167 ], [ 91.628669739000031, 25.995130538000183 ], [ 91.626716613000042, 25.997650146000126 ], [ 91.630447387, 25.999828338000043 ], [ 91.632072449000191, 26.001871109000035 ], [ 91.633026123000036, 26.004909516000168 ], [ 91.632102967000037, 26.01395988500019 ], [ 91.633399963000045, 26.017850875000079 ], [ 91.632156372000111, 26.022409439000114 ], [ 91.626106262000121, 26.023969650000026 ], [ 91.620292664000146, 26.027030945000092 ], [ 91.616546631000062, 26.024721145000115 ], [ 91.601867676000097, 26.022630692000064 ], [ 91.596809386000075, 26.020799636000106 ], [ 91.597061158000145, 26.017061233000106 ], [ 91.588127137000185, 26.030149458999972 ], [ 91.584098816, 26.031980515000157 ], [ 91.57583618100017, 26.033109665000154 ], [ 91.570030212000177, 26.02748107900004 ], [ 91.568809509000175, 26.021741867000173 ], [ 91.569717407000155, 26.016841888000158 ], [ 91.568595887000072, 26.011949539000113 ], [ 91.565132142000095, 26.007509231000085 ], [ 91.566085816000168, 26.003759385000137 ], [ 91.565368653000064, 26.001840592000121 ], [ 91.554840087000059, 25.986610414000097 ], [ 91.551261902000192, 25.974899292000146 ], [ 91.548942566000107, 25.975097657000106 ], [ 91.537277222000057, 25.968389512000101 ], [ 91.537170409000169, 25.962100983000141 ], [ 91.532409668000184, 25.962240219000137 ], [ 91.525848389000032, 25.961320876000173 ], [ 91.52379608200016, 25.959409714000174 ], [ 91.518501282000102, 25.958150863000185 ], [ 91.518188477000081, 25.952802657000177 ], [ 91.519783019000045, 25.940891266000051 ], [ 91.516288758000201, 25.938329697000086 ], [ 91.501632691000168, 25.920761108000136 ], [ 91.503341674000069, 25.914321899000186 ], [ 91.505577088000109, 25.913080216000026 ], [ 91.510780335000163, 25.915430069000024 ], [ 91.516853331999982, 25.920021058000032 ], [ 91.521697999000196, 25.924850465000191 ], [ 91.535896302000197, 25.934001923000153 ], [ 91.531326295000156, 25.923711777000108 ], [ 91.524780273000147, 25.92078971900014 ], [ 91.508537292000085, 25.909759522000058 ], [ 91.501152039000033, 25.898469926000132 ], [ 91.503257752000081, 25.892160416000024 ], [ 91.498611450000055, 25.89246750000018 ], [ 91.492919923000102, 25.895578385000078 ], [ 91.488533020000148, 25.894849777000047 ], [ 91.4833831790001, 25.891059876000043 ], [ 91.47867584300019, 25.88468170200008 ], [ 91.475936890000128, 25.87803840600003 ], [ 91.474761962000059, 25.871231080000086 ], [ 91.47738647500006, 25.868722915000092 ], [ 91.493690491000109, 25.865528107000102 ], [ 91.498306275000118, 25.867202759000122 ], [ 91.507781982000097, 25.867441177000103 ], [ 91.513549805000139, 25.870950699000048 ], [ 91.517250061000027, 25.874671936000027 ], [ 91.519767761000196, 25.87802124000001 ], [ 91.522216796000066, 25.885932923000155 ], [ 91.525779725000064, 25.890108109000096 ], [ 91.529739381000127, 25.889680862000034 ], [ 91.532058717000155, 25.888151170000071 ], [ 91.532623291000164, 25.884069444000033 ], [ 91.52887725800008, 25.880870819000165 ], [ 91.52540588300019, 25.872890473000155 ], [ 91.521766662000118, 25.874349593999966 ], [ 91.519119263000164, 25.873121261000051 ], [ 91.512756348000096, 25.86655807600016 ], [ 91.507881164000139, 25.86479950100005 ], [ 91.496032714000194, 25.862340928000094 ], [ 91.483039855000129, 25.862899780000134 ], [ 91.478401185000166, 25.857681275000118 ], [ 91.474960327000076, 25.857191087000047 ], [ 91.468727112000067, 25.85902977 ], [ 91.454956054000036, 25.851312637000035 ], [ 91.447402955000086, 25.845661164000035 ], [ 91.444396972000163, 25.841020584000148 ], [ 91.441223145000151, 25.841630935000069 ], [ 91.430847167000195, 25.847761155000171 ], [ 91.424301148000097, 25.853559494000024 ], [ 91.418899537000186, 25.854721069000107 ], [ 91.412727355000186, 25.853918076000014 ], [ 91.405090332000043, 25.84988021900017 ], [ 91.40119171200007, 25.851100922000171 ], [ 91.388519288000111, 25.847299576000069 ], [ 91.382118226000046, 25.84693908700018 ], [ 91.376869202000023, 25.844879150000168 ], [ 91.370498657000098, 25.844301223000059 ], [ 91.36370086800008, 25.840490342000123 ], [ 91.356887818000189, 25.84146118200016 ], [ 91.353309631000172, 25.83773994500001 ], [ 91.348556518000123, 25.840351105000082 ], [ 91.344398498000146, 25.839439392000031 ], [ 91.342491149000182, 25.836099626000134 ], [ 91.336425782000049, 25.838409424000076 ], [ 91.333557128000166, 25.838840485000162 ], [ 91.332176208000135, 25.833700181000097 ], [ 91.332427978, 25.832090378000032 ], [ 91.32498931900011, 25.82378959700003 ], [ 91.306327819000103, 25.796369552000158 ], [ 91.296897888000103, 25.778249740000149 ], [ 91.287292480000076, 25.764110565000124 ], [ 91.279586791000156, 25.756662369000026 ], [ 91.276466370000151, 25.751670837000063 ], [ 91.275627136000196, 25.746940613000163 ], [ 91.262283325, 25.749290466 ], [ 91.255371094000168, 25.747829437000178 ], [ 91.232498170000042, 25.729158402000166 ], [ 91.223876953000172, 25.723419191000175 ], [ 91.221443177000083, 25.726049424000109 ], [ 91.215866088000041, 25.723909379000077 ], [ 91.197998046000066, 25.730979920000038 ], [ 91.191986084000177, 25.729581832000179 ], [ 91.192337036000083, 25.736089707000133 ], [ 91.188713073000031, 25.738929748000032 ], [ 91.189178467000147, 25.763469695000026 ], [ 91.185699462000173, 25.76687812800003 ], [ 91.185913087000131, 25.769939423000096 ], [ 91.181182860000035, 25.773349763000169 ], [ 91.179931641000167, 25.77631950500006 ], [ 91.183967591000112, 25.782590866000191 ], [ 91.184745789000033, 25.795030594000025 ], [ 91.187248230000023, 25.803289414000176 ], [ 91.190956116000052, 25.810699463 ], [ 91.188156127000127, 25.815570832000105 ], [ 91.189872742000148, 25.820779801000072 ], [ 91.194313050000176, 25.826400757000101 ], [ 91.194519043000071, 25.830610276000129 ], [ 91.202629090000073, 25.840541839000025 ], [ 91.198661804000096, 25.847639084000093 ], [ 91.198120117000144, 25.854831696000133 ], [ 91.196479797000109, 25.859010697000144 ], [ 91.193038941000168, 25.855230332000076 ], [ 91.185470581000118, 25.849969864000059 ], [ 91.181762695000145, 25.844121934000043 ], [ 91.179016114000149, 25.842750550000119 ], [ 91.168190002000017, 25.845630645000085 ], [ 91.161651612000128, 25.849319458000025 ], [ 91.152862548000144, 25.850072861000115 ], [ 91.145393371000068, 25.847339630000192 ], [ 91.137908935000041, 25.842130661000056 ], [ 91.131683350000174, 25.841949463000162 ], [ 91.126342773000147, 25.838199617000043 ], [ 91.120780945000035, 25.831340790000183 ], [ 91.081352235000168, 25.829341889000091 ], [ 91.066535950000173, 25.825759888999983 ], [ 91.063262940000072, 25.820369721000077 ], [ 91.059020996000129, 25.822269440000127 ], [ 91.049880982000047, 25.828899384000124 ], [ 91.057220459000121, 25.832042694000165 ], [ 91.061798096000018, 25.836080552000112 ], [ 91.067512511000075, 25.836309433000167 ], [ 91.072875977000137, 25.838331223000125 ], [ 91.07299804600018, 25.84247970500013 ], [ 91.078536988000167, 25.852619172000061 ], [ 91.065902711000092, 25.846420287000058 ], [ 91.04910278300008, 25.84880828900009 ], [ 91.041969299000129, 25.839401246000079 ], [ 91.024940491000166, 25.827560426000048 ], [ 91.020812988000159, 25.822620392000033 ], [ 91.012702943000136, 25.821090698000091 ], [ 91.006111144000158, 25.820779801000072 ], [ 91.000785827000186, 25.822250367000038 ], [ 91.001586914000143, 25.825799943000106 ], [ 91.008666991000155, 25.838239671000167 ], [ 91.012741089000087, 25.848840713000129 ], [ 91.013107299000012, 25.857191087000047 ], [ 91.015129089000141, 25.859060287000148 ], [ 91.021827698000095, 25.861331941000174 ], [ 91.026519775000111, 25.866621017999989 ], [ 91.029106139000021, 25.879850388000023 ], [ 91.029220582, 25.888048173000186 ], [ 91.028289796000081, 25.88857078500007 ], [ 91.025680541000099, 25.888380051000127 ], [ 91.020606995000094, 25.887279512000077 ], [ 91.013732911000091, 25.884319306000123 ], [ 91.001327515000071, 25.886489867000023 ], [ 90.996887207000043, 25.888679505000027 ], [ 90.984802246000129, 25.889932633000171 ], [ 90.975387574000081, 25.889450073000035 ], [ 90.971328736000146, 25.887670517 ], [ 90.967453003000173, 25.887180329000159 ], [ 90.966606140000181, 25.891000748000124 ], [ 90.967308045000095, 25.896640778000176 ], [ 90.966896057000099, 25.905330658000082 ], [ 90.960639953000111, 25.927698136000174 ], [ 90.957916260000104, 25.93394279600011 ], [ 90.953849793000131, 25.936702728000057 ], [ 90.945571900000118, 25.939121246000127 ], [ 90.942749023000033, 25.947570802000087 ], [ 90.937492371000133, 25.944761276000122 ], [ 90.93466186600017, 25.941141128000083 ], [ 90.932067872000118, 25.939672470000062 ], [ 90.918342591000169, 25.943161010000097 ], [ 90.91587829600013, 25.943161010000097 ], [ 90.916297913000108, 25.928140641000084 ], [ 90.919113160000109, 25.913311004000093 ], [ 90.916076660000044, 25.915058136000084 ], [ 90.912528991000045, 25.920299529000033 ], [ 90.901191712000184, 25.92959022500014 ], [ 90.895378113000106, 25.931510925000055 ], [ 90.897041321000017, 25.935380936000115 ], [ 90.896461486000135, 25.937469483000143 ], [ 90.892387390000181, 25.93906021100014 ], [ 90.888359069000046, 25.943620682000073 ], [ 90.882980347000114, 25.951749803000098 ], [ 90.881439209000177, 25.950639726000134 ], [ 90.880226135000157, 25.946250915 ], [ 90.875236511000139, 25.949119567000082 ], [ 90.872406006000176, 25.94672966000013 ], [ 90.872886658000141, 25.942922592000059 ], [ 90.869606018000127, 25.942399979000072 ], [ 90.856796265000128, 25.944330215000093 ], [ 90.843238830000018, 25.944810868000161 ], [ 90.841041564000136, 25.943170548000126 ], [ 90.839836120000029, 25.938432694000028 ], [ 90.836761476000049, 25.938190460000044 ], [ 90.836196899000129, 25.947259903000031 ], [ 90.832260132000101, 25.945280074999971 ], [ 90.828002930000082, 25.947429658000146 ], [ 90.823883056999989, 25.945100784000147 ], [ 90.820449829000154, 25.948429107000152 ], [ 90.809890747000111, 25.95215988200016 ], [ 90.808692933000145, 25.947189332000107 ], [ 90.797096252000131, 25.941471101000161 ], [ 90.79170227000003, 25.935739518000105 ], [ 90.781677247, 25.921249391000117 ], [ 90.778488160000052, 25.914300918000151 ], [ 90.778060913000104, 25.908290864000037 ], [ 90.769050598000035, 25.908510208999985 ], [ 90.757720947000109, 25.911071777000188 ], [ 90.757629395000151, 25.916570664000176 ], [ 90.758949280000024, 25.921640397000147 ], [ 90.750061036000034, 25.919240952000109 ], [ 90.745437622000111, 25.912290574000053 ], [ 90.742340089000095, 25.91295051700007 ], [ 90.7405395520002, 25.91521072300003 ], [ 90.746192932000099, 25.921930313000189 ], [ 90.752639771000133, 25.933959962000131 ], [ 90.750709534000066, 25.934080125000037 ], [ 90.747467041000107, 25.932319642000095 ], [ 90.744132995000086, 25.932790757000078 ], [ 90.740303039000082, 25.940891266000051 ], [ 90.744697572000177, 25.946500779000075 ], [ 90.743789672, 25.949430466000138 ], [ 90.746047973000088, 25.952640534000125 ], [ 90.747436523000033, 25.957321167000089 ], [ 90.743553161000079, 25.956672668000181 ], [ 90.740287780000187, 25.95491027800017 ], [ 90.732269287000122, 25.952560426000105 ], [ 90.725402833000032, 25.948770523000121 ], [ 90.720680236000192, 25.949171067000066 ], [ 90.717742919000045, 25.954708099000072 ], [ 90.713096619000055, 25.952182770000093 ], [ 90.686042786000087, 25.9508094790001 ], [ 90.675651551000158, 25.936479569000142 ], [ 90.670188903000053, 25.934259416000032 ], [ 90.65399169900013, 25.929662705000112 ], [ 90.637832642000149, 25.923330306000082 ], [ 90.627326965000123, 25.916990281000153 ], [ 90.626861572999985, 25.911270141000102 ], [ 90.628936767000084, 25.906549455000118 ], [ 90.626716613000099, 25.90135955900007 ], [ 90.624809264000078, 25.898899079000046 ], [ 90.614196777000188, 25.899509430000023 ], [ 90.61074829, 25.907449722000081 ], [ 90.608093261000192, 25.908018113000139 ], [ 90.606506349000142, 25.912281035999968 ], [ 90.607566833000135, 25.919580460000134 ], [ 90.629013061000194, 25.937429429000019 ], [ 90.605392456000061, 25.946950913000023 ], [ 90.601936340000123, 25.951780319000136 ], [ 90.591850282000109, 25.952119828000036 ], [ 90.587272644999985, 25.953912734000085 ], [ 90.582458497000118, 25.959791184000096 ], [ 90.578796388000058, 25.958030702000087 ], [ 90.572776793000173, 25.948150634000115 ], [ 90.572738647000051, 25.944000245000154 ], [ 90.571372985000039, 25.939029694 ], [ 90.56324005100015, 25.935569764000093 ], [ 90.553359986000089, 25.929121017000057 ], [ 90.546821594000164, 25.919879914000092 ], [ 90.539176941000107, 25.915460587000098 ], [ 90.533607483000083, 25.908800125000027 ], [ 90.525482177000129, 25.901010513000131 ], [ 90.518013, 25.896480560000043 ], [ 90.512542725000117, 25.896240234000061 ], [ 90.511100768000119, 25.900140762000035 ], [ 90.518516541000054, 25.909400941000172 ], [ 90.52616119400011, 25.928279878000183 ], [ 90.532211305000033, 25.932552338000164 ], [ 90.533782959000064, 25.936292648000062 ], [ 90.53479766900017, 25.945640564000087 ], [ 90.534461975000113, 25.958021164000172 ], [ 90.52983856100019, 25.961860657000159 ], [ 90.524063111000146, 25.969900131000088 ], [ 90.513557433000074, 25.982370377 ], [ 90.505737304000093, 25.996021270000028 ], [ 90.500137329000097, 26.001361847 ], [ 90.497932434000177, 26.003650665 ], [ 90.492362975000049, 26.006509781000148 ], [ 90.489585877000138, 26.009639740000068 ], [ 90.481216430000188, 26.014022828000179 ], [ 90.477287293000074, 26.015260696000098 ], [ 90.470901489000141, 26.012599944000044 ], [ 90.465301513999975, 26.007221222000169 ], [ 90.459098816000164, 26.003231048000032 ], [ 90.457916261000094, 26.001340867000067 ], [ 90.457519532000049, 25.999572754000042 ], [ 90.447113037000065, 25.996530534000044 ], [ 90.428627014000085, 25.989040375000172 ], [ 90.417427064000094, 25.992340087000173 ], [ 90.416496277000135, 25.996850968000103 ], [ 90.413940430000139, 26.001319886000033 ], [ 90.411041259000115, 26.005870819000052 ], [ 90.407562256000119, 26.007560729999966 ], [ 90.400192261000086, 26.009281159000125 ], [ 90.397293090000119, 26.012229919000049 ], [ 90.396499633000076, 26.014150619000191 ], [ 90.393951416000164, 26.01410102900013 ], [ 90.387367248000032, 26.011262894000083 ], [ 90.380805969999983, 26.011648179000076 ], [ 90.364990234000061, 26.010320665000165 ], [ 90.346656800000119, 26.00295257700003 ], [ 90.344856263000111, 26.001239777000023 ], [ 90.339317321000124, 25.996860504000153 ], [ 90.336921691000157, 25.990169526000045 ], [ 90.329948425000111, 25.988500595000062 ], [ 90.32905578499998, 25.982698440999968 ], [ 90.324340819000156, 25.974380493000069 ], [ 90.286582947000113, 25.963899612000034 ], [ 90.277816772000165, 25.963172913000051 ], [ 90.227371215000119, 25.955139161000034 ], [ 90.212760926000158, 25.953889848000131 ], [ 90.211120606000122, 25.955640793000157 ], [ 90.208442688000105, 25.961572648000072 ], [ 90.193962097, 25.957000734000133 ], [ 90.189453126000046, 25.953239440000118 ], [ 90.185668946000135, 25.945569993000163 ], [ 90.182510376000096, 25.94445037800017 ], [ 90.180526733000193, 25.947000503000027 ], [ 90.176116944000114, 25.957082748000175 ], [ 90.172653199000138, 25.958749771000157 ], [ 90.168487549000076, 25.957380294000075 ], [ 90.163497925000058, 25.957361221000042 ], [ 90.158386230000133, 25.958259583000086 ], [ 90.15448761000016, 25.960210799000095 ], [ 90.153396606000115, 25.964700700000037 ], [ 90.147392273000094, 25.964479447000144 ], [ 90.140029907000041, 25.95813942 ], [ 90.134078979000037, 25.957809448999967 ], [ 90.128448487000128, 25.958770752000021 ], [ 90.123229980000076, 25.957162857000128 ], [ 90.120002747000171, 25.957719803000032 ], [ 90.118652343000122, 25.961259841000185 ], [ 90.113777160000097, 25.957439422 ], [ 90.110916138000164, 25.954111099000045 ], [ 90.107887269000116, 25.950590134000151 ], [ 90.105369568000071, 25.941930770000056 ], [ 90.10051727300015, 25.942068099000153 ], [ 90.099136352000187, 25.939260483 ], [ 90.096122742000034, 25.93951988200007 ], [ 90.087959290000185, 25.936199189000035 ], [ 90.091926576000162, 25.928760528000169 ], [ 90.087387086000092, 25.926269531000173 ], [ 90.080726624000192, 25.924528122000083 ], [ 90.079452514000081, 25.919279099000164 ], [ 90.077972412, 25.917680741000083 ], [ 90.072425842000087, 25.919338226000036 ], [ 90.067619324000134, 25.916160583000078 ], [ 90.063308715000062, 25.915548324000156 ], [ 90.058921814000087, 25.910270691000164 ], [ 90.055076599000188, 25.908090592000178 ], [ 90.052192689000151, 25.89868927100008 ], [ 90.042098999000075, 25.890750885000159 ], [ 90.034507751000092, 25.893510819000085 ], [ 90.027915954000093, 25.89430999800004 ], [ 90.021263122000107, 25.89319038400015 ], [ 90.015251160000048, 25.888620377000109 ], [ 90.004737853000165, 25.878681184000072 ], [ 90.009773254000152, 25.8757305150001 ], [ 90.014366149000125, 25.871789933000059 ], [ 90.01872253300013, 25.871370316000025 ], [ 90.021377563000101, 25.868490219000023 ], [ 90.021919250000053, 25.865528107000102 ], [ 90.020767212000123, 25.86161041400004 ], [ 90.011520386000143, 25.849670410000101 ], [ 90.008316040000182, 25.846830369000088 ], [ 90.000267028000167, 25.848600387000147 ], [ 89.997566224000195, 25.846700668000096 ], [ 89.997436523000033, 25.844209671000101 ], [ 89.99983215300017, 25.843690872000082 ], [ 90.001602173000094, 25.842241287000149 ], [ 89.997802735000107, 25.839670181000031 ], [ 89.99471283000014, 25.838760376000153 ], [ 89.990806580000083, 25.835510254000042 ], [ 89.975898742000084, 25.834039689000122 ], [ 89.973548889000085, 25.828140258000019 ], [ 89.967956542000195, 25.826150895000183 ], [ 89.95886993400012, 25.826568604000045 ], [ 89.950569152000071, 25.82487106300016 ], [ 89.944580079000048, 25.824478149000186 ], [ 89.945816039000192, 25.820230485000081 ], [ 89.945617675000108, 25.816101074000073 ], [ 89.949356080000086, 25.814422608000143 ], [ 89.95199584900007, 25.810911178000026 ], [ 89.950813293000124, 25.791980744000114 ], [ 89.952606200000048, 25.783420563000163 ], [ 89.955017090000013, 25.781641007000189 ], [ 89.955245971000068, 25.774459840000134 ], [ 89.952392578000115, 25.770170212000096 ], [ 89.946685790000117, 25.764720916000044 ], [ 89.943519592000143, 25.760541916000136 ], [ 89.933715820000032, 25.752531052000109 ], [ 89.934646606000172, 25.747539521000192 ], [ 89.933509827000137, 25.744550706000041 ], [ 89.927940369000112, 25.741350174000104 ], [ 89.921867370000086, 25.739168167000116 ], [ 89.916137696000135, 25.739191055000049 ], [ 89.911376953000115, 25.741569519000052 ], [ 89.899085999000135, 25.744050980000111 ], [ 89.895416260000161, 25.744119644000079 ], [ 89.892616272000112, 25.735000611000089 ], [ 89.894241333000195, 25.727239610000026 ], [ 89.904876709000177, 25.714780808000171 ], [ 89.912635802000068, 25.707061766999971 ], [ 89.914276124000082, 25.704008104000025 ], [ 89.918502807000152, 25.702688217000173 ], [ 89.919548036000037, 25.696769715000187 ], [ 89.921127320000153, 25.694421769000087 ], [ 89.93235015800002, 25.689960479999968 ], [ 89.936996461000149, 25.686630249000018 ], [ 89.941726685000049, 25.678119660000107 ], [ 89.94184875600007, 25.673650741000074 ], [ 89.946952820000149, 25.658830642000169 ], [ 89.980438231999983, 25.637569428000177 ], [ 89.98230743400012, 25.628431320000061 ], [ 89.983322144000056, 25.626710892000176 ], [ 89.9952926630001, 25.62302970900015 ], [ 89.999336242000084, 25.621850967000171 ], [ 90.001380921000077, 25.624431610000102 ], [ 90.004539489000081, 25.623821259000124 ], [ 90.018440247000058, 25.608390808000138 ], [ 90.017295837000063, 25.60219192500017 ], [ 90.011062622000054, 25.598350525000114 ], [ 90.005821228000173, 25.58836937000018 ], [ 90.002120972000114, 25.584190369 ], [ 89.995361328000172, 25.586349488000053 ], [ 89.989501954000161, 25.588809968000078 ], [ 89.979156494000165, 25.590730668000162 ], [ 89.975051879000091, 25.583509445000175 ], [ 89.972808837000173, 25.574609758000179 ], [ 89.966461182000103, 25.571701049000126 ], [ 89.95675659200009, 25.570461273000035 ], [ 89.949378965999983, 25.568250657000078 ], [ 89.941642761000196, 25.567621230000157 ], [ 89.935836792000032, 25.562709808000022 ], [ 89.92605590800008, 25.563529969000115 ], [ 89.918098450000173, 25.56262969900007 ], [ 89.904411316000107, 25.559499739999978 ], [ 89.886360168000124, 25.55787086600003 ], [ 89.87758636500007, 25.548931122000056 ], [ 89.873802185000159, 25.549280166000131 ], [ 89.870101929000043, 25.544221879000077 ], [ 89.870155334000117, 25.544942855000045 ], [ 89.866210937000176, 25.542840958999989 ], [ 89.86273193400018, 25.543193818000191 ], [ 89.862937928000179, 25.543289185000162 ], [ 89.863830567000036, 25.543813705000048 ], [ 89.864616394000109, 25.54472732500011 ], [ 89.865356446000078, 25.545583725000085 ], [ 89.865936278999982, 25.546283723000101 ], [ 89.866058349000127, 25.54683876100006 ], [ 89.866279602000077, 25.547803879000128 ], [ 89.866294861000199, 25.549148560000106 ], [ 89.866294861000199, 25.54926681500001 ], [ 89.866317749000132, 25.549570084000152 ], [ 89.866317749000132, 25.549650193000105 ], [ 89.866333007000151, 25.550786972000139 ], [ 89.866302491000113, 25.551057816000139 ], [ 89.866294861000199, 25.551483153999982 ], [ 89.86620330900007, 25.552782060000027 ], [ 89.866157532000102, 25.553453446000105 ], [ 89.866111755000134, 25.554143906000036 ], [ 89.866188050000119, 25.554721833000031 ], [ 89.866378784000119, 25.556283951000125 ], [ 89.866447448000088, 25.556596756000147 ], [ 89.86647033600002, 25.556770324000126 ], [ 89.866516112999989, 25.557455064000123 ], [ 89.866615296000134, 25.558151245999966 ], [ 89.866714478000176, 25.558706284999971 ], [ 89.866752624000128, 25.559000016000027 ], [ 89.866798401000096, 25.559270859000151 ], [ 89.866844176000086, 25.559772492000036 ], [ 89.86690521200012, 25.560062409000125 ], [ 89.866920472000174, 25.560293197000192 ], [ 89.867095948000099, 25.561487198000123 ], [ 89.867141723000088, 25.561840057000097 ], [ 89.867187500000057, 25.562116623000065 ], [ 89.86721038800016, 25.562294006000116 ], [ 89.867393494000055, 25.562707900000078 ], [ 89.867523193000011, 25.562982560000023 ], [ 89.867630005000137, 25.563257218000047 ], [ 89.86795806900011, 25.564018249000014 ], [ 89.868110656000056, 25.564336776000175 ], [ 89.86833953900009, 25.564897538000025 ], [ 89.868461609000065, 25.565151215000185 ], [ 89.868759156000067, 25.565872193000132 ], [ 89.869178773000044, 25.566505433000145 ], [ 89.869323730000076, 25.566743852000059 ], [ 89.869506836000085, 25.567003251000074 ], [ 89.869728089000034, 25.567333222000116 ], [ 89.870117187000062, 25.567892075000088 ], [ 89.870185853000066, 25.567989350000062 ], [ 89.870300293000128, 25.568201065000096 ], [ 89.870666503000052, 25.568355560000157 ], [ 89.870986937999987, 25.568515777000187 ], [ 89.87163543600019, 25.568836212000122 ], [ 89.872253417000081, 25.569139481000093 ], [ 89.872749328000168, 25.569410324000046 ], [ 89.872863769000105, 25.569606781000061 ], [ 89.87299346900005, 25.569959640000036 ], [ 89.873130798000091, 25.570287705000055 ], [ 89.873138428, 25.570434570000032 ], [ 89.873168945000145, 25.570869445000085 ], [ 89.873214722000114, 25.571470261000059 ], [ 89.872924804000093, 25.572164536 ], [ 89.872764586000187, 25.572546006000152 ], [ 89.872955323000042, 25.573831559000041 ], [ 89.87306213300019, 25.574588777000145 ], [ 89.873260497000103, 25.57506942700013 ], [ 89.873504638000156, 25.575798036000094 ], [ 89.873741150000171, 25.576427460000104 ], [ 89.874282837000123, 25.577688217000059 ], [ 89.874458313000105, 25.578165054000181 ], [ 89.874725341000158, 25.578714370000171 ], [ 89.875045776000093, 25.579406738000102 ], [ 89.875114441, 25.579572678000147 ], [ 89.875152588000049, 25.579702377000103 ], [ 89.875205993000122, 25.580028534000178 ], [ 89.875335694000114, 25.580402374000016 ], [ 89.875541686000076, 25.581071853000083 ], [ 89.875579833000131, 25.581285478000098 ], [ 89.875587463000045, 25.582803727000055 ], [ 89.875564575000112, 25.582979202000104 ], [ 89.875511170000038, 25.583116531000144 ], [ 89.875312805000078, 25.583850860999974 ], [ 89.875175477000084, 25.58431816000018 ], [ 89.875053406, 25.58483505200013 ], [ 89.874977112000124, 25.584987641000055 ], [ 89.8748245230002, 25.585248947000025 ], [ 89.873298646000137, 25.587947845000031 ], [ 89.873260497000103, 25.58801460300009 ], [ 89.873497010000051, 25.588830949000112 ], [ 89.873619079000093, 25.589307786000063 ], [ 89.874038696000071, 25.590887070000122 ], [ 89.874237060000155, 25.591630935000126 ], [ 89.874526978000176, 25.592735290000121 ], [ 89.874664307000046, 25.593229295000071 ], [ 89.87477874800004, 25.593667984000035 ], [ 89.875343322000049, 25.594417573000158 ], [ 89.876312255000187, 25.596485138000048 ], [ 89.876495361000025, 25.596847535000109 ], [ 89.876625062000016, 25.597152709000113 ], [ 89.87667846700009, 25.597263337000072 ], [ 89.876762391000113, 25.597484589000089 ], [ 89.876991272000112, 25.597951889000171 ], [ 89.877532959000121, 25.599067689000151 ], [ 89.877876281000113, 25.599811554000155 ], [ 89.878265381000119, 25.600639343000125 ], [ 89.878738404000103, 25.60165596000013 ], [ 89.879096985, 25.603057861000082 ], [ 89.879325866000045, 25.603866576000087 ], [ 89.87950134200014, 25.60464096000004 ], [ 89.879714967000155, 25.605453491000048 ], [ 89.879783630000077, 25.605672836000167 ], [ 89.879837035000151, 25.605970382000066 ], [ 89.880134582000153, 25.607204438000053 ], [ 89.880233764000195, 25.607614517000115 ], [ 89.880287171000077, 25.607833862000064 ], [ 89.880371093000122, 25.608097077000082 ], [ 89.880424500000174, 25.608407974000158 ], [ 89.880523682000046, 25.608808518000046 ], [ 89.880546571000025, 25.609127045000037 ], [ 89.880546571000025, 25.609498977999976 ], [ 89.880538940000065, 25.609783173000153 ], [ 89.880546571000025, 25.610246658000051 ], [ 89.880584717000033, 25.61059761100006 ], [ 89.880607606000012, 25.611133577000146 ], [ 89.880599976000099, 25.611261368000157 ], [ 89.881050110000047, 25.614204408000148 ], [ 89.881118775000118, 25.614562988000159 ], [ 89.881469727000024, 25.615295409000055 ], [ 89.882034301000033, 25.616506576000177 ], [ 89.882293700000105, 25.617044449 ], [ 89.882415771000183, 25.617307663000133 ], [ 89.882064819000107, 25.618404387999988 ], [ 89.881919860000096, 25.61884880100007 ], [ 89.881683349000127, 25.619537353000055 ], [ 89.881721496000182, 25.620943069000191 ], [ 89.881729126000096, 25.621425629000157 ], [ 89.881713868000077, 25.621814727000185 ], [ 89.881713868000077, 25.622034073 ], [ 89.881729126000096, 25.622360230000083 ], [ 89.881759643000066, 25.622850418000155 ], [ 89.881744385000047, 25.623140335000073 ], [ 89.881744385000047, 25.623414994000143 ], [ 89.881813050000119, 25.624814988000026 ], [ 89.881752015000131, 25.62551307800004 ], [ 89.881729126000096, 25.625974655000107 ], [ 89.881683349000127, 25.626226426000073 ], [ 89.881568909000066, 25.627002716000163 ], [ 89.88154602000003, 25.627185822000058 ], [ 89.881523132000098, 25.627548218000186 ], [ 89.881484985000043, 25.627830506000123 ], [ 89.881401061000076, 25.628313064000054 ], [ 89.881340028000068, 25.628904342000112 ], [ 89.881195069000057, 25.629892349000102 ], [ 89.881156922000173, 25.630290985000045 ], [ 89.881126403000053, 25.630599976000099 ], [ 89.881011963, 25.631383896000102 ], [ 89.880966186000023, 25.631799698000066 ], [ 89.880691528000057, 25.633333207000192 ], [ 89.88055419900013, 25.633865357 ], [ 89.880462647000058, 25.634302140000159 ], [ 89.880378723000035, 25.634769439000024 ], [ 89.880310060000113, 25.635108948000152 ], [ 89.880271911000079, 25.635305405000167 ], [ 89.879814149000197, 25.63686561500009 ], [ 89.879776002000142, 25.636980058000063 ], [ 89.879661560000102, 25.637264251000033 ], [ 89.879577638000058, 25.637517928000136 ], [ 89.879531861000089, 25.637689591000083 ], [ 89.879417420000152, 25.63810920800006 ], [ 89.879356385000165, 25.638229371000136 ], [ 89.878387452000197, 25.639152527000135 ], [ 89.878288270000155, 25.639244079000093 ], [ 89.87813568100006, 25.639390946000049 ], [ 89.877769471000136, 25.64039993300014 ], [ 89.877639770000144, 25.640764237000099 ], [ 89.877357484000072, 25.641736984000033 ], [ 89.876983642000198, 25.643003465000106 ], [ 89.876930236000078, 25.643228531000034 ], [ 89.876876831000175, 25.643413544000168 ], [ 89.87683868400012, 25.643535615000076 ], [ 89.876609802000189, 25.644294738000099 ], [ 89.876441956000178, 25.644725801000106 ], [ 89.876380921000191, 25.644964219000144 ], [ 89.875999450000165, 25.646139145000177 ], [ 89.875747681000178, 25.646940232000134 ], [ 89.8756256100001, 25.647331238000163 ], [ 89.875579833000131, 25.647529602000191 ], [ 89.875534058000198, 25.647640228000114 ], [ 89.875480651000089, 25.64787483300006 ], [ 89.875350952000133, 25.648441315000071 ], [ 89.875068664000025, 25.649566650000168 ], [ 89.874855042000149, 25.650381088000074 ], [ 89.874610900000164, 25.651348114000143 ], [ 89.874389647999976, 25.65215873700015 ], [ 89.874153136000132, 25.653139115000101 ], [ 89.87389373700006, 25.654079437000064 ], [ 89.873825073000091, 25.654308320000098 ], [ 89.873771668000188, 25.654510499000025 ], [ 89.873725891000049, 25.654699326000127 ], [ 89.873687744000165, 25.654954910000129 ], [ 89.873641967000196, 25.655099869000139 ], [ 89.87356567400019, 25.655311584000174 ], [ 89.873359679000146, 25.655736924000166 ], [ 89.873069763000103, 25.656435012000031 ], [ 89.87298583900008, 25.656648637000046 ], [ 89.872886657000095, 25.656867982000165 ], [ 89.872779847000118, 25.657094955 ], [ 89.872711181000113, 25.657238007000103 ], [ 89.872642518000191, 25.657369613000185 ], [ 89.872566224000138, 25.657491684000092 ], [ 89.872505189000151, 25.657606125000029 ], [ 89.872283936000031, 25.658138275000169 ], [ 89.87216949600014, 25.658180236000192 ], [ 89.869926453000119, 25.659009933 ], [ 89.867507935, 25.66070175200008 ], [ 89.866729736000195, 25.662759781000148 ], [ 89.866638184000067, 25.66294861 ], [ 89.866424561000088, 25.663043977000029 ], [ 89.866256714000144, 25.663122177999981 ], [ 89.866050719000043, 25.663223267000092 ], [ 89.865913390000173, 25.663312912000151 ], [ 89.865791322000177, 25.663404466000088 ], [ 89.865661621000186, 25.663478852000026 ], [ 89.865188599000135, 25.663816453000152 ], [ 89.865051270000038, 25.663934708000056 ], [ 89.864845275000164, 25.664121626999986 ], [ 89.864654541000164, 25.664333344 ], [ 89.864372253000113, 25.664627076000158 ], [ 89.864219666000167, 25.664773940000089 ], [ 89.863838195000142, 25.665216446000102 ], [ 89.863555907000034, 25.665599824000026 ], [ 89.863227844000164, 25.666034699000193 ], [ 89.863182067000196, 25.66611290000003 ], [ 89.862998963000166, 25.666355134000128 ], [ 89.86286163200009, 25.666547776000129 ], [ 89.862785339000084, 25.666692735000083 ], [ 89.862602235000168, 25.666990279000061 ], [ 89.862480164000146, 25.667182923000155 ], [ 89.862083436000148, 25.668043136 ], [ 89.861396789000082, 25.669588089000058 ], [ 89.861183166000103, 25.670135499000025 ], [ 89.861068726000042, 25.670339584000146 ], [ 89.860862731000168, 25.670764923000092 ], [ 89.860565185000041, 25.671493530000021 ], [ 89.860427856000115, 25.671907425000086 ], [ 89.860099793000074, 25.673339844000054 ], [ 89.859779358000139, 25.67466926600008 ], [ 89.859626770000091, 25.675382615000046 ], [ 89.85934448200004, 25.67675972 ], [ 89.859184265000181, 25.677551269000048 ], [ 89.85915374800004, 25.677732468000045 ], [ 89.859107971000071, 25.677894593000076 ], [ 89.859046936000084, 25.678108215000123 ], [ 89.858963012000061, 25.678380966000077 ], [ 89.858932495000147, 25.678537370000015 ], [ 89.858863830000018, 25.678716659000031 ], [ 89.858749389000081, 25.679037093999966 ], [ 89.858627319000107, 25.679357529000129 ], [ 89.858528137000064, 25.679664613000114 ], [ 89.858444213000041, 25.679859162000128 ], [ 89.858016968000129, 25.680376054000135 ], [ 89.857658386000139, 25.68065261900017 ], [ 89.857307434000063, 25.680917739000051 ], [ 89.856948853000119, 25.681205750000174 ], [ 89.856559753999989, 25.681524278000097 ], [ 89.856201172000169, 25.681848526000067 ], [ 89.855697632000101, 25.682306289000053 ], [ 89.855529786000034, 25.682432175000145 ], [ 89.85480499200014, 25.68330574100014 ], [ 89.85200500600007, 25.686681747000023 ], [ 89.851715087000173, 25.687004089000084 ], [ 89.851493835000156, 25.687347413000055 ], [ 89.850448608000079, 25.68905067500009 ], [ 89.849601746000189, 25.690433503000122 ], [ 89.849227906000181, 25.691026688000079 ], [ 89.848976136000147, 25.691387176999967 ], [ 89.848770142000149, 25.691719055000078 ], [ 89.848686218000125, 25.691839219000087 ], [ 89.848648071000071, 25.691902161000144 ], [ 89.848411560000102, 25.692342758999985 ], [ 89.847892761000082, 25.693172456000184 ], [ 89.847755432000042, 25.693422318000046 ], [ 89.847648622000065, 25.693611144000045 ], [ 89.847503662000122, 25.693849563000185 ], [ 89.847244263000107, 25.694379807000132 ], [ 89.847084045000145, 25.694738389000179 ], [ 89.847030640000071, 25.694807053000147 ], [ 89.846939086000134, 25.694971085000077 ], [ 89.846893311000031, 25.695070267000062 ], [ 89.846824646000073, 25.695249558000114 ], [ 89.846710205000136, 25.695510865000131 ], [ 89.846611023000094, 25.695711135000181 ], [ 89.846572876000039, 25.695856094000192 ], [ 89.847053529000107, 25.6964817060001 ], [ 89.847518921000074, 25.697071076000157 ], [ 89.8478164670002, 25.697429657999976 ], [ 89.848007201000144, 25.697671890000152 ], [ 89.848083497000061, 25.697759628000142 ], [ 89.848152160000154, 25.697883607000165 ], [ 89.848297120000097, 25.69812965300008 ], [ 89.848495484000125, 25.698400498000012 ], [ 89.848609924000186, 25.698631287000012 ], [ 89.848678590000191, 25.698783874000128 ], [ 89.848907471000018, 25.699586869000029 ], [ 89.848999023000147, 25.699876785000072 ], [ 89.849090577000084, 25.700298310000051 ], [ 89.849136352000073, 25.700471877999973 ], [ 89.849151612000071, 25.700580598000101 ], [ 89.849182129000042, 25.701063156000089 ], [ 89.849197387000061, 25.701440811000168 ], [ 89.849189759000126, 25.701520920000121 ], [ 89.849174499000128, 25.701694488000101 ], [ 89.849220276000096, 25.701948167000182 ], [ 89.84936523500005, 25.702112198000179 ], [ 89.849563599000135, 25.70225715700019 ], [ 89.849975586000198, 25.70261955400008 ], [ 89.850303649000068, 25.702936173000069 ], [ 89.850440979999973, 25.703104019000079 ], [ 89.850654602000077, 25.703416824000101 ], [ 89.850761413000157, 25.703603745000066 ], [ 89.851150513000164, 25.704481126000076 ], [ 89.851234435000038, 25.704730988000165 ], [ 89.851318359, 25.705022811000049 ], [ 89.8513641360002, 25.705219268000064 ], [ 89.851387024000132, 25.705402374000073 ], [ 89.851425171000187, 25.705705643000044 ], [ 89.851501465000069, 25.706085206000125 ], [ 89.851524353, 25.70640754600015 ], [ 89.851890563000097, 25.706733704000101 ], [ 89.851943970000036, 25.70750427300004 ], [ 89.851966859000015, 25.707859039000084 ], [ 89.851959229000101, 25.708040238000024 ], [ 89.851905824000028, 25.708623887000101 ], [ 89.851852416000099, 25.708972931 ], [ 89.851799011000196, 25.709310532000188 ], [ 89.851745606000122, 25.709497451000061 ], [ 89.851577758000076, 25.710035324000103 ], [ 89.851516723000088, 25.710178375000112 ], [ 89.851432799000065, 25.710361481000177 ], [ 89.851310731000126, 25.710821152999983 ], [ 89.851043701000037, 25.711807252000142 ], [ 89.850906372000111, 25.712158203000172 ], [ 89.850830078000058, 25.712362290000044 ], [ 89.850654602000077, 25.712684631000172 ], [ 89.850494385000047, 25.713056565000045 ], [ 89.849853515000177, 25.714088441000172 ], [ 89.849761963000049, 25.714216232000183 ], [ 89.849563599000135, 25.71453857500012 ], [ 89.849327088000052, 25.714979173000131 ], [ 89.849281311000084, 25.715070725000089 ], [ 89.849182129000042, 25.715232850000064 ], [ 89.848243712000112, 25.715250016000084 ], [ 89.84809875500008, 25.715276719000087 ], [ 89.8478164670002, 25.715259551000088 ], [ 89.846733094000172, 25.715318681000156 ], [ 89.846633912000129, 25.715316772999984 ], [ 89.846328734999986, 25.715297700000121 ], [ 89.845817566000107, 25.715341568000042 ], [ 89.845390321000195, 25.715324402000192 ], [ 89.844451904000039, 25.715314866000142 ], [ 89.843757629000095, 25.715293885000051 ], [ 89.843162537000069, 25.715251923000153 ], [ 89.842529297000056, 25.715190888000166 ], [ 89.841293334, 25.715017320000186 ], [ 89.840858459000174, 25.714967727000101 ], [ 89.840293885, 25.714895249000108 ], [ 89.839706422000177, 25.714879991000089 ], [ 89.83923339800009, 25.714843749000124 ], [ 89.83903503300013, 25.714838029000191 ], [ 89.838844299000186, 25.714843749000124 ], [ 89.838035584000124, 25.714843749000124 ], [ 89.837768554000036, 25.714853287000039 ], [ 89.837516785000105, 25.714885711000022 ], [ 89.837364197000113, 25.714912415000128 ], [ 89.837028504000102, 25.714988708000135 ], [ 89.836746216000051, 25.715047836000053 ], [ 89.836143493000179, 25.715242385000067 ], [ 89.835830688000101, 25.715417861000049 ], [ 89.835044861000199, 25.715850831000125 ], [ 89.834922790000121, 25.715944291000085 ], [ 89.834846497000115, 25.716003418000071 ], [ 89.834426880000137, 25.716354370000147 ], [ 89.834297181000181, 25.716489791000072 ], [ 89.834045410000044, 25.716808319000165 ], [ 89.833885192000082, 25.717035294000027 ], [ 89.833717346000071, 25.717224121000072 ], [ 89.833656311000084, 25.717313767000064 ], [ 89.833351134000111, 25.717803955000079 ], [ 89.833244324000191, 25.718011857000079 ], [ 89.833084107000161, 25.718366624 ], [ 89.832710267000152, 25.719039918000135 ], [ 89.832420348000198, 25.719722748000152 ], [ 89.832328796000127, 25.719930650000094 ], [ 89.832168579000097, 25.72030067500009 ], [ 89.83210754400011, 25.720417023000095 ], [ 89.832077027000139, 25.720483781000155 ], [ 89.831977845000097, 25.720739365000156 ], [ 89.831817627000191, 25.721143722000136 ], [ 89.831733704000044, 25.721405029000152 ], [ 89.831695557000046, 25.721529007000129 ], [ 89.831657410000162, 25.721645355000135 ], [ 89.831611633000193, 25.721782684000061 ], [ 89.831558228000119, 25.721929551000017 ], [ 89.831512451000151, 25.722051622000095 ], [ 89.831359863000159, 25.722536087000151 ], [ 89.831352233000018, 25.722642899000107 ], [ 89.831291198000031, 25.722860337000157 ], [ 89.831275940000012, 25.722942353000178 ], [ 89.831161499000075, 25.723411560000159 ], [ 89.831047059000184, 25.723899841000161 ], [ 89.830963135000161, 25.724199295000062 ], [ 89.830833434000169, 25.72460365400002 ], [ 89.830734254000163, 25.724803926000106 ], [ 89.830696105000129, 25.724878312000044 ], [ 89.830635072000121, 25.72499847500012 ], [ 89.830474853999988, 25.72529602100002 ], [ 89.830383300000051, 25.725471497000171 ], [ 89.830223083000021, 25.725658416000101 ], [ 89.829246522000176, 25.726808547000132 ], [ 89.828598022000165, 25.727928162000126 ], [ 89.828277589000038, 25.728469850000181 ], [ 89.827331542000138, 25.729951859000153 ], [ 89.827331542000138, 25.731494904000044 ], [ 89.827331542000138, 25.731636048000155 ], [ 89.827095031000056, 25.732278824000048 ], [ 89.826828003000173, 25.733011245000171 ], [ 89.827041626000153, 25.734750747000191 ], [ 89.827346803000069, 25.735931397000172 ], [ 89.828834533000077, 25.741794587000186 ], [ 89.829017639000142, 25.742513656000085 ], [ 89.831054687000119, 25.744527817 ], [ 89.83255004900019, 25.746269227000028 ], [ 89.835983275000046, 25.750560760000155 ], [ 89.836059571000135, 25.750661850000142 ], [ 89.837104798000041, 25.752000810000084 ], [ 89.837814331, 25.753051757000094 ], [ 89.839073180000184, 25.754953384000146 ], [ 89.839248658000145, 25.755319596000049 ], [ 89.840347290000068, 25.757671356000117 ], [ 89.841087342000037, 25.758815765000065 ], [ 89.841270448000103, 25.759094238000102 ], [ 89.841117858000075, 25.760120393000022 ], [ 89.8408050540001, 25.762239457000192 ], [ 89.840782165000121, 25.762363433000132 ], [ 89.840744018000066, 25.762636186000066 ], [ 89.840728760000047, 25.762708664000172 ], [ 89.840377808000142, 25.765184403000148 ], [ 89.839942933000088, 25.768392563000191 ], [ 89.839912414000139, 25.76848220800008 ], [ 89.839874267000141, 25.768611908000139 ], [ 89.839813232000154, 25.768718719000162 ], [ 89.839775085000099, 25.768829346000189 ], [ 89.839714050000111, 25.769001007000099 ], [ 89.839698792000092, 25.769189835000077 ], [ 89.839691162000179, 25.769298553000169 ], [ 89.839691162000179, 25.769765855000117 ], [ 89.839683533000141, 25.769847869000159 ], [ 89.839660645000038, 25.77000427400003 ], [ 89.839630126000088, 25.770156861000146 ], [ 89.839591979000033, 25.770332337000127 ], [ 89.839569091000101, 25.770444870000063 ], [ 89.839553833000082, 25.770591736000142 ], [ 89.839530944000046, 25.770750046000103 ], [ 89.838935851000087, 25.773258209000062 ], [ 89.838317872000061, 25.775737763000052 ], [ 89.83664703400018, 25.778970719000029 ], [ 89.836456300000179, 25.779344559000037 ], [ 89.833908081000118, 25.783048630000053 ], [ 89.833862306000128, 25.785284042000058 ], [ 89.833953858000086, 25.786647796000125 ], [ 89.833953858000086, 25.786941528000057 ], [ 89.833946227000069, 25.787239074000183 ], [ 89.833938599000135, 25.787368775000175 ], [ 89.833915711000031, 25.787647248000042 ], [ 89.833900452000137, 25.787967683000147 ], [ 89.833877563999977, 25.78819084100013 ], [ 89.833831787, 25.788532257000156 ], [ 89.833503724000138, 25.788795472000174 ], [ 89.83312988400013, 25.789087296000162 ], [ 89.83277130200014, 25.7894344340001 ], [ 89.832214356000065, 25.789913177000187 ], [ 89.831802369000172, 25.790336609000065 ], [ 89.831634521000126, 25.790523530000144 ], [ 89.831375122000054, 25.790882110000155 ], [ 89.831207276000043, 25.791181564000055 ], [ 89.831130981, 25.791372300000035 ], [ 89.830924988000106, 25.792284013000085 ], [ 89.830833434000169, 25.792877198000042 ], [ 89.830802917000085, 25.793188095000062 ], [ 89.830718994000108, 25.794025422000175 ], [ 89.830657958000074, 25.794250488000159 ], [ 89.830596923000087, 25.794481278000035 ], [ 89.830513001000043, 25.794776917000092 ], [ 89.830314637000185, 25.795045852000044 ], [ 89.829994202000194, 25.795413972000119 ], [ 89.829856873000097, 25.79561805700007 ], [ 89.829605103000063, 25.796092987000122 ], [ 89.829399109000065, 25.796709060000182 ], [ 89.82936096200001, 25.796833038000159 ], [ 89.829315185000041, 25.797140123000077 ], [ 89.82922363300014, 25.797832490000076 ], [ 89.829216003000056, 25.798088075000123 ], [ 89.829208375000121, 25.79821395800019 ], [ 89.829238892000035, 25.798456192000117 ], [ 89.829269408000073, 25.798652649000132 ], [ 89.829490661000193, 25.799417497000036 ], [ 89.829566955000132, 25.799602508000135 ], [ 89.829650879000155, 25.799806595000064 ], [ 89.82977294900013, 25.800170900000069 ], [ 89.829887390000067, 25.800493240000094 ], [ 89.82991027800017, 25.800752640000098 ], [ 89.829864501000031, 25.800870895000173 ], [ 89.829696655000191, 25.801240920000168 ], [ 89.829544068000075, 25.801628113000106 ], [ 89.82950592100002, 25.801738739000029 ], [ 89.829437256000119, 25.801921844 ], [ 89.829208375000121, 25.802602769000146 ], [ 89.829032897000161, 25.80327034000004 ], [ 89.828849793000131, 25.803701399999966 ], [ 89.828651429000047, 25.804218292000144 ], [ 89.828506470000036, 25.804588317000082 ], [ 89.827995301000101, 25.805969239000149 ], [ 89.827133178000111, 25.808216095000034 ], [ 89.826934814000197, 25.808992386000057 ], [ 89.826828003000173, 25.809209824000106 ], [ 89.826774596000064, 25.809505462000061 ], [ 89.826744080000026, 25.809583664000172 ], [ 89.82661438100007, 25.809879303000173 ], [ 89.826530457000047, 25.810085297000171 ], [ 89.82643890300011, 25.810287476000099 ], [ 89.824966431000121, 25.810659409000095 ], [ 89.823272705000136, 25.81114006100006 ], [ 89.822914123000146, 25.811796189000177 ], [ 89.822296144000063, 25.812654495000118 ], [ 89.822052002000135, 25.813001633000056 ], [ 89.821746826000094, 25.813117981000119 ], [ 89.821243287000129, 25.813344955000048 ], [ 89.820907593000015, 25.813497544000143 ], [ 89.820487976000038, 25.813634873000069 ], [ 89.819969177000189, 25.813808441000049 ], [ 89.819274902000018, 25.814067841000167 ], [ 89.81909179600018, 25.814039230000049 ], [ 89.818176270000095, 25.813890458000174 ], [ 89.816940308000142, 25.812961579000103 ], [ 89.814529420000156, 25.816980362000038 ], [ 89.815040589000091, 25.817510605000109 ], [ 89.815162659000066, 25.817466736000142 ], [ 89.815307616000041, 25.817426681000086 ], [ 89.815437317000033, 25.817382814000098 ], [ 89.815521241000056, 25.817356110000048 ], [ 89.815666198000088, 25.817291260000161 ], [ 89.815803527000128, 25.81726074300002 ], [ 89.8159179700001, 25.817218781000122 ], [ 89.816047668000181, 25.817176819 ], [ 89.816162109000174, 25.817165374000069 ], [ 89.816261290999989, 25.8171367650001 ], [ 89.816390992000152, 25.817111969000166 ], [ 89.816490174000194, 25.817085267000095 ], [ 89.816589356000065, 25.817056656000091 ], [ 89.816719055000021, 25.817029953000144 ], [ 89.816848756000013, 25.816972732000124 ], [ 89.817085267000152, 25.816911697000137 ], [ 89.817222596000079, 25.816888808999977 ], [ 89.817276001000096, 25.817468642999984 ], [ 89.817306518000066, 25.817832947000113 ], [ 89.818756103, 25.819622039000024 ], [ 89.822021484000118, 25.823646545000088 ], [ 89.822303772000168, 25.824064255000053 ], [ 89.822441101000095, 25.824268342000153 ], [ 89.822845459000177, 25.824777603000086 ], [ 89.823188781000113, 25.825244905000034 ], [ 89.823348998000142, 25.825506210000071 ], [ 89.823677063000048, 25.825918199000114 ], [ 89.824218749000067, 25.826684952000051 ], [ 89.824508667000089, 25.827091217000032 ], [ 89.824737548000144, 25.827405929000122 ], [ 89.825126649000083, 25.827960967000024 ], [ 89.825538636000147, 25.828611375000037 ], [ 89.825706481000111, 25.828807832000052 ], [ 89.825775147000058, 25.828935623000064 ], [ 89.825874329000101, 25.829116821000127 ], [ 89.825965881000059, 25.829387664000024 ], [ 89.82603454600013, 25.829671860000133 ], [ 89.826133728000173, 25.829936982000049 ], [ 89.826347350999981, 25.830495834000089 ], [ 89.826423645000091, 25.830755233000161 ], [ 89.826568604000101, 25.831274032000181 ], [ 89.826782226000034, 25.832130432000156 ], [ 89.826919555000075, 25.83250999500018 ], [ 89.826980591000165, 25.832664490000127 ], [ 89.827133178000111, 25.832965851999973 ], [ 89.827171325000165, 25.833044053000151 ], [ 89.82746124300013, 25.833208085000024 ], [ 89.827888488000042, 25.833505632000083 ], [ 89.828590394000059, 25.833999635000168 ], [ 89.830902100000174, 25.837619782000104 ], [ 89.830398559000173, 25.852140427000109 ], [ 89.830513001000043, 25.853290559000072 ], [ 89.832702636000135, 25.853340149000076 ], [ 89.834114075000116, 25.853416443000185 ], [ 89.834106445000032, 25.854124070000012 ], [ 89.83408011500012, 25.855758211000136 ], [ 89.834075928000061, 25.85601806700015 ], [ 89.834273716999974, 25.856607274000169 ], [ 89.834892274000083, 25.858449936 ], [ 89.835014342000079, 25.858810425000115 ], [ 89.835476075000031, 25.860183141000164 ], [ 89.83557891900017, 25.860488891000045 ], [ 89.834327698000095, 25.865207672000111 ], [ 89.834136973000057, 25.866968062000126 ], [ 89.833990112000095, 25.867307019000179 ], [ 89.833175659000119, 25.869186401000093 ], [ 89.833091735000096, 25.869453431000181 ], [ 89.833082774000161, 25.869473369000048 ], [ 89.833015, 25.869623 ], [ 89.832936344000075, 25.869774189000054 ], [ 89.832847596000022, 25.869943619000026 ], [ 89.83271064700017, 25.870248332000131 ], [ 89.83269500800003, 25.870283128000153 ], [ 89.83268224700015, 25.870311414000184 ], [ 89.832580566000161, 25.870536805000086 ], [ 89.832537224000134, 25.870636490000095 ], [ 89.832504272000051, 25.870712280000134 ], [ 89.832554635000065, 25.870751483999982 ], [ 89.832840000000147, 25.870974000000103 ], [ 89.834427000000176, 25.872395 ], [ 89.835808, 25.873629 ], [ 89.836006248000103, 25.873795809000114 ], [ 89.83657074000007, 25.874271392000082 ], [ 89.837745667000036, 25.875257493000049 ], [ 89.839103699000134, 25.876804351000146 ], [ 89.839567190000196, 25.878069560000142 ], [ 89.839668245000098, 25.878345413000091 ], [ 89.840545654000152, 25.879825592000088 ], [ 89.840690613000163, 25.880075454000178 ], [ 89.84115600500013, 25.880577088000109 ], [ 89.842315674000076, 25.881834031000096 ], [ 89.843429566000054, 25.883039475000032 ], [ 89.844355141000165, 25.884038792000183 ], [ 89.844818114000191, 25.884538651000071 ], [ 89.845635373, 25.88541908500008 ], [ 89.84597778300008, 25.885787964000144 ], [ 89.846033174000183, 25.885847202000093 ], [ 89.846115112000177, 25.885934829000121 ], [ 89.846389769999973, 25.886119842000085 ], [ 89.846496972000182, 25.886208771000042 ], [ 89.846725464000087, 25.886398315000122 ], [ 89.847640991000048, 25.887195588000054 ], [ 89.847957163000103, 25.887410379000187 ], [ 89.847991943000125, 25.887434006000092 ], [ 89.848061831000052, 25.887481508000121 ], [ 89.848480000000109, 25.887766 ], [ 89.848731922000184, 25.887933948000068 ], [ 89.848548889000199, 25.888473510000097 ], [ 89.848464668000076, 25.888718852000181 ], [ 89.848373413000104, 25.888984681000068 ], [ 89.848335266000049, 25.889091492000091 ], [ 89.848235192000118, 25.889644681000107 ], [ 89.848197937000123, 25.889850617000093 ], [ 89.848179664000099, 25.890110091000111 ], [ 89.848083497000061, 25.891475678000177 ], [ 89.848129272000051, 25.891885758000171 ], [ 89.848196135000137, 25.892104917000097 ], [ 89.848808288999976, 25.89289283700009 ], [ 89.849180253000043, 25.89322075400014 ], [ 89.8492431640002, 25.893276215000014 ], [ 89.849283591000074, 25.893309365000107 ], [ 89.849433898000143, 25.893432618000077 ], [ 89.849679291000143, 25.893589920000124 ], [ 89.849731444999975, 25.893623352000077 ], [ 89.849830627000017, 25.893692017000149 ], [ 89.850138274000187, 25.893872622000117 ], [ 89.850685000000112, 25.894194 ], [ 89.851089000000172, 25.894459 ], [ 89.851127352000105, 25.894525050000084 ], [ 89.85114288300008, 25.894552229999988 ], [ 89.851194974, 25.894738512000174 ], [ 89.851318000000106, 25.89518 ], [ 89.851393860000144, 25.895474203000163 ], [ 89.851432799000065, 25.89562606800007 ], [ 89.851485720000085, 25.895727278000095 ], [ 89.851585389000093, 25.895917892000057 ], [ 89.852058033000105, 25.896311496000067 ], [ 89.85271453900009, 25.896858216000055 ], [ 89.852973939000037, 25.897005082000078 ], [ 89.85305519100001, 25.897061789000077 ], [ 89.853340149000132, 25.897260667000182 ], [ 89.853652953000108, 25.897447586000112 ], [ 89.853792675000136, 25.897529397000028 ], [ 89.853942872, 25.897617341000057 ], [ 89.85436916600014, 25.897885494000093 ], [ 89.854416, 25.897915 ], [ 89.854759, 25.898136 ], [ 89.85527, 25.898485000000164 ], [ 89.855507000000102, 25.89866300000017 ], [ 89.855734308000081, 25.898844971000187 ], [ 89.85587310700015, 25.89895629900019 ], [ 89.856031362000181, 25.89909891200017 ], [ 89.856201000000169, 25.899252 ], [ 89.8563690000002, 25.89939900000013 ], [ 89.856491916000095, 25.899511087000064 ], [ 89.856788635000044, 25.899782180000045 ], [ 89.85720802700007, 25.90031404400014 ], [ 89.857414245000086, 25.900655745999984 ], [ 89.857601731000159, 25.900903123000148 ], [ 89.857688905000089, 25.901018143000044 ], [ 89.857856750000053, 25.901220321999972 ], [ 89.858039856000062, 25.901475907000076 ], [ 89.858064186000149, 25.901518485000054 ], [ 89.858192, 25.901743 ], [ 89.858495134000066, 25.90244975000013 ], [ 89.858551025000168, 25.902580260999969 ], [ 89.858657837000123, 25.902805329000159 ], [ 89.859046936000084, 25.903507232000038 ], [ 89.859161822000033, 25.903727933000084 ], [ 89.859192000000178, 25.903786 ], [ 89.859489, 25.904423000000122 ], [ 89.859993, 25.905396000000167 ], [ 89.860130000000197, 25.905766 ], [ 89.86035900000013, 25.906511 ], [ 89.860384879000037, 25.906577668000068 ], [ 89.860450744000048, 25.906747819000032 ], [ 89.860496521000016, 25.90685272200011 ], [ 89.860626089000107, 25.907104239000034 ], [ 89.860748291000107, 25.907430649000048 ], [ 89.86094975900005, 25.907328784000015 ], [ 89.861427307000156, 25.907087327000056 ], [ 89.861602771000094, 25.906997345000036 ], [ 89.861725000000149, 25.906935000000146 ], [ 89.86197061200005, 25.907178080000165 ], [ 89.863082885000154, 25.908279418000177 ], [ 89.86338177500005, 25.908602786000131 ], [ 89.863525, 25.908758000000148 ], [ 89.864082000000167, 25.909344000000146 ], [ 89.864571100000092, 25.909902743000089 ], [ 89.864692688000048, 25.910041809000063 ], [ 89.864874723000071, 25.910239833000105 ], [ 89.865257264000036, 25.910655975000111 ], [ 89.865623474000131, 25.911087037000073 ], [ 89.865913390000173, 25.911415100000113 ], [ 89.866386611000109, 25.911902184999974 ], [ 89.866889953000054, 25.912420272000134 ], [ 89.867232671000124, 25.912759096000116 ], [ 89.867561, 25.913084 ], [ 89.868202000000167, 25.913708 ], [ 89.868713000000128, 25.914225 ], [ 89.869232375000024, 25.914767717000132 ], [ 89.869247436000137, 25.914783478000118 ], [ 89.86983848300008, 25.915324324000096 ], [ 89.870437622000054, 25.915872574000161 ], [ 89.871078492000095, 25.916513444000032 ], [ 89.871643066000104, 25.917083741000056 ], [ 89.872482300000115, 25.917949676000035 ], [ 89.873177057000134, 25.918616643000064 ], [ 89.873435975000064, 25.918865204000156 ], [ 89.874252319000107, 25.919664384000157 ], [ 89.874771118000126, 25.920244217000118 ], [ 89.875480651000089, 25.921129228000041 ], [ 89.875887632000115, 25.921598191000044 ], [ 89.876144000000181, 25.921894 ], [ 89.876854000000151, 25.922764000000143 ], [ 89.876972551000108, 25.922908343000074 ], [ 89.877639770000144, 25.92372131400009 ], [ 89.878220834000103, 25.924123171000076 ], [ 89.87845611500012, 25.924285888000099 ], [ 89.878491403000169, 25.924308826000072 ], [ 89.878531973000179, 25.924335197000175 ], [ 89.878508348000082, 25.924507919000121 ], [ 89.878486634000069, 25.924663544000111 ], [ 89.878303528000174, 25.925813675000143 ], [ 89.878077024999982, 25.926356976000079 ], [ 89.878021240000066, 25.926490784000123 ], [ 89.8779373160001, 25.926696779 ], [ 89.878448487000185, 25.9276447310001 ], [ 89.878821009000092, 25.928329133999966 ], [ 89.879104613000095, 25.928850175000036 ], [ 89.879806519000113, 25.931575775000113 ], [ 89.8798675540001, 25.931797028000062 ], [ 89.880256652000128, 25.932657243000051 ], [ 89.881340028000068, 25.935020446000124 ], [ 89.881505946000118, 25.935418024000171 ], [ 89.881744, 25.93598900000012 ], [ 89.882085946000132, 25.936819100999969 ], [ 89.882606507000162, 25.938083650000067 ], [ 89.882983761999981, 25.938724711000077 ], [ 89.883659362000117, 25.939872741000045 ], [ 89.884605408000084, 25.941442490000156 ], [ 89.884647317000088, 25.9415105920001 ], [ 89.884757996000076, 25.941690446000052 ], [ 89.885772706000182, 25.943300247000138 ], [ 89.885940551000147, 25.943580628000177 ], [ 89.878852844000164, 25.943191529000046 ], [ 89.877326965000123, 25.943109512999968 ], [ 89.871437074000141, 25.941440581999984 ], [ 89.865196229000048, 25.940980911000054 ], [ 89.864313117000165, 25.940905432000136 ], [ 89.860733000000153, 25.940599000000191 ], [ 89.858592203000057, 25.940290363000145 ], [ 89.85713958700012, 25.940080643000044 ], [ 89.855664254000146, 25.939953400000036 ], [ 89.85386700000015, 25.939798000000167 ], [ 89.852791675000049, 25.939333751000049 ], [ 89.852600099000199, 25.939250947000119 ], [ 89.851027669000132, 25.938193185000159 ], [ 89.849540710000099, 25.937192918000108 ], [ 89.848658354000122, 25.936712457000056 ], [ 89.8473129260002, 25.935979844000087 ], [ 89.846061707000104, 25.935941697000032 ], [ 89.844362954000189, 25.93713440300013 ], [ 89.844070000000102, 25.937340000000177 ], [ 89.844276, 25.938990000000103 ], [ 89.843971, 25.94011300000011 ], [ 89.843021714000031, 25.94011445600006 ], [ 89.842666626000153, 25.940114975000029 ], [ 89.839675903000057, 25.941003799000043 ], [ 89.839459377000082, 25.941067483000154 ], [ 89.839287000000127, 25.941118000000131 ], [ 89.839233288000116, 25.941133849000096 ], [ 89.839103699000134, 25.941171647000033 ], [ 89.839123785000197, 25.941198428000064 ], [ 89.83924102800006, 25.941354751000119 ], [ 89.839534814, 25.941701462000083 ], [ 89.83975982700008, 25.941967012000021 ], [ 89.839889380000045, 25.942109900000162 ], [ 89.836777, 25.94161 ], [ 89.83617721100012, 25.941518231000146 ], [ 89.835411071000124, 25.941400528000088 ], [ 89.831939698000042, 25.941461563000075 ], [ 89.829498291000107, 25.942180634000124 ], [ 89.828201000000149, 25.94356 ], [ 89.828346, 25.945341000000155 ], [ 89.828384000000199, 25.945812 ], [ 89.828234194000061, 25.945810465000193 ], [ 89.827896119000059, 25.945806504000132 ], [ 89.827678068000068, 25.945796021000035 ], [ 89.827499000000159, 25.945787000000109 ], [ 89.82679700000017, 25.945705 ], [ 89.826492096000152, 25.945676050000145 ], [ 89.826301574000013, 25.94565773000005 ], [ 89.825347900000168, 25.945571901000164 ], [ 89.825291922000133, 25.945816104000187 ], [ 89.825195312000176, 25.946237564000057 ], [ 89.825154255000029, 25.946524109000052 ], [ 89.825103760000047, 25.946876527000086 ], [ 89.825065613000163, 25.947124481000174 ], [ 89.824996948000091, 25.94850158800017 ], [ 89.824995687000069, 25.948543519000168 ], [ 89.824989320000157, 25.948755265000102 ], [ 89.825050353000165, 25.949045181000145 ], [ 89.825173379000034, 25.949584083000104 ], [ 89.825225831000125, 25.949813842000026 ], [ 89.825416565000069, 25.950675965000073 ], [ 89.825555960000145, 25.95129577299997 ], [ 89.825630188000105, 25.951625824000018 ], [ 89.825828552000132, 25.951816559000122 ], [ 89.82900238000019, 25.954778672000145 ], [ 89.829056516000094, 25.954832808000162 ], [ 89.829078674000129, 25.954854966000028 ], [ 89.831001282000045, 25.955215455000143 ], [ 89.832553866000069, 25.954887727000028 ], [ 89.832618713000045, 25.954874039000117 ], [ 89.832956743000125, 25.95472308300009 ], [ 89.835403443000018, 25.953630448000183 ], [ 89.837509154000088, 25.952693939000028 ], [ 89.838287353000112, 25.95233726500004 ], [ 89.83921051100009, 25.951923371000078 ], [ 89.840370178, 25.951412202000142 ], [ 89.841278075999981, 25.951189041000021 ], [ 89.841469496000059, 25.951145724000128 ], [ 89.842163000000198, 25.950989000000106 ], [ 89.843406841, 25.950731751000035 ], [ 89.843482971000071, 25.950716018999969 ], [ 89.844276429000047, 25.950647354000068 ], [ 89.845039367000084, 25.950584411000136 ], [ 89.846191406000116, 25.950466155000072 ], [ 89.846802307000132, 25.950205045000189 ], [ 89.847374, 25.949961000000144 ], [ 89.849091, 25.949255000000164 ], [ 89.849265574000071, 25.949219088 ], [ 89.848988880000093, 25.949415080000108 ], [ 89.848670960000106, 25.949640274000046 ], [ 89.848388672000169, 25.949844361000146 ], [ 89.848219158000177, 25.949970083999972 ], [ 89.848159791000171, 25.950014114000112 ], [ 89.84784698600015, 25.950332641000045 ], [ 89.84743499700005, 25.950664520000089 ], [ 89.84726, 25.95083000000011 ], [ 89.847216047000074, 25.95086655900019 ], [ 89.847045899000193, 25.951007843000127 ], [ 89.846755982000104, 25.951293946000135 ], [ 89.846702575000052, 25.951368332000072 ], [ 89.845626832000107, 25.952713013 ], [ 89.845359802000019, 25.952980043000082 ], [ 89.845359802000019, 25.953207016000135 ], [ 89.845224918000099, 25.953483530000085 ], [ 89.845169, 25.95359800000017 ], [ 89.845039000000156, 25.953825000000109 ], [ 89.844950070000095, 25.953966119000142 ], [ 89.84482574499998, 25.954162598000153 ], [ 89.844642639000142, 25.954502107000053 ], [ 89.844497681, 25.954751968000039 ], [ 89.84443664600002, 25.954868316000102 ], [ 89.844518063000123, 25.95492768400004 ], [ 89.844528000000139, 25.954935 ], [ 89.844579194000119, 25.954978987000118 ], [ 89.844734193000079, 25.955112458000031 ], [ 89.844854157000043, 25.955208793000111 ], [ 89.84498596200018, 25.955314637000185 ], [ 89.845252990000063, 25.955541611000115 ], [ 89.845732405000035, 25.955929008999988 ], [ 89.846435547000169, 25.956497193000132 ], [ 89.846649170000148, 25.956594467000173 ], [ 89.846740722000106, 25.956638337000072 ], [ 89.846857667000052, 25.956690961000163 ], [ 89.846893, 25.956707000000165 ], [ 89.847137, 25.956818000000112 ], [ 89.847094325000114, 25.956869378000079 ], [ 89.846984863000102, 25.957000734000133 ], [ 89.84690931199998, 25.957140503000062 ], [ 89.846832000000177, 25.957283 ], [ 89.846430739000084, 25.957886719000157 ], [ 89.846282958000018, 25.958108903000095 ], [ 89.846076966000055, 25.958423615000186 ], [ 89.845962525000061, 25.958595276000096 ], [ 89.845870651000098, 25.958724155000027 ], [ 89.845825196000192, 25.958787918000041 ], [ 89.8456954950002, 25.959022521000179 ], [ 89.845588718000158, 25.959229797000091 ], [ 89.845565796000017, 25.959274293000021 ], [ 89.845531995000158, 25.959347272000116 ], [ 89.845482, 25.959455000000162 ], [ 89.845329000000163, 25.959709 ], [ 89.845222, 25.959936 ], [ 89.844947815000126, 25.960321427000167 ], [ 89.844787598000153, 25.960714340000095 ], [ 89.844734355000071, 25.960802925000053 ], [ 89.8445660000001, 25.961082000000147 ], [ 89.844429000000105, 25.961290000000133 ], [ 89.84353317900019, 25.963011054000049 ], [ 89.843032838000056, 25.963972093000052 ], [ 89.842559814000197, 25.964557648000095 ], [ 89.842346191, 25.964656830000138 ], [ 89.840194702000076, 25.965650559000039 ], [ 89.838821408000115, 25.966283806000149 ], [ 89.838758249000136, 25.966441703000157 ], [ 89.838744885000096, 25.966475093000042 ], [ 89.838142394000101, 25.967927933000169 ], [ 89.838050842000143, 25.968143463000047 ], [ 89.838539123000146, 25.968469619000075 ], [ 89.838661193000121, 25.968469619000075 ], [ 89.840270996000186, 25.96847152700002 ], [ 89.840415955000196, 25.968778611000062 ], [ 89.841102600000056, 25.97018814200004 ], [ 89.841415405000077, 25.970411300000023 ], [ 89.84187316900011, 25.970739365000099 ], [ 89.845497131000116, 25.971366882000041 ], [ 89.848251343000129, 25.97097396900017 ], [ 89.849807740000188, 25.97075271600005 ], [ 89.850555420000035, 25.970434188000183 ], [ 89.851387024000132, 25.970092775000069 ], [ 89.85182952800011, 25.969942093000043 ], [ 89.852317810000045, 25.969795228000066 ], [ 89.852935791999982, 25.969549179000012 ], [ 89.853553771000065, 25.96935653800017 ], [ 89.855201721000185, 25.96885299700017 ], [ 89.855644226000095, 25.968870163000133 ], [ 89.856216431000121, 25.968896866000136 ], [ 89.857009888000107, 25.968959809000125 ], [ 89.857368470000154, 25.968996048000179 ], [ 89.857711791000042, 25.969026565000149 ], [ 89.857894897000051, 25.969034195000063 ], [ 89.858016968000129, 25.969043733000149 ], [ 89.858123780000085, 25.969062806000181 ], [ 89.858230590000062, 25.969093323000152 ], [ 89.858558655000081, 25.969177247000175 ], [ 89.859024047000048, 25.96932601900005 ], [ 89.859191895000095, 25.969367981000119 ], [ 89.859443664000082, 25.969451905000142 ], [ 89.859619140000177, 25.969539642000029 ], [ 89.859832762999986, 25.969602584000086 ], [ 89.859970092000083, 25.969652177 ], [ 89.860160828000062, 25.969749451000098 ], [ 89.860725402000071, 25.970039367000084 ], [ 89.860893250000117, 25.970132829000192 ], [ 89.861045837000177, 25.970205307000128 ], [ 89.861137391000113, 25.970247269000083 ], [ 89.861351014000149, 25.970365525000091 ], [ 89.861633300000051, 25.970561982000049 ], [ 89.861923218000072, 25.97074318000017 ], [ 89.86251068100006, 25.971097947000089 ], [ 89.862594605000083, 25.971181871000113 ], [ 89.862899781000124, 25.971403121000151 ], [ 89.863418578000164, 25.971679687000119 ], [ 89.86353302100008, 25.971714021000082 ], [ 89.863769532000049, 25.97178840700019 ], [ 89.864074707000157, 25.971855165000022 ], [ 89.864219666000167, 25.97188568100006 ], [ 89.864654541000164, 25.971948624000049 ], [ 89.865364074000183, 25.972030640000071 ], [ 89.865531922, 25.972015380000073 ], [ 89.865898132000154, 25.972047806000091 ], [ 89.866188050000119, 25.972059250000143 ], [ 89.866645812000172, 25.972099304000096 ], [ 89.866783141000099, 25.972154617000115 ], [ 89.867095948000099, 25.972345353000094 ], [ 89.867355347000171, 25.972501755000053 ], [ 89.869682312000066, 25.97347068800002 ], [ 89.871757507000098, 25.974163056000123 ], [ 89.873054505000084, 25.975696565000078 ], [ 89.873199464000095, 25.975862503000144 ], [ 89.873107910000158, 25.976026535000017 ], [ 89.872032165000064, 25.9778823850001 ], [ 89.87181091400015, 25.978292466000028 ], [ 89.871391297000173, 25.978403092000121 ], [ 89.871124267000084, 25.978471757000023 ], [ 89.871093750000114, 25.978555679000067 ], [ 89.870918275000122, 25.979015350000168 ], [ 89.871101378000048, 25.979810715000156 ], [ 89.870956421000074, 25.980579376000094 ], [ 89.870658875000117, 25.981452942000033 ], [ 89.870140076000098, 25.981615067000064 ], [ 89.869682312000066, 25.981756211000175 ], [ 89.868965148000029, 25.981300355000144 ], [ 89.868606567000143, 25.979778291000116 ], [ 89.868415832000096, 25.979635239 ], [ 89.867980957000043, 25.9793090820001 ], [ 89.867103576000034, 25.979480744000114 ], [ 89.866783141000099, 25.979990006000151 ], [ 89.866630554000153, 25.980228425000064 ], [ 89.866653442000086, 25.980392457000164 ], [ 89.86676788300008, 25.981149673000118 ], [ 89.865325928000061, 25.982360840000013 ], [ 89.861343384, 25.984411241000146 ], [ 89.859207153000114, 25.985071182000127 ], [ 89.857666016000053, 25.985580445000039 ], [ 89.857322693000185, 25.985948563000136 ], [ 89.853126526000153, 25.987546920000113 ], [ 89.852020264000089, 25.989458085000081 ], [ 89.85128784200009, 25.989639283000145 ], [ 89.850761413000157, 25.989767074000156 ], [ 89.8502349850001, 25.990200042000083 ], [ 89.849830627000017, 25.990901947000168 ], [ 89.849143982000157, 25.9920978560001 ], [ 89.848869324000191, 25.992900849000023 ], [ 89.848815919000117, 25.992992401000151 ], [ 89.848739623000199, 25.992992401000151 ], [ 89.848640441000157, 25.993225099000028 ], [ 89.847938538000051, 25.994935989000169 ], [ 89.847656250000171, 25.996034623000128 ], [ 89.847480774000189, 25.996698379000179 ], [ 89.847419739000031, 25.996912003999967 ], [ 89.847221374000071, 25.99685668900014 ], [ 89.847236633000193, 25.998189926 ], [ 89.847251893000191, 25.99926948500007 ], [ 89.847587586000145, 26.000684738000018 ], [ 89.847610473000032, 26.000778198000148 ], [ 89.846183776000032, 26.002729417000182 ], [ 89.844200135000108, 26.006078721000051 ], [ 89.844055176000097, 26.006250382000133 ], [ 89.843833922999977, 26.006502151000063 ], [ 89.843048096000075, 26.007244110999977 ], [ 89.842895509000186, 26.007301331000122 ], [ 89.84237671000011, 26.00766182000018 ], [ 89.841690063000101, 26.008226394000189 ], [ 89.841377258000023, 26.008426666000048 ], [ 89.840919494000161, 26.008598327000129 ], [ 89.840347290000068, 26.008867264000116 ], [ 89.840019227000198, 26.008949280000138 ], [ 89.839614868000069, 26.009019852000108 ], [ 89.839302063000048, 26.009231569000121 ], [ 89.83898925800014, 26.009477615000037 ], [ 89.838752747000058, 26.009689330000072 ], [ 89.837471008000136, 26.008501052000156 ], [ 89.836563110000156, 26.006530762000011 ], [ 89.836502075000169, 26.005559921999975 ], [ 89.836380004000091, 26.003908157000183 ], [ 89.835830688000101, 26.001190187000191 ], [ 89.834976196000127, 25.999559403000092 ], [ 89.834320067000078, 25.997470855000131 ], [ 89.83566284200009, 25.995000839000056 ], [ 89.836441039000078, 25.99277115000001 ], [ 89.836730958000032, 25.99158096400015 ], [ 89.836120606000122, 25.989139557000044 ], [ 89.837409972000046, 25.987188339000056 ], [ 89.839126587000067, 25.984769822000032 ], [ 89.839225769000109, 25.983230591000165 ], [ 89.839752197000166, 25.981010437000123 ], [ 89.837577820000092, 25.979448318000095 ], [ 89.834762573000148, 25.980060577000017 ], [ 89.832511902000135, 25.98084068300011 ], [ 89.828872680000131, 25.981130600000029 ], [ 89.826370240000188, 25.982191087000103 ], [ 89.823440552000079, 25.984519958000135 ], [ 89.822959900000114, 25.984909059000131 ], [ 89.821121216000051, 25.986885072000064 ], [ 89.820800781000059, 25.987224580000088 ], [ 89.820678711000085, 25.987354279000101 ], [ 89.820457458000192, 25.987594605000083 ], [ 89.820343017000027, 25.987648010000157 ], [ 89.820152283000084, 25.987741472000096 ], [ 89.819755555000086, 25.988286972000083 ], [ 89.819511413000157, 25.988590241000054 ], [ 89.819282532000159, 25.988883972999986 ], [ 89.819190978000051, 25.989048005000086 ], [ 89.81909179600018, 25.989219666000167 ], [ 89.818832397000108, 25.989505767000139 ], [ 89.818771361000017, 25.989658356000064 ], [ 89.818733215000066, 25.989761354000052 ], [ 89.818550111000036, 25.990020751000088 ], [ 89.8175354010001, 25.991285325000092 ], [ 89.817398072000174, 25.991487503000144 ], [ 89.817283631000066, 25.991777421000165 ], [ 89.817161561000091, 25.992008209000062 ], [ 89.817008971000064, 25.992317199000013 ], [ 89.816719055000021, 25.992885590000071 ], [ 89.816535949000183, 25.993146897000145 ], [ 89.816490174000194, 25.993331909000176 ], [ 89.816276549, 25.993747711000083 ], [ 89.816093445000149, 25.99423408600012 ], [ 89.815757752000195, 25.995269775000111 ], [ 89.815460206000068, 25.995927811000172 ], [ 89.815391540000064, 25.996303558000079 ], [ 89.815246581000054, 25.996623993000071 ], [ 89.815101624000079, 25.997035980000135 ], [ 89.814987184000188, 25.997491836000165 ], [ 89.814918518000184, 25.997575760000188 ], [ 89.814811706000057, 25.997947693000128 ], [ 89.814903260000165, 25.998016358000029 ], [ 89.815208434, 25.997793198000068 ], [ 89.815734864000035, 25.997432709000179 ], [ 89.816085815000065, 25.997188569000059 ], [ 89.816459655000074, 25.996946336000178 ], [ 89.816703797, 25.996744156000148 ], [ 89.816879272000051, 25.996576309000034 ], [ 89.817047120000097, 25.99641609300005 ], [ 89.817466735000096, 25.99617958000016 ], [ 89.81766509900018, 25.996112824000136 ], [ 89.818038940000122, 25.996028900000113 ], [ 89.818122863000042, 25.99600601200018 ], [ 89.818260192000082, 25.995967865000125 ], [ 89.818550111000036, 25.995950699000105 ], [ 89.81890106200018, 25.99600601200018 ], [ 89.819221497000171, 25.996049881000147 ], [ 89.819480897000119, 25.996225357000128 ], [ 89.819755555000086, 25.996511460000079 ], [ 89.819877625000061, 25.996681213000159 ], [ 89.81995391900017, 25.996789933000116 ], [ 89.82012176500001, 25.997108461000153 ], [ 89.820213318000071, 25.99736023000014 ], [ 89.820297240000059, 25.997503282000082 ], [ 89.820419311000137, 25.99803733900012 ], [ 89.820465088000105, 25.998468399000046 ], [ 89.82050323500016, 25.998781204000124 ], [ 89.820556640000063, 25.999652863 ], [ 89.820327759, 26.000213624000139 ], [ 89.819984436000141, 26.000946045000092 ], [ 89.819885253000166, 26.001239777000023 ], [ 89.819686889000138, 26.001726150000025 ], [ 89.81924438599998, 26.002630234000094 ], [ 89.819007874000135, 26.003149033999989 ], [ 89.819053649000125, 26.003396988000077 ], [ 89.819122315000129, 26.004220962000034 ], [ 89.819152832000043, 26.004341125000167 ], [ 89.819183350000117, 26.004465103000086 ], [ 89.819389343000182, 26.005077362000065 ], [ 89.819458008000083, 26.005176544000051 ], [ 89.819686889000138, 26.005619049000188 ], [ 89.819801330000075, 26.00593566900011 ], [ 89.820014954000158, 26.006492615000184 ], [ 89.8201828, 26.007036209000034 ], [ 89.820274354000162, 26.007349015000159 ], [ 89.820388794, 26.007797242000038 ], [ 89.82078552300004, 26.007776261000174 ], [ 89.82135009700005, 26.007755280000083 ], [ 89.821891785000105, 26.007720948000099 ], [ 89.821960448000198, 26.008062364000125 ], [ 89.82192993200016, 26.008323669000163 ], [ 89.821922301000143, 26.008575440000129 ], [ 89.821868896000069, 26.00889206 ], [ 89.821838380000031, 26.009159088000104 ], [ 89.821846008000136, 26.009399414000086 ], [ 89.821884155000191, 26.009771347000026 ], [ 89.821945190000179, 26.010038377000114 ], [ 89.821517945000096, 26.010450363000075 ], [ 89.821327209000117, 26.01062965400007 ], [ 89.82131195, 26.010892869000088 ], [ 89.82131195, 26.01100158700001 ], [ 89.821304322000117, 26.011238098000149 ], [ 89.821296691999976, 26.011425019000058 ], [ 89.821266175000062, 26.011730194000165 ], [ 89.821228026000199, 26.012001038000051 ], [ 89.82118988000002, 26.01206970200019 ], [ 89.820823670000095, 26.01243591400015 ], [ 89.82050323500016, 26.012716294000086 ], [ 89.820320129000095, 26.012889863000112 ], [ 89.820007324000073, 26.013187409000068 ], [ 89.819816590000073, 26.013389588000166 ], [ 89.819717408000088, 26.013502121000158 ], [ 89.819610595000199, 26.013669967000169 ], [ 89.819541932000106, 26.013877869000169 ], [ 89.819465636000189, 26.014083863000167 ], [ 89.819313049000073, 26.01450538600011 ], [ 89.819190978000051, 26.014831544000117 ], [ 89.819053649000125, 26.015300751000098 ], [ 89.818939209000064, 26.015542983999978 ], [ 89.818885804000161, 26.015693664000025 ], [ 89.81860351600011, 26.015975952000133 ], [ 89.818206787000065, 26.016372681000178 ], [ 89.817924499000128, 26.016643524000131 ], [ 89.817733765000185, 26.016857148000042 ], [ 89.817611694000107, 26.016977310000186 ], [ 89.81747436500018, 26.017116546000182 ], [ 89.816993713000045, 26.017221451000069 ], [ 89.816665650000175, 26.017297744000075 ], [ 89.816337585000099, 26.01714897200003 ], [ 89.816139220000139, 26.017074586000092 ], [ 89.816055299000197, 26.017230988000051 ], [ 89.815765380000073, 26.017723084000068 ], [ 89.815681457000153, 26.017961502999981 ], [ 89.81557464600013, 26.018205642000055 ], [ 89.815483094000172, 26.018606186000113 ], [ 89.815391540000064, 26.01923370500009 ], [ 89.815338135, 26.019697189000055 ], [ 89.815299988000163, 26.020311355999979 ], [ 89.815391540000064, 26.020641326000145 ], [ 89.815437317000033, 26.020822525000085 ], [ 89.815536499000075, 26.021068573000036 ], [ 89.81563568200005, 26.021274566000102 ], [ 89.815696717000037, 26.021432878000098 ], [ 89.815895081000065, 26.0216884620001 ], [ 89.816276549, 26.022287368000093 ], [ 89.816474914000196, 26.022603988000185 ], [ 89.816688538000108, 26.02291107200017 ], [ 89.817008971000064, 26.023311616000115 ], [ 89.81731414800015, 26.023656845000119 ], [ 89.817489624000132, 26.023824692000062 ], [ 89.817657471000075, 26.024005891000058 ], [ 89.817825317000086, 26.024276734000182 ], [ 89.817901611000195, 26.024459840000077 ], [ 89.818298339000137, 26.024936676999971 ], [ 89.818649293000078, 26.025266648000184 ], [ 89.819221497000171, 26.025915146000045 ], [ 89.818809510000108, 26.026321412000073 ], [ 89.818595886000196, 26.026527404000092 ], [ 89.818351746000019, 26.026794434000124 ], [ 89.818107605000193, 26.027034760000106 ], [ 89.817855836000035, 26.027315141000145 ], [ 89.817359925000119, 26.027833938000185 ], [ 89.817153930000075, 26.028030394999973 ], [ 89.816864014000032, 26.028299332000131 ], [ 89.81681060700015, 26.028348922000134 ], [ 89.816497802000129, 26.028621675000068 ], [ 89.816108704000101, 26.028982162000148 ], [ 89.815788269000109, 26.029268265000098 ], [ 89.815475464000087, 26.029535293000151 ], [ 89.815223695000157, 26.02976989900003 ], [ 89.814926148000097, 26.030061722000085 ], [ 89.814804078000122, 26.030233383 ], [ 89.814537048000091, 26.030664443000148 ], [ 89.814300537000122, 26.03102493300014 ], [ 89.81400299000012, 26.03151130800012 ], [ 89.813789368000187, 26.031894683000132 ], [ 89.813705444, 26.032123566000166 ], [ 89.813644409, 26.032363893000081 ], [ 89.813583373000142, 26.032649994000053 ], [ 89.813560487000188, 26.032960891000073 ], [ 89.813522338000155, 26.033210755000141 ], [ 89.813476563000165, 26.033546448000152 ], [ 89.813407897000161, 26.033868791000089 ], [ 89.813346862000174, 26.034275055000137 ], [ 89.813270568000064, 26.034635544000025 ], [ 89.813224793000131, 26.035102844000107 ], [ 89.81315612800006, 26.035703659000035 ], [ 89.813117981000175, 26.035963059000153 ], [ 89.813102723000156, 26.036148072000117 ], [ 89.812919617000091, 26.036062241000025 ], [ 89.812873840000123, 26.036367416000132 ], [ 89.812797546000013, 26.037015916000144 ], [ 89.812751769000045, 26.037189484000123 ], [ 89.812538147000168, 26.037984849000111 ], [ 89.812423706000175, 26.038400651000075 ], [ 89.812316894000048, 26.038749695000149 ], [ 89.812271119000059, 26.038806915000066 ], [ 89.811973572000056, 26.039186478000147 ], [ 89.81208801300005, 26.039398193000181 ], [ 89.812011719000111, 26.039535524000087 ], [ 89.811904907000155, 26.039812089000122 ], [ 89.811706543000071, 26.040309905000129 ], [ 89.81156158400006, 26.040611266999974 ], [ 89.811386108000136, 26.040901185000166 ], [ 89.811203004000106, 26.041151047000085 ], [ 89.810882569000114, 26.041559219000078 ], [ 89.810752868000122, 26.04169273500014 ], [ 89.810539245000143, 26.041915893000123 ], [ 89.81032562300004, 26.042112350000139 ], [ 89.809951783000031, 26.042453766000108 ], [ 89.80960845900006, 26.042766570000083 ], [ 89.809471130000134, 26.042869568000071 ], [ 89.809082032000106, 26.043136597000057 ], [ 89.808830260000036, 26.043285369999978 ], [ 89.808609010000055, 26.043422699000075 ], [ 89.80597686700014, 26.044624330000147 ], [ 89.80558776800018, 26.044570922000162 ], [ 89.805320741000173, 26.04412078900009 ], [ 89.805175781000116, 26.043861389000142 ], [ 89.80503845200019, 26.043596269000034 ], [ 89.804992676000154, 26.043493272000148 ], [ 89.804603577000194, 26.042356491000135 ], [ 89.804512023000086, 26.042005539000058 ], [ 89.804504395000151, 26.041479110000125 ], [ 89.804573058000074, 26.04128265300011 ], [ 89.804534912000122, 26.040937424000049 ], [ 89.804565430000139, 26.04066658000005 ], [ 89.804573058000074, 26.040412903000117 ], [ 89.804496765000067, 26.040115356000058 ], [ 89.804367066000054, 26.039812089000122 ], [ 89.804122925, 26.039667130000112 ], [ 89.803939819000163, 26.039632798000127 ], [ 89.803779601000031, 26.039630891000058 ], [ 89.803611756000123, 26.038860322000176 ], [ 89.803421020000144, 26.037866593000103 ], [ 89.803298951000045, 26.037216187000126 ], [ 89.803199769, 26.036640168000133 ], [ 89.803077698000152, 26.036062241000025 ], [ 89.803039551000097, 26.03581619199997 ], [ 89.80297851600011, 26.035408020000148 ], [ 89.802909850000106, 26.035072327000023 ], [ 89.802848815000118, 26.034786224000015 ], [ 89.802787780000131, 26.034503938000114 ], [ 89.802688598000088, 26.034095764000085 ], [ 89.802597046000187, 26.033634185000039 ], [ 89.802566529000046, 26.03328704900008 ], [ 89.802406312000187, 26.032781602000114 ], [ 89.802146912000069, 26.032127381000066 ], [ 89.801986695000039, 26.031795501000147 ], [ 89.801826477000077, 26.031526565999968 ], [ 89.801673890000188, 26.031345368000075 ], [ 89.801513672000056, 26.031129837000094 ], [ 89.801254273000154, 26.030809402000159 ], [ 89.801116944000114, 26.030647277000128 ], [ 89.800964356000065, 26.030426025000168 ], [ 89.80085754400011, 26.030229568000152 ], [ 89.800659180000025, 26.029861450000055 ], [ 89.800483704000101, 26.029390336000176 ], [ 89.800277710000103, 26.028888702000017 ], [ 89.799850464000087, 26.02820205800009 ], [ 89.799606323000091, 26.027742386000057 ], [ 89.79943084700011, 26.027442932000156 ], [ 89.799240113000167, 26.027093888000024 ], [ 89.799095154000156, 26.02677726800016 ], [ 89.7987976080002, 26.026245118000134 ], [ 89.798530578000168, 26.025861741000142 ], [ 89.797973634000073, 26.025051118000135 ], [ 89.797653199000138, 26.024623870000141 ], [ 89.797554017000095, 26.02450561500001 ], [ 89.797164916000099, 26.024097443000187 ], [ 89.796775818000071, 26.023694992000173 ], [ 89.796485902000086, 26.023374557000068 ], [ 89.796150208000199, 26.023128510000049 ], [ 89.795219422000116, 26.023029328000177 ], [ 89.794975281000063, 26.02327346900006 ], [ 89.79434204100005, 26.022998809000057 ], [ 89.79418182400002, 26.022397996000166 ], [ 89.794158934999984, 26.022327423000092 ], [ 89.794235229000094, 26.02228164800016 ], [ 89.79456329400017, 26.022092819000079 ], [ 89.794769287000065, 26.022058487000038 ], [ 89.795318604000101, 26.021913528000027 ], [ 89.795059205000086, 26.021747590000189 ], [ 89.794853210000156, 26.021654129000183 ], [ 89.794677735000107, 26.021543503000089 ], [ 89.794776917000149, 26.021415710000099 ], [ 89.794509887000117, 26.021150590000161 ], [ 89.794364930000086, 26.021022796000068 ], [ 89.794258117000027, 26.020875932000024 ], [ 89.794120789000033, 26.020591736000085 ], [ 89.793922424000073, 26.020364761000053 ], [ 89.793777465000062, 26.020286560000102 ], [ 89.793212891000053, 26.019634246000123 ], [ 89.793067932000042, 26.019519806000062 ], [ 89.79277038500004, 26.019189835000191 ], [ 89.792350768000063, 26.018808365000098 ], [ 89.791740417000085, 26.01835823100015 ], [ 89.791519164000192, 26.018224715000088 ], [ 89.791450501000099, 26.018117905000167 ], [ 89.790847778000057, 26.018007278000141 ], [ 89.790565492000155, 26.017896652000047 ], [ 89.790267945000096, 26.01786613600018 ], [ 89.790008546000081, 26.01788330200003 ], [ 89.789894103000108, 26.017908096000099 ], [ 89.789352417000032, 26.018167495000171 ], [ 89.789100646000065, 26.018314362000126 ], [ 89.788787841000044, 26.018482208000023 ], [ 89.788711548000038, 26.0185318 ], [ 89.788383484000065, 26.018821716000048 ], [ 89.787971496000068, 26.019306183000083 ], [ 89.78768157899998, 26.019731521000097 ], [ 89.787498473000142, 26.020008087000065 ], [ 89.787452698000152, 26.020187377000127 ], [ 89.78738403300008, 26.020465850000164 ], [ 89.787399291000099, 26.020622253000056 ], [ 89.787422180000135, 26.020719529000132 ], [ 89.787452698000152, 26.02086448700004 ], [ 89.787605285999973, 26.021364212000094 ], [ 89.787757873000089, 26.021465302000081 ], [ 89.787879944000167, 26.021379470999989 ], [ 89.788635254000098, 26.020839691000106 ], [ 89.791519164000192, 26.020959854000182 ], [ 89.792060852000077, 26.02116584800018 ], [ 89.792480469000054, 26.021469117000152 ], [ 89.79291534400005, 26.021762848000037 ], [ 89.793190002000017, 26.022071837999988 ], [ 89.793670655000085, 26.022487640000122 ], [ 89.793815612000117, 26.022634507000134 ], [ 89.793876647000104, 26.023017883000023 ], [ 89.793937683000195, 26.023469926000018 ], [ 89.793342590000066, 26.025062561000084 ], [ 89.793220519000158, 26.025867463000111 ], [ 89.793304443000181, 26.026979446000155 ], [ 89.793472290000125, 26.027660370000035 ], [ 89.793663025000171, 26.028224946000023 ], [ 89.795059205000086, 26.028514862000179 ], [ 89.795127868000179, 26.028646468999966 ], [ 89.795219422000116, 26.028736115000129 ], [ 89.795364379000091, 26.028861999000071 ], [ 89.795730591, 26.029232026000045 ], [ 89.795982361000085, 26.029237747000082 ], [ 89.796272277000071, 26.029281616000048 ], [ 89.79646301300005, 26.029527665000046 ], [ 89.796722413, 26.02973556500001 ], [ 89.796989441000107, 26.029985429000078 ], [ 89.797340392000081, 26.030351639 ], [ 89.797637939000083, 26.030710220000117 ], [ 89.79781341600011, 26.030958177000116 ], [ 89.797447204000036, 26.03112220700018 ], [ 89.797790528000178, 26.031608582000047 ], [ 89.797943115000123, 26.031833647999974 ], [ 89.798103333000029, 26.032102585000132 ], [ 89.798263550000058, 26.032390594000049 ], [ 89.798431396000126, 26.03268051200007 ], [ 89.798645020000038, 26.033117295000068 ], [ 89.798446656000124, 26.033187866000105 ], [ 89.79858398500005, 26.033573152000031 ], [ 89.798683167000092, 26.03398323100015 ], [ 89.798706056000071, 26.034128190000104 ], [ 89.798789977000183, 26.03435516400009 ], [ 89.799079896000137, 26.034954072000062 ], [ 89.79927826, 26.035324097000057 ], [ 89.799659728000108, 26.035860062000097 ], [ 89.800033570000153, 26.036296845000038 ], [ 89.800109864000092, 26.036533356000177 ], [ 89.800544739000088, 26.036792755000079 ], [ 89.801040650000175, 26.037019730999987 ], [ 89.801269531000173, 26.037166595000087 ], [ 89.801597596000079, 26.037488938000024 ], [ 89.801742553000054, 26.03764152500014 ], [ 89.801895143000081, 26.037775039000167 ], [ 89.802146912000069, 26.038105012000187 ], [ 89.802246094000054, 26.038326264000034 ], [ 89.80226898300009, 26.038606643000037 ], [ 89.801948548000155, 26.038665771000126 ], [ 89.801841735000096, 26.039087295 ], [ 89.801734925000176, 26.03936386099997 ], [ 89.801574708000146, 26.039621353000143 ], [ 89.801574708000146, 26.039836883000021 ], [ 89.801635743000134, 26.040027619 ], [ 89.801773072, 26.040353775000028 ], [ 89.801467895000087, 26.040521622000142 ], [ 89.801322936000076, 26.040601731000095 ], [ 89.800895691000164, 26.040842057000077 ], [ 89.800567628000124, 26.041067123000062 ], [ 89.800453185000151, 26.041070938000075 ], [ 89.799713135000047, 26.04109954900008 ], [ 89.79767608700007, 26.039829255000143 ], [ 89.797492981000175, 26.039060594000034 ], [ 89.797203063000154, 26.037849427000083 ], [ 89.797409058000085, 26.035570145000179 ], [ 89.795745850000117, 26.033889772000123 ], [ 89.793670655000085, 26.034151077000161 ], [ 89.792739869000172, 26.034952164000117 ], [ 89.792617798000151, 26.035055161000173 ], [ 89.792518616000109, 26.035230637000154 ], [ 89.792449950000105, 26.035596847000079 ], [ 89.792304993000073, 26.035238265000032 ], [ 89.792121887000064, 26.03500175400012 ], [ 89.791763306000121, 26.034721376000164 ], [ 89.791442871000186, 26.034578324000051 ], [ 89.79106140000016, 26.034475327000166 ], [ 89.790771484000118, 26.034393310000041 ], [ 89.790588378000052, 26.034374237000122 ], [ 89.790069581000068, 26.034416199000077 ], [ 89.789634706000015, 26.03458023100012 ], [ 89.789482116000045, 26.034679414000095 ], [ 89.789321899000186, 26.034835816000054 ], [ 89.78911590600012, 26.034965515000067 ], [ 89.788993836000145, 26.035062789000108 ], [ 89.788894654000103, 26.035051346000103 ], [ 89.788772583000195, 26.035120010000128 ], [ 89.788688659000172, 26.035171509 ], [ 89.788566588000151, 26.035167694000165 ], [ 89.788444520000155, 26.035161972000026 ], [ 89.788284302000022, 26.035093308000057 ], [ 89.788101196000184, 26.035306931000036 ], [ 89.787971496000068, 26.035509110000191 ], [ 89.787803650000058, 26.035789491000173 ], [ 89.7877120980001, 26.035934448000035 ], [ 89.787651063000112, 26.036087037000129 ], [ 89.787551881000127, 26.036331176000147 ], [ 89.787528992000091, 26.036516189999986 ], [ 89.787513734000072, 26.036628723000149 ], [ 89.787521362000177, 26.0369148260001 ], [ 89.78754425000011, 26.037099839000064 ], [ 89.787605285999973, 26.037324905000048 ], [ 89.787750245000154, 26.03764152500014 ], [ 89.787849427000197, 26.03780937300013 ], [ 89.788223267000035, 26.038234710000097 ], [ 89.788528442000143, 26.038602830000173 ], [ 89.788772583000195, 26.038915635000023 ], [ 89.789047241, 26.039243698000064 ], [ 89.789291382000044, 26.039491654000187 ], [ 89.789428711000141, 26.039636611000162 ], [ 89.787658691000047, 26.039701462000096 ], [ 89.785568238, 26.038610458000107 ], [ 89.785285950000116, 26.038339615000154 ], [ 89.783447266000053, 26.036590576000094 ], [ 89.782478333000086, 26.035118104000162 ], [ 89.78119659500004, 26.03412056000019 ], [ 89.780319214000031, 26.033740997000166 ], [ 89.779006958000195, 26.03443908700018 ], [ 89.777931213000045, 26.03570556700015 ], [ 89.777954101000034, 26.036567687000115 ], [ 89.777763367000034, 26.036298752000107 ], [ 89.777641296000127, 26.036155701000098 ], [ 89.777397155000131, 26.035945893000132 ], [ 89.777290345000154, 26.035823822000111 ], [ 89.777008057000046, 26.035490037000102 ], [ 89.776855469000054, 26.035282135000102 ], [ 89.776718140000128, 26.035154343000045 ], [ 89.776611328, 26.035066605000054 ], [ 89.776512146000186, 26.035017014000118 ], [ 89.77599334700011, 26.035455705000118 ], [ 89.775863648000154, 26.035583496000129 ], [ 89.775550843000133, 26.035907746000134 ], [ 89.775100706999979, 26.036359787000094 ], [ 89.774719239000035, 26.036718369000141 ], [ 89.774345397000047, 26.037096024 ], [ 89.774162293000131, 26.037273408000146 ], [ 89.773986817000036, 26.037460327000076 ], [ 89.773834228000112, 26.03759193500008 ], [ 89.773574828000108, 26.037731172000179 ], [ 89.77373504600007, 26.038089753000065 ], [ 89.773803711000141, 26.038337708000086 ], [ 89.773780823000038, 26.038410186000021 ], [ 89.773864747000061, 26.038553238000134 ], [ 89.773941040000068, 26.038848877000191 ], [ 89.774055481, 26.039079667000124 ], [ 89.774200440000186, 26.039384842000061 ], [ 89.774353027000132, 26.039573670000038 ], [ 89.774581910000165, 26.039915084000029 ], [ 89.774665832000153, 26.04006004300004 ], [ 89.77511596800008, 26.040493011000137 ], [ 89.775291443000128, 26.040636063000079 ], [ 89.775474547000044, 26.040822983999988 ], [ 89.775749207, 26.041090012000097 ], [ 89.775962830000196, 26.04128646800018 ], [ 89.776275635000047, 26.041604996000046 ], [ 89.777084350000052, 26.042407991000175 ], [ 89.777435302000185, 26.042764665000163 ], [ 89.777702332000047, 26.043096543000104 ], [ 89.777961731000119, 26.043365478000055 ], [ 89.778404237000132, 26.043794633000118 ], [ 89.779174805000139, 26.044490814000085 ], [ 89.779602051000097, 26.044696808000083 ], [ 89.779853820000085, 26.044864654000094 ], [ 89.78000640900018, 26.044950485000186 ], [ 89.780212402000075, 26.045080186000177 ], [ 89.780426025000054, 26.045120240000131 ], [ 89.78083801300005, 26.045127868000066 ], [ 89.78119659500004, 26.045101167000041 ], [ 89.78160858200016, 26.045083999000042 ], [ 89.781974792000085, 26.045087814000112 ], [ 89.782096863000106, 26.045103072000131 ], [ 89.782539368000073, 26.045207977000189 ], [ 89.782722474000082, 26.045269013000109 ], [ 89.78298187200005, 26.045454026000186 ], [ 89.783149719, 26.045608521000133 ], [ 89.783485413000108, 26.045970917999966 ], [ 89.783699035000154, 26.046270372000095 ], [ 89.783782959000177, 26.046400070000118 ], [ 89.783836364000081, 26.046485902000143 ], [ 89.783966065000072, 26.046689987000036 ], [ 89.784202575999984, 26.046922685000141 ], [ 89.784339905000081, 26.046997071000078 ], [ 89.784416199000191, 26.0470790870001 ], [ 89.784561158000031, 26.047113419000084 ], [ 89.784484864000092, 26.047353745000066 ], [ 89.784454346000075, 26.047567368000102 ], [ 89.784446715000058, 26.04765892 ], [ 89.784881593000136, 26.047601698999983 ], [ 89.785789490000013, 26.047554017000152 ], [ 89.787818908000077, 26.0478134170001 ], [ 89.788223267000035, 26.04940032900015 ], [ 89.788124085, 26.049844742000062 ], [ 89.786514282000155, 26.051279069000145 ], [ 89.786254882000151, 26.051322936000133 ], [ 89.785911561000091, 26.051361083000188 ], [ 89.785362243000122, 26.051406860000156 ], [ 89.784652710000103, 26.051416398000072 ], [ 89.784683228000176, 26.051948548000041 ], [ 89.784584046000134, 26.05201149100003 ], [ 89.784530639000081, 26.052597046000074 ], [ 89.784683228000176, 26.052625657000192 ], [ 89.7847900390002, 26.052648544000022 ], [ 89.784675598000035, 26.053100587000074 ], [ 89.784629821000067, 26.053470612000012 ], [ 89.784614563000048, 26.053831101000128 ], [ 89.784622193000189, 26.053966523000099 ], [ 89.784500123000043, 26.053953172000149 ], [ 89.784248351000144, 26.0539264680001 ], [ 89.784156799000016, 26.054294585999969 ], [ 89.784439087000123, 26.054340363000165 ], [ 89.784751892000145, 26.054393768000011 ], [ 89.784675598000035, 26.055231094000192 ], [ 89.784622193000189, 26.055772782000076 ], [ 89.784599305000029, 26.055995940000059 ], [ 89.784675598000035, 26.056005478000145 ], [ 89.785095215000069, 26.05605697600015 ], [ 89.785110474000135, 26.056293487000119 ], [ 89.785163879000038, 26.056352615000037 ], [ 89.785247803000061, 26.056976319000114 ], [ 89.785705567000093, 26.056945802000143 ], [ 89.785705567000093, 26.057229996000046 ], [ 89.786499024000136, 26.057182313000112 ], [ 89.786567687, 26.056968688000097 ], [ 89.786956788000168, 26.057098389000089 ], [ 89.787506104000158, 26.05712509100016 ], [ 89.787963867000087, 26.057155609000176 ], [ 89.788085938000165, 26.056858063000107 ], [ 89.788627624000185, 26.056987762000063 ], [ 89.789100646000065, 26.057126998000058 ], [ 89.789840698000035, 26.057338715000071 ], [ 89.790267945000096, 26.057437897999989 ], [ 89.790634155000021, 26.057489395000118 ], [ 89.790786742000137, 26.057472229000098 ], [ 89.790924071000063, 26.057472229000098 ], [ 89.791084289000139, 26.057418824000024 ], [ 89.791191101000095, 26.05739402800009 ], [ 89.791351319000057, 26.057384490000061 ], [ 89.791793824000138, 26.057430267000029 ], [ 89.792129517000149, 26.057531357000187 ], [ 89.792373657000098, 26.057577134000155 ], [ 89.792617798000151, 26.057615281000039 ], [ 89.793037415000128, 26.057706833000168 ], [ 89.793418883000072, 26.057762146000186 ], [ 89.793739318000178, 26.057828904000019 ], [ 89.794479370000147, 26.057914735000111 ], [ 89.794479370000147, 26.057987213000104 ], [ 89.795043944000156, 26.058095931000025 ], [ 89.795867920000092, 26.058254241000157 ], [ 89.795761108000136, 26.058666230000028 ], [ 89.795936584000117, 26.058750152000073 ], [ 89.795928956000182, 26.058889388000011 ], [ 89.795944214000031, 26.059034348000125 ], [ 89.795951844000115, 26.059230804000038 ], [ 89.795982361000085, 26.059370041000079 ], [ 89.795928956000182, 26.059539796000024 ], [ 89.79595947200005, 26.059745787999987 ], [ 89.796333312000058, 26.059726715000124 ], [ 89.796714783000084, 26.05971908700019 ], [ 89.797065734000114, 26.059671402000049 ], [ 89.797637939000083, 26.05953216600011 ], [ 89.79769897400007, 26.059423446000153 ], [ 89.797981262000178, 26.059352875000116 ], [ 89.797866821000184, 26.059051513000043 ], [ 89.798156738000102, 26.058980942000119 ], [ 89.79872131400009, 26.059663772000135 ], [ 89.79874420200008, 26.060125351000067 ], [ 89.798736572000109, 26.060262680000164 ], [ 89.79872131400009, 26.060407639000175 ], [ 89.798660279000103, 26.060867311000152 ], [ 89.798469543000181, 26.060949325000024 ], [ 89.798301697000113, 26.061542510000152 ], [ 89.798072816000115, 26.062145233000024 ], [ 89.797950745000037, 26.062143326000125 ], [ 89.7978591910001, 26.062498092000169 ], [ 89.797828675000062, 26.062759400000118 ], [ 89.797721862, 26.062690734000114 ], [ 89.797561644999973, 26.062623978000147 ], [ 89.79730987500011, 26.06253051900012 ], [ 89.797279359000072, 26.062665940000045 ], [ 89.797271729000158, 26.062850952000076 ], [ 89.797241210000038, 26.063020707000192 ], [ 89.797218323000038, 26.063171387000011 ], [ 89.797317506000127, 26.063365936000025 ], [ 89.797416688000169, 26.063360215000046 ], [ 89.79759216400015, 26.063348770000061 ], [ 89.797927857000104, 26.063335419000111 ], [ 89.797981262000178, 26.063510895000036 ], [ 89.798156738000102, 26.063514710000106 ], [ 89.798202515000071, 26.063583373000029 ], [ 89.798393249000071, 26.063720702000069 ], [ 89.798477173000094, 26.063810349000164 ], [ 89.798568725, 26.063970565999966 ], [ 89.798622132000105, 26.064092637000044 ], [ 89.798530578000168, 26.064548493000132 ], [ 89.798492431000113, 26.064870834000033 ], [ 89.798431396000126, 26.06512642000007 ], [ 89.798034667000081, 26.065164567000124 ], [ 89.797927857000104, 26.065063477000081 ], [ 89.797775269000113, 26.064849853000169 ], [ 89.797691346000136, 26.064683915000103 ], [ 89.797599792000028, 26.064498901000093 ], [ 89.797294617000091, 26.064445496000189 ], [ 89.79698181200007, 26.064353944000061 ], [ 89.796615600000166, 26.064355850000084 ], [ 89.796287537000069, 26.064434051000035 ], [ 89.796035766000159, 26.064550401000076 ], [ 89.795906067000146, 26.06460762100005 ], [ 89.795837402000075, 26.064537048000147 ], [ 89.795486450000169, 26.064661026000067 ], [ 89.795562744000051, 26.064872741000102 ], [ 89.795585632000041, 26.065061570000182 ], [ 89.795600891000106, 26.065145494000035 ], [ 89.795639037000058, 26.065412520999985 ], [ 89.795761108000136, 26.065423965000093 ], [ 89.79579925500019, 26.065561296000169 ], [ 89.795883179000043, 26.065551758000083 ], [ 89.796058654000092, 26.065927506000094 ], [ 89.796371459000113, 26.065904617000058 ], [ 89.796470641000155, 26.065898896000192 ], [ 89.797111511000082, 26.065902710000159 ], [ 89.797096253000063, 26.065750122000168 ], [ 89.797492981000175, 26.065746307000097 ], [ 89.797645569, 26.065731049000078 ], [ 89.797897338000155, 26.065750122000168 ], [ 89.798072816000115, 26.065797807000081 ], [ 89.797981262000178, 26.065927506000094 ], [ 89.797889710000049, 26.066083908000053 ], [ 89.797828675000062, 26.066150666000055 ], [ 89.797760009000058, 26.066230775 ], [ 89.797561644999973, 26.06669425900003 ], [ 89.797462463000159, 26.066949844000135 ], [ 89.797401427000068, 26.067150116000164 ], [ 89.797286987000177, 26.06757164000004 ], [ 89.797142028000167, 26.068359375000114 ], [ 89.797203063000154, 26.068405152000082 ], [ 89.797065734000114, 26.069231033000108 ], [ 89.796958924000137, 26.069616318000101 ], [ 89.79682159500004, 26.070016862000045 ], [ 89.796752929000036, 26.070318221000036 ], [ 89.796630859000061, 26.070930480000129 ], [ 89.7962417600001, 26.071186067000042 ], [ 89.795967102000134, 26.071386337000092 ], [ 89.795593262000125, 26.071743011000137 ], [ 89.795364379000091, 26.071945190000065 ], [ 89.795181273000026, 26.072156907000078 ], [ 89.795104980000019, 26.072322845000144 ], [ 89.794975281000063, 26.072599411000112 ], [ 89.79489135700004, 26.072980881000035 ], [ 89.794883729000105, 26.073234557999967 ], [ 89.794914246000076, 26.073362351000185 ], [ 89.794937134000179, 26.073469162000038 ], [ 89.794990539000082, 26.073570251000149 ], [ 89.795104980000019, 26.07371330300009 ], [ 89.79547119200015, 26.074022293000041 ], [ 89.795722961000081, 26.074249268000131 ], [ 89.795776366000155, 26.074325562000183 ], [ 89.795387268000127, 26.074840546000189 ], [ 89.795722961000081, 26.076499939000087 ], [ 89.79557800200007, 26.076461792000032 ], [ 89.795455933000198, 26.076936722000085 ], [ 89.794944762000114, 26.076902390000043 ], [ 89.794761658000027, 26.077144624000027 ], [ 89.794197082000039, 26.076925278000033 ], [ 89.794021606000115, 26.076856613000075 ], [ 89.793716430000075, 26.076740265000069 ], [ 89.793701171000123, 26.076419830000134 ], [ 89.793334962000131, 26.076255799000137 ], [ 89.793136597000171, 26.076036454000189 ], [ 89.79264068700013, 26.075805664000086 ], [ 89.792510986000195, 26.075738908000062 ], [ 89.792114257000094, 26.075525283000104 ], [ 89.791915893000066, 26.075410843000043 ], [ 89.791740417000085, 26.07531356800007 ], [ 89.791336060000106, 26.075054168000065 ], [ 89.790763856000012, 26.075252533000082 ], [ 89.790313720000086, 26.075529098000118 ], [ 89.790313720000086, 26.075954438000167 ], [ 89.790481568000132, 26.076313020000157 ], [ 89.791488648000154, 26.07843971200009 ], [ 89.792449950000105, 26.080152512000041 ], [ 89.792968750000057, 26.080694200000096 ], [ 89.793212891000053, 26.080936432000044 ], [ 89.793579100999978, 26.081325532000108 ], [ 89.794105530000138, 26.08190727200008 ], [ 89.794296264000081, 26.082208634000153 ], [ 89.794517517000031, 26.082542419000163 ], [ 89.794876099000192, 26.083265305000111 ], [ 89.79496765100015, 26.083486558000061 ], [ 89.794998169000166, 26.08369636599997 ], [ 89.795021058000032, 26.083787918000098 ], [ 89.795104980000019, 26.084228516000167 ], [ 89.795135498000093, 26.084545136000031 ], [ 89.795120240000074, 26.085029603000066 ], [ 89.795097352000141, 26.085384370000043 ], [ 89.79496765100015, 26.085407258000146 ], [ 89.794960023000044, 26.085979462000068 ], [ 89.794944762000114, 26.086368561000029 ], [ 89.794860840000069, 26.087274551000178 ], [ 89.79453277500005, 26.08723068400019 ], [ 89.792198181000117, 26.084938049000129 ], [ 89.791908265000131, 26.084650040000042 ], [ 89.789787293000131, 26.082189560000188 ], [ 89.788131713000098, 26.081190109000033 ], [ 89.785888673000159, 26.083208085000024 ], [ 89.785888673000159, 26.0833511350001 ], [ 89.785865784000123, 26.084617614000024 ], [ 89.785423279000042, 26.084012986000062 ], [ 89.785186767000141, 26.083644868000192 ], [ 89.785064697, 26.083475113000077 ], [ 89.784538269000166, 26.083433151000122 ], [ 89.784317017000149, 26.083415985000158 ], [ 89.784202575999984, 26.083406449000051 ], [ 89.783248902000139, 26.083330154000066 ], [ 89.782096863000106, 26.083240509000177 ], [ 89.782119751000039, 26.083436966000193 ], [ 89.781219482000097, 26.083553314000028 ], [ 89.781311036000034, 26.083841325000151 ], [ 89.781372071000192, 26.084182738999971 ], [ 89.781486511000082, 26.084966660000134 ], [ 89.781677246000129, 26.084972383000149 ], [ 89.781669617000148, 26.08523750300003 ], [ 89.781654357000093, 26.085517884000069 ], [ 89.781654357000093, 26.08577346800007 ], [ 89.781692506000127, 26.086116791000165 ], [ 89.781707763999975, 26.086538314000109 ], [ 89.781555175000051, 26.08739089900007 ], [ 89.781921387000182, 26.088203430000021 ], [ 89.782569884999987, 26.089654922000079 ], [ 89.782447814000136, 26.090261461000068 ], [ 89.782379151000043, 26.090574264999987 ], [ 89.782432556000117, 26.090662002000101 ], [ 89.782661439000094, 26.090942383000083 ], [ 89.782707214000084, 26.091033937000191 ], [ 89.782775879000155, 26.091270448000159 ], [ 89.782852173000094, 26.091419220000034 ], [ 89.782966613000156, 26.091573715000095 ], [ 89.782943725000052, 26.091651916000103 ], [ 89.782852173000094, 26.092039109000041 ], [ 89.78278350700009, 26.092502594000109 ], [ 89.782829284000059, 26.092784882000046 ], [ 89.782867431000113, 26.093065262000152 ], [ 89.782913208000082, 26.093330384000069 ], [ 89.783012390000124, 26.09367561300013 ], [ 89.783195496000189, 26.094043733000035 ], [ 89.783325195000145, 26.094272614000033 ], [ 89.783439636000139, 26.094484329000068 ], [ 89.783546448000095, 26.094635011000094 ], [ 89.783744812000123, 26.094839095999987 ], [ 89.783859253000116, 26.094837188000042 ], [ 89.784484864000092, 26.095329286000094 ], [ 89.784729004000042, 26.095499039000174 ], [ 89.785522461000028, 26.096067428000026 ], [ 89.785964966000165, 26.096410751000121 ], [ 89.785682678000057, 26.097129823000103 ], [ 89.785476684000059, 26.097642899000107 ], [ 89.78526306100008, 26.098192215000097 ], [ 89.784309386000132, 26.098802566000018 ], [ 89.784057616999974, 26.098674775 ], [ 89.783859253000116, 26.098604202000161 ], [ 89.783744812000123, 26.098566055000106 ], [ 89.783638000000167, 26.098527908000051 ], [ 89.783020019000105, 26.098398209000038 ], [ 89.782539368000073, 26.098340989000121 ], [ 89.782173156000113, 26.098306655000101 ], [ 89.781730653000182, 26.098300935000168 ], [ 89.781646728999988, 26.098878860000127 ], [ 89.781562805000192, 26.099508286000173 ], [ 89.781730653000182, 26.099658966 ], [ 89.781784058000085, 26.099708558000032 ], [ 89.782089232000089, 26.099981309000157 ], [ 89.782249450000052, 26.100139619000061 ], [ 89.78245544400005, 26.100334168000131 ], [ 89.782859803000179, 26.100814820000096 ], [ 89.783096314000147, 26.101064682000128 ], [ 89.783317565000061, 26.101280212000063 ], [ 89.783576965000179, 26.101423264000175 ], [ 89.783744812000123, 26.101491929000076 ], [ 89.784278870000094, 26.101499557000182 ], [ 89.784393310000155, 26.101522446 ], [ 89.7847900390002, 26.101507187999971 ], [ 89.784957886000143, 26.101488114000176 ], [ 89.7852935800002, 26.101432800000055 ], [ 89.785736083000131, 26.101339340000152 ], [ 89.785766602000081, 26.101455688000158 ], [ 89.785766602000081, 26.101547242000095 ], [ 89.785720825000112, 26.101732254000126 ], [ 89.785583496000015, 26.10204506000008 ], [ 89.785537719000047, 26.102426529000127 ], [ 89.785530091000169, 26.102718354000046 ], [ 89.785507202000133, 26.102912904000107 ], [ 89.785308838000049, 26.103729249000082 ], [ 89.78523254400011, 26.10386467100011 ], [ 89.785095215000069, 26.104082108000057 ], [ 89.784667968000122, 26.104671479000046 ], [ 89.784400940000069, 26.105056764000039 ], [ 89.784202575999984, 26.105306626000129 ], [ 89.784118652000188, 26.105400085000156 ], [ 89.783843994000165, 26.105602265000186 ], [ 89.783264160000158, 26.105987550000179 ], [ 89.782890320000149, 26.105800629000044 ], [ 89.780288696000184, 26.104511261000141 ], [ 89.777107239000088, 26.103471757000079 ], [ 89.774108886000079, 26.104200364000064 ], [ 89.772399903000178, 26.105497360000072 ], [ 89.77219390900018, 26.105405808000171 ], [ 89.771827699000085, 26.105245590000038 ], [ 89.77159118700007, 26.105148316000168 ], [ 89.770935059000124, 26.104839326 ], [ 89.770568847, 26.104654313000083 ], [ 89.770446777000018, 26.104686737000065 ], [ 89.770301820000043, 26.104700090000051 ], [ 89.770141602000081, 26.104677201000186 ], [ 89.769889831000171, 26.104616166000028 ], [ 89.769699097000171, 26.104856492000181 ], [ 89.769569397999987, 26.105285645000095 ], [ 89.76947784400005, 26.105602265000186 ], [ 89.769287110000107, 26.10614204500007 ], [ 89.769096374000128, 26.106601716000171 ], [ 89.769027710000159, 26.106786728000031 ], [ 89.768943786000136, 26.106899261000024 ], [ 89.768707275000168, 26.107059478000053 ], [ 89.768554688000052, 26.107353211000088 ], [ 89.768493653000064, 26.107662201000096 ], [ 89.768379212000127, 26.107883454000159 ], [ 89.768280030000085, 26.108076096000104 ], [ 89.768142700999988, 26.108100892000039 ], [ 89.768035889000032, 26.108119965000128 ], [ 89.767807008000034, 26.108161927000026 ], [ 89.767448426000044, 26.10820198100015 ], [ 89.766868591000105, 26.108299256000123 ], [ 89.765235900000107, 26.107839585000193 ], [ 89.762817382000037, 26.10716056800004 ], [ 89.761047364000092, 26.106910706000178 ], [ 89.759338379000042, 26.108808517000057 ], [ 89.759124756000176, 26.108615876000044 ], [ 89.758796691000157, 26.108386993000181 ], [ 89.758430481000062, 26.108175278000147 ], [ 89.757980347000114, 26.107988359000046 ], [ 89.757606507000048, 26.107982636000031 ], [ 89.756492615000127, 26.108917237000185 ], [ 89.75642395, 26.109012604000156 ], [ 89.756347656000116, 26.109119415 ], [ 89.756111145000148, 26.10946846100012 ], [ 89.756004333000192, 26.109674453000139 ], [ 89.755882264000149, 26.110055923000061 ], [ 89.755813598000145, 26.110155106000036 ], [ 89.755683900000065, 26.110586166000132 ], [ 89.755577087, 26.110950470000091 ], [ 89.755455017000031, 26.111360550000086 ], [ 89.755279541000107, 26.111955643000044 ], [ 89.755210877000081, 26.112316132000103 ], [ 89.755172729000151, 26.11274910000003 ], [ 89.755195617000084, 26.112964630000135 ], [ 89.755256652000071, 26.113298416000191 ], [ 89.755294799000126, 26.113689423000153 ], [ 89.755348206000178, 26.113828660000024 ], [ 89.755393981000168, 26.113906861000032 ], [ 89.756225585000038, 26.114414215000068 ], [ 89.75707245000001, 26.114898683000035 ], [ 89.757789611000135, 26.115097047000063 ], [ 89.757789611000135, 26.115390778000119 ], [ 89.757858277000139, 26.115453721000108 ], [ 89.758033752000188, 26.115659714000174 ], [ 89.758361816000104, 26.116096497000171 ], [ 89.758796691000157, 26.116649627000129 ], [ 89.759147645000041, 26.117095947999985 ], [ 89.759414672000048, 26.117395402000113 ], [ 89.759559631, 26.117544174000159 ], [ 89.759742737000067, 26.117691041000114 ], [ 89.760215760000051, 26.118110656000113 ], [ 89.760604858000079, 26.118471145000171 ], [ 89.760749817000089, 26.118640900000116 ], [ 89.761131287000012, 26.119157792000067 ], [ 89.761215209000056, 26.119272233000061 ], [ 89.761383057000103, 26.11956977900013 ], [ 89.761718750000057, 26.120162964000087 ], [ 89.76196289100011, 26.120622636000121 ], [ 89.762168884000175, 26.12104606600019 ], [ 89.762466430000131, 26.121423721000042 ], [ 89.762756349000199, 26.121906281000179 ], [ 89.763076781000052, 26.122320176000073 ], [ 89.763252259000183, 26.122568130000161 ], [ 89.763381958000195, 26.12275886600014 ], [ 89.763793945000089, 26.123353959000099 ], [ 89.764022828000122, 26.123661041000105 ], [ 89.764091490999988, 26.123756408000077 ], [ 89.764396668000131, 26.124099731000115 ], [ 89.764862060000098, 26.124580384000012 ], [ 89.765060424000126, 26.124774933000026 ], [ 89.765159607000101, 26.124900819000175 ], [ 89.765304566000111, 26.125123977000158 ], [ 89.765556335000042, 26.125642776000177 ], [ 89.765640259000065, 26.125789643000189 ], [ 89.765907287000118, 26.126409530000046 ], [ 89.766159058000085, 26.126749038000071 ], [ 89.766159058000085, 26.127101899000024 ], [ 89.76636505099998, 26.12752914500004 ], [ 89.766418458000089, 26.12767028900015 ], [ 89.766433716000108, 26.127771378000091 ], [ 89.766448974000127, 26.128053664000163 ], [ 89.766464233000022, 26.128284454999971 ], [ 89.766471863000163, 26.128452301000038 ], [ 89.76651001, 26.128831863000187 ], [ 89.766548157000045, 26.129281997000135 ], [ 89.76653289800015, 26.129814149000083 ], [ 89.766410828000176, 26.130336760999967 ], [ 89.766418458000089, 26.130807876000176 ], [ 89.76636505099998, 26.130981446000135 ], [ 89.76616668600019, 26.131368637000094 ], [ 89.765975952000076, 26.131753922000087 ], [ 89.76583862300015, 26.132022858000141 ], [ 89.765518187999987, 26.13260460000015 ], [ 89.765327454000044, 26.132949828999983 ], [ 89.765075683000077, 26.1333751680001 ], [ 89.764869690000182, 26.13372612 ], [ 89.764801025000111, 26.133871079000187 ], [ 89.764686584000117, 26.134197234999988 ], [ 89.764495850000174, 26.134748458000047 ], [ 89.764305114000194, 26.135219575000065 ], [ 89.764091490999988, 26.135746002000189 ], [ 89.76386261000016, 26.136056899000039 ], [ 89.763565064000034, 26.136474609000174 ], [ 89.763290406000067, 26.136846544000093 ], [ 89.763191224000195, 26.136980057000073 ], [ 89.75913238600009, 26.13837051500019 ], [ 89.758979797, 26.138532638000186 ], [ 89.758628845000089, 26.138603211000031 ], [ 89.758232117000148, 26.138742447000027 ], [ 89.757873535000158, 26.138898850000089 ], [ 89.75759124700005, 26.138982774000112 ], [ 89.756973268000195, 26.139097214000174 ], [ 89.756477357000108, 26.139190674000076 ], [ 89.756027221000124, 26.139242173000184 ], [ 89.755752563000158, 26.139276505000169 ], [ 89.755447389000153, 26.139366149000125 ], [ 89.755035400000054, 26.139442443000064 ], [ 89.754974364000134, 26.139209747000166 ], [ 89.754371643000127, 26.139986038000188 ], [ 89.754119874000139, 26.140306473000123 ], [ 89.754341125000053, 26.142877579000071 ], [ 89.753974915000128, 26.146013261000121 ], [ 89.753738404000046, 26.146791458000166 ], [ 89.753082275, 26.148485184000151 ], [ 89.752655030000085, 26.149501802000032 ], [ 89.752136231000065, 26.150470735000169 ], [ 89.751739502000191, 26.151208877000158 ], [ 89.751510618999987, 26.151659013000085 ], [ 89.751296997000111, 26.151992798000094 ], [ 89.751129151000043, 26.152267456000061 ], [ 89.750862121000182, 26.152797699000189 ], [ 89.750579833000074, 26.153167726000163 ], [ 89.750045776000036, 26.153932572000031 ], [ 89.749786376000088, 26.154310227000053 ], [ 89.74925231900005, 26.155126573000132 ], [ 89.748809815000186, 26.155794144000026 ], [ 89.748565674000133, 26.156181335000156 ], [ 89.74837494000019, 26.156425476000038 ], [ 89.747596741000166, 26.157444001000044 ], [ 89.746627808000198, 26.158138276000159 ], [ 89.746528626000156, 26.158157350000181 ], [ 89.745933533000027, 26.158508301000154 ], [ 89.745216369000048, 26.158903122000027 ], [ 89.74444580100004, 26.159120560000076 ], [ 89.743797303000065, 26.159303666000142 ], [ 89.743553161000079, 26.15938186700015 ], [ 89.743240357000161, 26.1593952180001 ], [ 89.742973327000072, 26.159393310000098 ], [ 89.74226379400011, 26.159290313000042 ], [ 89.741935730000137, 26.159225465000134 ], [ 89.741600037000126, 26.15917778000005 ], [ 89.741104127000142, 26.159126283000148 ], [ 89.741020203000119, 26.159112930000163 ], [ 89.740737915000068, 26.159029008000175 ], [ 89.740631104000158, 26.159011840000176 ], [ 89.74006652800017, 26.158874511000079 ], [ 89.73973846500013, 26.158798218000072 ], [ 89.739288329000033, 26.158729554000047 ], [ 89.738998413000161, 26.158512116 ], [ 89.739021302000197, 26.158824921000075 ], [ 89.738822937000066, 26.159154892000117 ], [ 89.738258361000078, 26.159143448 ], [ 89.737411499000132, 26.159214020000036 ], [ 89.737434387000064, 26.158742905 ], [ 89.736885071000131, 26.15832328800019 ], [ 89.736396789000196, 26.158342361000109 ], [ 89.736160278000114, 26.158702850000168 ], [ 89.735656739000092, 26.15867423900005 ], [ 89.735099793000188, 26.158771516000172 ], [ 89.734809876000099, 26.158237458000031 ], [ 89.734550477000198, 26.15777397200003 ], [ 89.734199523000143, 26.157888412000091 ], [ 89.734039306000113, 26.15793800400013 ], [ 89.733695984000121, 26.158075333000056 ], [ 89.733314514000199, 26.158124923000059 ], [ 89.732910155000013, 26.158193589000064 ], [ 89.732810973000198, 26.158235551000132 ], [ 89.732589722000057, 26.158273698000187 ], [ 89.732330323000042, 26.158319473000176 ], [ 89.731971741, 26.158374787000128 ], [ 89.731376648000094, 26.15832328800019 ], [ 89.730834961000085, 26.158306122000056 ], [ 89.73027801500001, 26.158256532 ], [ 89.729866028000117, 26.158189774000164 ], [ 89.728965760000051, 26.158111572999985 ], [ 89.728523255000141, 26.15796470600003 ], [ 89.72798919700017, 26.157781602000171 ], [ 89.72712707400018, 26.15764999400011 ], [ 89.726425171000074, 26.157541276000188 ], [ 89.725936889000195, 26.157485961000134 ], [ 89.724800110000047, 26.157304765000049 ], [ 89.724525452000194, 26.157203675 ], [ 89.723945618000187, 26.156988145000128 ], [ 89.723541259000058, 26.156841278000172 ], [ 89.723106384000062, 26.156532289000097 ], [ 89.722740174000137, 26.156269074000079 ], [ 89.722427369000059, 26.156044006000116 ], [ 89.722167969000111, 26.15656852800015 ], [ 89.72180175699998, 26.156295777000025 ], [ 89.721641540000178, 26.15620613100009 ], [ 89.720359808000183, 26.156398873000057 ], [ 89.720383842, 26.156779105000055 ], [ 89.720412999000189, 26.157244001000151 ], [ 89.720426876000033, 26.157546134000029 ], [ 89.720443726000155, 26.15791893100004 ], [ 89.720458786000165, 26.158105306000095 ], [ 89.72048187300004, 26.158445358000165 ], [ 89.720489988000111, 26.158564569000191 ], [ 89.720512000000156, 26.158893999000099 ], [ 89.72046138900015, 26.159317981000186 ], [ 89.720458984000174, 26.159337998000126 ], [ 89.720438365000177, 26.159456829000135 ], [ 89.720314025, 26.160173417000067 ], [ 89.720273183000188, 26.160424787000068 ], [ 89.720153808000191, 26.161159516000055 ], [ 89.72005758, 26.161595369000111 ], [ 89.719893999000078, 26.162334001000147 ], [ 89.719809999000063, 26.162582000000157 ], [ 89.719612, 26.163160000000175 ], [ 89.719467000000179, 26.163564999000016 ], [ 89.719276, 26.164400000000114 ], [ 89.719174039, 26.164986282000143 ], [ 89.719123839000133, 26.165273666000076 ], [ 89.719161988000167, 26.165510177000044 ], [ 89.719184875, 26.165685655000175 ], [ 89.719194122000147, 26.165738496000188 ], [ 89.719238001000178, 26.165991000000133 ], [ 89.719306941000184, 26.16640663000004 ], [ 89.725097657000049, 26.169630050000137 ], [ 89.725097657000049, 26.17160987800014 ], [ 89.727050781000173, 26.173879624 ], [ 89.732933044000049, 26.172971726000014 ], [ 89.733757020000041, 26.173370362000185 ], [ 89.73417663500004, 26.174989701000129 ], [ 89.733146667000085, 26.175870895 ], [ 89.730239868000183, 26.17700004500017 ], [ 89.719802856000058, 26.1779384620001 ], [ 89.717056275000118, 26.177209855000115 ], [ 89.711616515000173, 26.17350959700002 ], [ 89.706520081000178, 26.173130035999975 ], [ 89.704277038000157, 26.174549103000061 ], [ 89.702537623000183, 26.177120586000115 ], [ 89.702636719000054, 26.177555084000176 ], [ 89.702644608000071, 26.177672920000191 ], [ 89.702653337000186, 26.177803311000048 ], [ 89.702667236000138, 26.178010940000092 ], [ 89.702690124000128, 26.178438188000086 ], [ 89.702690124000128, 26.178878784000119 ], [ 89.702682496000193, 26.179332732000034 ], [ 89.702690911000104, 26.179605187999982 ], [ 89.702692876000128, 26.179668813000035 ], [ 89.702697754000042, 26.179826738000031 ], [ 89.702710822000199, 26.180013776000067 ], [ 89.702728, 26.180264000000136 ], [ 89.702789000000109, 26.180700011000056 ], [ 89.702795298000126, 26.180844834000084 ], [ 89.702799026000037, 26.180934774000036 ], [ 89.702804565000065, 26.181068421000191 ], [ 89.702795632000118, 26.181269402000055 ], [ 89.702789000000109, 26.181412 ], [ 89.702789000000109, 26.18176700000015 ], [ 89.70269, 26.182016000000147 ], [ 89.702633000000162, 26.182120623 ], [ 89.702537537000183, 26.182294846000161 ], [ 89.702428000000111, 26.18242 ], [ 89.702376970000103, 26.182478027000116 ], [ 89.70224676800018, 26.182594760000086 ], [ 89.702232360000039, 26.182607651000183 ], [ 89.702153866000117, 26.182657528000107 ], [ 89.702049001000091, 26.182724001000054 ], [ 89.701889, 26.18282500000015 ], [ 89.701830092000193, 26.182861693000063 ], [ 89.701652528000068, 26.182971955000141 ], [ 89.70141601500012, 26.183116912000116 ], [ 89.701388233000102, 26.183131480999975 ], [ 89.70123012900018, 26.183214389000113 ], [ 89.701103210000099, 26.183280945000092 ], [ 89.700759888000107, 26.183418274000189 ], [ 89.700614947000076, 26.183464046000097 ], [ 89.700202942000033, 26.184829712000067 ], [ 89.694839478000176, 26.189071656000067 ], [ 89.697578430000135, 26.190860748000148 ], [ 89.701843262000182, 26.188150405000158 ], [ 89.705368042000146, 26.188070297000081 ], [ 89.708221435999974, 26.186838151000075 ], [ 89.710739136000143, 26.188560487000132 ], [ 89.714050294000174, 26.189359664999984 ], [ 89.71613311700014, 26.191328049000163 ], [ 89.718101501000092, 26.196798325000145 ], [ 89.717475892000095, 26.200120926000181 ], [ 89.715560912000115, 26.202650070000175 ], [ 89.711631775000171, 26.203199388000144 ], [ 89.714218139000138, 26.205978393000123 ], [ 89.717269897000051, 26.205610276000129 ], [ 89.72062683200005, 26.206171035000068 ], [ 89.723213196000188, 26.205329895000148 ], [ 89.725662231000058, 26.206079483000167 ], [ 89.73132324300019, 26.210769653000114 ], [ 89.732032775999983, 26.212289811000119 ], [ 89.731277466000051, 26.21491050700007 ], [ 89.724380493000012, 26.217290878000085 ], [ 89.715499877000127, 26.214780808000057 ], [ 89.703079225000067, 26.213291168000069 ], [ 89.700248717000136, 26.213760375999982 ], [ 89.697547913000164, 26.21594238300014 ], [ 89.697227478, 26.217229843000098 ], [ 89.699569703000122, 26.21890068100015 ], [ 89.703102111000192, 26.217309952000051 ], [ 89.705558776000146, 26.217060090000189 ], [ 89.710227967000037, 26.219141007000133 ], [ 89.71170806900011, 26.227741241000103 ], [ 89.712806701000034, 26.228969573000143 ], [ 89.718177795000031, 26.231620790000193 ], [ 89.723320008000144, 26.232929231000185 ], [ 89.728767396000194, 26.238201141000104 ], [ 89.723571778000178, 26.243539811000062 ], [ 89.71572113000002, 26.246379852000132 ], [ 89.715026855000076, 26.248971940000047 ], [ 89.716522217000147, 26.25233841000005 ], [ 89.716423035000105, 26.255260468000017 ], [ 89.715370178000114, 26.256490708000058 ], [ 89.711387634000118, 26.258039475000032 ], [ 89.703620910000041, 26.256971360000023 ], [ 89.700996400000122, 26.259189607000167 ], [ 89.700675965000187, 26.260841369000048 ], [ 89.704811096000071, 26.269901276000155 ], [ 89.708946227000183, 26.270820617000084 ], [ 89.711540222000167, 26.269580841000163 ], [ 89.710845946000063, 26.264560701000107 ], [ 89.711425781000173, 26.263269425000033 ], [ 89.717346191000104, 26.259160995000116 ], [ 89.725219727000194, 26.258409500000027 ], [ 89.732276916000103, 26.260339738000027 ], [ 89.733451843000068, 26.262500764000094 ], [ 89.733673096000189, 26.266460419999987 ], [ 89.7374572760001, 26.27110099700019 ], [ 89.729187011000192, 26.282939912000188 ], [ 89.721092224000188, 26.288169862000188 ], [ 89.717056275000118, 26.293052673000147 ], [ 89.715446472000053, 26.297029495000061 ], [ 89.715682983000193, 26.301980972000024 ], [ 89.717826843000125, 26.305700301000172 ], [ 89.72025299, 26.308130265000159 ], [ 89.72276306200007, 26.307550430000049 ], [ 89.719802856000058, 26.298631668000155 ], [ 89.72088623000019, 26.29628944500007 ], [ 89.7234497070001, 26.2947502130001 ], [ 89.731796265000071, 26.292900086000031 ], [ 89.7423477170002, 26.295209885000133 ], [ 89.74606323200004, 26.290761948000068 ], [ 89.748886109000125, 26.289400100000023 ], [ 89.757102966000048, 26.288530349000098 ], [ 89.75865936200006, 26.289329529000099 ], [ 89.759140014000195, 26.292591095000148 ], [ 89.750892640000131, 26.306240082000159 ], [ 89.750541687000123, 26.321460725000179 ], [ 89.751663209000185, 26.322160720000113 ], [ 89.753646850000109, 26.321800233000033 ], [ 89.76196289100011, 26.317068101000189 ], [ 89.768531799000073, 26.323802948999969 ], [ 89.777748109000186, 26.327760697000087 ], [ 89.780860900000107, 26.330881119000139 ], [ 89.781036378000067, 26.335840226000016 ], [ 89.779212952000137, 26.343202591000193 ], [ 89.779060363000042, 26.347410203000152 ], [ 89.780891419000056, 26.352170944000136 ], [ 89.782012939000083, 26.353279113000099 ], [ 89.79032135000017, 26.358062745000097 ], [ 89.804000854000151, 26.362342835000049 ], [ 89.809852601000159, 26.366500855000027 ], [ 89.812561035000101, 26.367000581000127 ], [ 89.820419311000137, 26.370620728000119 ], [ 89.817230224000127, 26.366100311000082 ], [ 89.812667847000057, 26.362400054999966 ], [ 89.811546325000165, 26.360710144000052 ], [ 89.811492920000092, 26.358020783000029 ], [ 89.813629150000111, 26.353170395000177 ], [ 89.815567016000045, 26.351459503000171 ], [ 89.820098876000031, 26.350381852000112 ], [ 89.82118988000002, 26.351139068000066 ], [ 89.823410034000062, 26.355249405000052 ], [ 89.821060181000064, 26.359069824000073 ], [ 89.827056884000172, 26.366649627000072 ], [ 89.827423096000075, 26.369819641000163 ], [ 89.824409485000047, 26.376890182000125 ], [ 89.82559204100005, 26.37931823800011 ], [ 89.827873230000023, 26.38112068300012 ], [ 89.830986023000094, 26.382030488000169 ], [ 89.834022521000179, 26.381261827000117 ], [ 89.840927124000075, 26.37775993300005 ], [ 89.845497131000116, 26.384029389000091 ], [ 89.851257324000017, 26.384050370000182 ], [ 89.855072022000172, 26.382030488000169 ], [ 89.857292176000044, 26.384460449000073 ], [ 89.853157043000124, 26.395990372000085 ], [ 89.850326537000058, 26.398281097000165 ], [ 89.846817018000195, 26.402740478000112 ], [ 89.846061707000104, 26.397792816000162 ], [ 89.844497681, 26.394350053000153 ], [ 89.840393067000036, 26.390819550000174 ], [ 89.830589295000152, 26.390199661000111 ], [ 89.827972412000065, 26.393478394000056 ], [ 89.827278137000121, 26.396472932000052 ], [ 89.82946777300009, 26.403280259000098 ], [ 89.833290099000124, 26.412290573000064 ], [ 89.836341857000036, 26.411270143000024 ], [ 89.84484863300014, 26.410221099000069 ], [ 89.849807740000188, 26.41420936600008 ], [ 89.847648622000065, 26.419822694 ], [ 89.847785950000059, 26.421752929000149 ], [ 89.849761963000049, 26.422250748000181 ], [ 89.852996827000197, 26.424560548000159 ], [ 89.855201721000185, 26.434049606000144 ], [ 89.857688905000089, 26.438121796000132 ], [ 89.8611297610002, 26.440420151000126 ], [ 89.869499206000171, 26.448419571000102 ], [ 89.869430542000032, 26.457281114000125 ], [ 89.870620728000063, 26.459890366000025 ], [ 89.87020874100017, 26.463979721000101 ], [ 89.867095948000099, 26.465810776000126 ], [ 89.862373352000191, 26.46607017600013 ], [ 89.861022949000073, 26.474781037000071 ], [ 89.852691651000157, 26.487779618000104 ], [ 89.85497284000013, 26.494302749000099 ], [ 89.855606080000143, 26.505140304000179 ], [ 89.853500366000162, 26.51723289600011 ], [ 89.854431152000075, 26.521078111000179 ], [ 89.861839294000049, 26.530460358000141 ], [ 89.86226654100011, 26.537290573000121 ], [ 89.861419677000015, 26.543188095000119 ], [ 89.864616394000109, 26.548290254000108 ], [ 89.864326478000123, 26.560779572000172 ], [ 89.865486145000034, 26.56583976800016 ], [ 89.864997865000134, 26.570270539000035 ], [ 89.861526490000074, 26.574560165000037 ], [ 89.862007142000039, 26.577882768000109 ], [ 89.869873046, 26.579509734000055 ], [ 89.877548218000015, 26.584241868000106 ], [ 89.874221802000136, 26.589212419000035 ], [ 89.872116088000155, 26.594709396000042 ], [ 89.872543335999978, 26.597570420000125 ], [ 89.875221252000074, 26.601169587000129 ], [ 89.876632690000122, 26.606342316000109 ], [ 89.87722778300008, 26.613050461000114 ], [ 89.871612550000066, 26.61495971800008 ], [ 89.861831664000135, 26.615150452000023 ], [ 89.859001159000115, 26.61721038800016 ], [ 89.857040405000077, 26.623411179000072 ], [ 89.857292176000044, 26.632089615000154 ], [ 89.861267090000126, 26.635559083000146 ], [ 89.873672486000146, 26.643510818000038 ], [ 89.875839233000136, 26.646301269000048 ], [ 89.876373290000174, 26.649499894000144 ], [ 89.872756958000082, 26.651859284000125 ], [ 89.868057251000153, 26.65661811800004 ], [ 89.868286134000186, 26.660760879000065 ], [ 89.869873046, 26.662670136000031 ], [ 89.87052154600002, 26.6662197120001 ], [ 89.869338988000095, 26.67094993600017 ], [ 89.869468689000087, 26.673810958000104 ], [ 89.871482849000074, 26.67921829200003 ], [ 89.871429444, 26.683530808000171 ], [ 89.861412049000137, 26.700349809000102 ], [ 89.860076904000039, 26.701374055000088 ], [ 89.863151551000158, 26.700654983000106 ], [ 89.862503053000125, 26.701652528000125 ], [ 89.865554809000059, 26.705976486000168 ], [ 89.865051270000038, 26.707769393999968 ], [ 89.864013671000066, 26.710762024000132 ], [ 89.862594605000083, 26.713729859000125 ], [ 89.862022400000058, 26.716526032000104 ], [ 89.862762450000048, 26.71926879800003 ], [ 89.863494872000047, 26.722177507000083 ], [ 89.864234924000186, 26.725418091000165 ], [ 89.864509582000153, 26.727247239000178 ], [ 89.864295959000174, 26.728000642000097 ], [ 89.864318848000039, 26.730569840000044 ], [ 89.862655640000071, 26.731897355000172 ], [ 89.86028289900014, 26.733955384000183 ], [ 89.859687806000181, 26.734470368000189 ], [ 89.85885620200014, 26.735218048000036 ], [ 89.859779358000139, 26.735965728000053 ], [ 89.860984802000189, 26.736383438000189 ], [ 89.862922668000124, 26.737382889000173 ], [ 89.897453308000138, 26.724449158000027 ], [ 89.962135314000136, 26.723869324000191 ], [ 89.967018128000177, 26.723825454000121 ], [ 89.975402833000032, 26.725667953000084 ], [ 89.992584228000055, 26.72944450500006 ], [ 89.997032166000054, 26.730422973000032 ], [ 90.006080628000177, 26.732048035000048 ], [ 90.008209228000055, 26.732431412000039 ], [ 90.009712219000164, 26.732349396000188 ], [ 90.012886047000052, 26.732175828000038 ], [ 90.013191224000138, 26.732158662000188 ], [ 90.018745422000165, 26.731857300000115 ], [ 90.04924011300011, 26.73070335400007 ], [ 90.138351441000054, 26.75329589800009 ], [ 90.188613892000092, 26.771303177000107 ], [ 90.19459533700018, 26.773445129000038 ], [ 90.187461853000059, 26.806999207000047 ], [ 90.200767516000099, 26.835365296000077 ], [ 90.227455139000142, 26.856889725000144 ], [ 90.229072570000085, 26.858194351000066 ], [ 90.230216981000012, 26.8591175090001 ], [ 90.234031677000189, 26.859142303000169 ], [ 90.241752624000128, 26.859189987000036 ], [ 90.248596192000093, 26.859231949000105 ], [ 90.254051208000078, 26.858198166000136 ], [ 90.254455567000036, 26.858119965000128 ], [ 90.255470277000143, 26.857929231000185 ], [ 90.26498413000013, 26.856136322000054 ], [ 90.283103942000139, 26.852718354000046 ], [ 90.300216674000126, 26.848405839000179 ], [ 90.315040588000045, 26.856828689000054 ], [ 90.315391540000178, 26.857030869000084 ], [ 90.322052002000021, 26.86081504800012 ], [ 90.337265015000128, 26.869455338000023 ], [ 90.34696197400018, 26.87496376100006 ], [ 90.347785950000116, 26.875434876000043 ], [ 90.350059509000062, 26.888624192000123 ], [ 90.350173950000169, 26.889305116000173 ], [ 90.356445313000108, 26.901008607000108 ], [ 90.416481017000081, 26.904701233000139 ], [ 90.4202499390002, 26.90214538500004 ], [ 90.423904420000156, 26.899669647 ], [ 90.43824768200011, 26.889949799000135 ], [ 90.466011048000098, 26.87112998900011 ], [ 90.48187255900018, 26.860368730000118 ], [ 90.501701355000193, 26.846914292000122 ], [ 90.508903503000113, 26.842027665000046 ], [ 90.514595032000045, 26.838163377000058 ], [ 90.533409119, 26.825384141000143 ], [ 90.54299163800016, 26.818876266000188 ], [ 90.545852661000197, 26.816936492000082 ], [ 90.570396424000137, 26.808700561000137 ], [ 90.58497619700006, 26.803808212000092 ], [ 90.633895875000064, 26.793975831000068 ], [ 90.643203736000089, 26.780336380000108 ], [ 90.645927429000096, 26.776344300000062 ], [ 90.646858215, 26.776588439000079 ], [ 90.675819397000168, 26.784160613999973 ], [ 90.689056397000115, 26.773733140000161 ], [ 90.693458558000088, 26.770265580000171 ], [ 90.695846558000142, 26.770082474000105 ], [ 90.7167663580002, 26.768478394000056 ], [ 90.74058532700019, 26.774839402000055 ], [ 90.741287232000104, 26.775026321000155 ], [ 90.742919921000066, 26.775463104000153 ], [ 90.776824952000084, 26.77586364800004 ], [ 90.786788939000189, 26.775979996000103 ], [ 90.816612244000169, 26.776323318999971 ], [ 90.949272156, 26.787418366000054 ], [ 90.956466675000115, 26.788017272000047 ], [ 90.95771789600019, 26.786413192000055 ], [ 90.959022522000112, 26.784755707000102 ], [ 90.958747864000145, 26.784378052000022 ], [ 90.95667266800001, 26.781528473000094 ], [ 90.964294434000067, 26.783550263000052 ], [ 90.970184326000151, 26.785112381000147 ], [ 90.991600037000069, 26.790792465000095 ], [ 91.018959046000077, 26.786651611000138 ], [ 91.028427125000178, 26.785219193000103 ], [ 91.038597106000111, 26.783678054000063 ], [ 91.041358948000152, 26.784168244000114 ], [ 91.046874999000124, 26.783222200000182 ], [ 91.049720765000075, 26.782804490000046 ], [ 91.052215577000084, 26.782346726000185 ], [ 91.055412292000142, 26.782350541000085 ], [ 91.056945801000097, 26.783916473000147 ], [ 91.058296204000044, 26.785081864000176 ], [ 91.059799195000096, 26.786293029000149 ], [ 91.061630248000199, 26.788026810000133 ], [ 91.063423157000102, 26.789888382000186 ], [ 91.064987183000198, 26.791408539000088 ], [ 91.068145751000088, 26.794343949000108 ], [ 91.069572448000088, 26.795589447000168 ], [ 91.072616578000066, 26.798814773000061 ], [ 91.074302674000137, 26.800401688000136 ], [ 91.076164246000133, 26.801984787000151 ], [ 91.07801055800013, 26.803707122000105 ], [ 91.078445434000059, 26.804115296000134 ], [ 91.080154419000166, 26.805932999000163 ], [ 91.081817627000078, 26.807485582000083 ], [ 91.083221435000098, 26.808650971000134 ], [ 91.084381104000045, 26.809957505000057 ], [ 91.086273193000181, 26.811552048000124 ], [ 91.089706421000187, 26.815023423000184 ], [ 91.090972900000111, 26.816247940000153 ], [ 91.092178345000093, 26.817554474000076 ], [ 91.093750001000103, 26.818946839000091 ], [ 91.094276428000057, 26.819383622000089 ], [ 91.09608459500015, 26.82089233500011 ], [ 91.097450256000116, 26.822179795000068 ], [ 91.145805360000111, 26.811153411000078 ], [ 91.161354066, 26.811901094 ], [ 91.178367616000116, 26.812797546000127 ], [ 91.192192078000176, 26.813583375000064 ], [ 91.221824647000176, 26.812620163000076 ], [ 91.236839293000116, 26.812313080000024 ], [ 91.250999452000144, 26.808179855000049 ], [ 91.261642456, 26.805068971000082 ], [ 91.262840271000073, 26.804719925000143 ], [ 91.263565063000044, 26.804508210000108 ], [ 91.276771545000088, 26.800647736000087 ], [ 91.281852722000167, 26.797170639000058 ], [ 91.296417237000071, 26.787193299000023 ], [ 91.327033997, 26.782587052000167 ], [ 91.337425232000157, 26.781234742000038 ], [ 91.359718324000085, 26.78951835700019 ], [ 91.375640870000041, 26.795434952000051 ], [ 91.390373230000023, 26.815925598000149 ], [ 91.392234802000075, 26.818513871000164 ], [ 91.404312133000076, 26.835287095000069 ], [ 91.406173706000175, 26.837873459000036 ], [ 91.407463074000077, 26.83965873700015 ], [ 91.408447265000063, 26.83910942100016 ], [ 91.440948484999979, 26.815334320000034 ], [ 91.441757203000122, 26.814743042000146 ], [ 91.448318481000172, 26.811082839999983 ], [ 91.455245972, 26.807275772000139 ], [ 91.463638306, 26.80266380300003 ], [ 91.494941710000148, 26.791383743000154 ], [ 91.529991150000058, 26.796821595000154 ], [ 91.53185272200011, 26.797109602999967 ], [ 91.544296265000185, 26.798955917000171 ], [ 91.591346740000176, 26.805006028000093 ], [ 91.602485657000159, 26.810350419000088 ], [ 91.603706359000114, 26.810935974000131 ], [ 91.60837554800014, 26.81317710899998 ], [ 91.625625611000032, 26.821151735000058 ], [ 91.644248962000063, 26.817012786000191 ], [ 91.6544570920002, 26.814741133999973 ], [ 91.689743041000042, 26.806886674000111 ], [ 91.690155030000142, 26.807056427000191 ], [ 91.701683045000152, 26.81181335500014 ], [ 91.705009461000031, 26.81318664600019 ], [ 91.720634461000031, 26.811922075000098 ], [ 91.748535156000059, 26.826286316000107 ], [ 91.760154723000198, 26.832218171000193 ], [ 91.761184691000153, 26.832742691000078 ], [ 91.764724732000047, 26.834550858 ], [ 91.781158447000053, 26.842926025000111 ], [ 91.802276612000071, 26.8536796570001 ], [ 91.807388306000064, 26.856140137000125 ], [ 91.813911437000058, 26.859279634000075 ], [ 91.816429138000103, 26.860490798000114 ], [ 91.82388305700016, 26.86437225300017 ], [ 91.832801819000053, 26.876859665000097 ], [ 91.859130859000174, 26.91370773400007 ], [ 91.863044739000145, 26.914184571000192 ], [ 91.877807616000155, 26.915983201000131 ], [ 91.882232666000164, 26.916379929000072 ], [ 91.8851165760002, 26.916713715000185 ], [ 91.892097473000035, 26.919214250000039 ], [ 91.901580809999984, 26.914770127000111 ], [ 91.942222595000146, 26.895730972000024 ], [ 91.950759887000061, 26.890943528000037 ], [ 91.963851928, 26.88286209100005 ], [ 91.970260621000136, 26.870553970000174 ], [ 91.977493287000073, 26.863662719000104 ], [ 91.983078004000049, 26.858339310000076 ], [ 91.990379334000011, 26.856575012000121 ], [ 92.000106812000183, 26.854227067000068 ], [ 92.017005921000191, 26.850145341000029 ], [ 92.036140443000136, 26.848922729000151 ], [ 92.052223206000065, 26.847896576000039 ], [ 92.056632996000076, 26.847614288000159 ], [ 92.086296081000057, 26.85959243800005 ], [ 92.102890015000128, 26.867559433999986 ], [ 92.102676391000045, 26.881496430000141 ], [ 92.112983704000101, 26.892383575000053 ], [ 92.120368957000039, 26.890300750000108 ], [ 92.124191284000176, 26.889760972000033 ], [ 92.129539490000013, 26.890712739000037 ], [ 92.147926331000178, 26.890888215000132 ], [ 92.162399292000146, 26.892660141000192 ], [ 92.168823243000077, 26.891910553000173 ], [ 92.177169799000069, 26.892480850000027 ], [ 92.194847107000044, 26.891000748000124 ], [ 92.209350587000131, 26.896890641000141 ], [ 92.25456237800006, 26.912229538000133 ], [ 92.261230468000178, 26.908769608000057 ], [ 92.265106202000084, 26.907600403 ], [ 92.267868042000146, 26.905082703000062 ], [ 92.276390076000041, 26.902469635000045 ], [ 92.281486512000185, 26.904148102000079 ], [ 92.290077210000106, 26.905460358000141 ], [ 92.300537110000107, 26.908140183000114 ], [ 92.303749085000049, 26.90954017700011 ], [ 92.302856446000192, 26.92420959400016 ], [ 92.320053102000145, 26.928380967000066 ], [ 92.346778869000161, 26.933460235000041 ], [ 92.353050233000033, 26.935569764000093 ], [ 92.364433289000033, 26.932699204000073 ], [ 92.367286683000032, 26.931550980000111 ], [ 92.399757384, 26.926271438000072 ], [ 92.411888123000153, 26.94419098000003 ], [ 92.425765991, 26.943468094000082 ], [ 92.442169189000083, 26.955022813000141 ], [ 92.44616699200003, 26.960639954000158 ], [ 92.459571839000091, 26.963310240999988 ], [ 92.466293335000046, 26.963060379000126 ], [ 92.483757018000176, 26.964740753000058 ], [ 92.490638733000196, 26.964731218000054 ], [ 92.505020142000035, 26.9667701730001 ], [ 92.515441895000151, 26.964420318000123 ], [ 92.531761170000152, 26.963300706000041 ], [ 92.553611756000066, 26.959070204999989 ], [ 92.585212707000039, 26.961862564000057 ], [ 92.645462035000094, 26.987449647000176 ], [ 92.645309448000035, 26.995611190000147 ], [ 92.644203186000141, 27.002510071000131 ], [ 92.644630431000053, 27.010040283000023 ], [ 92.639099122000061, 27.018539428999986 ], [ 92.650489807999975, 27.024778367000181 ], [ 92.657020569000053, 27.037590027000078 ], [ 92.658927918000074, 27.038520813000048 ], [ 92.682388306000178, 27.031740188000072 ], [ 92.702316284000176, 27.027580261000026 ], [ 92.713676452000072, 27.026090623000073 ], [ 92.727508545000148, 27.028400421000015 ], [ 92.769096374000071, 27.033041001000129 ], [ 92.785270691000107, 27.030679703000146 ], [ 92.824417114000198, 27.018480301000068 ], [ 92.836585999000135, 27.013549804999968 ], [ 92.872436524000136, 27.007699966000132 ], [ 92.883377076000158, 27.002340318000051 ], [ 92.887519836000081, 27.00022125300012 ], [ 92.89028930700016, 26.999820710000108 ], [ 92.899772644000109, 26.99626159800016 ], [ 92.916679382000098, 26.984651566000025 ], [ 92.914947510000161, 26.969760896000025 ], [ 92.91777038500004, 26.964241028000174 ], [ 92.92166137800001, 26.961908341000026 ], [ 92.9264068600001, 26.960660935000192 ], [ 92.932769776000043, 26.956939698000042 ], [ 92.951362610000103, 26.94890975900006 ], [ 92.96161651500006, 26.945880890000012 ], [ 92.972976685000106, 26.940820695000127 ], [ 92.980697632000101, 26.935621261000165 ], [ 92.982719421000127, 26.935939789000031 ], [ 92.986686707000104, 26.933830262000185 ], [ 92.993759156000067, 26.931787491000023 ], [ 92.995796204000044, 26.93032074000007 ], [ 92.997436523000147, 26.930349349000039 ], [ 93.019371034000187, 26.916830063000191 ], [ 93.038208009000073, 26.917881012 ], [ 93.060173036000037, 26.921180725000113 ], [ 93.068840027000078, 26.92420959400016 ], [ 93.07636261000016, 26.919940949000193 ], [ 93.091873169, 26.915540695000118 ], [ 93.108963012000117, 26.927280426000038 ], [ 93.184280396000133, 26.93873977700008 ], [ 93.222389222000061, 26.949140550000095 ], [ 93.266853333000086, 26.956001281000113 ], [ 93.347938538000108, 26.963241578000122 ], [ 93.374237060000155, 26.960380554000153 ], [ 93.39073181100008, 26.960029602000077 ], [ 93.436660767000092, 26.956090928000151 ], [ 93.4478683480001, 26.954151154000044 ], [ 93.463836671000138, 26.943540573000121 ], [ 93.468109131000176, 26.938890457000127 ], [ 93.480293275000179, 26.94017982500003 ], [ 93.486831666000171, 26.943090439000173 ], [ 93.489356995000151, 26.938529968000012 ], [ 93.525840759000062, 26.948631286000023 ], [ 93.545486450000112, 26.95174026400008 ], [ 93.570793153000125, 26.954122543000096 ], [ 93.584220887000015, 26.952648164000038 ], [ 93.59583282400007, 26.955181123000102 ], [ 93.624496460000103, 26.96421051100009 ], [ 93.640167236000138, 26.964780808000114 ], [ 93.655113219000157, 26.966478347000134 ], [ 93.675781250000057, 26.971071242999983 ], [ 93.696556091000105, 26.992378235999979 ], [ 93.698280335000106, 26.994791031000091 ], [ 93.700950622000164, 26.997102737000034 ], [ 93.705680846, 27.003681183000026 ], [ 93.704498291000164, 27.006561280000028 ], [ 93.705566406000173, 27.008329391000075 ], [ 93.718933105000076, 27.019220353000037 ], [ 93.733886718000178, 27.027231217000121 ], [ 93.74257660000012, 27.02971267800018 ], [ 93.746429443000125, 27.032409669000117 ], [ 93.768478394000056, 27.043291092000118 ], [ 93.768196106000175, 27.055519104000041 ], [ 93.77007293600019, 27.055580140000131 ], [ 93.77095794700017, 27.054550172000177 ], [ 93.77178955100004, 27.055519104000041 ], [ 93.772399903000064, 27.062301635000154 ], [ 93.773681640000177, 27.062360763000072 ], [ 93.775436402000082, 27.056219102000057 ], [ 93.777946472999986, 27.052770615999975 ], [ 93.779159547000177, 27.053342820000069 ], [ 93.779136658000141, 27.058290482000189 ], [ 93.781166076000034, 27.060819626000182 ], [ 93.782272338000098, 27.066900253000142 ], [ 93.783210754000095, 27.067190171000163 ], [ 93.785110473000145, 27.058359145000111 ], [ 93.786132813, 27.055370330000187 ], [ 93.787422179000146, 27.054229737000185 ], [ 93.791191101000038, 27.054569245000039 ], [ 93.793998718000068, 27.057729721000044 ], [ 93.797096252000017, 27.070882796999967 ], [ 93.798057555000071, 27.070941925000056 ], [ 93.798767091000173, 27.069681168000102 ], [ 93.799423219000118, 27.066871644000173 ], [ 93.802131653, 27.061761857000079 ], [ 93.804885865000188, 27.061349868000036 ], [ 93.808547974000078, 27.062570572000141 ], [ 93.810188293000124, 27.068140031000041 ], [ 93.81288147000015, 27.07068061800004 ], [ 93.815711975000113, 27.06545066800004 ], [ 93.818786621000129, 27.064931870000123 ], [ 93.822875976000034, 27.068321229000162 ], [ 93.824577332000104, 27.072170257000096 ], [ 93.825492858000189, 27.072122575000094 ], [ 93.827102661000083, 27.068849564000061 ], [ 93.828247070000145, 27.068950654000105 ], [ 93.829010010000047, 27.072122575000094 ], [ 93.832099915000185, 27.072868348000043 ], [ 93.835021972000106, 27.074991227000112 ], [ 93.836746216000108, 27.078212738000104 ], [ 93.834762573000035, 27.08205032300009 ], [ 93.83436584400016, 27.082849503000148 ], [ 93.836212158000137, 27.086479188000169 ], [ 93.833030701000098, 27.087610246000168 ], [ 93.831321716000161, 27.092439652000053 ], [ 93.826637269000116, 27.099380493000126 ], [ 93.827232360000039, 27.111940384000093 ], [ 93.825492858000189, 27.119340898000075 ], [ 93.821952820000035, 27.122030259000155 ], [ 93.819107056000121, 27.122901917000149 ], [ 93.814956665000182, 27.122608186000093 ], [ 93.813156128000116, 27.123760225000069 ], [ 93.811363221000192, 27.126268387000152 ], [ 93.813850403000117, 27.128618240000151 ], [ 93.81423187300004, 27.130821228000173 ], [ 93.813507079000146, 27.132011414000033 ], [ 93.808189392000031, 27.132869721000134 ], [ 93.805809021000186, 27.134750367000095 ], [ 93.802223205000132, 27.132860184000094 ], [ 93.800247193000075, 27.132629395000095 ], [ 93.798431397000115, 27.134399414000086 ], [ 93.797798158000035, 27.136009216000105 ], [ 93.798240661000136, 27.13716125500008 ], [ 93.80143737800006, 27.1379108430001 ], [ 93.805610656, 27.137790680000023 ], [ 93.806808472000171, 27.147209168000018 ], [ 93.807296753000173, 27.150140763000024 ], [ 93.808586121000076, 27.15175056400011 ], [ 93.817016601000091, 27.158241273000044 ], [ 93.826660155000013, 27.169370652000111 ], [ 93.828979492000201, 27.17064285400005 ], [ 93.836997985000096, 27.172079086000053 ], [ 93.839881897000112, 27.173458099000186 ], [ 93.847167969000111, 27.17978096000013 ], [ 93.857460021000065, 27.191101075000176 ], [ 93.867446899000186, 27.198841095000034 ], [ 93.885612488000163, 27.224382400000081 ], [ 93.89097595200019, 27.23018074100014 ], [ 93.892982483000026, 27.230970383000113 ], [ 93.901046753000116, 27.241540909000037 ], [ 93.918899535000037, 27.257141113000102 ], [ 93.933906556000125, 27.268341065000072 ], [ 93.938911438000162, 27.273279191000086 ], [ 93.956520080000132, 27.294759750000082 ], [ 93.972671510000168, 27.308340074000171 ], [ 93.980949402000135, 27.313768386000049 ], [ 93.985671997000168, 27.320579530000145 ], [ 93.990180970000097, 27.324649811000029 ], [ 93.996032715000126, 27.327882767 ], [ 93.99780273500005, 27.327859879000073 ], [ 94.000686645000087, 27.330139161000034 ], [ 94.000007628000105, 27.334709167000142 ], [ 94.009788514000093, 27.338890076000098 ], [ 94.02583313100007, 27.347700119000137 ], [ 94.030082703000119, 27.347991944000057 ], [ 94.041641234, 27.353290558000026 ], [ 94.048316955000189, 27.358749389000081 ], [ 94.054832458000078, 27.36283111500012 ], [ 94.060928345000036, 27.363559724000083 ], [ 94.063148499000079, 27.368911743000183 ], [ 94.068649292000032, 27.374401092000028 ], [ 94.072448730000133, 27.383012771000153 ], [ 94.086349487000177, 27.404560090000189 ], [ 94.093299865000063, 27.410940170000117 ], [ 94.099922180000078, 27.413919449000161 ], [ 94.106521607000161, 27.418050765000032 ], [ 94.117080689000034, 27.430971146000161 ], [ 94.123336792000146, 27.43498039300016 ], [ 94.135856629000159, 27.445859908000159 ], [ 94.140808106000122, 27.448459625000055 ], [ 94.154457093000133, 27.460460662000116 ], [ 94.160202027000139, 27.466470719000085 ], [ 94.158737183000085, 27.470001222000121 ], [ 94.157211304000043, 27.478048324000156 ], [ 94.16422271800019, 27.480989457000021 ], [ 94.167930602000183, 27.484188079000035 ], [ 94.174713135000104, 27.484071731000142 ], [ 94.18689727800006, 27.490810395000096 ], [ 94.191246031999981, 27.496320725000032 ], [ 94.195228576000034, 27.497459411000136 ], [ 94.21065521200012, 27.497903824000048 ], [ 94.212326050000172, 27.497949601000187 ], [ 94.215400696000188, 27.503139497000063 ], [ 94.221672058000195, 27.507030487000122 ], [ 94.259056092000037, 27.522600174000104 ], [ 94.259727478000116, 27.523490906000063 ], [ 94.262512207000043, 27.527429581000092 ], [ 94.256866455000136, 27.540500641000108 ], [ 94.255737304000036, 27.550760269000079 ], [ 94.256500245000041, 27.557428361000063 ], [ 94.240600585000038, 27.570350647000112 ], [ 94.234146117000137, 27.57146072400019 ], [ 94.226478576000147, 27.575630189000094 ], [ 94.225479126000039, 27.581058503000179 ], [ 94.221443177000197, 27.587911607000024 ], [ 94.225311279000096, 27.595239640000159 ], [ 94.225051879000148, 27.598510742000087 ], [ 94.222923279000042, 27.600740433000112 ], [ 94.213508605000186, 27.604421616000138 ], [ 94.211112976000152, 27.610841752000056 ], [ 94.217437744000165, 27.609001160000162 ], [ 94.22595977800006, 27.617990494000026 ], [ 94.235076904000152, 27.63251113900003 ], [ 94.245071412000016, 27.635869980000166 ], [ 94.247268677000193, 27.635810852000077 ], [ 94.250068664000139, 27.639720917000034 ], [ 94.252227782000091, 27.640930175999983 ], [ 94.255989076000105, 27.636552811000115 ], [ 94.259071350000056, 27.637018203000082 ], [ 94.262786865000066, 27.636020661000146 ], [ 94.266708373000142, 27.632560730000137 ], [ 94.267166137, 27.627862931000152 ], [ 94.262222290000125, 27.624519348000035 ], [ 94.257102966000048, 27.619119643999966 ], [ 94.25408935500019, 27.613700867999967 ], [ 94.261886597000171, 27.610099792000085 ], [ 94.272453307000148, 27.603469849000192 ], [ 94.275207519000105, 27.597400666000112 ], [ 94.276031495000097, 27.593349456999988 ], [ 94.28765869200015, 27.591791154000134 ], [ 94.288482666000107, 27.594511032000128 ], [ 94.292892455000185, 27.600360870000088 ], [ 94.298019410000109, 27.604270936000091 ], [ 94.301643372000115, 27.599880218000067 ], [ 94.308357240000134, 27.595581053999979 ], [ 94.312408447000053, 27.589651108000169 ], [ 94.319709777000071, 27.590051652000056 ], [ 94.323738098000035, 27.58716964700011 ], [ 94.329055787000073, 27.588390350000111 ], [ 94.338142395000148, 27.581039430000146 ], [ 94.340576172000169, 27.583440780000046 ], [ 94.345077515000014, 27.584590912000181 ], [ 94.348846435000155, 27.579450608000116 ], [ 94.355697631000169, 27.57738113400012 ], [ 94.362197875000106, 27.580230712000173 ], [ 94.367492676000097, 27.576749802000109 ], [ 94.372306824000134, 27.579269410000052 ], [ 94.375839234000182, 27.58457756100006 ], [ 94.380432129000155, 27.585090637 ], [ 94.3843765270002, 27.58646011400009 ], [ 94.387596130000077, 27.589279176000105 ], [ 94.394828797000116, 27.588779450000175 ], [ 94.403182983000193, 27.587190628000144 ], [ 94.420928955000136, 27.601341249000086 ], [ 94.43103790300006, 27.603080750000061 ], [ 94.430587768000066, 27.596460343 ], [ 94.436050416000114, 27.584421158000168 ], [ 94.442382813000108, 27.579460144 ], [ 94.449607849000188, 27.575040817 ], [ 94.453468322000106, 27.570940017000169 ], [ 94.456222534000119, 27.562902450000138 ], [ 94.459739686000148, 27.557710647000192 ], [ 94.469306947000121, 27.564012527000045 ], [ 94.479156493000062, 27.576990128000091 ], [ 94.48310852100002, 27.577201843000125 ], [ 94.490966797000112, 27.575492860000054 ], [ 94.500000000000114, 27.577264786000114 ], [ 94.500228881000112, 27.577310563000083 ], [ 94.509407043000124, 27.584070207000138 ], [ 94.515663147000112, 27.584730148000119 ], [ 94.526283264000199, 27.59576988300006 ], [ 94.531730652000078, 27.596929550000027 ], [ 94.536590577000084, 27.596990585000185 ], [ 94.546417237000128, 27.603532792000124 ], [ 94.551712036000083, 27.604049683000028 ], [ 94.55612182700014, 27.603239060000192 ], [ 94.563896179000039, 27.606960297000114 ], [ 94.569473266000045, 27.606351853000092 ], [ 94.573532105000083, 27.606969833000051 ], [ 94.581855773000086, 27.616680145000032 ], [ 94.586296081000114, 27.620109558000024 ], [ 94.591468811000198, 27.622810365000078 ], [ 94.595771790000128, 27.621469497000191 ], [ 94.600608825000052, 27.621931076000067 ], [ 94.604080200000112, 27.62310028100012 ], [ 94.609382630000084, 27.622631074000083 ], [ 94.614067078000119, 27.62574005200014 ], [ 94.624977111000135, 27.63011932500018 ], [ 94.630691529000103, 27.628290177000167 ], [ 94.634452820000149, 27.628770829000132 ], [ 94.639793396000073, 27.630960464000054 ], [ 94.645217895000144, 27.636539459000062 ], [ 94.648422242000152, 27.642070770000032 ], [ 94.664642335000053, 27.647859574000108 ], [ 94.669113159000119, 27.650278092 ], [ 94.675743103000173, 27.650651932000073 ], [ 94.682510375000163, 27.649589540000079 ], [ 94.686996459999989, 27.653310777000058 ], [ 94.686508179000043, 27.657142639000028 ], [ 94.68387603900004, 27.663339614000165 ], [ 94.689407348000032, 27.667190552000136 ], [ 94.698081970000089, 27.66710090800018 ], [ 94.713066102000198, 27.660261155000114 ], [ 94.71663665900013, 27.661649705000059 ], [ 94.720703125000114, 27.669990541000061 ], [ 94.72554016100014, 27.670339585000193 ], [ 94.727676391000159, 27.667860031000032 ], [ 94.737030029000096, 27.665649415000075 ], [ 94.742668151000146, 27.663421631000119 ], [ 94.755920410000158, 27.666519166000171 ], [ 94.759559631000116, 27.668439866000142 ], [ 94.764320373000032, 27.674560547 ], [ 94.766937256000062, 27.680139541000131 ], [ 94.772163391000049, 27.68396949800001 ], [ 94.776451112000132, 27.683378220000122 ], [ 94.790992736000192, 27.688850402000128 ], [ 94.794059754000159, 27.693220139000061 ], [ 94.795349122000061, 27.698078157000054 ], [ 94.797576903999982, 27.698932647000049 ], [ 94.800216675000172, 27.697090148000086 ], [ 94.818031310000094, 27.696840286000054 ], [ 94.821266174000186, 27.696220398000094 ], [ 94.839385986000195, 27.703540803000124 ], [ 94.848793029000035, 27.71068191500018 ], [ 94.853576661000091, 27.731620788999976 ], [ 94.860717773000147, 27.733381270999985 ], [ 94.8660278320001, 27.736240388000056 ], [ 94.860862732000101, 27.739479065000069 ], [ 94.883941650999986, 27.74205970800017 ], [ 94.923210867000194, 27.754560072000061 ], [ 94.930030823000152, 27.756731033000165 ], [ 94.987037660000055, 27.770851135000157 ], [ 94.997879028, 27.776550294000174 ], [ 95.019149780000134, 27.772499084000174 ], [ 95.0312194830002, 27.77477073600005 ], [ 95.038757323000198, 27.777730942000176 ], [ 95.048866272000055, 27.786460876000035 ], [ 95.05182647800018, 27.790229798000155 ], [ 95.194862366000052, 27.834449767000081 ], [ 95.236541749000082, 27.848350526000104 ], [ 95.292549133000193, 27.86499023600004 ], [ 95.308471679000093, 27.867820741 ], [ 95.316558838000162, 27.871129991000089 ], [ 95.384338379000042, 27.842021942000144 ], [ 95.5159530640002, 27.881788253000025 ], [ 95.526229858000193, 27.897899628000175 ], [ 95.533020019000048, 27.900430679000067 ], [ 95.543533324000123, 27.902322770000069 ], [ 95.544342042000096, 27.905782700000145 ], [ 95.542068481000172, 27.910741807000022 ], [ 95.543800354000041, 27.913459777000014 ], [ 95.565048217000083, 27.922519684000122 ], [ 95.566261292000036, 27.931591034000178 ], [ 95.571212769000169, 27.94238090500005 ], [ 95.580535887999986, 27.943561555000031 ], [ 95.58866119400011, 27.941629410000132 ], [ 95.596946717000094, 27.951129913999978 ], [ 95.606742859000065, 27.957769394000081 ], [ 95.825881957000092, 27.977371217000041 ], [ 95.956886291000103, 27.969129563000081 ], [ 95.977462768000066, 27.968500138000138 ], [ 95.965209961000141, 27.952632905000087 ], [ 95.952316284000062, 27.941841125000167 ], [ 95.951553344, 27.939170837000177 ], [ 95.952346801000033, 27.937179566 ], [ 95.957550050000066, 27.937080384000183 ], [ 95.957542419000049, 27.93288040200008 ], [ 95.953811645000087, 27.930240631000117 ], [ 95.955299377000074, 27.926820756000041 ], [ 95.952491760000044, 27.922819138000193 ], [ 95.943511962000116, 27.912639619000061 ], [ 95.939315795000084, 27.909820557000046 ], [ 95.938331604000098, 27.903270722000116 ], [ 95.92864227300015, 27.902851105000138 ], [ 95.925010680000128, 27.900941848000173 ], [ 95.923927307000156, 27.895999909000125 ], [ 95.928550721000022, 27.890529633000142 ], [ 95.927352905000077, 27.88726043700018 ], [ 95.923751831000175, 27.890331268000125 ], [ 95.921279908000031, 27.890470505 ], [ 95.922622681000178, 27.886180879 ], [ 95.918663025000114, 27.882780075000028 ], [ 95.914001464000137, 27.880849839000177 ], [ 95.912918091000165, 27.878139497000063 ], [ 95.914093018000074, 27.874650956000039 ], [ 95.911376953000172, 27.873018265000042 ], [ 95.906181335000156, 27.877229692000014 ], [ 95.907226562000062, 27.868640899000013 ], [ 95.900558472000057, 27.866680145000146 ], [ 95.897636414000033, 27.867469787000118 ], [ 95.895027160000154, 27.867221833000031 ], [ 95.894226075000063, 27.860960007000074 ], [ 95.892097473000149, 27.857040406000067 ], [ 95.876571655000191, 27.841770173000043 ], [ 95.873725892000039, 27.839801788000159 ], [ 95.866333008000083, 27.838460923000127 ], [ 95.852096558000085, 27.834110261000035 ], [ 95.845993042000089, 27.83010101300016 ], [ 95.843368529000088, 27.821470261000115 ], [ 95.834976196000184, 27.815771102000099 ], [ 95.828941346000192, 27.813659668000184 ], [ 95.823127746000182, 27.809249879000106 ], [ 95.8113174450001, 27.793720246000134 ], [ 95.807579040000121, 27.789949417000116 ], [ 95.806365968000136, 27.783580781000069 ], [ 95.800949097, 27.77686119100008 ], [ 95.795387268000184, 27.772630693000167 ], [ 95.788825989000031, 27.765052795000031 ], [ 95.780532837000067, 27.758220673000153 ], [ 95.787773132000098, 27.742050170000084 ], [ 95.78479766900017, 27.739780426000038 ], [ 95.771881104000045, 27.734510422000085 ], [ 95.762672425000062, 27.73293113800014 ], [ 95.758216859000186, 27.731109620000097 ], [ 95.758712768000066, 27.726680755000189 ], [ 95.763046265000071, 27.722660064000138 ], [ 95.770393372, 27.720029831000033 ], [ 95.770523071000184, 27.715999604000046 ], [ 95.772621154000149, 27.711320877000105 ], [ 95.773361206000118, 27.705350875000136 ], [ 95.772666931000117, 27.699951172000056 ], [ 95.774551392000149, 27.696701050000058 ], [ 95.778762817000199, 27.694391251000184 ], [ 95.79312896800019, 27.692270280000116 ], [ 95.796470642000088, 27.688060760000155 ], [ 95.794532776000153, 27.684190751000131 ], [ 95.785491942000135, 27.683259965000047 ], [ 95.780448913000043, 27.679189682000128 ], [ 95.778472901000157, 27.672349929000063 ], [ 95.777847289000078, 27.666259766000053 ], [ 95.779220581000061, 27.660539628000151 ], [ 95.786231994000104, 27.655660629000124 ], [ 95.794853211000145, 27.65279960700019 ], [ 95.801452637000125, 27.64900970500014 ], [ 95.799591065000072, 27.642969132000133 ], [ 95.797340393000013, 27.6395607 ], [ 95.79741668600002, 27.635890960000154 ], [ 95.787345887000185, 27.632299424000166 ], [ 95.78504180900012, 27.627399445000037 ], [ 95.787117004000152, 27.623409271000071 ], [ 95.794296265000071, 27.622369767000066 ], [ 95.796066285000109, 27.618190766000055 ], [ 95.798027039000033, 27.607830048000096 ], [ 95.809608460000163, 27.605270386000029 ], [ 95.816825866000158, 27.605438233000143 ], [ 95.820877075000055, 27.604721070000039 ], [ 95.824195861000192, 27.603010177000158 ], [ 95.820259094000164, 27.595571518000099 ], [ 95.819808960000046, 27.590280533000112 ], [ 95.821243285000151, 27.581720352000161 ], [ 95.827728271000069, 27.581750871000111 ], [ 95.831932068000185, 27.578889846999971 ], [ 95.836288452000019, 27.571178436000082 ], [ 95.839897156000177, 27.566610336000167 ], [ 95.846015931000125, 27.567991256000028 ], [ 95.852096558000085, 27.565650939000079 ], [ 95.862358094, 27.552600860000041 ], [ 95.86701965300017, 27.551099777000104 ], [ 95.87361907900015, 27.551170350000177 ], [ 95.88133239800004, 27.55323028700019 ], [ 95.881439208000131, 27.545831680000049 ], [ 95.879920960000106, 27.529790879000075 ], [ 95.88080596900005, 27.522510530000147 ], [ 95.878479003999985, 27.519830704000071 ], [ 95.881797790000178, 27.515090942000143 ], [ 95.887107849000131, 27.511270523000121 ], [ 95.889640808000195, 27.506168366000111 ], [ 95.886047364000035, 27.503562927000132 ], [ 95.880462647000058, 27.501100539000106 ], [ 95.879051209000181, 27.499191285000052 ], [ 95.879158019000158, 27.492670059000147 ], [ 95.881256104000101, 27.487421036000057 ], [ 95.878433227000016, 27.47560119700006 ], [ 95.87625885000017, 27.471109391000027 ], [ 95.866065978000051, 27.469022751000068 ], [ 95.861167908000141, 27.466299058 ], [ 95.859458923000034, 27.462610245000064 ], [ 95.863792419000106, 27.452030182000158 ], [ 95.859558105000076, 27.449052810000182 ], [ 95.855171205000033, 27.447370529000182 ], [ 95.852912904000107, 27.44475936900011 ], [ 95.849472045000084, 27.434909820000087 ], [ 95.849342347000174, 27.430320740000184 ], [ 95.855735778999986, 27.427669526000159 ], [ 95.857612609000057, 27.42481994700006 ], [ 95.857955933000198, 27.420681001000048 ], [ 95.867332459000124, 27.417150498000069 ], [ 95.866668701000094, 27.419210434000149 ], [ 95.864227294000159, 27.421318055000029 ], [ 95.863243103000173, 27.424858094000058 ], [ 95.864906311000084, 27.429012299000192 ], [ 95.8757705700001, 27.435358048000012 ], [ 95.882591247000164, 27.444080352000185 ], [ 95.888656616000105, 27.444070817000181 ], [ 95.890373229000147, 27.43967056300005 ], [ 95.889419555000075, 27.431629181000176 ], [ 95.890029908000031, 27.426410674000124 ], [ 95.894378662000179, 27.418289184000116 ], [ 95.894256591000101, 27.414382935000162 ], [ 95.891876220000029, 27.409780502999979 ], [ 95.893058778000182, 27.406040192000034 ], [ 95.900100708000195, 27.411331178000125 ], [ 95.906127930000082, 27.423269272000084 ], [ 95.907966613999974, 27.432640076000041 ], [ 95.911170959000174, 27.439960479000092 ], [ 95.916847230000087, 27.443159104000131 ], [ 95.933273315000179, 27.446687699000165 ], [ 95.943000793000181, 27.446390153000038 ], [ 95.949890136000079, 27.445020676000183 ], [ 95.953071595000154, 27.443450928000118 ], [ 95.95350647000015, 27.440771102000099 ], [ 95.950523376000035, 27.437240602000031 ], [ 95.952972413000111, 27.433280946000139 ], [ 95.957290650000061, 27.432880402000023 ], [ 95.961051941000164, 27.428710937000119 ], [ 95.963577270000144, 27.43548011900009 ], [ 95.967033387000185, 27.436660767000092 ], [ 95.968032836000191, 27.424119949000044 ], [ 95.971778869000048, 27.430370330000187 ], [ 95.973297119999984, 27.436750411000048 ], [ 95.977783203, 27.435499192000179 ], [ 95.97782898000014, 27.432291032000137 ], [ 95.980232238000042, 27.43021965000014 ], [ 95.980926513000043, 27.426122666000083 ], [ 95.978073119000044, 27.425331116000166 ], [ 95.979522704000146, 27.421850205000169 ], [ 95.989456177000022, 27.42172050500011 ], [ 95.991226195000138, 27.419399261000081 ], [ 95.990936279000096, 27.414571762000037 ], [ 95.994590760000051, 27.412359238000136 ], [ 96.001007081000068, 27.403472900000111 ], [ 96.000068665000072, 27.39756965800018 ], [ 96.002052307000042, 27.39349937500009 ], [ 96.008369446000074, 27.387210847000063 ], [ 96.010566712000127, 27.381282807000048 ], [ 96.014945984000121, 27.375459672000034 ], [ 96.020912171000191, 27.371259689999988 ], [ 96.018356324000194, 27.36790084800009 ], [ 96.01319885200013, 27.364030839000065 ], [ 96.003143311000088, 27.364459991000047 ], [ 96.002113343000133, 27.364128113000106 ], [ 95.99697113000019, 27.363479615000131 ], [ 95.994873046000123, 27.360240936000139 ], [ 95.993682861000195, 27.351440428999979 ], [ 95.977340697000159, 27.342300415000125 ], [ 95.974212646000069, 27.339361190000034 ], [ 95.970016479000094, 27.336980821000168 ], [ 95.972282410000048, 27.334629059000065 ], [ 95.98420715400016, 27.334341050000148 ], [ 95.978042602000073, 27.33269119300013 ], [ 95.968711853000116, 27.33183098000012 ], [ 95.969032288000108, 27.328409195000063 ], [ 95.967857360000039, 27.324569702000076 ], [ 95.962608337000177, 27.324331283000163 ], [ 95.965568543000131, 27.321662903000174 ], [ 95.963218688000097, 27.317068100000029 ], [ 95.940567016000159, 27.309589385000038 ], [ 95.918746949000138, 27.299222947000146 ], [ 95.912292481000065, 27.293140412000184 ], [ 95.90643310500019, 27.291879655000059 ], [ 95.902389527000139, 27.287830353000061 ], [ 95.904533386000139, 27.286239624000132 ], [ 95.904289246000189, 27.279859542000167 ], [ 95.9011611950001, 27.276388169000086 ], [ 95.898109437000187, 27.264310836000107 ], [ 95.893966675000058, 27.26301193300003 ], [ 95.887657165000121, 27.263320922000105 ], [ 95.882431030000134, 27.266941071000076 ], [ 95.877601623000146, 27.267408371000158 ], [ 95.872383119, 27.266910553000173 ], [ 95.865440369000055, 27.276681901000075 ], [ 95.860847472999978, 27.279792785999973 ], [ 95.86064147899998, 27.283420564000153 ], [ 95.861923219000175, 27.290029526000183 ], [ 95.860466003000056, 27.294210434000092 ], [ 95.850227356000119, 27.293149948000121 ], [ 95.837936402000139, 27.287071228 ], [ 95.810195922000105, 27.280920029000072 ], [ 95.808486937, 27.285440446000109 ], [ 95.806503297, 27.288011551000125 ], [ 95.806289672000048, 27.291740419000064 ], [ 95.800758362000124, 27.288700104000156 ], [ 95.790802001000145, 27.285459518999971 ], [ 95.78468322700013, 27.279130935000012 ], [ 95.7570114130001, 27.274351121000166 ], [ 95.739929200000063, 27.269889832000047 ], [ 95.736389161000147, 27.266750335000097 ], [ 95.731880188000048, 27.266540528000064 ], [ 95.725486755000134, 27.259229660000187 ], [ 95.721076966000055, 27.257600784000033 ], [ 95.715492249000079, 27.259099961000175 ], [ 95.701881409000123, 27.255640030000166 ], [ 95.695426942000154, 27.258148194000057 ], [ 95.684417724000127, 27.25741005000009 ], [ 95.679397583000195, 27.256162644000085 ], [ 95.679206849000195, 27.25391960200011 ], [ 95.637001037000061, 27.236909867 ], [ 95.634132384999987, 27.239810943000066 ], [ 95.619140625, 27.236551285000189 ], [ 95.607353210000042, 27.231372833000023 ], [ 95.599166871000079, 27.229610443000013 ], [ 95.59008789100011, 27.229520798000181 ], [ 95.577880859000174, 27.242151260000185 ], [ 95.578300476000152, 27.247140884000032 ], [ 95.574462891000167, 27.251060485000039 ], [ 95.563262939000197, 27.252502442000093 ], [ 95.556137085000159, 27.254369735000125 ], [ 95.55416107200017, 27.259340286000054 ], [ 95.534812928000179, 27.270620347000033 ], [ 95.529716491999977, 27.269069671000125 ], [ 95.525932312000066, 27.266260147000025 ], [ 95.520462036000083, 27.263740539000082 ], [ 95.516181945000028, 27.268630981000058 ], [ 95.510887147000176, 27.266269685000111 ], [ 95.510643005000077, 27.258979798000098 ], [ 95.506278991000102, 27.254619599000023 ], [ 95.490997315000129, 27.248699189000092 ], [ 95.48722839300018, 27.246030807000125 ], [ 95.480552673000091, 27.232339860000025 ], [ 95.474510192000139, 27.226869583999985 ], [ 95.473899841000161, 27.223649978000083 ], [ 95.470672607000097, 27.223211288000186 ], [ 95.469429017000095, 27.218259811000053 ], [ 95.459709167000199, 27.213430404000064 ], [ 95.458900451000034, 27.20956993100009 ], [ 95.462051391000159, 27.203010559000063 ], [ 95.465812682000092, 27.197429657000157 ], [ 95.468643188000158, 27.190500260000135 ], [ 95.467117309000116, 27.185550690000014 ], [ 95.463668824000138, 27.182121277000078 ], [ 95.468009948000145, 27.172290802000191 ], [ 95.463836670000035, 27.167020797000134 ], [ 95.45870971700009, 27.163288117000036 ], [ 95.459899903000178, 27.160419465000189 ], [ 95.463317871000186, 27.159540176000178 ], [ 95.465072632000158, 27.157609941000032 ], [ 95.465850829000146, 27.154800415000125 ], [ 95.463676452000072, 27.150360109000076 ], [ 95.461067200000173, 27.140220641000099 ], [ 95.457786561000091, 27.135641099000111 ], [ 95.453399658000137, 27.135879518000024 ], [ 95.450752259000183, 27.138839722000171 ], [ 95.447135925000111, 27.138330460000134 ], [ 95.445579529000099, 27.134290696000164 ], [ 95.440986634000126, 27.132810594000091 ], [ 95.429191589000084, 27.134050369000079 ], [ 95.420272828000122, 27.130781174000049 ], [ 95.406311034000055, 27.118320465000124 ], [ 95.396148683000092, 27.114469529000189 ], [ 95.386116028000117, 27.111709595000093 ], [ 95.385467530000142, 27.105091095000148 ], [ 95.376976012000114, 27.102180481000175 ], [ 95.372673035000105, 27.101671220000071 ], [ 95.373657226000091, 27.107999801000119 ], [ 95.368301391000102, 27.107362747000138 ], [ 95.367782593000129, 27.109710694000171 ], [ 95.370666504000098, 27.110149384000067 ], [ 95.371269227000141, 27.111400605000085 ], [ 95.366470337000123, 27.112850189000142 ], [ 95.348602295000148, 27.104761124000106 ], [ 95.335105895000083, 27.09592056300005 ], [ 95.323272705000136, 27.089571 ], [ 95.31317901500006, 27.086740495000015 ], [ 95.309677124000075, 27.081130982000161 ], [ 95.296623229000147, 27.072851182000022 ], [ 95.287918091000165, 27.066320420000068 ], [ 95.277832031000173, 27.056768418000047 ], [ 95.279449462000173, 27.053911209000148 ], [ 95.277626037000175, 27.049770355000192 ], [ 95.270973205000075, 27.045070648000092 ], [ 95.266693114000191, 27.040439606000064 ], [ 95.262626648000037, 27.041009901999985 ], [ 95.259948731000065, 27.038972854 ], [ 95.260719299000186, 27.037250519000054 ], [ 95.25219726500012, 27.031919479000067 ], [ 95.248229981000122, 27.030252458000064 ], [ 95.243713380000088, 27.034160614000143 ], [ 95.237876891999974, 27.043220521000023 ], [ 95.234718323000038, 27.043579102000137 ], [ 95.230911255000194, 27.045709610000188 ], [ 95.232147218000193, 27.042921067000123 ], [ 95.229469300000119, 27.04017067000018 ], [ 95.225982666000164, 27.042259216000161 ], [ 95.222633362000124, 27.04089164700008 ], [ 95.219696045000035, 27.036790847000077 ], [ 95.213806153000121, 27.033479692000071 ], [ 95.207687377000127, 27.03478050300015 ], [ 95.203796387000011, 27.043001175000029 ], [ 95.200942993000183, 27.042329789000064 ], [ 95.198455811000088, 27.044429779999973 ], [ 95.195518494000169, 27.042949676000092 ], [ 95.154502869000169, 27.00604057400011 ], [ 95.149482727000134, 26.999839783000027 ], [ 95.142761230000076, 26.998300553000036 ], [ 95.136985779000099, 26.993579865000015 ], [ 95.126380919000042, 26.986909867000065 ], [ 95.116943359000061, 26.983680726000159 ], [ 95.113502503000063, 26.977581025 ], [ 95.113220215000183, 26.972320556000057 ], [ 95.110046386000192, 26.966909409999971 ], [ 95.086860656999988, 26.952741623000065 ], [ 95.065338134000115, 26.94819069 ], [ 95.054649353000059, 26.940879823000046 ], [ 95.03804779, 26.938480378000179 ], [ 95.028556823000145, 26.932510376000039 ], [ 95.021347045000141, 26.925399780000077 ], [ 95.016571046000081, 26.924352646000102 ], [ 95.005790711000145, 26.924869537000177 ], [ 94.999465942000029, 26.924289703000113 ], [ 94.993057252000199, 26.926160813000081 ], [ 94.991188049000186, 26.922920226000087 ], [ 94.992050172000177, 26.918388366000102 ], [ 94.989448548000041, 26.917829513000129 ], [ 94.985671998000043, 26.918249130000106 ], [ 94.979660034000176, 26.924621583000089 ], [ 94.974258423000094, 26.927602768000099 ], [ 94.970672608000143, 26.928361893000101 ], [ 94.967941285000165, 26.931489945000123 ], [ 94.966766357000154, 26.936180115000013 ], [ 94.964172363000102, 26.940641404000132 ], [ 94.957283019999977, 26.943550110000103 ], [ 94.947090148000029, 26.940200806000064 ], [ 94.941223144999981, 26.93927192700005 ], [ 94.938552856000115, 26.937971116000142 ], [ 94.933601378000048, 26.938539505000051 ], [ 94.928161621000186, 26.952100754000071 ], [ 94.923767090000126, 26.95033073500008 ], [ 94.917991639000036, 26.945142747000148 ], [ 94.913856506000116, 26.942569732000152 ], [ 94.908821107000108, 26.942270280000059 ], [ 94.901290894000113, 26.940340042000059 ], [ 94.894470215000183, 26.937330246000045 ], [ 94.886222838000037, 26.932460786000036 ], [ 94.88154602100002, 26.926710129000014 ], [ 94.869636536000087, 26.915008545000148 ], [ 94.868621826000151, 26.909891128000083 ], [ 94.86531829900008, 26.906909943000073 ], [ 94.85900878800004, 26.893280030000085 ], [ 94.853347778000057, 26.885339738000141 ], [ 94.8515319830002, 26.881340028000182 ], [ 94.845840453000164, 26.876791 ], [ 94.838783265000131, 26.874000549000129 ], [ 94.83645629900019, 26.868459702000052 ], [ 94.832260132000158, 26.8627109520001 ], [ 94.826286317000154, 26.859310150000113 ], [ 94.821083068000178, 26.854459762999966 ], [ 94.821731568000189, 26.849309922000145 ], [ 94.821090699000138, 26.844869614000061 ], [ 94.816696168000078, 26.841470719000142 ], [ 94.815406800000176, 26.836809159000097 ], [ 94.815071106000119, 26.830020905000083 ], [ 94.813056945000142, 26.824760437000066 ], [ 94.809181213000102, 26.823280335000163 ], [ 94.806716920000042, 26.821229936000066 ], [ 94.796646118000069, 26.818519591999973 ], [ 94.801612853000051, 26.813810348000061 ], [ 94.805358886000135, 26.812191010000049 ], [ 94.802207946000181, 26.806060790000117 ], [ 94.794960022, 26.803731919000086 ], [ 94.790786743000126, 26.801452637000182 ], [ 94.785636902000078, 26.798570634000157 ], [ 94.773086547000048, 26.79496193 ], [ 94.769065856000168, 26.79109954900008 ], [ 94.768325806000064, 26.783397675 ], [ 94.762359619000108, 26.77993011600006 ], [ 94.760032655000145, 26.776628494000136 ], [ 94.75934600800008, 26.77413749700014 ], [ 94.756370544000106, 26.772268296000107 ], [ 94.754096984000114, 26.77431106500012 ], [ 94.750717163000161, 26.779670716000112 ], [ 94.745796203000111, 26.782140732000187 ], [ 94.742362977000084, 26.778640748000157 ], [ 94.741676330000018, 26.773571015000186 ], [ 94.737731933000077, 26.768850327000052 ], [ 94.736511230000076, 26.767410279000046 ], [ 94.731880188000048, 26.764009477000059 ], [ 94.719696045000092, 26.758039475000089 ], [ 94.711402894000059, 26.752822876000039 ], [ 94.69687652600004, 26.739690780000103 ], [ 94.691482543, 26.735759736000091 ], [ 94.686607362000132, 26.732589722000171 ], [ 94.66513824600014, 26.727760316000058 ], [ 94.658538819000057, 26.724800110000103 ], [ 94.65338897800001, 26.723630905000107 ], [ 94.646217347000061, 26.724510194000118 ], [ 94.640289306000113, 26.723970413000131 ], [ 94.631973267000092, 26.719650269000056 ], [ 94.628295899000136, 26.718629838000084 ], [ 94.622718811000141, 26.719530105000104 ], [ 94.621086121000076, 26.721170425000082 ], [ 94.620147705000079, 26.726739883000107 ], [ 94.617401124000082, 26.730550767000125 ], [ 94.611946106000119, 26.732650758000091 ], [ 94.61044311500018, 26.735860825000032 ], [ 94.610061645000087, 26.740102769000146 ], [ 94.60414886500007, 26.739280700999984 ], [ 94.59993743800004, 26.737720490000129 ], [ 94.595176697, 26.729890823000062 ], [ 94.593330383000193, 26.726131440000131 ], [ 94.60048675600018, 26.725259781000034 ], [ 94.603187559999981, 26.723810196000102 ], [ 94.604637146000016, 26.71985244800004 ], [ 94.604682922999984, 26.717210769000189 ], [ 94.603721618000122, 26.716171265000185 ], [ 94.598312377000127, 26.719940185000098 ], [ 94.596168519, 26.718179702000157 ], [ 94.595016480000197, 26.712360382000043 ], [ 94.594932556000174, 26.70655059700016 ], [ 94.592407227000194, 26.702730178000138 ], [ 94.588981629000102, 26.702440262000152 ], [ 94.585388184000067, 26.703310013000078 ], [ 94.582786559000169, 26.705579757000123 ], [ 94.571502686000088, 26.696222306000095 ], [ 94.574691772000165, 26.691020967000043 ], [ 94.570869446000131, 26.690059662000181 ], [ 94.566085814000076, 26.689928056000099 ], [ 94.562950135000051, 26.690631866000103 ], [ 94.562332153000114, 26.693830491000142 ], [ 94.56472778300008, 26.706001282000045 ], [ 94.563438415000178, 26.707370758000025 ], [ 94.561126709000177, 26.708139419000133 ], [ 94.554672242000038, 26.708440781000036 ], [ 94.55036926300005, 26.710170747000177 ], [ 94.545059204000097, 26.71090126100006 ], [ 94.540870667000036, 26.709632874000192 ], [ 94.527763366000045, 26.701280595000185 ], [ 94.522727967000094, 26.704368592000151 ], [ 94.52009582400018, 26.701450348000094 ], [ 94.519676209000181, 26.694601060000082 ], [ 94.515502929000036, 26.687299728000085 ], [ 94.509948731000179, 26.68342971900006 ], [ 94.50714111200017, 26.682979585000112 ], [ 94.503005981000058, 26.677690507000023 ], [ 94.500000000000114, 26.675167084000066 ], [ 94.498268127000074, 26.673711776000061 ], [ 94.492797852000137, 26.672252655000023 ], [ 94.485748292000039, 26.673700333000113 ], [ 94.467941285000109, 26.669820786000173 ], [ 94.464523315000065, 26.667510988 ], [ 94.461830139000199, 26.663160324000103 ], [ 94.458572389000096, 26.655349731000172 ], [ 94.461418152000135, 26.648090363000108 ], [ 94.461662293000131, 26.643840791000059 ], [ 94.464462280000077, 26.640369416000169 ], [ 94.464820862000124, 26.638710023000101 ], [ 94.462501525000164, 26.635459901000104 ], [ 94.45680999800004, 26.636640549000106 ], [ 94.454521179000096, 26.639020920000121 ], [ 94.434486390000018, 26.625379563000081 ], [ 94.40988159200009, 26.616439820000153 ], [ 94.407867433000149, 26.614330291000158 ], [ 94.408576966000169, 26.609790803000067 ], [ 94.40600586000005, 26.601930619000029 ], [ 94.414848327000072, 26.583280563000017 ], [ 94.411880493000012, 26.573400498000126 ], [ 94.409309388, 26.568990708000115 ], [ 94.407760620000147, 26.561428070000034 ], [ 94.410575867000091, 26.560598373 ], [ 94.411956787000122, 26.558450700000037 ], [ 94.408966064000197, 26.557130813000185 ], [ 94.406097412000179, 26.557380677000083 ], [ 94.40479278600003, 26.555231094000135 ], [ 94.407638550000172, 26.552400589000115 ], [ 94.40795135400009, 26.549711228000092 ], [ 94.406745909999984, 26.548250199000108 ], [ 94.402679442000192, 26.546861649000107 ], [ 94.401336669000159, 26.544080734000147 ], [ 94.402481080000086, 26.538801194000143 ], [ 94.398918151000089, 26.53454971300016 ], [ 94.39945220900006, 26.532320023000068 ], [ 94.396560668000177, 26.529731751000156 ], [ 94.394088744999976, 26.53264045800006 ], [ 94.391410827000129, 26.532829284 ], [ 94.378273011000033, 26.525260925000055 ], [ 94.376907349000192, 26.523170472000061 ], [ 94.378067016000159, 26.517160415000035 ], [ 94.377616883000087, 26.513120651000122 ], [ 94.369247436000137, 26.509990692000031 ], [ 94.364456176000033, 26.510330200000055 ], [ 94.358749389000081, 26.50914192200014 ], [ 94.354591369000104, 26.510280610000052 ], [ 94.351112366000109, 26.508621215000176 ], [ 94.353721618000179, 26.504810334000069 ], [ 94.355529785000158, 26.503450395000073 ], [ 94.35356140100015, 26.502159119000169 ], [ 94.351821899000129, 26.499202728000057 ], [ 94.352066040000182, 26.495750427000132 ], [ 94.349632264000036, 26.492841721000161 ], [ 94.343406677000189, 26.490039826000043 ], [ 94.336936951000098, 26.484819412000149 ], [ 94.332595825000055, 26.485029222000094 ], [ 94.329322815000182, 26.483840943000075 ], [ 94.323883057000046, 26.479379655000116 ], [ 94.324783325000055, 26.472209931000179 ], [ 94.324302674000194, 26.470701218000102 ], [ 94.316513062000126, 26.462930679000124 ], [ 94.313476562000062, 26.465000153000119 ], [ 94.310981750000053, 26.466060638000044 ], [ 94.303306580000083, 26.467260362000161 ], [ 94.293922424000073, 26.480741501000125 ], [ 94.292427063000048, 26.49003028900006 ], [ 94.290237426000147, 26.49596977200008 ], [ 94.287239075000173, 26.508520127000111 ], [ 94.287071227000126, 26.514961242000084 ], [ 94.288787843000023, 26.518318177000083 ], [ 94.289062500000114, 26.525171280000052 ], [ 94.285621642000194, 26.534091951000164 ], [ 94.284942627000191, 26.540290834000132 ], [ 94.285621642000194, 26.54656982500012 ], [ 94.284835815000065, 26.555362701999968 ], [ 94.285308837000116, 26.558240890000093 ], [ 94.288909911000189, 26.559900284999969 ], [ 94.289787292000028, 26.564109802000019 ], [ 94.282287597999982, 26.563539506000097 ], [ 94.27674102800006, 26.558839798000065 ], [ 94.26257324200003, 26.543949128000122 ], [ 94.253318786000136, 26.532529830000101 ], [ 94.252052307000042, 26.527732850000064 ], [ 94.244827270000087, 26.516920089000052 ], [ 94.239891052000019, 26.511430741000083 ], [ 94.228919983000083, 26.503261566000162 ], [ 94.223617554000043, 26.500570298000071 ], [ 94.211486816000161, 26.489849090000121 ], [ 94.20936584400016, 26.483722688000171 ], [ 94.201118470000097, 26.469900131000031 ], [ 94.186546327000087, 26.460510253000052 ], [ 94.175758361000078, 26.43180084300019 ], [ 94.176521302000083, 26.428070068000125 ], [ 94.174011230000076, 26.420890809000014 ], [ 94.176841737000018, 26.413410186000078 ], [ 94.17694091900006, 26.399560929000188 ], [ 94.179092407000098, 26.388721466000106 ], [ 94.174049376000198, 26.377822876000039 ], [ 94.175491334000128, 26.374450683000191 ], [ 94.175605774000189, 26.371759414000167 ], [ 94.173576354000147, 26.367578506000086 ], [ 94.164466857000036, 26.360120774000166 ], [ 94.167671205000147, 26.353309632000048 ], [ 94.169380188000048, 26.354061127000136 ], [ 94.175338744000101, 26.355131150000147 ], [ 94.179992675000165, 26.354120255000055 ], [ 94.179283142000145, 26.350839616000144 ], [ 94.175506592000147, 26.344219208000027 ], [ 94.172149657000148, 26.344409943000073 ], [ 94.164520264000089, 26.339340210000103 ], [ 94.154533387000072, 26.339981079999973 ], [ 94.149322510000104, 26.339080810000098 ], [ 94.146713258000034, 26.335420609000039 ], [ 94.142242431000057, 26.336040498000102 ], [ 94.14383697500017, 26.340200425000091 ], [ 94.142646790000185, 26.342130661000112 ], [ 94.138771058000145, 26.341552734000174 ], [ 94.135658265000075, 26.33821869000019 ], [ 94.123970032000159, 26.335910797000111 ], [ 94.119369507000044, 26.333700181000154 ], [ 94.119361878000063, 26.33049011300011 ], [ 94.128723145000038, 26.323249816000157 ], [ 94.118408204000048, 26.322719574000132 ], [ 94.111289978000116, 26.326049805000082 ], [ 94.108047486000032, 26.326400756000055 ], [ 94.1044769290001, 26.322040559000186 ], [ 94.102676392000092, 26.308691024000098 ], [ 94.098075866000102, 26.302940369000055 ], [ 94.09028625600007, 26.297130585000048 ], [ 94.087226868000073, 26.290420533000145 ], [ 94.084442140000192, 26.288600922000114 ], [ 94.080062867000152, 26.28881073000008 ], [ 94.076820373000089, 26.285200118000148 ], [ 94.07781982400013, 26.275350571000104 ], [ 94.076019287000065, 26.269239424999967 ], [ 94.070472718000076, 26.260030746000041 ], [ 94.064636231000065, 26.261770248000062 ], [ 94.052856445000089, 26.255790710000042 ], [ 94.049133300000165, 26.250211716000081 ], [ 94.044219970000199, 26.23996925400013 ], [ 94.04178619400011, 26.233890534000068 ], [ 94.038169861000142, 26.229511261000027 ], [ 94.040466309000067, 26.223510742000087 ], [ 94.036560059000124, 26.217710495000063 ], [ 94.036819458000195, 26.209720611000137 ], [ 94.035736085000167, 26.203189850000058 ], [ 94.031097412000179, 26.199390412000128 ], [ 94.026618958000142, 26.197149277000051 ], [ 94.021957397, 26.19145965600012 ], [ 94.013000487, 26.186281205 ], [ 94.008766174000073, 26.180530547999979 ], [ 94.00480651800018, 26.173271180000143 ], [ 94.003898621000076, 26.169380188000048 ], [ 94.004348754000148, 26.164070129000095 ], [ 93.999656677000132, 26.158241271000065 ], [ 94.002906799000129, 26.15133857800015 ], [ 94.006362916000171, 26.147239686000091 ], [ 94.005226135000157, 26.141860961000134 ], [ 94.003097533000073, 26.139020921000167 ], [ 93.999656677000132, 26.136499405000052 ], [ 93.996276856000179, 26.137411118000102 ], [ 93.99320220900006, 26.137390137000068 ], [ 93.99075317400019, 26.133871079000187 ], [ 93.993263245000151, 26.132818222000026 ], [ 93.998306274000015, 26.130979539000066 ], [ 93.998329162000175, 26.129358293000053 ], [ 93.996612549000133, 26.128139496000188 ], [ 93.996482848000142, 26.122369766000077 ], [ 93.992820739000138, 26.120269775000168 ], [ 93.991241455000193, 26.118120194000028 ], [ 93.9949569690001, 26.115701675000025 ], [ 93.99986267100013, 26.115909576999968 ], [ 94.00213623000019, 26.114860536000151 ], [ 94.00216674700016, 26.111379623000175 ], [ 93.999572753000109, 26.108470917000034 ], [ 93.994132995000143, 26.106088638000188 ], [ 93.992172241000105, 26.097829818000037 ], [ 93.99249267600004, 26.092781066999976 ], [ 93.990966797, 26.08949089000015 ], [ 93.986427307000099, 26.088300704000119 ], [ 93.98602295000012, 26.083568572000047 ], [ 93.989387513000111, 26.074119567000139 ], [ 93.991119384000115, 26.072639465000066 ], [ 93.980812074000141, 26.058631896000065 ], [ 93.974502563000044, 26.052160263000076 ], [ 93.972633363000114, 26.04496193000017 ], [ 93.965888977000191, 26.042400361000034 ], [ 93.96312713500015, 26.033351899000138 ], [ 93.962661743000183, 26.022159577000082 ], [ 93.95838165300006, 26.011890411000024 ], [ 93.954887389000135, 26.007329942000069 ], [ 93.955986023000094, 26.004570008000144 ], [ 93.958976746000189, 26.00245857200008 ], [ 93.960586548000151, 25.997009278000064 ], [ 93.958045959000174, 25.98157119800004 ], [ 93.956008911000197, 25.974189759000126 ], [ 93.969207762999986, 25.960840226000187 ], [ 93.970848084000124, 25.953260421000039 ], [ 93.971092223000142, 25.944852829000183 ], [ 93.982681274000072, 25.926269531000173 ], [ 93.97939300500019, 25.919679642000176 ], [ 93.971977235000168, 25.917539597000143 ], [ 93.969169616000158, 25.911422730000027 ], [ 93.960754394, 25.905855180000174 ], [ 93.959838866000098, 25.905250549000129 ], [ 93.948356628000056, 25.90120124900011 ], [ 93.94019317600015, 25.900960923000127 ], [ 93.934631347000163, 25.891429901000038 ], [ 93.923851012000171, 25.889802933000055 ], [ 93.915901184000177, 25.88766288700009 ], [ 93.913825990000078, 25.881769181000095 ], [ 93.901840211000035, 25.871030808 ], [ 93.898612977000141, 25.863750459000073 ], [ 93.893409728000165, 25.864810944000169 ], [ 93.891616822000117, 25.858640672000149 ], [ 93.888549805000082, 25.8524608620001 ], [ 93.882736206000061, 25.845909118000122 ], [ 93.873626709000121, 25.850919723 ], [ 93.868728637, 25.855409623000071 ], [ 93.851707459000181, 25.862970353000037 ], [ 93.842338562000066, 25.862609863000046 ], [ 93.832740783000077, 25.856250763000048 ], [ 93.824302673000034, 25.847091676000105 ], [ 93.821372985000096, 25.832401275000109 ], [ 93.818840026000032, 25.826229096000191 ], [ 93.811576843000125, 25.821269989000143 ], [ 93.807586668999988, 25.816337585000042 ], [ 93.795761108000079, 25.814350129000104 ], [ 93.7913208020002, 25.816030503000036 ], [ 93.790702820000035, 25.820800782000106 ], [ 93.788757324000187, 25.826019286000076 ], [ 93.787345886000139, 25.827962875000026 ], [ 93.784523011000033, 25.835781098000041 ], [ 93.782592773000033, 25.838220596000099 ], [ 93.781089782000095, 25.844640731000084 ], [ 93.779823303000057, 25.846309662000067 ], [ 93.783805847000053, 25.849960328000122 ], [ 93.782966613000042, 25.851400375000026 ], [ 93.78359222500012, 25.853929519000189 ], [ 93.78147125300012, 25.859270097000092 ], [ 93.785285949000126, 25.863260269000023 ], [ 93.785781860000043, 25.866899491000027 ], [ 93.791816712000184, 25.869691850000095 ], [ 93.790641785000048, 25.873781204000011 ], [ 93.788276672000052, 25.875720978000118 ], [ 93.787452698000095, 25.878929138 ], [ 93.791458131000127, 25.890058517000057 ], [ 93.791847229000155, 25.894912719999979 ], [ 93.795143128000063, 25.898040771000069 ], [ 93.795730591000108, 25.901210784999989 ], [ 93.79811096200018, 25.906288147000168 ], [ 93.798332215000073, 25.909692765000159 ], [ 93.796302795000031, 25.918191910000189 ], [ 93.792266846000132, 25.922519683000075 ], [ 93.793609619000108, 25.926040650000175 ], [ 93.793212891000167, 25.930980682000154 ], [ 93.78861999500009, 25.932960510000044 ], [ 93.79326629600007, 25.936740875000112 ], [ 93.791419984000072, 25.940050125000141 ], [ 93.790679932000103, 25.944190979000098 ], [ 93.789405822000049, 25.946020127000111 ], [ 93.786598206000065, 25.947441101000095 ], [ 93.789192200000116, 25.949010849000103 ], [ 93.789421081000114, 25.952581407000139 ], [ 93.786605836000149, 25.954231262000121 ], [ 93.785186767000084, 25.958299637000039 ], [ 93.780281067000089, 25.960609436000141 ], [ 93.778816223000035, 25.963251114 ], [ 93.773017884000126, 25.966020584000034 ], [ 93.769546509000065, 25.957990647000088 ], [ 93.770256042000085, 25.953500747000191 ], [ 93.768417359000068, 25.955049515000098 ], [ 93.76278686500018, 25.954929352000192 ], [ 93.758850098000096, 25.948690414000168 ], [ 93.749412536000136, 25.942050933000132 ], [ 93.752021790000185, 25.939601898000092 ], [ 93.75184631400009, 25.936370850000117 ], [ 93.750091552000185, 25.937280655000166 ], [ 93.736450196000192, 25.930538179000052 ], [ 93.728942871000129, 25.928398133000087 ], [ 93.716506958000139, 25.921720505000053 ], [ 93.712509156000124, 25.922670365000101 ], [ 93.705062867000152, 25.921279907000155 ], [ 93.697677611000131, 25.917068482000161 ], [ 93.687683105000076, 25.909440995000125 ], [ 93.685829163000164, 25.904939652000053 ], [ 93.690902709000056, 25.889270783000086 ], [ 93.706436157000098, 25.853290559000072 ], [ 93.70548248200015, 25.848630906000096 ], [ 93.702377319000163, 25.846990586000061 ], [ 93.703636170000152, 25.849700928000175 ], [ 93.703590393000184, 25.853500366000105 ], [ 93.697853089000091, 25.851312637000035 ], [ 93.693771363000053, 25.847249986000065 ], [ 93.690536499000132, 25.847568513000056 ], [ 93.692016600999978, 25.844129562000148 ], [ 93.682502747000115, 25.840700149000156 ], [ 93.682876588000056, 25.835750580000024 ], [ 93.678062439000087, 25.828870774000109 ], [ 93.672561645000201, 25.828121185000157 ], [ 93.669509889000096, 25.828792571000122 ], [ 93.668609619000051, 25.82463073800011 ], [ 93.660827637000125, 25.824380874000042 ], [ 93.656738281000173, 25.826351167000098 ], [ 93.652359008000076, 25.822820664000062 ], [ 93.64849090600012, 25.823970795000093 ], [ 93.644355775000065, 25.819570541000189 ], [ 93.640998840000179, 25.817920684 ], [ 93.640296935000094, 25.81343078600014 ], [ 93.63611602900005, 25.813680648 ], [ 93.634056092000037, 25.809970856 ], [ 93.633346557000039, 25.805240632000164 ], [ 93.628997803000118, 25.804399491000083 ], [ 93.629798888000039, 25.79998016400009 ], [ 93.627532959000064, 25.798629760000097 ], [ 93.626953125000057, 25.791601181000033 ], [ 93.623817443000121, 25.790428160999966 ], [ 93.621131897000168, 25.785230636999984 ], [ 93.623558045000152, 25.783920288000047 ], [ 93.622329713000113, 25.779830932000095 ], [ 93.61141204900008, 25.776491165000039 ], [ 93.608070372999975, 25.776870728000119 ], [ 93.605712892000042, 25.772630692000121 ], [ 93.605567932000156, 25.767459870000039 ], [ 93.602752686000088, 25.770820617000027 ], [ 93.598342896000077, 25.768360139000151 ], [ 93.593711852000069, 25.764289856000119 ], [ 93.592666626000096, 25.766241075000153 ], [ 93.588226318000068, 25.76815033000014 ], [ 93.587120056000174, 25.765550613000073 ], [ 93.587188721000075, 25.759450912000091 ], [ 93.583770751000088, 25.757749557000125 ], [ 93.5732498160001, 25.760799408000139 ], [ 93.573822022000172, 25.759660721000159 ], [ 93.573417664000146, 25.756610871000078 ], [ 93.569252014000085, 25.755010606000099 ], [ 93.57006072900009, 25.751739503000067 ], [ 93.565483094000172, 25.741340638 ], [ 93.561943054000153, 25.740949630000159 ], [ 93.556266785000105, 25.741928101000042 ], [ 93.556922913000051, 25.737739564000151 ], [ 93.549880981, 25.732440949000022 ], [ 93.546699524000132, 25.734470368000189 ], [ 93.544837952000137, 25.726970672000164 ], [ 93.546195983000132, 25.721519470000146 ], [ 93.549781799000186, 25.718971252000131 ], [ 93.548812866, 25.714700700000094 ], [ 93.545928955000079, 25.710189819000163 ], [ 93.544418335000103, 25.705900192000058 ], [ 93.543556214000091, 25.701700211000116 ], [ 93.537979126000153, 25.703199386000051 ], [ 93.53149414100011, 25.694005967000123 ], [ 93.530570983000132, 25.692699432000097 ], [ 93.528556824000191, 25.693769454000176 ], [ 93.525939941000104, 25.699672698000143 ], [ 93.522727966, 25.693201065000153 ], [ 93.51683807500001, 25.688070297000024 ], [ 93.519386292000092, 25.685970306000058 ], [ 93.520286559000056, 25.683670043000063 ], [ 93.510192871000186, 25.67102050799997 ], [ 93.508293152000078, 25.666810990000045 ], [ 93.502082826000162, 25.662019729000178 ], [ 93.499916077000194, 25.656520844000056 ], [ 93.493942262000189, 25.655260087000102 ], [ 93.490196229000105, 25.655969620000064 ], [ 93.490722656000059, 25.653438569000173 ], [ 93.487213134000115, 25.650470735000113 ], [ 93.483596802000079, 25.651760101000036 ], [ 93.483352661000197, 25.645769120000011 ], [ 93.475936890000071, 25.647989274000054 ], [ 93.474777221000124, 25.644290925 ], [ 93.468528748000153, 25.643760681 ], [ 93.465568542000199, 25.644191743000192 ], [ 93.460700989000031, 25.641548157000102 ], [ 93.457138062000013, 25.640590667000083 ], [ 93.458602906000067, 25.63842010500008 ], [ 93.461219788000051, 25.63655090300017 ], [ 93.461959838000041, 25.633390427000165 ], [ 93.459358216000055, 25.633129120000092 ], [ 93.451980591000051, 25.637479782000185 ], [ 93.449935912000115, 25.634931564000055 ], [ 93.446792602000073, 25.638811111000109 ], [ 93.444396972999982, 25.638042450000057 ], [ 93.441520691000051, 25.634780885000112 ], [ 93.439186096000071, 25.634399414000029 ], [ 93.4390869140002, 25.632339478000119 ], [ 93.434181214000034, 25.629869462000045 ], [ 93.431022644000166, 25.629201889000171 ], [ 93.427536010000154, 25.63145828200004 ], [ 93.422470093000129, 25.622261048000098 ], [ 93.41829681500019, 25.621059417000026 ], [ 93.414871216000165, 25.616640092000068 ], [ 93.416778564000026, 25.614889145 ], [ 93.412277222000114, 25.613679886000057 ], [ 93.409049989000152, 25.611690521000071 ], [ 93.407638550000172, 25.609420777000025 ], [ 93.407226563000108, 25.606491089000087 ], [ 93.409637451000094, 25.604101182000136 ], [ 93.409248353000066, 25.600410462000127 ], [ 93.406837463000045, 25.596479415000033 ], [ 93.400199889000135, 25.596281051000119 ], [ 93.390052796000134, 25.594720840000093 ], [ 93.390632629000038, 25.589099884000063 ], [ 93.382400513000164, 25.584751130000143 ], [ 93.383110046000184, 25.582799912000155 ], [ 93.385032654000099, 25.581199646000073 ], [ 93.384742737000181, 25.577920913000128 ], [ 93.382698059000063, 25.576179504000038 ], [ 93.376487733000147, 25.577310562000036 ], [ 93.37683868400012, 25.573740005000104 ], [ 93.37599182200006, 25.571041108000145 ], [ 93.373420715000066, 25.569171906 ], [ 93.369438170000137, 25.570259094000107 ], [ 93.365158082, 25.569761276000122 ], [ 93.365982056000178, 25.56326103300006 ], [ 93.364181519000113, 25.560649871000066 ], [ 93.360702516000117, 25.560438156000032 ], [ 93.354393005000077, 25.565200807000167 ], [ 93.348312378000116, 25.563219071000162 ], [ 93.345466614000031, 25.561120988000027 ], [ 93.341262817000086, 25.554859162000071 ], [ 93.333381653000117, 25.549020768 ], [ 93.331741334000185, 25.546810150000056 ], [ 93.335746764000135, 25.545410157000163 ], [ 93.340393067000093, 25.537290574000053 ], [ 93.344581603000051, 25.536079407000102 ], [ 93.349227906000181, 25.538328170000113 ], [ 93.352340699000081, 25.537570954000159 ], [ 93.350166320000199, 25.533670427000118 ], [ 93.354179383000144, 25.531190873000128 ], [ 93.357566834000011, 25.527669906000028 ], [ 93.360046387000125, 25.520322799000098 ], [ 93.364723207000168, 25.516168594000192 ], [ 93.366821290000132, 25.512872697000034 ], [ 93.365020751000088, 25.510139466000112 ], [ 93.366897584000071, 25.507869720000087 ], [ 93.371147155000017, 25.505149841 ], [ 93.371818542000085, 25.501131057 ], [ 93.383041382000158, 25.49756813 ], [ 93.386367798000038, 25.493350983000028 ], [ 93.387100220000093, 25.490310670000099 ], [ 93.390502930000082, 25.485628128000087 ], [ 93.391311645000087, 25.481430054000043 ], [ 93.39103698700012, 25.478042603000176 ], [ 93.391906738000046, 25.474201203000121 ], [ 93.390419006000059, 25.469169617000148 ], [ 93.395919799000183, 25.464120865000041 ], [ 93.402915954000036, 25.459182739000028 ], [ 93.417106629000102, 25.452791214000115 ], [ 93.422019959000181, 25.454799653000123 ], [ 93.42751312200005, 25.45526123000019 ], [ 93.434959411000193, 25.45477295000012 ], [ 93.44359588500015, 25.450609207000127 ], [ 93.456871032000151, 25.441949844000135 ], [ 93.461868286000083, 25.434698104000176 ], [ 93.465148925000165, 25.423402787000043 ], [ 93.465408325000169, 25.415870666999979 ], [ 93.463256836000198, 25.410961152000141 ], [ 93.467185973000142, 25.40306091400015 ], [ 93.473937989000149, 25.393110275000083 ], [ 93.477287292000085, 25.386009217000151 ], [ 93.478218078000168, 25.379882813000052 ], [ 93.466262817000143, 25.361730575000024 ], [ 93.462318420000031, 25.35886955300009 ], [ 93.453742981000062, 25.348119737000104 ], [ 93.45188903900015, 25.344190598000125 ], [ 93.457908631000123, 25.340919495000151 ], [ 93.461936950000052, 25.336589814000092 ], [ 93.45796966600011, 25.3300514230001 ], [ 93.456703187000187, 25.325260163000166 ], [ 93.463127136000139, 25.319860458000051 ], [ 93.467979430000184, 25.313810349000107 ], [ 93.474021911000193, 25.309280395000087 ], [ 93.465591431, 25.299051285000189 ], [ 93.459968567000033, 25.294731140000067 ], [ 93.451972960000035, 25.294748306000031 ], [ 93.444816590000187, 25.292310715000042 ], [ 93.438636780000081, 25.286550522000141 ], [ 93.426429748000089, 25.281061172000022 ], [ 93.423316955000018, 25.277910232000067 ], [ 93.42330932700014, 25.272161483000048 ], [ 93.420707703000176, 25.26626014600015 ], [ 93.412055970000097, 25.26345062200005 ], [ 93.406341552000129, 25.264080049000142 ], [ 93.403572082000153, 25.263071060000073 ], [ 93.394592284000055, 25.250299453000025 ], [ 93.388717651000036, 25.245920181000031 ], [ 93.387100220000093, 25.2423915870001 ], [ 93.387626648000094, 25.232040405000021 ], [ 93.385513306000064, 25.228557587000182 ], [ 93.384796142000027, 25.225730897000062 ], [ 93.3819885260001, 25.223869325000067 ], [ 93.379501342000196, 25.220790863000047 ], [ 93.378089905000195, 25.216100693000158 ], [ 93.369583130000024, 25.208061219000172 ], [ 93.37056732100001, 25.203590392000024 ], [ 93.368537903000174, 25.200050354000041 ], [ 93.362220764000142, 25.195608138000182 ], [ 93.360816956000178, 25.191959382000107 ], [ 93.353073121000079, 25.181800843000076 ], [ 93.349151612000071, 25.166730880000102 ], [ 93.347358703000168, 25.163890839000032 ], [ 93.348838805000071, 25.157171249000044 ], [ 93.348556519000169, 25.153490067000121 ], [ 93.351013184000124, 25.144540787000039 ], [ 93.346862792000081, 25.137701035000021 ], [ 93.348899841000105, 25.134790421000105 ], [ 93.346076965000179, 25.12986946000018 ], [ 93.347045898000147, 25.127460480000138 ], [ 93.349212647000058, 25.125408173000039 ], [ 93.346443175000104, 25.125089646000106 ], [ 93.344360352000137, 25.121330262000072 ], [ 93.344352722000053, 25.116149902000075 ], [ 93.340461730000129, 25.11441993800014 ], [ 93.339172364000035, 25.106409073000123 ], [ 93.335777283000084, 25.09584045500003 ], [ 93.329505921000077, 25.09449958800019 ], [ 93.323631286000079, 25.091670990000068 ], [ 93.322341918000177, 25.088380814000175 ], [ 93.312721252000131, 25.077959060000126 ], [ 93.310791015, 25.072629928000083 ], [ 93.308792114000084, 25.070592880000106 ], [ 93.306076049000183, 25.064420701000017 ], [ 93.308929443000181, 25.058521272000121 ], [ 93.304252625000117, 25.056030273000033 ], [ 93.304595947000109, 25.047992706000116 ], [ 93.30245971700009, 25.048189163000131 ], [ 93.302406312000187, 25.051940918000128 ], [ 93.300086975000056, 25.05260086200019 ], [ 93.299339295000038, 25.050460816000054 ], [ 93.29698181200007, 25.047670366000091 ], [ 93.291893006, 25.047090530999981 ], [ 93.286872864000145, 25.046800613000187 ], [ 93.284492492000197, 25.051549912000098 ], [ 93.268180848000043, 25.049680710000189 ], [ 93.267799377000017, 25.048809052000024 ], [ 93.269462585000156, 25.046590805000051 ], [ 93.268356324000194, 25.044090271000073 ], [ 93.262916566000058, 25.041839600000117 ], [ 93.263916016000167, 25.038909913000111 ], [ 93.263809203000108, 25.035921098000188 ], [ 93.259849548000147, 25.032070160000046 ], [ 93.255607606000183, 25.028680801000178 ], [ 93.258369446000074, 25.02519989000001 ], [ 93.257789611000135, 25.021741868000106 ], [ 93.253829956000175, 25.021350860000041 ], [ 93.248840332000157, 25.018800736000117 ], [ 93.251716614000088, 25.016019820000054 ], [ 93.249160767000092, 25.013160706000065 ], [ 93.246696471000121, 25.004167557000187 ], [ 93.24694824300019, 25.003631592000147 ], [ 93.247467042000039, 25.003280641000174 ], [ 93.248077393000187, 25.003030777000106 ], [ 93.248687744000108, 25.002901078000093 ], [ 93.249359131000176, 25.002872467000145 ], [ 93.250000001000103, 25.002950668000153 ], [ 93.250640869000165, 25.003160477000165 ], [ 93.251213073000088, 25.003480912000157 ], [ 93.25181579600013, 25.004180908000137 ], [ 93.253479004000098, 25.006370545000038 ], [ 93.255210877000138, 25.004209519000085 ], [ 93.255332946000181, 25.003641128000083 ], [ 93.255805968000061, 25.00325966000014 ], [ 93.256462096000178, 25.003110885000183 ], [ 93.257102966000105, 25.003190994000136 ], [ 93.257682800999987, 25.003501890999985 ], [ 93.25800323600015, 25.004209519000085 ], [ 93.2599029550002, 25.006450654000162 ], [ 93.262451172000112, 25.006029129000012 ], [ 93.263320923000038, 25.004238128000054 ], [ 93.261436462000177, 25.00092125000009 ], [ 93.257110596000189, 25.000940323000179 ], [ 93.255676269000048, 25.002201080000134 ], [ 93.255622864000031, 24.999710083000139 ], [ 93.257057189000136, 24.998470308000151 ], [ 93.256958007000094, 24.996021271000131 ], [ 93.255256652000071, 24.992401123000093 ], [ 93.252021790000128, 24.98880958500007 ], [ 93.253257751000149, 24.986370086000136 ], [ 93.253021240000066, 24.982660294000141 ], [ 93.251525880000145, 24.981420517000117 ], [ 93.254325866000158, 24.978919984000129 ], [ 93.252876281000056, 24.975149155000111 ], [ 93.252906800000176, 24.972629547 ], [ 93.258712769000113, 24.972650528000088 ], [ 93.263236999000185, 24.966379166000024 ], [ 93.263328553000122, 24.963880539000172 ], [ 93.26058960000006, 24.958871842000065 ], [ 93.260826111000199, 24.953870773000062 ], [ 93.262413025000058, 24.951370240000074 ], [ 93.259506226000155, 24.951360703000034 ], [ 93.253540039000086, 24.955089570000098 ], [ 93.249237060000098, 24.955080032000069 ], [ 93.249389648000147, 24.952592850000144 ], [ 93.250923157000102, 24.95009994600008 ], [ 93.251106263000111, 24.946348190000037 ], [ 93.254119874000196, 24.942619323000145 ], [ 93.249839783000141, 24.942600250000055 ], [ 93.246932982000089, 24.943849563000128 ], [ 93.244079591000173, 24.943840028000125 ], [ 93.241317749000075, 24.9413394930001 ], [ 93.239982603999977, 24.938842774000022 ], [ 93.240036011000086, 24.937580109000066 ], [ 93.241439820000153, 24.937589645000173 ], [ 93.247077942000146, 24.94009971700018 ], [ 93.248497010000165, 24.94009971700018 ], [ 93.247200012000121, 24.9363403320001 ], [ 93.243049622000115, 24.931329727000048 ], [ 93.244506836000085, 24.930080413000042 ], [ 93.250198365000131, 24.930080413000042 ], [ 93.253257751000149, 24.918830871000068 ], [ 93.250457765000135, 24.915061952000087 ], [ 93.24185943700013, 24.915040971 ], [ 93.240432740000131, 24.916280745999984 ], [ 93.238990783000077, 24.915029525000136 ], [ 93.241889953000168, 24.911270142000035 ], [ 93.243362427000136, 24.907501220000142 ], [ 93.243377686000088, 24.903741836000108 ], [ 93.241950989000088, 24.901220321000096 ], [ 93.236221313000101, 24.902450561000137 ], [ 93.233383180000033, 24.898691177000103 ], [ 93.233383180000033, 24.894910813000138 ], [ 93.230491639000149, 24.894901275000052 ], [ 93.234832763000156, 24.88989067000017 ], [ 93.233390808000138, 24.88484954900008 ], [ 93.22908782900015, 24.884840011000165 ], [ 93.226219177000132, 24.881069184000182 ], [ 93.22908782900015, 24.877300262000063 ], [ 93.224807740000131, 24.874780654000176 ], [ 93.221946716000048, 24.870992662000106 ], [ 93.219062806000125, 24.869720460000167 ], [ 93.216186524000193, 24.864690781000093 ], [ 93.214286805000143, 24.861949921000189 ], [ 93.2101364130001, 24.859041214000115 ], [ 93.208702088000166, 24.856531144000087 ], [ 93.205841064000083, 24.85526085000015 ], [ 93.200073242000144, 24.857759477 ], [ 93.197196961000088, 24.856491090000134 ], [ 93.198646545000145, 24.852729798000155 ], [ 93.201522827000076, 24.850219726000148 ], [ 93.201553346000196, 24.843940734000171 ], [ 93.195800781000059, 24.846441269000024 ], [ 93.19438171500002, 24.843919753000137 ], [ 93.197273255000198, 24.840160370000035 ], [ 93.198699952000197, 24.840160370000035 ], [ 93.200126649000197, 24.841430664000143 ], [ 93.201553346000196, 24.84017181500019 ], [ 93.198707580000132, 24.836389543000053 ], [ 93.195831298000144, 24.837640762000092 ], [ 93.194389343000125, 24.837640762000092 ], [ 93.19297027600004, 24.836381912000036 ], [ 93.192977906000124, 24.833869935000109 ], [ 93.197288513000046, 24.833881378000115 ], [ 93.193000793000181, 24.826320648000149 ], [ 93.191596984000114, 24.822561265000047 ], [ 93.195907593000186, 24.816289901 ], [ 93.198776246000136, 24.815040588000102 ], [ 93.197357177000185, 24.81126022300009 ], [ 93.194496155000081, 24.808750153000062 ], [ 93.193077088000166, 24.806230545000119 ], [ 93.190200806000064, 24.806221009000012 ], [ 93.185897827000076, 24.804950715000075 ], [ 93.18158722000004, 24.804939269000045 ], [ 93.180175781000059, 24.80241966300008 ], [ 93.180175781000059, 24.79865074200012 ], [ 93.178756715000077, 24.796140672000092 ], [ 93.177299499000071, 24.796119691 ], [ 93.175872802000072, 24.797388078000097 ], [ 93.17442321700014, 24.803670884000155 ], [ 93.168678283000133, 24.801128388000109 ], [ 93.165817261000029, 24.798610688000167 ], [ 93.161537171000134, 24.797340393000127 ], [ 93.15724182200006, 24.792310715000156 ], [ 93.152946473000043, 24.789779664000093 ], [ 93.152931213000045, 24.793539047000024 ], [ 93.151481629000159, 24.796051025 ], [ 93.148612975000106, 24.798561095000025 ], [ 93.14428711000005, 24.799800873000152 ], [ 93.142852783000137, 24.801059722000105 ], [ 93.139945984000065, 24.804809571000135 ], [ 93.137062074000198, 24.811090470000124 ], [ 93.131340026000146, 24.806041718000188 ], [ 93.127006530000017, 24.808540345000097 ], [ 93.121276856000065, 24.808530807000182 ], [ 93.119842529000152, 24.811029434000091 ], [ 93.122695923000151, 24.814809799000102 ], [ 93.122673035000048, 24.819829942000069 ], [ 93.119796752000184, 24.817310334000183 ], [ 93.111221313000044, 24.812261582000076 ], [ 93.10978698800011, 24.809740067000064 ], [ 93.112701417000096, 24.802209854000068 ], [ 93.108459473000153, 24.790880203000086 ], [ 93.105583191000164, 24.788370133000058 ], [ 93.105628968000133, 24.784601211000165 ], [ 93.107063293000067, 24.78334045400004 ], [ 93.101325989000031, 24.778310776000069 ], [ 93.102806091000105, 24.773290634000034 ], [ 93.105667115000188, 24.769531250000171 ], [ 93.104278565000072, 24.763240815000074 ], [ 93.100028991000158, 24.754440308000142 ], [ 93.100036621000072, 24.75066947900018 ], [ 93.101470948000042, 24.74941063 ], [ 93.098640441000043, 24.744380951000153 ], [ 93.101501465000126, 24.741880417 ], [ 93.102935792000096, 24.743150711000169 ], [ 93.102920532000041, 24.746900559000096 ], [ 93.1057968140002, 24.745660781000026 ], [ 93.107246399000132, 24.741899490000094 ], [ 93.104415894000169, 24.736869812000123 ], [ 93.097259521000183, 24.731809617000067 ], [ 93.097290040000132, 24.728050231000054 ], [ 93.094429016, 24.724279404000072 ], [ 93.092987061000144, 24.724260331000153 ], [ 93.094436646000133, 24.720508575000053 ], [ 93.093032838000113, 24.715482712000153 ], [ 93.088783264000085, 24.709190369999988 ], [ 93.078697204000093, 24.714170456000147 ], [ 93.075866699000073, 24.710390091000079 ], [ 93.080207825000116, 24.704141618000051 ], [ 93.083068848000096, 24.701641083000027 ], [ 93.084526062000066, 24.697870254000065 ], [ 93.090286254000091, 24.692869187000042 ], [ 93.093193053000164, 24.687852860000078 ], [ 93.093200683000077, 24.684080123000115 ], [ 93.091796875000114, 24.680320740000184 ], [ 93.091796875000114, 24.677810669000053 ], [ 93.093246460000046, 24.676549913000031 ], [ 93.097541809000063, 24.67782020500016 ], [ 93.101821900000118, 24.68035125800003 ], [ 93.104690552000136, 24.679100037000183 ], [ 93.104705810000155, 24.67534256100015 ], [ 93.103302002000191, 24.671560286999977 ], [ 93.099037170000088, 24.666530609000063 ], [ 93.097633361000192, 24.662761689000149 ], [ 93.097656250000057, 24.659000398000046 ], [ 93.096260072000177, 24.656482697000172 ], [ 93.096282958000131, 24.652719499000057 ], [ 93.089126587000123, 24.652709961000141 ], [ 93.086257935000106, 24.651439666000101 ], [ 93.084846497, 24.64767074700012 ], [ 93.089302063000105, 24.633890152000049 ], [ 93.089385987000128, 24.627630233000161 ], [ 93.082206726000038, 24.627601624000192 ], [ 93.079353331999982, 24.626340865000088 ], [ 93.079421998000157, 24.621322632000101 ], [ 93.0823364270002, 24.617580414000088 ], [ 93.086730958000089, 24.613821031000157 ], [ 93.086761474000127, 24.611330032000183 ], [ 93.076782227000137, 24.603771210000048 ], [ 93.075386046000176, 24.600000381000029 ], [ 93.075416565000126, 24.596229554000047 ], [ 93.079818726000155, 24.592500686999983 ], [ 93.088546753000116, 24.590030671000079 ], [ 93.098663330000079, 24.591342925000163 ], [ 93.104446411000083, 24.587602615000094 ], [ 93.106750488000046, 24.583959579000123 ], [ 93.106979369000044, 24.58356094300018 ], [ 93.104476929000157, 24.582572937000123 ], [ 93.097267151000096, 24.58254051300014 ], [ 93.096229553000057, 24.58022117600018 ], [ 93.087142945000153, 24.571180343000037 ], [ 93.07845306500019, 24.574911118000102 ], [ 93.071228027000132, 24.57613182 ], [ 93.06111908000014, 24.574832916000048 ], [ 93.072692870000139, 24.561090470000181 ], [ 93.065536499000132, 24.547269822000089 ], [ 93.061218262000182, 24.554779052000072 ], [ 93.05268097000004, 24.544719696000129 ], [ 93.05130005, 24.537189485000169 ], [ 93.048469543000067, 24.530910493000192 ], [ 93.052825927000072, 24.524669648000156 ], [ 93.052825927000072, 24.519649506000064 ], [ 93.041419982000036, 24.514591216000042 ], [ 93.040016174000073, 24.510810852000077 ], [ 93.044326783000088, 24.505800247000025 ], [ 93.035766602000137, 24.496948242000087 ], [ 93.045722961000138, 24.481819153000174 ], [ 93.04852295000012, 24.475482941000109 ], [ 93.048255920000031, 24.463960648000068 ], [ 93.037902832000157, 24.461151124000139 ], [ 93.03674316300004, 24.443941116000076 ], [ 93.032150268000066, 24.42885971100003 ], [ 93.039329529000156, 24.417568207000159 ], [ 93.039169312000126, 24.41113090500005 ], [ 93.029212952000023, 24.406339646000049 ], [ 93.015991211000028, 24.402530669999976 ], [ 93.008895873000085, 24.405370713000082 ], [ 93.006446838000045, 24.411930085000108 ], [ 93.000495912000019, 24.403270722000116 ], [ 92.998046875000171, 24.401571275000094 ], [ 92.995346070000096, 24.401950835999969 ], [ 92.991920470000139, 24.405492784000103 ], [ 92.988327027000139, 24.407649994999986 ], [ 92.985427856000115, 24.407560348000118 ], [ 92.980262756000172, 24.409690858000033 ], [ 92.975646972000163, 24.407760620000033 ], [ 92.970832824000126, 24.401212693000105 ], [ 92.960327149000136, 24.39588165300006 ], [ 92.958137512000064, 24.398050308 ], [ 92.954696656000124, 24.403881073000093 ], [ 92.953887940000129, 24.404621125000062 ], [ 92.951248169000166, 24.404830932999971 ], [ 92.944152832000043, 24.401832580000132 ], [ 92.940551758000197, 24.40105056800013 ], [ 92.938552857000104, 24.399021148000031 ], [ 92.937736511000026, 24.396709442000088 ], [ 92.93570709300019, 24.395540237000091 ], [ 92.927650451000034, 24.39862823500016 ], [ 92.925376892000145, 24.402219773000127 ], [ 92.923660279000103, 24.402610779000156 ], [ 92.922599792000028, 24.40415954600013 ], [ 92.923393249000071, 24.405719757000156 ], [ 92.911537171000191, 24.412900926000077 ], [ 92.909309387000064, 24.403169632000129 ], [ 92.905731201000094, 24.399059295000086 ], [ 92.905876160000105, 24.395370484000182 ], [ 92.905166625000106, 24.394451141000047 ], [ 92.900978088000045, 24.393430711000178 ], [ 92.896362305000139, 24.394300462000103 ], [ 92.894386292000149, 24.395309448999967 ], [ 92.891731263000111, 24.401790620000043 ], [ 92.890777588000162, 24.402290344 ], [ 92.888008118000187, 24.401630403000013 ], [ 92.884246827000084, 24.403039932000013 ], [ 92.878196716000161, 24.398889542000177 ], [ 92.873863220000089, 24.397251130000143 ], [ 92.871788026000161, 24.397050858000114 ], [ 92.862899779000031, 24.399499893000154 ], [ 92.859062194000046, 24.398410797000111 ], [ 92.854476928999986, 24.394001007999975 ], [ 92.851646424000194, 24.392370224000047 ], [ 92.849090577000197, 24.386131287000183 ], [ 92.846908570000039, 24.382299424000109 ], [ 92.844276429000161, 24.379869461000055 ], [ 92.839622498000097, 24.380800247000138 ], [ 92.832702637000125, 24.376369476999969 ], [ 92.828987122000115, 24.377769470000089 ], [ 92.828163147000055, 24.37931060700015 ], [ 92.828262329000097, 24.385578156000122 ], [ 92.825416565000182, 24.388429642000176 ], [ 92.825042725000174, 24.39049148600003 ], [ 92.826599121000186, 24.39355278000005 ], [ 92.831672668000124, 24.399341583000023 ], [ 92.831367492000084, 24.40050125200014 ], [ 92.830329895000091, 24.401750566000089 ], [ 92.824790954000036, 24.404180527000165 ], [ 92.821128845000146, 24.406780244000061 ], [ 92.8183288580002, 24.412729263000131 ], [ 92.816452025000103, 24.412250518000064 ], [ 92.81114959700011, 24.41364288300008 ], [ 92.811401366000098, 24.41537284900005 ], [ 92.80944061200006, 24.41523170500011 ], [ 92.808876038000051, 24.416891098000178 ], [ 92.809486389000199, 24.419300081000074 ], [ 92.807159425, 24.419862747000082 ], [ 92.803703308000138, 24.418790817000058 ], [ 92.800796509000065, 24.419050217000176 ], [ 92.800048829000048, 24.421461105 ], [ 92.803817748000199, 24.421722412000065 ], [ 92.804252624000128, 24.422990799000104 ], [ 92.802848815000061, 24.427280427000085 ], [ 92.800315857000101, 24.431970597000031 ], [ 92.797782898000037, 24.434709550000093 ], [ 92.793907166000167, 24.444040298000118 ], [ 92.789878845000032, 24.456079484000043 ], [ 92.786247253000113, 24.463739396000051 ], [ 92.784378052000079, 24.471202850000111 ], [ 92.782226562000062, 24.474800109000114 ], [ 92.779136657000095, 24.486499787000014 ], [ 92.765197754000098, 24.520849229000135 ], [ 92.764511109000182, 24.518831252000041 ], [ 92.759185792000039, 24.511760711000079 ], [ 92.753646850000052, 24.507041932000163 ], [ 92.754501342000196, 24.501119615000164 ] ], [ [ 89.84045377800004, 25.942199918000142 ], [ 89.840424045000134, 25.942195953000066 ], [ 89.840508, 25.942110000000127 ], [ 89.840613999000198, 25.942002000000116 ], [ 89.840650022000091, 25.942225739000037 ], [ 89.84045377800004, 25.942199918000142 ] ] ] ] } }
]
}
