{
"type": "FeatureCollection",
"name": "Meghalaya",
"crs": { "type": "name", "properties": { "name": "urn:ogc:def:crs:OGC:1.3:CRS84" } },
"features": [
{ "type": "Feature", "properties": { "GID_1": "IND.22_1", "GID_0": "IND", "COUNTRY": "India", "NAME_1": "Meghalaya", "VARNAME_1": "NA", "NL_NAME_1": "NA", "TYPE_1": "State", "ENGTYPE_1": "State", "CC_1": "NA", "HASC_1": "IN.ML", "ISO_1": "IN-ML" }, "geometry": { "type": "MultiPolygon", "coordinates": [ [ [ [ 91.368438720000086, 25.170824052000171 ], [ 91.368141174000129, 25.171001435 ], [ 91.367691040000011, 25.171302796000191 ], [ 91.366851806000057, 25.172531129000106 ], [ 91.36651611200017, 25.173059464000062 ], [ 91.366333008000083, 25.173315048000063 ], [ 91.365715027000022, 25.174118041000156 ], [ 91.365272522000112, 25.174627305000172 ], [ 91.365089416000046, 25.174821854000186 ], [ 91.365081787000065, 25.175186158000145 ], [ 91.365066529000046, 25.175798417000067 ], [ 91.36476898300009, 25.176946641000029 ], [ 91.364715576000037, 25.177289962000145 ], [ 91.364646912000069, 25.177530289 ], [ 91.364440918000071, 25.178014756000039 ], [ 91.36418914799998, 25.178073884000128 ], [ 91.363731384000118, 25.178165436000086 ], [ 91.363014221000071, 25.178241729000092 ], [ 91.362113953000176, 25.178236009000159 ], [ 91.361106874000086, 25.177997590000075 ], [ 91.360641479000037, 25.177709579000123 ], [ 91.359634400000061, 25.17692375200005 ], [ 91.359596253000063, 25.176797867000175 ], [ 91.359397889000149, 25.176116944000057 ], [ 91.35929107600009, 25.175922393000064 ], [ 91.359001160000105, 25.175582887000189 ], [ 91.358840943000075, 25.175466537000148 ], [ 91.35832977400014, 25.175306319000072 ], [ 91.358047485000156, 25.175207137000029 ], [ 91.35739135700004, 25.174898148000125 ], [ 91.357116699000073, 25.174621582000157 ], [ 91.356437683000195, 25.173772812000095 ], [ 91.355697633000034, 25.173078537000094 ], [ 91.355316162000179, 25.172832488000097 ], [ 91.354766846000018, 25.17234802300004 ], [ 91.354484558000138, 25.172107697000058 ], [ 91.354293822000159, 25.171941757000184 ], [ 91.353668213000162, 25.171333313000105 ], [ 91.353546142000141, 25.171537400000034 ], [ 91.353469848000032, 25.171522142000185 ], [ 91.353218079000044, 25.171998977000158 ], [ 91.352958679000096, 25.172483444000136 ], [ 91.352401733000193, 25.173538209000128 ], [ 91.35230255100015, 25.173755646000075 ], [ 91.352256774000182, 25.17393303 ], [ 91.352111817000036, 25.174495696 ], [ 91.351989746000129, 25.174968721000027 ], [ 91.351905823000038, 25.175285340000187 ], [ 91.351684570000089, 25.175762176000035 ], [ 91.351486206, 25.175922393000064 ], [ 91.351074219000111, 25.175926208000078 ], [ 91.350723267000035, 25.17588424600018 ], [ 91.350410462000184, 25.175806045000172 ], [ 91.349548340000069, 25.17540931700006 ], [ 91.349311829000158, 25.175275803000034 ], [ 91.348503113000049, 25.174663544000055 ], [ 91.348045349000188, 25.17446517999997 ], [ 91.347709656000177, 25.174417495000057 ], [ 91.347183227000073, 25.174291611000115 ], [ 91.345802307000042, 25.174295427000061 ], [ 91.345222472000103, 25.174280166000131 ], [ 91.343750000000114, 25.17415619000019 ], [ 91.343246459000113, 25.174060821000182 ], [ 91.342918396000073, 25.17398452700013 ], [ 91.341934203000108, 25.173719407000192 ], [ 91.340545655000142, 25.173698426000158 ], [ 91.340148927000143, 25.173660279000103 ], [ 91.33912658600002, 25.173669814999982 ], [ 91.337120057, 25.17365074200012 ], [ 91.336807250000163, 25.173782348000145 ], [ 91.336242676000154, 25.174013138000078 ], [ 91.335662842000147, 25.174249650000093 ], [ 91.335197449000077, 25.174596786000052 ], [ 91.335037232000104, 25.174818039000172 ], [ 91.334686278000163, 25.176040649000072 ], [ 91.334434509000062, 25.176759720000121 ], [ 91.333297730000197, 25.177104951 ], [ 91.333038331000182, 25.177183152000168 ], [ 91.332321167000146, 25.177396774999977 ], [ 91.331306457000039, 25.177604675000168 ], [ 91.330947876000096, 25.177537919000144 ], [ 91.329986573000099, 25.177169799000069 ], [ 91.329666138000107, 25.177030563000073 ], [ 91.329101562000119, 25.176847459000044 ], [ 91.328323365000131, 25.176578521000124 ], [ 91.327522278000174, 25.176311494000174 ], [ 91.327392579000048, 25.176298141000018 ], [ 91.327133179000043, 25.176269532000049 ], [ 91.326942443000064, 25.176296235000052 ], [ 91.326652527000078, 25.176418304000151 ], [ 91.326393127000131, 25.176597595000146 ], [ 91.326026917000036, 25.177129745000116 ], [ 91.325912475000109, 25.177869797000028 ], [ 91.325843811000141, 25.178323746000046 ], [ 91.325363159000176, 25.179513931000031 ], [ 91.325271607000047, 25.1797466270001 ], [ 91.324783324000066, 25.180389405000142 ], [ 91.324256897000112, 25.180831910000109 ], [ 91.323806763000164, 25.181201935000047 ], [ 91.322654724000131, 25.181905746000098 ], [ 91.322280884000122, 25.182077409000044 ], [ 91.321235658000148, 25.182399749000069 ], [ 91.32097625800003, 25.182479858000193 ], [ 91.320228576000147, 25.182479858000193 ], [ 91.320175171000074, 25.182342529000096 ], [ 91.319557189000079, 25.182483673000092 ], [ 91.319374083000071, 25.182647706000068 ], [ 91.319030762000125, 25.183235168000181 ], [ 91.318977357000108, 25.183319091999977 ], [ 91.317680359000065, 25.183792114000084 ], [ 91.316711426000097, 25.183843612000032 ], [ 91.316352844000107, 25.183862685000122 ], [ 91.31571197400018, 25.183942794000075 ], [ 91.313743592000037, 25.18410873400012 ], [ 91.312652588000162, 25.184215547000179 ], [ 91.310401916000103, 25.18411636400009 ], [ 91.308860778000167, 25.18395614700006 ], [ 91.307899475000113, 25.183776856000065 ], [ 91.30765533400006, 25.183683396000106 ], [ 91.306709290000128, 25.183151245000033 ], [ 91.306503295000198, 25.183034897000027 ], [ 91.305915833000086, 25.182727814000089 ], [ 91.304557800999987, 25.182706833000054 ], [ 91.304397584000185, 25.182720184000175 ], [ 91.302680969000164, 25.183362962000103 ], [ 91.300544738000042, 25.184165954000093 ], [ 91.300056458000142, 25.184350968000103 ], [ 91.29975891100014, 25.184329987000069 ], [ 91.298866272000112, 25.184263229000067 ], [ 91.296638488000156, 25.184089661000087 ], [ 91.293884277000075, 25.18396568300011 ], [ 91.292404175000172, 25.183923721000042 ], [ 91.292060851000031, 25.184104919000106 ], [ 91.291511535000041, 25.18447494600008 ], [ 91.290199278999978, 25.185420991000115 ], [ 91.289527892000137, 25.185876847000145 ], [ 91.28835296699998, 25.186611176000099 ], [ 91.287635803000171, 25.186174393000101 ], [ 91.286643982000101, 25.185579300000143 ], [ 91.286476134000054, 25.18547630300003 ], [ 91.287071227000183, 25.186628342000063 ], [ 91.288017274000197, 25.187412262000123 ], [ 91.288093567000033, 25.188117982000051 ], [ 91.288543701000151, 25.18954086399998 ], [ 91.288612367000155, 25.189937592000149 ], [ 91.288581848000035, 25.190233230999979 ], [ 91.289321900000175, 25.19075584300009 ], [ 91.290077210000106, 25.191150666000169 ], [ 91.291152953000051, 25.191530227000044 ], [ 91.291419983000083, 25.191766738000126 ], [ 91.291969299000073, 25.19232368400003 ], [ 91.29203033400006, 25.192382812000119 ], [ 91.292137147000119, 25.193437576000179 ], [ 91.291267396000194, 25.193790435000153 ], [ 91.290428162000183, 25.194311142000174 ], [ 91.289810180000075, 25.19463539200018 ], [ 91.28913879400011, 25.194990159000156 ], [ 91.287979127000142, 25.195375442000113 ], [ 91.286163330000136, 25.195938111000032 ], [ 91.285125733000143, 25.196304321000127 ], [ 91.284629822000056, 25.196447372000023 ], [ 91.282569886000147, 25.196737289000112 ], [ 91.281661986000188, 25.196813584000097 ], [ 91.278877258000136, 25.197923661 ], [ 91.276130677000197, 25.199167252000166 ], [ 91.27527618400012, 25.200067520000061 ], [ 91.274887086000035, 25.200433732000135 ], [ 91.273582458000135, 25.201499939000144 ], [ 91.272560120000094, 25.20249939100006 ], [ 91.27159881700004, 25.203399658000023 ], [ 91.270980835000046, 25.203977585000189 ], [ 91.26966094900007, 25.203821183 ], [ 91.265808106000065, 25.202461242000027 ], [ 91.263755799000194, 25.200580596 ], [ 91.261177064000037, 25.19952011100014 ], [ 91.258811950000108, 25.198741913000049 ], [ 91.257987977000084, 25.196180345000187 ], [ 91.255737304000093, 25.195110322000062 ], [ 91.251548767000031, 25.194620132000182 ], [ 91.25057220400015, 25.194595338000056 ], [ 91.250534057000095, 25.195075988000042 ], [ 91.250587463000045, 25.195276260000071 ], [ 91.250633240000013, 25.195484162000071 ], [ 91.250747680000075, 25.195775986000058 ], [ 91.250190734000171, 25.1961059570001 ], [ 91.249259948000088, 25.196697236000091 ], [ 91.248611450000055, 25.197109223000155 ], [ 91.248138428, 25.197380066000051 ], [ 91.247680664000143, 25.197683335000193 ], [ 91.247261047000165, 25.197895050000056 ], [ 91.246498108000196, 25.197689056000058 ], [ 91.246383668000135, 25.197908401000177 ], [ 91.246139526000036, 25.19782447900019 ], [ 91.245979309000177, 25.197614670000121 ], [ 91.244949341000051, 25.197341919000053 ], [ 91.243919372000164, 25.197072984000044 ], [ 91.243125915000178, 25.197063446000186 ], [ 91.242744445000199, 25.197034835000181 ], [ 91.241210938000052, 25.19687652500005 ], [ 91.240882873000032, 25.196853639000153 ], [ 91.240638734000129, 25.196836471000154 ], [ 91.23990631200013, 25.196872712000186 ], [ 91.238021851000099, 25.195770263000043 ], [ 91.235412599000199, 25.19533920300006 ], [ 91.233543396000186, 25.195520401000124 ], [ 91.231391908000148, 25.197031022000147 ], [ 91.23091125500008, 25.197113038000168 ], [ 91.230506897, 25.197000503000027 ], [ 91.230224608000185, 25.197006226000042 ], [ 91.229957581000065, 25.197057724000047 ], [ 91.229881287000126, 25.1970710760001 ], [ 91.229202270000144, 25.197406770000157 ], [ 91.228950501000043, 25.197450637000145 ], [ 91.228584289000082, 25.197727205000092 ], [ 91.228034973000149, 25.198240281000096 ], [ 91.227890014000138, 25.198373795000123 ], [ 91.227638245000151, 25.198602676000178 ], [ 91.227569579000146, 25.198532105000083 ], [ 91.227409364000152, 25.198362349999968 ], [ 91.226737975000106, 25.198852540000075 ], [ 91.225112916, 25.199930191000135 ], [ 91.224914552000143, 25.200029373000177 ], [ 91.224418641000057, 25.20028305000011 ], [ 91.223281860000043, 25.199203491000048 ], [ 91.223197937000123, 25.19912529000004 ], [ 91.22184753300013, 25.199518204000071 ], [ 91.221084595000036, 25.199851990000127 ], [ 91.220794679000051, 25.199981690000016 ], [ 91.219718933000195, 25.200160981000067 ], [ 91.219123841000169, 25.200180055000033 ], [ 91.218147277000185, 25.200239182000189 ], [ 91.217292785000041, 25.200256348000039 ], [ 91.21697998000019, 25.200298310000107 ], [ 91.216674806000128, 25.20025062600007 ], [ 91.215774536000083, 25.200359345000095 ], [ 91.215217590000179, 25.200384140000097 ], [ 91.21458435, 25.20028305000011 ], [ 91.214500427000075, 25.20028305000011 ], [ 91.214019776000043, 25.200290680000023 ], [ 91.213760377000142, 25.200325012 ], [ 91.213523865000127, 25.200355530000081 ], [ 91.213249208000036, 25.200349808000112 ], [ 91.211563111000032, 25.20041465800017 ], [ 91.211067200000173, 25.200433732000135 ], [ 91.210762024000132, 25.200456620000068 ], [ 91.209877015000188, 25.200576783000145 ], [ 91.208511353000176, 25.200706482000157 ], [ 91.207817078000176, 25.200813294000113 ], [ 91.207015991000048, 25.20092773500005 ], [ 91.206932067000025, 25.200941086 ], [ 91.206230164000146, 25.201009751000129 ], [ 91.205650329000036, 25.201068879000047 ], [ 91.204681396000069, 25.201076507000096 ], [ 91.202491760999976, 25.201097488000187 ], [ 91.200523376000092, 25.201116561000049 ], [ 91.19957733200016, 25.201210023000158 ], [ 91.198684693000132, 25.201442719000056 ], [ 91.197761535000154, 25.201768874000095 ], [ 91.197090148000086, 25.201845170000013 ], [ 91.196311951000098, 25.201856613000189 ], [ 91.195137024000132, 25.201908111000023 ], [ 91.194610597000178, 25.201925279000022 ], [ 91.193748474000188, 25.201799393000044 ], [ 91.19291687000009, 25.20163726800007 ], [ 91.193031311000084, 25.201375961000053 ], [ 91.193649292000146, 25.199932098000033 ], [ 91.193702697000049, 25.199800492000122 ], [ 91.193771363000053, 25.199583054000072 ], [ 91.193786621000072, 25.199451446000069 ], [ 91.193840026000089, 25.199277878000089 ], [ 91.193893433000198, 25.199132920000181 ], [ 91.193939208000131, 25.198944092000147 ], [ 91.194007874000135, 25.198740005000047 ], [ 91.194091797000056, 25.198507308999979 ], [ 91.194145203000062, 25.198352814000089 ], [ 91.18997192400019, 25.197120666000103 ], [ 91.183532715000183, 25.19590187200015 ], [ 91.177360534000115, 25.194839477000073 ], [ 91.172157287000118, 25.194330216000139 ], [ 91.16526794400005, 25.194229126000153 ], [ 91.160552978000169, 25.19442749000001 ], [ 91.156082154000103, 25.196081162000098 ], [ 91.152511597000171, 25.19556045600018 ], [ 91.145767213000056, 25.194900512000061 ], [ 91.144203185000151, 25.194749833000117 ], [ 91.13828277500005, 25.193571090000034 ], [ 91.13201904400006, 25.193321228000173 ], [ 91.127540589000148, 25.193361283000172 ], [ 91.121192932000099, 25.193910599000162 ], [ 91.117340088000162, 25.194589615000041 ], [ 91.11673736500012, 25.194574357000192 ], [ 91.115074156999981, 25.194713593000188 ], [ 91.112983704000158, 25.194850922000057 ], [ 91.108757019000109, 25.194969178000065 ], [ 91.108451842000193, 25.195009232000189 ], [ 91.108108521000077, 25.195013047000089 ], [ 91.107841491000045, 25.195049287000074 ], [ 91.107360841000059, 25.195121765000181 ], [ 91.105972291000114, 25.195333480000045 ], [ 91.105621337000173, 25.1953716270001 ], [ 91.104980469000111, 25.195600510000077 ], [ 91.104393005000134, 25.195810318000042 ], [ 91.1038436890002, 25.195980073000158 ], [ 91.102958680000029, 25.196111679000182 ], [ 91.101943970000093, 25.19624710100004 ], [ 91.100479126000039, 25.196458818000053 ], [ 91.099296570000092, 25.196519851000062 ], [ 91.099098206, 25.196502685000041 ], [ 91.098236083000188, 25.19653892600013 ], [ 91.097312928000122, 25.196569443000044 ], [ 91.09382629400011, 25.196851731000152 ], [ 91.093315125000174, 25.196882248000122 ], [ 91.091293335000046, 25.197004318000097 ], [ 91.090858460000049, 25.196903229000156 ], [ 91.089057922999984, 25.196697236000091 ], [ 91.088539124000135, 25.196714402000055 ], [ 91.087287903000117, 25.196475984000074 ], [ 91.086830139000085, 25.196426391000102 ], [ 91.085205078000172, 25.19643783700019 ], [ 91.084823608000022, 25.196432114000174 ], [ 91.08290863000002, 25.196735383000089 ], [ 91.08290863000002, 25.196882248000122 ], [ 91.081184387000121, 25.196962357000075 ], [ 91.080574036000144, 25.196912766000139 ], [ 91.080169677000185, 25.196973802000059 ], [ 91.079734802000189, 25.197074889000135 ], [ 91.078720094000062, 25.197313308000048 ], [ 91.077308655000081, 25.197692871000129 ], [ 91.076904296000066, 25.19776153600003 ], [ 91.075355529000092, 25.198352814000089 ], [ 91.074951172000112, 25.198505401000034 ], [ 91.074424743000179, 25.198701858 ], [ 91.074249267000084, 25.198740005000047 ], [ 91.073951721000128, 25.198802948000036 ], [ 91.073532104000151, 25.198802948000036 ], [ 91.073410035000052, 25.198764801000152 ], [ 91.072341920000099, 25.198511124000049 ], [ 91.071502686000088, 25.198379517999967 ], [ 91.071105957000043, 25.19835472200009 ], [ 91.0699691760002, 25.198429108000028 ], [ 91.069572448000088, 25.198520660000099 ], [ 91.069519043000184, 25.198076249000053 ], [ 91.069503784000062, 25.197469712000043 ], [ 91.069564820000153, 25.196996688000127 ], [ 91.069572448000088, 25.19692039500012 ], [ 91.069679260000044, 25.196563720000029 ], [ 91.069778442000086, 25.196311951000098 ], [ 91.070014953000168, 25.196140290000187 ], [ 91.070899963000045, 25.195722581000155 ], [ 91.071197509000172, 25.195547105 ], [ 91.071434020000083, 25.195354461000079 ], [ 91.071701050000172, 25.194894792000127 ], [ 91.071655273000033, 25.19424057100008 ], [ 91.071670531000052, 25.193723680000062 ], [ 91.071815490000063, 25.193470001000094 ], [ 91.070098877000191, 25.192344665000064 ], [ 91.0695114130001, 25.192392350000034 ], [ 91.069084167000085, 25.192106247000083 ], [ 91.068298340000183, 25.191993714000091 ], [ 91.06805419900013, 25.191877366000085 ], [ 91.067810058000077, 25.191642762000185 ], [ 91.067481995000037, 25.191732407000075 ], [ 91.067031861000089, 25.191652298000065 ], [ 91.065811157000155, 25.191644670000187 ], [ 91.065399170000092, 25.191511154000125 ], [ 91.06461334300019, 25.191368104000048 ], [ 91.063903809000124, 25.191360474000078 ], [ 91.062866211000028, 25.191347123000128 ], [ 91.061950683000134, 25.191499710000073 ], [ 91.060821533000137, 25.191755295000178 ], [ 91.057746886000018, 25.192056656000148 ], [ 91.05702972500012, 25.192234040000073 ], [ 91.0558166510001, 25.192445755000108 ], [ 91.055084229000101, 25.192550660000165 ], [ 91.05424499500009, 25.192388535000191 ], [ 91.054130554000153, 25.192369461000169 ], [ 91.053405762000011, 25.192195893000019 ], [ 91.053245545000038, 25.192131043000188 ], [ 91.052909852000198, 25.191942216000086 ], [ 91.052482605000137, 25.191589355000133 ], [ 91.052230835000103, 25.191356659000064 ], [ 91.051902772, 25.19113159300008 ], [ 91.051574707000157, 25.190992356000038 ], [ 91.051498413000047, 25.19099044900014 ], [ 91.051132201000144, 25.190982819000055 ], [ 91.051071166000156, 25.190700531000118 ], [ 91.050865174000137, 25.190355302000057 ], [ 91.050689698000042, 25.190183639000168 ], [ 91.050331116, 25.190015793000157 ], [ 91.050193787000126, 25.189962388000083 ], [ 91.049926757000037, 25.189865112000177 ], [ 91.049690246000125, 25.189861299000142 ], [ 91.04901886000016, 25.189994812000066 ], [ 91.048889161000147, 25.190048218000072 ], [ 91.048820495000143, 25.190076829000191 ], [ 91.048500060000038, 25.190401077000047 ], [ 91.047958375000064, 25.190288544000055 ], [ 91.047485352000081, 25.18979454100014 ], [ 91.047241211000085, 25.189603806000036 ], [ 91.046775817000082, 25.189357758000142 ], [ 91.04524993800004, 25.188911439000037 ], [ 91.045120239000084, 25.188877105000074 ], [ 91.043403626000043, 25.188266754000097 ], [ 91.042640686000198, 25.188257218000047 ], [ 91.042266846000132, 25.188125610000156 ], [ 91.041534424000133, 25.187768936000111 ], [ 91.041183472000057, 25.187753676999989 ], [ 91.040840149000132, 25.18773841899997 ], [ 91.04023742600009, 25.187759400000061 ], [ 91.04023742600009, 25.188110352000137 ], [ 91.040176392000035, 25.188388825000175 ], [ 91.040100097, 25.188722610000184 ], [ 91.039482117000034, 25.188634874000172 ], [ 91.039352417000146, 25.188068390000012 ], [ 91.039138794000166, 25.187231063000127 ], [ 91.039009093000175, 25.186941147000084 ], [ 91.038475036000136, 25.186462402000188 ], [ 91.038337707000039, 25.186395646000165 ], [ 91.038139342000079, 25.186380386000167 ], [ 91.037979125000049, 25.186403274000099 ], [ 91.037864685000159, 25.186422348000065 ], [ 91.037734985999975, 25.186443329000156 ], [ 91.036979675000111, 25.186738968000157 ], [ 91.036705017000145, 25.186861038000131 ], [ 91.036308289000146, 25.186908723000101 ], [ 91.035385131000169, 25.186826706000147 ], [ 91.035224915000072, 25.18673324700012 ], [ 91.034774780000191, 25.186391831000151 ], [ 91.034255981000172, 25.186439514000085 ], [ 91.034065246000125, 25.186445236 ], [ 91.033950806000064, 25.186441421000154 ], [ 91.033485412000118, 25.186435700000118 ], [ 91.032142639000085, 25.18640708900017 ], [ 91.03193664600019, 25.185768127000017 ], [ 91.030700684000067, 25.185785293000038 ], [ 91.030334472000163, 25.185243607000189 ], [ 91.029670715000066, 25.185415268000042 ], [ 91.027770996000129, 25.185878754000044 ], [ 91.027000428000179, 25.185937882000133 ], [ 91.026664734000121, 25.185575485000072 ], [ 91.025978088000159, 25.185661317000097 ], [ 91.025619506000112, 25.185724260000029 ], [ 91.024772644000052, 25.185804366000127 ], [ 91.024650573000145, 25.185787200000107 ], [ 91.024375915000178, 25.185749054000155 ], [ 91.023696900000061, 25.185657502000026 ], [ 91.023269653000114, 25.185811997000144 ], [ 91.022720337000123, 25.186176301000046 ], [ 91.022323609000182, 25.186542510999971 ], [ 91.021850586000198, 25.186567307000075 ], [ 91.021377564000147, 25.186820984 ], [ 91.02095794700017, 25.187084199000026 ], [ 91.020637512, 25.186794280000129 ], [ 91.020118712999988, 25.187084199000026 ], [ 91.019676209000181, 25.187089921000165 ], [ 91.019035340000187, 25.187086106000095 ], [ 91.019035340000187, 25.186790467000094 ], [ 91.019088745000033, 25.186321258000078 ], [ 91.019050597999978, 25.185897828 ], [ 91.018852234000121, 25.184640884000146 ], [ 91.018692016000159, 25.183929443000125 ], [ 91.017356873000097, 25.183858872000087 ], [ 91.016098022000108, 25.183778764000181 ], [ 91.015945435000049, 25.183176041000138 ], [ 91.012840272000062, 25.183135986000138 ], [ 91.012214660000154, 25.183065415000044 ], [ 91.011840820000145, 25.182977676000178 ], [ 91.011375428000179, 25.182815550999976 ], [ 91.010925292000081, 25.182643891000168 ], [ 91.01048278900015, 25.182470322000142 ], [ 91.01011657700019, 25.182683945000122 ], [ 91.00957489100017, 25.183176041000138 ], [ 91.009391785000105, 25.183311462000063 ], [ 91.008094787000061, 25.182815550999976 ], [ 91.008178711000085, 25.181505204000189 ], [ 91.007301330000075, 25.180904389000148 ], [ 91.006828308000195, 25.180641174000129 ], [ 91.006530761000192, 25.18053245599998 ], [ 91.005439758000023, 25.180255891000115 ], [ 91.00459289500003, 25.180305481000119 ], [ 91.00360107400013, 25.180486679000012 ], [ 91.003578185000094, 25.18058204600004 ], [ 91.003356933000134, 25.18152046300014 ], [ 91.001914977000183, 25.181417466000028 ], [ 91.001953124000067, 25.181024552000054 ], [ 91.001953124000067, 25.180694579000033 ], [ 91.001960754000152, 25.180513383000118 ], [ 91.001655578000111, 25.180511475000117 ], [ 91.001190186000144, 25.180553437000071 ], [ 91.000656128, 25.180200576000061 ], [ 90.999107361000199, 25.179416657000161 ], [ 90.99887848000003, 25.179347991000157 ], [ 90.998573303000057, 25.179283143000134 ], [ 90.997970580000015, 25.17918205300009 ], [ 90.997848512000076, 25.179441453000038 ], [ 90.997779846000071, 25.17959022500014 ], [ 90.997283935000155, 25.179401398000039 ], [ 90.997184753000113, 25.178983689 ], [ 90.995964051000044, 25.178777694000132 ], [ 90.995559692000029, 25.178710939000041 ], [ 90.99554443400001, 25.178562164000027 ], [ 90.994552612, 25.178413391999982 ], [ 90.993675231000168, 25.178256990000023 ], [ 90.992759706000186, 25.177947998000036 ], [ 90.992355347000057, 25.178277969000078 ], [ 90.991889953000054, 25.17799949800002 ], [ 90.991271973000096, 25.177701951000188 ], [ 90.989448548000155, 25.176731111000151 ], [ 90.989082336000195, 25.176527024000052 ], [ 90.987869262, 25.176031113000136 ], [ 90.987266541000167, 25.176321029000178 ], [ 90.985549928000125, 25.175521852000031 ], [ 90.985305786000197, 25.175357819000055 ], [ 90.984939575000169, 25.17517471300016 ], [ 90.984687805000135, 25.175115585000071 ], [ 90.984329223000145, 25.175062180000168 ], [ 90.983390809000127, 25.175004960000081 ], [ 90.983093263000171, 25.174995422000165 ], [ 90.982872010000108, 25.175012588000186 ], [ 90.98208618100017, 25.175065995000068 ], [ 90.98030090400016, 25.175270080000132 ], [ 90.980094910000162, 25.175094604000037 ], [ 90.980003358000033, 25.175031662000151 ], [ 90.979522705000193, 25.174776077000047 ], [ 90.979194640000117, 25.174644471000192 ], [ 90.977638245000037, 25.174207688000024 ], [ 90.977279663000047, 25.174127579000015 ], [ 90.977081299000133, 25.174140930000192 ], [ 90.975936890000014, 25.174263000000167 ], [ 90.975288392000039, 25.174385071000188 ], [ 90.973777771000186, 25.174993515000097 ], [ 90.973541260000047, 25.175146104000191 ], [ 90.973220825000112, 25.175024033000113 ], [ 90.973037719000047, 25.175168990000145 ], [ 90.972511292000092, 25.174697876000039 ], [ 90.972373963000052, 25.174844742000118 ], [ 90.971443177000083, 25.174625397 ], [ 90.970977783000137, 25.174423218000072 ], [ 90.970336915000075, 25.173740388000056 ], [ 90.969200134000062, 25.173065186000144 ], [ 90.968460082000092, 25.172531129000106 ], [ 90.967926025000054, 25.172321319000162 ], [ 90.967292785000097, 25.171966553000118 ], [ 90.965957641999978, 25.171415329000183 ], [ 90.965332031, 25.171028136000189 ], [ 90.965080261000139, 25.17101287800017 ], [ 90.965072631000055, 25.171833039000092 ], [ 90.964851380000141, 25.17187881600006 ], [ 90.964187622000111, 25.172010422000085 ], [ 90.964134217000037, 25.171426773000064 ], [ 90.963142395000034, 25.171461106000152 ], [ 90.963035583000078, 25.171464919000186 ], [ 90.9619216910001, 25.17103004400019 ], [ 90.961578370000041, 25.171052933 ], [ 90.961311340000123, 25.170890808000024 ], [ 90.961090087000059, 25.17080688599998 ], [ 90.960968018000187, 25.170597076000035 ], [ 90.960777282000038, 25.170434951000061 ], [ 90.960700989000031, 25.170404434000091 ], [ 90.960655212000063, 25.170284271000185 ], [ 90.960334779000107, 25.170352937000189 ], [ 90.960144043000128, 25.170375823000143 ], [ 90.95983886800019, 25.170383454000159 ], [ 90.958740234000061, 25.170284271000185 ], [ 90.958648682000103, 25.170434951000061 ], [ 90.958702087000177, 25.170534133000103 ], [ 90.958305359, 25.170560837000153 ], [ 90.957389831000114, 25.170640946000105 ], [ 90.956916809000063, 25.170707704000165 ], [ 90.956451417000096, 25.170818329000156 ], [ 90.955558777000135, 25.170970916000044 ], [ 90.954849244000172, 25.170909881000057 ], [ 90.954032898000094, 25.170801163000135 ], [ 90.95353698800011, 25.170715332000043 ], [ 90.952720642000088, 25.170505524000134 ], [ 90.952377319000163, 25.170391084000073 ], [ 90.951919555000131, 25.170209885000077 ], [ 90.951545715000123, 25.170301437000035 ], [ 90.951622008000129, 25.170532228000184 ], [ 90.950942994000059, 25.170623780000142 ], [ 90.95056915400005, 25.170688630000143 ], [ 90.950241088999974, 25.170715332000043 ], [ 90.949958800000161, 25.17074966500013 ], [ 90.948760987000071, 25.170892715000093 ], [ 90.948295592000022, 25.170022964000168 ], [ 90.948028565000072, 25.169525146000183 ], [ 90.947692871000186, 25.168836594000027 ], [ 90.947593689000144, 25.168388366999977 ], [ 90.946441650000111, 25.167684555000051 ], [ 90.94497680700016, 25.167659761000095 ], [ 90.943077088000109, 25.167642593000096 ], [ 90.942428590000077, 25.167131424000161 ], [ 90.941627502000074, 25.166522980000082 ], [ 90.9405822760001, 25.166446686000029 ], [ 90.939308165999989, 25.165992738000114 ], [ 90.938224793000188, 25.165649414000143 ], [ 90.937713624000082, 25.165353775000085 ], [ 90.936874390000071, 25.164886476000049 ], [ 90.935974120000196, 25.164894104000155 ], [ 90.934974671000191, 25.16490364200007 ], [ 90.93375396800019, 25.164716721000161 ], [ 90.933166503000166, 25.164722443000073 ], [ 90.931877136000139, 25.164257049000128 ], [ 90.930511474000127, 25.163875581000184 ], [ 90.928787231000172, 25.163406372000168 ], [ 90.928718567000033, 25.1634292600001 ], [ 90.9285049450001, 25.163385391000133 ], [ 90.928573608000193, 25.163246154000035 ], [ 90.928482056000064, 25.163085937 ], [ 90.928260803000171, 25.163070678000111 ], [ 90.928169251000043, 25.162990570000034 ], [ 90.928153990999988, 25.162750244000051 ], [ 90.927963257000044, 25.162504197000032 ], [ 90.927894592000143, 25.162338257000158 ], [ 90.9265747070001, 25.162542344000087 ], [ 90.922103882000101, 25.163215638 ], [ 90.921913146000122, 25.163211823000154 ], [ 90.921279907000041, 25.163227081000173 ], [ 90.920677185000102, 25.163223268000138 ], [ 90.919960022000168, 25.163204192000137 ], [ 90.919570924000141, 25.163368225000113 ], [ 90.919296266000117, 25.163354874000163 ], [ 90.91915130600006, 25.163387298000032 ], [ 90.91887664900014, 25.163455963999979 ], [ 90.918708801000093, 25.16347313000017 ], [ 90.918472290000182, 25.163436890000185 ], [ 90.918289184000116, 25.163215638 ], [ 90.918174743000179, 25.163188934000118 ], [ 90.918083191000051, 25.163145065000151 ], [ 90.917945862000124, 25.162895203000062 ], [ 90.917472840000073, 25.162883759000181 ], [ 90.91573333700012, 25.162740708000172 ], [ 90.914634705000196, 25.162773132000154 ], [ 90.913673400000107, 25.162809371000037 ], [ 90.9130706790001, 25.16274261500007 ], [ 90.913078306999978, 25.16293716500013 ], [ 90.912780761000079, 25.16317749100017 ], [ 90.912559510000165, 25.163133621000043 ], [ 90.912498475000177, 25.163333893000129 ], [ 90.912071227000183, 25.163166046000185 ], [ 90.912200928000175, 25.162899018000132 ], [ 90.912033081, 25.162706376000131 ], [ 90.910896302000197, 25.162656784000148 ], [ 90.910026551000101, 25.162626267000178 ], [ 90.909530641000117, 25.162538528000141 ], [ 90.90885925200007, 25.162498474000188 ], [ 90.907852172000048, 25.162395477000075 ], [ 90.907646180000029, 25.162658692000093 ], [ 90.907470704000104, 25.162696838000102 ], [ 90.907287598000039, 25.162714004000065 ], [ 90.907249450999984, 25.162527085000136 ], [ 90.907188416, 25.162427903000093 ], [ 90.906929016000049, 25.162378311000111 ], [ 90.906799316000161, 25.162307740000017 ], [ 90.90550231900005, 25.16210937600016 ], [ 90.90448761, 25.162000656000032 ], [ 90.904075623000097, 25.162111283000058 ], [ 90.904014587000063, 25.162302017000172 ], [ 90.90372467100002, 25.162612915000125 ], [ 90.903526307000163, 25.162675857000011 ], [ 90.903388978000066, 25.16275215100012 ], [ 90.903228760000104, 25.162857056000178 ], [ 90.902976989000194, 25.162967681 ], [ 90.902770996000072, 25.162754059000122 ], [ 90.902626037000061, 25.162771225000085 ], [ 90.902252197000053, 25.162817001000178 ], [ 90.9017105100001, 25.162681580000083 ], [ 90.901588441000058, 25.162664414000062 ], [ 90.901428223000096, 25.162830352000128 ], [ 90.901290894, 25.162919999000167 ], [ 90.901145934999988, 25.163070678000111 ], [ 90.90080261200012, 25.163341523000042 ], [ 90.900848389000089, 25.163488388000189 ], [ 90.900604248000036, 25.163539888 ], [ 90.900268554000149, 25.163785934000146 ], [ 90.900321960000156, 25.163856507 ], [ 90.900566100999981, 25.164146424000137 ], [ 90.899902344000054, 25.164054872000179 ], [ 90.900154114000088, 25.1643714920001 ], [ 90.899658203, 25.164644242000065 ], [ 90.899032594000062, 25.164449693000051 ], [ 90.89480590800008, 25.162801743000159 ], [ 90.885688781000056, 25.164262772000143 ], [ 90.879348754000148, 25.161151886000141 ], [ 90.876106262000064, 25.15857124300004 ], [ 90.875831604000098, 25.158349992000126 ], [ 90.870910644000048, 25.158742905000054 ], [ 90.866958618000126, 25.156120300000055 ], [ 90.863586425000051, 25.157850265999969 ], [ 90.85835265999998, 25.155849457000102 ], [ 90.853538512000114, 25.155771256000094 ], [ 90.849952699000141, 25.156660080000108 ], [ 90.846366883000144, 25.158067704000018 ], [ 90.846153259000062, 25.158041000000139 ], [ 90.845115662000069, 25.158357620000061 ], [ 90.844390869000051, 25.158576965000179 ], [ 90.844200134000175, 25.15891647400008 ], [ 90.843421936000084, 25.159219743000051 ], [ 90.840286256000184, 25.158990860000017 ], [ 90.836700440000129, 25.159740447000161 ], [ 90.82726287800017, 25.160921097000141 ], [ 90.82446289000012, 25.161130905000107 ], [ 90.823577881000176, 25.162883759000181 ], [ 90.823280334000117, 25.162965776000135 ], [ 90.823051453000119, 25.163019181000038 ], [ 90.822120667000036, 25.163232803000085 ], [ 90.821441650000054, 25.163368225000113 ], [ 90.820404052000185, 25.163145065000151 ], [ 90.820327758000076, 25.163055420000092 ], [ 90.820213318000015, 25.163072586000055 ], [ 90.819847106000111, 25.162921906000065 ], [ 90.819717407000155, 25.162927627000101 ], [ 90.8194885260001, 25.16274261500007 ], [ 90.819122314000197, 25.163051605000192 ], [ 90.81904602100019, 25.163242341000171 ], [ 90.819137573000091, 25.163562774000127 ], [ 90.819236755000134, 25.163944244000106 ], [ 90.8191757190001, 25.164253236000093 ], [ 90.818748474000188, 25.165206909000176 ], [ 90.817131043000188, 25.164190293000104 ], [ 90.814407348000145, 25.162500382000189 ], [ 90.808967591000112, 25.165040971000167 ], [ 90.808792115000131, 25.165121079000187 ], [ 90.808586121000189, 25.16521835400016 ], [ 90.808517455000185, 25.165250778000029 ], [ 90.808319091000101, 25.165357590000156 ], [ 90.807792663000043, 25.165504455000132 ], [ 90.807693481, 25.165571213000135 ], [ 90.807510375000163, 25.165586471000154 ], [ 90.807106019000116, 25.165826798000069 ], [ 90.806915282000034, 25.165826798000069 ], [ 90.806617736000078, 25.165885925000055 ], [ 90.806236268000134, 25.166011810999976 ], [ 90.805831909000176, 25.166053773000101 ], [ 90.805297852000137, 25.166383744000143 ], [ 90.805015563000154, 25.16640090900006 ], [ 90.804870606000122, 25.166461945000094 ], [ 90.80477142400008, 25.166734695000116 ], [ 90.804672242000095, 25.166824342000155 ], [ 90.804679870000143, 25.166923524000026 ], [ 90.804718017000198, 25.167232513000101 ], [ 90.804504394000048, 25.167428970000117 ], [ 90.804405212000177, 25.167301179000106 ], [ 90.804183959000056, 25.167505264 ], [ 90.803947448000145, 25.168109894000111 ], [ 90.804061889000081, 25.169685363000042 ], [ 90.804443359000061, 25.171024323000154 ], [ 90.804504394000048, 25.171129226 ], [ 90.804626465000126, 25.171396256000094 ], [ 90.804435731000126, 25.171800613000073 ], [ 90.804397582000092, 25.17187881600006 ], [ 90.804450989000145, 25.171970368000189 ], [ 90.804237367000042, 25.172029496000107 ], [ 90.803123475000064, 25.173252106000177 ], [ 90.8030624390002, 25.173175812000068 ], [ 90.802734374000124, 25.172969816999966 ], [ 90.802635192000082, 25.172849656000096 ], [ 90.802146911000136, 25.173051834000091 ], [ 90.80168914800015, 25.173187255000016 ], [ 90.801467895000087, 25.173284532000025 ], [ 90.80116272000015, 25.173362732999976 ], [ 90.801040649000072, 25.173408508000136 ], [ 90.800323486000138, 25.173599244000116 ], [ 90.800140380000073, 25.173694611000087 ], [ 90.799926757000094, 25.173906326000122 ], [ 90.799545287000171, 25.174102783000137 ], [ 90.798843384000065, 25.174373628000069 ], [ 90.798675536000019, 25.174476623000146 ], [ 90.798393250000117, 25.174722672000144 ], [ 90.797584533000077, 25.175422669000056 ], [ 90.797454834000121, 25.175601960000108 ], [ 90.797012328000108, 25.175983429000098 ], [ 90.796546936000141, 25.176639557000044 ], [ 90.796272278000117, 25.176971435000155 ], [ 90.796203613000046, 25.176998139000034 ], [ 90.795936585000163, 25.177303315000074 ], [ 90.795890808000195, 25.177381516000082 ], [ 90.795814515000188, 25.177629471000046 ], [ 90.795707702000129, 25.177799226000161 ], [ 90.795608520000087, 25.178075791000026 ], [ 90.795608520000087, 25.17819023200019 ], [ 90.795341492000034, 25.178535461000081 ], [ 90.795234680000078, 25.179145814000037 ], [ 90.795043946000135, 25.18023681700015 ], [ 90.79489135700004, 25.181291580000106 ], [ 90.79464721700009, 25.181379318999973 ], [ 90.793861388000153, 25.181221009000069 ], [ 90.793701173000102, 25.180917740000098 ], [ 90.792686463, 25.180326462000039 ], [ 90.792350770000041, 25.180393220000042 ], [ 90.792266846000189, 25.180606843000191 ], [ 90.791908264000199, 25.180572511000037 ], [ 90.791496277000135, 25.180423737000183 ], [ 90.789833069000167, 25.17980384800012 ], [ 90.789047240000059, 25.179727554000181 ], [ 90.788223266000102, 25.179344178000122 ], [ 90.7879028320001, 25.17925834700003 ], [ 90.787239075000116, 25.178831102000117 ], [ 90.787139893000074, 25.178878784000119 ], [ 90.786949157000151, 25.178920746000074 ], [ 90.786682129000042, 25.179140091000193 ], [ 90.786575317000086, 25.179233551000095 ], [ 90.785461427000143, 25.179115295000088 ], [ 90.785430908000194, 25.179004670000097 ], [ 90.785255432000042, 25.178922654000019 ], [ 90.784912109000174, 25.17922782800008 ], [ 90.784744263000107, 25.17925453200013 ], [ 90.784431458000086, 25.179626464000023 ], [ 90.784286499000075, 25.179677964000177 ], [ 90.784126282000045, 25.179636002000109 ], [ 90.784072877000199, 25.179584502000068 ], [ 90.783988953000176, 25.179513931000031 ], [ 90.783927918000188, 25.179452896000043 ], [ 90.783897399000068, 25.179574967000121 ], [ 90.783889771000133, 25.179885864000141 ], [ 90.784042358000022, 25.180046081000171 ], [ 90.784118652000132, 25.180234910000081 ], [ 90.784210206000068, 25.180452348000131 ], [ 90.784088135, 25.180711747000032 ], [ 90.784042358000022, 25.180891038000027 ], [ 90.784095763000096, 25.181423188000167 ], [ 90.783828735000043, 25.181243897000172 ], [ 90.783676148000097, 25.181247712000015 ], [ 90.783531189000144, 25.181249618000038 ], [ 90.783042908000141, 25.181100846000163 ], [ 90.783004762000189, 25.180944443000101 ], [ 90.782669068000132, 25.180418014000111 ], [ 90.782585144999985, 25.180381775000058 ], [ 90.78239440800013, 25.180414201000076 ], [ 90.782211304000043, 25.180492402000084 ], [ 90.782142639000142, 25.180599212 ], [ 90.781959533000133, 25.18061256500016 ], [ 90.781768799000133, 25.180656433000024 ], [ 90.781669617000091, 25.180730821000168 ], [ 90.781501769000045, 25.180814742999985 ], [ 90.781425476000038, 25.181034088000104 ], [ 90.781517029000099, 25.181264878000036 ], [ 90.781669617000091, 25.181493759000034 ], [ 90.78119659500004, 25.181182862000185 ], [ 90.778541565000126, 25.179779054 ], [ 90.774459839000087, 25.179000855000027 ], [ 90.771972657000163, 25.177881240000033 ], [ 90.769706726000152, 25.176860810000164 ], [ 90.767242431000113, 25.173900603999982 ], [ 90.765235902000086, 25.171899795000115 ], [ 90.763938904000042, 25.16999244800013 ], [ 90.765373231000183, 25.16837120200006 ], [ 90.765861511000082, 25.167810440000039 ], [ 90.764495850000117, 25.166240692000031 ], [ 90.762908935000041, 25.166450502000146 ], [ 90.758964538000043, 25.166971206000085 ], [ 90.757972717000143, 25.167102815000192 ], [ 90.754730224000184, 25.164710998000089 ], [ 90.754463197, 25.164510728000039 ], [ 90.751007080000136, 25.164060592000112 ], [ 90.750297547000173, 25.164720536000175 ], [ 90.74878692600015, 25.16610908600012 ], [ 90.748382569000171, 25.165485382000043 ], [ 90.748031616000162, 25.164882661000036 ], [ 90.747566224000195, 25.164123535000101 ], [ 90.74738311800013, 25.164209367000069 ], [ 90.746994019, 25.164419174000102 ], [ 90.745483399000079, 25.165233612000179 ], [ 90.745101928000054, 25.165435792000039 ], [ 90.745010376000096, 25.165477753000062 ], [ 90.744743347000167, 25.165603637000174 ], [ 90.74307251, 25.165819167000052 ], [ 90.742088317000196, 25.165988923000043 ], [ 90.742004394999981, 25.166002273000117 ], [ 90.741783143000191, 25.166915894000113 ], [ 90.741729735000035, 25.166994095000121 ], [ 90.741767884000069, 25.167100907000076 ], [ 90.741569520000155, 25.167348861000164 ], [ 90.741531371000121, 25.167749405000052 ], [ 90.741806031000124, 25.16831398100004 ], [ 90.741859436000198, 25.168395996000186 ], [ 90.741897583000025, 25.168598175000113 ], [ 90.742019654000103, 25.169126510000069 ], [ 90.742195130000084, 25.169652939000173 ], [ 90.742294312000126, 25.169960021000179 ], [ 90.74230194200004, 25.17007637100005 ], [ 90.741973877000135, 25.170171738000192 ], [ 90.741973877000135, 25.170257568000181 ], [ 90.741806031000124, 25.170349122000118 ], [ 90.741363525999986, 25.170301437000035 ], [ 90.741462708000199, 25.170112611000036 ], [ 90.741371156000127, 25.170057296000152 ], [ 90.741226197000117, 25.170137405000105 ], [ 90.740699767000081, 25.169404983000106 ], [ 90.740730286000201, 25.169233322000025 ], [ 90.740615845000036, 25.169172287000038 ], [ 90.739852905000134, 25.169385909000084 ], [ 90.739738464000197, 25.16886329700003 ], [ 90.739685059000124, 25.168519974000162 ], [ 90.7396011350001, 25.168266297 ], [ 90.739501953000058, 25.167905807000011 ], [ 90.739440918000071, 25.167350769000109 ], [ 90.739471435000041, 25.167224885000167 ], [ 90.739593505000187, 25.167198182 ], [ 90.739784241000166, 25.167156220000095 ], [ 90.739723206000178, 25.166919709000183 ], [ 90.739593505000187, 25.166774750000172 ], [ 90.73937225300017, 25.166765214000065 ], [ 90.739196777000075, 25.166595459000177 ], [ 90.739120483000136, 25.166599274000191 ], [ 90.739120483000136, 25.166696548000061 ], [ 90.73825073200004, 25.166713714000082 ], [ 90.736480712000116, 25.16684913600011 ], [ 90.735839844000054, 25.166854858000193 ], [ 90.735351562000119, 25.166854858000193 ], [ 90.735122681000121, 25.166921616000025 ], [ 90.734169006000172, 25.16694450500006 ], [ 90.734214783000141, 25.16610908600012 ], [ 90.734375000000171, 25.166027069 ], [ 90.734558106, 25.165935517000094 ], [ 90.734634400000118, 25.165802002000135 ], [ 90.734550476000095, 25.165569305000133 ], [ 90.734558106, 25.165481569000178 ], [ 90.734611512000185, 25.16537857100019 ], [ 90.734237672000177, 25.165332794000051 ], [ 90.73410034300008, 25.16531562800003 ], [ 90.733673095000086, 25.165336609000065 ], [ 90.733535766000159, 25.165306091000048 ], [ 90.733390807000148, 25.165342332000137 ], [ 90.733169556000064, 25.165273667 ], [ 90.733093261000079, 25.164926530000173 ], [ 90.733314514000142, 25.164896011000053 ], [ 90.733268739000039, 25.164754867000113 ], [ 90.73392486500012, 25.164569856000128 ], [ 90.733825683000077, 25.164215087 ], [ 90.733627320000096, 25.164245606000122 ], [ 90.733604432000163, 25.164117813000132 ], [ 90.733596802000079, 25.163772584000071 ], [ 90.733581543000128, 25.163471222 ], [ 90.733512878000056, 25.163150787000063 ], [ 90.733497620000037, 25.162935257000186 ], [ 90.733314514000142, 25.162540436000086 ], [ 90.733139038000047, 25.162511825000138 ], [ 90.733139038000047, 25.162120819000108 ], [ 90.733390807000148, 25.162059784000121 ], [ 90.733604432000163, 25.162031174000049 ], [ 90.734077454000044, 25.161968232 ], [ 90.734107971000185, 25.162143707000041 ], [ 90.734397888999979, 25.162034990000052 ], [ 90.73442840600012, 25.162313461000053 ], [ 90.734664917000089, 25.162427903000093 ], [ 90.734771729000045, 25.162958146000051 ], [ 90.735427857000161, 25.163234711000086 ], [ 90.736106872000107, 25.163600921000182 ], [ 90.736236573000099, 25.163700103000053 ], [ 90.736122132000105, 25.163850785000079 ], [ 90.736457825000116, 25.164123535000101 ], [ 90.736587524000072, 25.164167405000171 ], [ 90.736595154000156, 25.164272309000125 ], [ 90.736808777000192, 25.164314269000045 ], [ 90.737388612000075, 25.164329530000145 ], [ 90.737678528000117, 25.164426804000016 ], [ 90.737838745000147, 25.164419174000102 ], [ 90.738372803000061, 25.16432762200003 ], [ 90.738594056000181, 25.163871766000113 ], [ 90.738716126000156, 25.16380691500018 ], [ 90.738861083000188, 25.163635255000031 ], [ 90.739135741000155, 25.163444519000052 ], [ 90.739311219000115, 25.163354874000163 ], [ 90.73931884700005, 25.163228988000071 ], [ 90.739585877000081, 25.163120271000025 ], [ 90.739883424000084, 25.162651061000133 ], [ 90.739982606000126, 25.162570953000056 ], [ 90.740089416000103, 25.162517548000153 ], [ 90.740127563000158, 25.162387849000027 ], [ 90.740234375000114, 25.162265778000119 ], [ 90.740348816000051, 25.162187577000111 ], [ 90.742897035000169, 25.161800384000173 ], [ 90.745849609000174, 25.160379410000189 ], [ 90.746406555000078, 25.158700944000032 ], [ 90.745346069999982, 25.156610488000069 ], [ 90.742179871000133, 25.156778336000116 ], [ 90.739280701000041, 25.154430389000083 ], [ 90.738616944000114, 25.154512405000105 ], [ 90.736457825000116, 25.155420303000085 ], [ 90.734313965000183, 25.157394410000109 ], [ 90.734237672000177, 25.15714454600004 ], [ 90.734199525000122, 25.157077790000187 ], [ 90.734077454000044, 25.156814575000169 ], [ 90.733596802000079, 25.155828476000067 ], [ 90.733192443000121, 25.155014038000161 ], [ 90.732284545000141, 25.155094147000113 ], [ 90.732093811000141, 25.155097962000184 ], [ 90.731864928000107, 25.15510368300005 ], [ 90.731834412000069, 25.155406952000135 ], [ 90.731842041999982, 25.155551911000146 ], [ 90.731842041999982, 25.155710221000106 ], [ 90.731826781000052, 25.155958175000023 ], [ 90.731773376000035, 25.156194686000163 ], [ 90.731559754000102, 25.156589507000035 ], [ 90.731384278000121, 25.156883241000173 ], [ 90.731239319000167, 25.15712165900004 ], [ 90.731346131000123, 25.157281877000116 ], [ 90.731391906000056, 25.157480239 ], [ 90.731170655000142, 25.157506943000101 ], [ 90.73110199000007, 25.157537461000118 ], [ 90.730468750000057, 25.157577516000174 ], [ 90.730377198000156, 25.157674790000044 ], [ 90.730117798000151, 25.157842636000055 ], [ 90.72984314100006, 25.157505035000099 ], [ 90.729858399000079, 25.157341005000035 ], [ 90.729629516000102, 25.157341005000035 ], [ 90.729476929000157, 25.157373429000074 ], [ 90.728813172000059, 25.15733528200019 ], [ 90.728660583000135, 25.157251358000167 ], [ 90.728553773000158, 25.157321929000091 ], [ 90.728469849000135, 25.157413483000028 ], [ 90.728179933000149, 25.15769767900008 ], [ 90.728004455000189, 25.157484054000065 ], [ 90.727920532999974, 25.157365799000161 ], [ 90.727241516000049, 25.157754899000167 ], [ 90.727165223000043, 25.157794953000121 ], [ 90.726882935000106, 25.157922745000064 ], [ 90.726783752000188, 25.158044815000039 ], [ 90.726654054000107, 25.158130647000178 ], [ 90.726570130000084, 25.158189774 ], [ 90.726516725000181, 25.158569335000095 ], [ 90.726554871000133, 25.158746720000067 ], [ 90.726623535000158, 25.159019471000192 ], [ 90.726562500000171, 25.159078599000111 ], [ 90.726356507000105, 25.159189224000102 ], [ 90.726226806000113, 25.159275055000023 ], [ 90.726119996000136, 25.159347534000062 ], [ 90.726066589000084, 25.159399034000046 ], [ 90.725997925000058, 25.159671784000068 ], [ 90.725776673000041, 25.160429002 ], [ 90.725677490000123, 25.160467149000056 ], [ 90.725608825000052, 25.160604478000153 ], [ 90.725540162000129, 25.160743714000148 ], [ 90.725563050000062, 25.160932541000022 ], [ 90.725852966000048, 25.161066055000049 ], [ 90.725990295000145, 25.161291122000137 ], [ 90.725997925000058, 25.161367416000019 ], [ 90.726066589000084, 25.161468506000062 ], [ 90.726097108000033, 25.161579133000032 ], [ 90.726104736000138, 25.161756517000185 ], [ 90.725990295000145, 25.162054063000085 ], [ 90.725875855000083, 25.162294387000088 ], [ 90.724617004000152, 25.163345336000077 ], [ 90.724533082000107, 25.163290024000105 ], [ 90.724411011000029, 25.163375855000027 ], [ 90.724258424000141, 25.163639070000045 ], [ 90.723991394000052, 25.163614274000111 ], [ 90.724052429000039, 25.163812638000024 ], [ 90.723937989000149, 25.163888932000134 ], [ 90.723724364000191, 25.164033891000145 ], [ 90.723144532000163, 25.164505005000024 ], [ 90.722770692000154, 25.164625169000033 ], [ 90.722007751000149, 25.164821625000116 ], [ 90.721321106000119, 25.164226532000157 ], [ 90.721160889000089, 25.164133073000187 ], [ 90.720680236000192, 25.16400909500004 ], [ 90.720413209000185, 25.163967133000085 ], [ 90.720191956000122, 25.163919448000172 ], [ 90.719696045000035, 25.163927078000086 ], [ 90.718284607000101, 25.163869858000169 ], [ 90.718193055000199, 25.163816453000095 ], [ 90.717674255000077, 25.163827896000043 ], [ 90.717567443000121, 25.163864136000029 ], [ 90.717430114000194, 25.163984299000106 ], [ 90.717376709000121, 25.164136886000051 ], [ 90.717063904000099, 25.164699555000141 ], [ 90.716629029000103, 25.164850234000085 ], [ 90.716072083000199, 25.165586471000154 ], [ 90.715972901000157, 25.16572380000008 ], [ 90.715789795000092, 25.165885925000055 ], [ 90.715766906000056, 25.165992738000114 ], [ 90.715744018000123, 25.16612625200014 ], [ 90.714706421000187, 25.167661666000186 ], [ 90.713539124000135, 25.167867661000059 ], [ 90.71307373000019, 25.167926788000102 ], [ 90.7127151480002, 25.167963028000088 ], [ 90.710334777000128, 25.168184280000048 ], [ 90.709922790000064, 25.168210984000154 ], [ 90.709381103999988, 25.167966843000102 ], [ 90.709121705000143, 25.167776109000158 ], [ 90.70867919900013, 25.16730880700004 ], [ 90.708564759000069, 25.167222978000098 ], [ 90.708000182000148, 25.166660309000179 ], [ 90.70777130100015, 25.166166306000093 ], [ 90.707572937000066, 25.165582656000083 ], [ 90.707496643000127, 25.165267944000163 ], [ 90.707496643000127, 25.165037155000164 ], [ 90.707725524000182, 25.164325715000132 ], [ 90.707748413, 25.16410255400001 ], [ 90.707801818000064, 25.163530350000144 ], [ 90.707611084000121, 25.163534165000158 ], [ 90.707145692000154, 25.163448334000066 ], [ 90.706550599000195, 25.163307190000126 ], [ 90.706382751000149, 25.16287994400011 ], [ 90.706703186000141, 25.162380219000056 ], [ 90.706855774000132, 25.162101746000019 ], [ 90.706657409000172, 25.161783218000153 ], [ 90.706504822000056, 25.161212921000129 ], [ 90.705978393000123, 25.16137504600016 ], [ 90.705329895000091, 25.161405563000073 ], [ 90.703811646000133, 25.161788941000168 ], [ 90.703407287000175, 25.161895753000124 ], [ 90.702697753999985, 25.162082672000054 ], [ 90.702316284000062, 25.162183762000097 ], [ 90.701728821000017, 25.162784577000139 ], [ 90.70182800300006, 25.163335801000073 ], [ 90.701713562000123, 25.163999557000125 ], [ 90.70166778600003, 25.164274215000091 ], [ 90.70059204000006, 25.164934158000108 ], [ 90.700202941999976, 25.163595200000145 ], [ 90.700569154000107, 25.162874222000028 ], [ 90.70047760000017, 25.162706376000131 ], [ 90.699996947000102, 25.161897659000147 ], [ 90.699592591000055, 25.161682128000166 ], [ 90.699241639000149, 25.161312103000171 ], [ 90.699470520000148, 25.160978318000161 ], [ 90.69949340800008, 25.160802842000066 ], [ 90.699440003000177, 25.160318374000099 ], [ 90.69934844900007, 25.160329820000186 ], [ 90.699310303000118, 25.160154342000055 ], [ 90.699531555000135, 25.160232545000042 ], [ 90.699836732000051, 25.160032273000127 ], [ 90.699859618000175, 25.159954072000176 ], [ 90.699783325000169, 25.159780502 ], [ 90.699882507000041, 25.159818649000044 ], [ 90.699974061000148, 25.159852982000132 ], [ 90.700111390000075, 25.159849167000118 ], [ 90.700523377000138, 25.159460069000033 ], [ 90.700447083000199, 25.159366607000152 ], [ 90.699951172000112, 25.15877533000014 ], [ 90.699844360000156, 25.158645631000184 ], [ 90.699638368000194, 25.157974244000116 ], [ 90.69940948500016, 25.157407761000059 ], [ 90.698951721000128, 25.156953812000097 ], [ 90.69850158700018, 25.156854630000055 ], [ 90.698013306000178, 25.156953812000097 ], [ 90.696594237999989, 25.157863617000146 ], [ 90.695602416000042, 25.158594130999973 ], [ 90.695426941000164, 25.158725740000136 ], [ 90.695198060000109, 25.15871238699998 ], [ 90.695137024000076, 25.158826827000041 ], [ 90.694999695000149, 25.159297944000059 ], [ 90.694992065000065, 25.159765243999971 ], [ 90.695014954000101, 25.159955978000141 ], [ 90.694984435000151, 25.160139084000036 ], [ 90.694152831000054, 25.160398483000051 ], [ 90.693077088000166, 25.160686494000174 ], [ 90.692817688000162, 25.160667420000038 ], [ 90.69256591900006, 25.160673141000075 ], [ 90.692481995000037, 25.160654068000156 ], [ 90.692115783000077, 25.160800934000065 ], [ 90.691978454000036, 25.160871505000102 ], [ 90.691772462000188, 25.160976409999989 ], [ 90.691696168000135, 25.161014557000044 ], [ 90.691757201000087, 25.161384582000039 ], [ 90.691696168000135, 25.161550522000084 ], [ 90.691764831, 25.161813737000102 ], [ 90.691749572999981, 25.161922455000024 ], [ 90.691413880000198, 25.162662507000164 ], [ 90.691116333000195, 25.16331863500011 ], [ 90.690963744000101, 25.16365051300005 ], [ 90.689849854000101, 25.164270402000056 ], [ 90.688308717000041, 25.163955690000137 ], [ 90.688140869, 25.164064407000183 ], [ 90.687911988000167, 25.164216995000174 ], [ 90.687530518000074, 25.164463044 ], [ 90.686805724000124, 25.164934158000108 ], [ 90.686698913999976, 25.164808275000098 ], [ 90.686492919000102, 25.164642334000121 ], [ 90.686134338000159, 25.164325715000132 ], [ 90.685447693000128, 25.163730622000173 ], [ 90.685142515999985, 25.163513184000124 ], [ 90.68411254800003, 25.163408279000066 ], [ 90.683799743000179, 25.163347244000079 ], [ 90.683654786000034, 25.163343429000179 ], [ 90.68345642200012, 25.16341209400008 ], [ 90.683158875000117, 25.163564682000128 ], [ 90.682739258000083, 25.163782119000075 ], [ 90.682189940000114, 25.164396286000169 ], [ 90.682083130000194, 25.164377212000034 ], [ 90.681968690000133, 25.164659500000084 ], [ 90.681831361000036, 25.164930343000037 ], [ 90.681800842000087, 25.165597917000014 ], [ 90.681846619000055, 25.165824890000067 ], [ 90.681724547999977, 25.166072846000191 ], [ 90.68136596700009, 25.167316437000125 ], [ 90.681289673000151, 25.167575837000072 ], [ 90.681091309000067, 25.167779922000022 ], [ 90.68117523300009, 25.167945862000067 ], [ 90.68115997200016, 25.16805839500006 ], [ 90.681098939000037, 25.168140411000081 ], [ 90.680984496000065, 25.168182372999979 ], [ 90.680664063000108, 25.168298721000042 ], [ 90.68045806900011, 25.168443680000053 ], [ 90.680503846000079, 25.168596267000169 ], [ 90.680496216000165, 25.168668748000186 ], [ 90.680442811000091, 25.168811798000149 ], [ 90.680480958000146, 25.169109344000049 ], [ 90.680465699000194, 25.169317246000048 ], [ 90.680427550000161, 25.169427871000039 ], [ 90.680557251000153, 25.169544219000045 ], [ 90.680641175000176, 25.16939926200007 ], [ 90.680870056000174, 25.169424056000139 ], [ 90.6810073850001, 25.169664382000121 ], [ 90.681694032000109, 25.169729233000112 ], [ 90.681961060000049, 25.169889450000142 ], [ 90.682350158000077, 25.170234681000181 ], [ 90.683471680000139, 25.170814514000085 ], [ 90.68397521900016, 25.171209335000185 ], [ 90.684623719000172, 25.171714783000084 ], [ 90.685432435000109, 25.17234802300004 ], [ 90.685493470000097, 25.172569276000161 ], [ 90.685493470000097, 25.174091340000132 ], [ 90.68568420400004, 25.174230576000127 ], [ 90.68584442100007, 25.174287796000044 ], [ 90.686035156000116, 25.174394609000103 ], [ 90.685852052000087, 25.17448425300006 ], [ 90.685630799000194, 25.174587250000172 ], [ 90.685455323000042, 25.174631120000072 ], [ 90.684478760000161, 25.174108506000152 ], [ 90.684402466000051, 25.174247742000148 ], [ 90.68400573800011, 25.174005508000164 ], [ 90.684028626000043, 25.173908234000123 ], [ 90.683547974000078, 25.173738481000157 ], [ 90.683090209999989, 25.173576356000183 ], [ 90.682914734000065, 25.173591614000031 ], [ 90.682304383000087, 25.173311233000163 ], [ 90.681900024000129, 25.172735214000056 ], [ 90.681541442000139, 25.172330857000077 ], [ 90.681243896000183, 25.172264099000017 ], [ 90.680938721000075, 25.172246933000054 ], [ 90.680587768000066, 25.172515869000108 ], [ 90.680473327000129, 25.17250824000007 ], [ 90.680397034000123, 25.172487259000036 ], [ 90.680152892000137, 25.172388077000164 ], [ 90.679573060000166, 25.172262192000176 ], [ 90.679534913000111, 25.172716140000034 ], [ 90.679222106000054, 25.172603608000145 ], [ 90.679008484000178, 25.172430039000119 ], [ 90.67891693200005, 25.172286988000053 ], [ 90.678710937000119, 25.17233467200009 ], [ 90.678680421000081, 25.172479629000122 ], [ 90.678726196000071, 25.172708512000156 ], [ 90.678504945000157, 25.172685624 ], [ 90.678352356000062, 25.172382355000082 ], [ 90.677970885000036, 25.172395706000032 ], [ 90.677825928000175, 25.172437667 ], [ 90.677680969000164, 25.172533036000175 ], [ 90.677604675000111, 25.172546387000125 ], [ 90.677467346000185, 25.172546387000125 ], [ 90.677207947000113, 25.172595977000128 ], [ 90.677139281000109, 25.172496795000086 ], [ 90.677093506000176, 25.172416686000133 ], [ 90.676856995000037, 25.172479629000122 ], [ 90.676879884000073, 25.172782898000094 ], [ 90.676651001000039, 25.172964097000033 ], [ 90.675361633000136, 25.173103333000029 ], [ 90.675224304000039, 25.172626496000078 ], [ 90.675079345000199, 25.172599792000028 ], [ 90.675003051000147, 25.172624588000133 ], [ 90.674545287000058, 25.172761917 ], [ 90.674812317000146, 25.173381806000066 ], [ 90.674873352000134, 25.173543929000061 ], [ 90.67486572200005, 25.173803329 ], [ 90.674827575000165, 25.174058913000067 ], [ 90.674812317000146, 25.174249650000093 ], [ 90.674911499000189, 25.174430848000156 ], [ 90.675231934000124, 25.174797058000081 ], [ 90.675422668000124, 25.175012588000186 ], [ 90.675689697999985, 25.175220490000129 ], [ 90.676139832000104, 25.175651550000111 ], [ 90.676200867000091, 25.17575836300017 ], [ 90.676269531000116, 25.175922393000064 ], [ 90.676300049000133, 25.17607307500009 ], [ 90.676307677000068, 25.176307679000104 ], [ 90.676147462000017, 25.176399231000062 ], [ 90.676010131000112, 25.176437377000184 ], [ 90.675598144000048, 25.176513673000102 ], [ 90.675239562000058, 25.176549911999984 ], [ 90.674552917000199, 25.176666260000047 ], [ 90.674339295000095, 25.176486969000052 ], [ 90.674285890000192, 25.176132203000179 ], [ 90.674278259000175, 25.176042556000141 ], [ 90.674049377000074, 25.175561906000155 ], [ 90.673789979000105, 25.175281525000116 ], [ 90.673515319000103, 25.174613952000072 ], [ 90.673263550000172, 25.173936845000071 ], [ 90.673034669000174, 25.173439027000086 ], [ 90.672744750000049, 25.172985078000124 ], [ 90.672546386000135, 25.172435760000099 ], [ 90.672355652000192, 25.172319412000093 ], [ 90.672241211000028, 25.172302246000072 ], [ 90.672111511000139, 25.172094346000108 ], [ 90.67218017600004, 25.171962738000047 ], [ 90.672271728000169, 25.171760560000052 ], [ 90.672309875000053, 25.17098426900003 ], [ 90.672317505000137, 25.170867920999967 ], [ 90.672279358000083, 25.170568467000066 ], [ 90.672241211000028, 25.170360565000124 ], [ 90.672195434000059, 25.170192719000056 ], [ 90.672126771000194, 25.169902801000092 ], [ 90.672080994, 25.169836045000068 ], [ 90.672019959000011, 25.169754028999989 ], [ 90.67189788800016, 25.169664382000121 ], [ 90.671806336000031, 25.169584274000101 ], [ 90.671783448000099, 25.169448852000073 ], [ 90.671752929000149, 25.169162751000101 ], [ 90.671745301000044, 25.168846131 ], [ 90.671638487999985, 25.168754577000072 ], [ 90.67151641800001, 25.168750762000059 ], [ 90.671066284000062, 25.168972015000122 ], [ 90.670982360000096, 25.169013977000077 ], [ 90.67082977300015, 25.169067382000151 ], [ 90.670654297, 25.169063569000059 ], [ 90.670555115000184, 25.168996811000056 ], [ 90.670448303, 25.16890907200019 ], [ 90.67024993800004, 25.168638229000067 ], [ 90.670196533000137, 25.168519974000162 ], [ 90.670188903000053, 25.168279648000123 ], [ 90.670242310000106, 25.168046952000054 ], [ 90.670310974000131, 25.167907715000183 ], [ 90.670349121000186, 25.167732239000088 ], [ 90.670043946000078, 25.167549133000023 ], [ 90.670005799000194, 25.167444229000012 ], [ 90.670036316000107, 25.167171478000114 ], [ 90.669967652000139, 25.166877747000058 ], [ 90.669937134000122, 25.166524888000083 ], [ 90.669876098000032, 25.166425705000165 ], [ 90.669761658000141, 25.166309357000102 ], [ 90.669654846000185, 25.166275024000186 ], [ 90.669563294000056, 25.166276931000084 ], [ 90.669441223000035, 25.166351319 ], [ 90.669380188000048, 25.166442871000129 ], [ 90.669311524000193, 25.166542053000171 ], [ 90.669166565000182, 25.166841507000072 ], [ 90.669105530000195, 25.166912079000042 ], [ 90.669029236000142, 25.16693305900003 ], [ 90.668914796000081, 25.166864396000108 ], [ 90.668815613000106, 25.166770934 ], [ 90.668601989000194, 25.166566849999981 ], [ 90.668487548000087, 25.166545869000117 ], [ 90.668403626000043, 25.166536331000032 ], [ 90.668304444000171, 25.166532516000188 ], [ 90.667839050000055, 25.166271211000151 ], [ 90.667678833000195, 25.166080475000172 ], [ 90.667343140000071, 25.166196823 ], [ 90.667289734000065, 25.166381836000141 ], [ 90.66709136999998, 25.166553497000052 ], [ 90.666717530000142, 25.166320801000154 ], [ 90.666145326000048, 25.166051865000099 ], [ 90.665939331000175, 25.165956498000128 ], [ 90.665924073000156, 25.166172028 ], [ 90.665885926000101, 25.166284561000168 ], [ 90.665855407000151, 25.166463852 ], [ 90.665763855000193, 25.166673660000129 ], [ 90.66574096700009, 25.16679191500009 ], [ 90.665748597000174, 25.167472840000187 ], [ 90.665679932000103, 25.167699815000049 ], [ 90.665626526000153, 25.167865753000115 ], [ 90.66609954900008, 25.167907715000183 ], [ 90.66593170100009, 25.169172287000038 ], [ 90.66622924700016, 25.169176102000051 ], [ 90.666473389000146, 25.169181825000123 ], [ 90.666481019000059, 25.169666290000123 ], [ 90.66629028300008, 25.169786453000029 ], [ 90.665618896000012, 25.169824600000084 ], [ 90.665710448000141, 25.170331956000155 ], [ 90.665786744000059, 25.170614242000056 ], [ 90.666023255000198, 25.170633315000089 ], [ 90.666046144, 25.170801163000135 ], [ 90.665809630000183, 25.17084312500009 ], [ 90.665664672999981, 25.170881272000088 ], [ 90.665634155000134, 25.171194077000166 ], [ 90.665626526000153, 25.171310425000172 ], [ 90.665489197000056, 25.171333313000105 ], [ 90.665550233000147, 25.171482087000186 ], [ 90.665496826000037, 25.171590805000108 ], [ 90.665634155000134, 25.171649933000026 ], [ 90.665634155000134, 25.172039031000054 ], [ 90.665443420000088, 25.172103882000044 ], [ 90.665397644, 25.172275544000172 ], [ 90.665214540000136, 25.172336578000113 ], [ 90.664772034000123, 25.172569276000161 ], [ 90.664710999000135, 25.172634124000183 ], [ 90.664550781, 25.172679901000151 ], [ 90.664344787000061, 25.17276954800019 ], [ 90.663932800000168, 25.172948838000138 ], [ 90.663757324000187, 25.173042298000041 ], [ 90.66404724, 25.173702239000193 ], [ 90.664154053000061, 25.17373466500004 ], [ 90.664268493000122, 25.173973084000124 ], [ 90.664535522999984, 25.174205780000023 ], [ 90.664672852000081, 25.174551011000062 ], [ 90.664756776000104, 25.174854278000055 ], [ 90.665100097000163, 25.176406861000146 ], [ 90.665069580000079, 25.176563263000105 ], [ 90.664970398000037, 25.176816940000094 ], [ 90.664428711000028, 25.17690277100013 ], [ 90.663558960000103, 25.177579881000042 ], [ 90.663543701000037, 25.178499221000095 ], [ 90.663360595000142, 25.178974151000148 ], [ 90.663444519000166, 25.179655075000142 ], [ 90.663574218000122, 25.179660797999986 ], [ 90.663719177000132, 25.180015565000133 ], [ 90.663757324000187, 25.180099487000177 ], [ 90.664031981999983, 25.180326462000039 ], [ 90.664161683000145, 25.180494310000029 ], [ 90.66432952800011, 25.180852889000164 ], [ 90.664405822000049, 25.180664063000165 ], [ 90.664642333000131, 25.180438994999975 ], [ 90.664955140000188, 25.180706025000063 ], [ 90.665390015000185, 25.180883408000113 ], [ 90.665466309000124, 25.181095123000091 ], [ 90.665260315000126, 25.18112564200004 ], [ 90.665328980000197, 25.181289672000105 ], [ 90.665321350000113, 25.181369781000114 ], [ 90.665252686000088, 25.181575775000113 ], [ 90.66523742600009, 25.181739808000088 ], [ 90.665275573000145, 25.181894303000149 ], [ 90.665267945000039, 25.182064056000058 ], [ 90.665084839000144, 25.183158875000174 ], [ 90.66505432200006, 25.183343888000081 ], [ 90.665008545000092, 25.183753968000076 ], [ 90.664993287000073, 25.18401909 ], [ 90.664955140000188, 25.184295655000085 ], [ 90.664802551000093, 25.184669495000094 ], [ 90.664680480000186, 25.185188295000046 ], [ 90.664726257000154, 25.185455322000166 ], [ 90.664184571000078, 25.18549346900005 ], [ 90.663909911000133, 25.185474396000188 ], [ 90.663772582000036, 25.185464860000081 ], [ 90.663703919000113, 25.185428619 ], [ 90.663429261000147, 25.185331344000076 ], [ 90.663269043000184, 25.185436249000134 ], [ 90.662620543000173, 25.185401917000092 ], [ 90.660636903000182, 25.185810089000142 ], [ 90.658142091000173, 25.183649063000018 ], [ 90.65804290900013, 25.183454514000175 ], [ 90.657958985000164, 25.183565141000031 ], [ 90.657936096000128, 25.183738709000181 ], [ 90.657920838000109, 25.183895112000073 ], [ 90.657882691000054, 25.184051514000032 ], [ 90.657852172000105, 25.18412971500004 ], [ 90.657852172000105, 25.184225082000182 ], [ 90.657821656000067, 25.18444061200006 ], [ 90.657791137000117, 25.184589387000017 ], [ 90.657775879000098, 25.184730531000184 ], [ 90.65773010200013, 25.184883118000073 ], [ 90.657669066000039, 25.184986115000186 ], [ 90.65762329100005, 25.185096741000109 ], [ 90.657653808000191, 25.185461045000011 ], [ 90.657302857000047, 25.185586929000124 ], [ 90.657218933000195, 25.185665130000132 ], [ 90.656677247000118, 25.186212540000156 ], [ 90.655929565000065, 25.187105179000184 ], [ 90.655601502000195, 25.188438415000178 ], [ 90.654937743000119, 25.190275193000105 ], [ 90.65308380099998, 25.191923143000054 ], [ 90.651924134000069, 25.193307878000098 ], [ 90.650642395000148, 25.194988251000154 ], [ 90.649627685000041, 25.195245743000157 ], [ 90.647933960000159, 25.194353104000072 ], [ 90.647361756000066, 25.194377900000177 ], [ 90.647430419000102, 25.19392776400008 ], [ 90.64755249000018, 25.193912506000061 ], [ 90.647705079000104, 25.193967819000079 ], [ 90.647834778000117, 25.193931580000026 ], [ 90.647933960000159, 25.193925857000181 ], [ 90.648254395000095, 25.19381523200019 ], [ 90.648353577000137, 25.193836212000122 ], [ 90.648536682999975, 25.19372177200006 ], [ 90.648742676000097, 25.193601609000154 ], [ 90.648925781000059, 25.193475723000063 ], [ 90.649482727000134, 25.19306373600017 ], [ 90.650093079000158, 25.192409516000055 ], [ 90.650344848000145, 25.192193985000074 ], [ 90.650512696000135, 25.191972733000057 ], [ 90.65063476600011, 25.191755295000178 ], [ 90.65102386500007, 25.191133499000046 ], [ 90.651145935000045, 25.190948487000014 ], [ 90.651268006000123, 25.190801620000059 ], [ 90.651473999000189, 25.190502166000158 ], [ 90.651870727000187, 25.189783097000088 ], [ 90.651939393000191, 25.189687728000081 ], [ 90.652145385000154, 25.189340592000121 ], [ 90.652343749000067, 25.189006806000066 ], [ 90.652519225000162, 25.188783646000047 ], [ 90.652389526000036, 25.188724518000129 ], [ 90.652175904000103, 25.188621521000073 ], [ 90.651840210000046, 25.188587189000032 ], [ 90.651466370000037, 25.188365936000139 ], [ 90.651336670000148, 25.188228607000042 ], [ 90.651435852000134, 25.188068390000012 ], [ 90.651489257000037, 25.188009262000094 ], [ 90.651588439000079, 25.187944412000093 ], [ 90.652275086000145, 25.187545777000025 ], [ 90.652320861000135, 25.186986924000053 ], [ 90.651359558000081, 25.185216904000185 ], [ 90.651535034000176, 25.18480300900012 ], [ 90.651565553000125, 25.184555055000033 ], [ 90.651535034000176, 25.184358596000038 ], [ 90.651481629000102, 25.184251786000061 ], [ 90.651161194000167, 25.183544160000167 ], [ 90.651008606000175, 25.182758331000059 ], [ 90.65102386500007, 25.182571412000129 ], [ 90.651046753, 25.182340622000027 ], [ 90.651100158000077, 25.182174683000085 ], [ 90.651092530000199, 25.182090760000165 ], [ 90.65055084300019, 25.181795121000107 ], [ 90.650085449000073, 25.181529998000144 ], [ 90.649826049000126, 25.181377411000028 ], [ 90.649421692000146, 25.181106568000075 ], [ 90.649047852000081, 25.180835723000143 ], [ 90.648933412000076, 25.180788041000085 ], [ 90.648689270000091, 25.180732728000066 ], [ 90.648468018000074, 25.180700302000048 ], [ 90.648330689000034, 25.180688859000043 ], [ 90.647872925000172, 25.180835723000143 ], [ 90.647682191000172, 25.180311204000191 ], [ 90.647003174000019, 25.178510667000126 ], [ 90.648323058000187, 25.176799774000074 ], [ 90.648780822000049, 25.173339844000168 ], [ 90.64232635500008, 25.174591065000186 ], [ 90.639717102000077, 25.17328834500006 ], [ 90.6368789670002, 25.172178268000152 ], [ 90.633911133000083, 25.172430039000119 ], [ 90.63333129800003, 25.172470094000118 ], [ 90.627426147000165, 25.173000336000143 ], [ 90.627197266000167, 25.17290306100017 ], [ 90.627334595000036, 25.172599792000028 ], [ 90.626945496000133, 25.172315597000022 ], [ 90.62670135500008, 25.172378540000182 ], [ 90.626663208000195, 25.172681809000153 ], [ 90.625923156000056, 25.172370910999973 ], [ 90.624633788000153, 25.1741371170001 ], [ 90.623634339000148, 25.174114228000064 ], [ 90.622009278000064, 25.174108506000152 ], [ 90.622009278000064, 25.173980712000059 ], [ 90.621910096000192, 25.174022674000128 ], [ 90.621841430000018, 25.174217222999971 ], [ 90.621665954000093, 25.174047470000062 ], [ 90.62153625500008, 25.174146652000104 ], [ 90.621223451000162, 25.174379348000173 ], [ 90.621002198000042, 25.174371720000067 ], [ 90.620811462000063, 25.174339294000049 ], [ 90.620498657000041, 25.174409867000122 ], [ 90.620292665000079, 25.174308777000135 ], [ 90.620307923000098, 25.174221038000042 ], [ 90.620002746000125, 25.174070359000098 ], [ 90.619949341000051, 25.173835755000027 ], [ 90.619873047000169, 25.173616410000136 ], [ 90.61981964000006, 25.173349380000047 ], [ 90.61981964000006, 25.173231125000143 ], [ 90.619606018000184, 25.173126222000064 ], [ 90.619277955000143, 25.173212051000121 ], [ 90.619201661000034, 25.173198700000171 ], [ 90.618698120000033, 25.173027040000193 ], [ 90.618469238999978, 25.173688888000072 ], [ 90.618217468000012, 25.173507690000179 ], [ 90.618217468000012, 25.172674179000069 ], [ 90.618141174000129, 25.172695160000103 ], [ 90.617965698000148, 25.172748567000156 ], [ 90.617881774000125, 25.172775268000123 ], [ 90.617828369000108, 25.172836304000043 ], [ 90.617797851000034, 25.172904969000115 ], [ 90.616874695000035, 25.174243927000077 ], [ 90.616790771000012, 25.17438697900019 ], [ 90.616828918000067, 25.174610138999981 ], [ 90.616775513, 25.174741745000063 ], [ 90.616683961000092, 25.175374985000019 ], [ 90.616668700000162, 25.176013947000172 ], [ 90.616516113000046, 25.176010132000101 ], [ 90.616325379000045, 25.176078796000127 ], [ 90.616378784000119, 25.176366806000146 ], [ 90.616371156000014, 25.176462173000118 ], [ 90.616432189000193, 25.176771165000105 ], [ 90.6163635260001, 25.177040100000056 ], [ 90.616409303000069, 25.177345276999972 ], [ 90.616424561000088, 25.177471161000085 ], [ 90.616249085000163, 25.177391052000132 ], [ 90.61561584500015, 25.177551269000162 ], [ 90.615539550000165, 25.177545547000022 ], [ 90.615509033000194, 25.177474976000155 ], [ 90.615211487000124, 25.177080155000112 ], [ 90.614990234000174, 25.176528931000121 ], [ 90.614768981000054, 25.175910950000059 ], [ 90.614746095000157, 25.17570686300013 ], [ 90.614562989000092, 25.175497056000097 ], [ 90.614257812000176, 25.175054550000084 ], [ 90.614181518000066, 25.174797058000081 ], [ 90.614128113000163, 25.174390794000033 ], [ 90.614036559000056, 25.174205780000023 ], [ 90.613822937000123, 25.173818589000064 ], [ 90.613449097000114, 25.175191879000181 ], [ 90.613349914000196, 25.17530250599998 ], [ 90.609542846000124, 25.175252914000168 ], [ 90.604820252000195, 25.176090241000054 ], [ 90.604690551000033, 25.17607307500009 ], [ 90.604682923000098, 25.175889969000025 ], [ 90.604660035000165, 25.175798417000067 ], [ 90.604644776000043, 25.175708771000131 ], [ 90.604660035000165, 25.175588608000055 ], [ 90.604812622000054, 25.175214767000114 ], [ 90.604614258000197, 25.174793243000067 ], [ 90.604545594000172, 25.174999237000065 ], [ 90.604232787000171, 25.175443650000147 ], [ 90.604156494000165, 25.175439835000077 ], [ 90.604057312000123, 25.175037384000063 ], [ 90.603660583000078, 25.175071716000105 ], [ 90.603530884000065, 25.174856186 ], [ 90.603088379000155, 25.175062180000168 ], [ 90.603088379000155, 25.175151825000057 ], [ 90.602478027000075, 25.175334931000123 ], [ 90.602371215000119, 25.175170898000147 ], [ 90.602149962000055, 25.175193787000126 ], [ 90.601654054000051, 25.175138474000107 ], [ 90.601165771000069, 25.175134659000037 ], [ 90.6009292600001, 25.175233841000079 ], [ 90.600715637000121, 25.17536544900014 ], [ 90.600181580000083, 25.175477982000132 ], [ 90.600105286000144, 25.175493240000151 ], [ 90.599945069000114, 25.175500871000168 ], [ 90.599884033000023, 25.175640107000106 ], [ 90.599655150000046, 25.175725937000152 ], [ 90.599456786000133, 25.175840379000192 ], [ 90.59938812300004, 25.17617988500001 ], [ 90.59935760400009, 25.176540375000172 ], [ 90.599342346000071, 25.176649094000027 ], [ 90.599235535000048, 25.176643372000115 ], [ 90.599075318000189, 25.176610948000075 ], [ 90.598892212000123, 25.176561356000036 ], [ 90.598640443000193, 25.176580429000126 ], [ 90.598144532000106, 25.176761627000189 ], [ 90.597068787000183, 25.176631929000109 ], [ 90.594863891000159, 25.176357269000164 ], [ 90.593818664000082, 25.176258087000122 ], [ 90.593597412000065, 25.176193238000167 ], [ 90.593566895000151, 25.175767898000117 ], [ 90.593551637000132, 25.175422669000056 ], [ 90.59358215300017, 25.175312042000087 ], [ 90.593498229000147, 25.175273895000032 ], [ 90.59336090000005, 25.175292969000168 ], [ 90.592697144000056, 25.175550461000171 ], [ 90.592582704000165, 25.175737382000079 ], [ 90.592544555000131, 25.175811768000017 ], [ 90.592094421000184, 25.17592430100018 ], [ 90.591926575000116, 25.175935746000164 ], [ 90.591285706000122, 25.175947189000112 ], [ 90.59077453600014, 25.17579651 ], [ 90.590530395000087, 25.175722121000149 ], [ 90.59042358500011, 25.175662994000163 ], [ 90.590217590000066, 25.175579072000119 ], [ 90.589866639000036, 25.175355912000157 ], [ 90.589683533000198, 25.175262452000084 ], [ 90.589118956999982, 25.175308227000187 ], [ 90.589027405000081, 25.175567627000191 ], [ 90.588943481000058, 25.176052094 ], [ 90.588874817000033, 25.176187515000152 ], [ 90.588699341999984, 25.176513673000102 ], [ 90.588623046000066, 25.176643372000115 ], [ 90.587821961000145, 25.176626206000094 ], [ 90.587631227000031, 25.176368714000091 ], [ 90.587234498000157, 25.175785064000138 ], [ 90.587005615000123, 25.175296784000068 ], [ 90.586830139000142, 25.175216675000115 ], [ 90.58656310900011, 25.175325395000186 ], [ 90.586257935000049, 25.174644471000192 ], [ 90.586135864000198, 25.174472810000111 ], [ 90.58610534800016, 25.174211503000038 ], [ 90.586151123000093, 25.173898698000187 ], [ 90.586257935000049, 25.173843383000133 ], [ 90.58621215800008, 25.173599244000116 ], [ 90.58560180700016, 25.173631668000155 ], [ 90.585517883000136, 25.173831940000184 ], [ 90.585174561000144, 25.173889160000101 ], [ 90.58505249100017, 25.173894883000173 ], [ 90.584793091, 25.173906326000122 ], [ 90.584518433000198, 25.174150467000175 ], [ 90.584320069000114, 25.174118041000156 ], [ 90.584129333000135, 25.173746109000092 ], [ 90.583992004000095, 25.173702239000193 ], [ 90.583618164000029, 25.173738481000157 ], [ 90.583503723000092, 25.173610687000064 ], [ 90.583427430000086, 25.173482896000053 ], [ 90.583007813000108, 25.173501969000142 ], [ 90.583015443000193, 25.173868179000067 ], [ 90.582931519000169, 25.17394828800002 ], [ 90.582809448000091, 25.174058913000067 ], [ 90.58269500800003, 25.174924851000128 ], [ 90.582313538000108, 25.174835205000136 ], [ 90.582405090000066, 25.174358367000139 ], [ 90.582328796000127, 25.174036027000113 ], [ 90.582237244, 25.173921585000073 ], [ 90.58205413800016, 25.173677445000123 ], [ 90.581970214000137, 25.173789978000059 ], [ 90.581794738000156, 25.173973084000124 ], [ 90.581550599000138, 25.174167633000138 ], [ 90.581436157000098, 25.174545288000047 ], [ 90.581352235000054, 25.174665452000056 ], [ 90.581016540000064, 25.174650193000105 ], [ 90.581069947000174, 25.174270631000127 ], [ 90.581054688000052, 25.173858644000063 ], [ 90.580856324000138, 25.173900603999982 ], [ 90.580642700000055, 25.173936845000071 ], [ 90.580528259000118, 25.173973084000124 ], [ 90.580207824000126, 25.174070359000098 ], [ 90.580070495000086, 25.174076081000067 ], [ 90.578941345000089, 25.174873352000191 ], [ 90.578407287000118, 25.174455642000112 ], [ 90.578147888000046, 25.17412567100007 ], [ 90.577896118000183, 25.173688888000072 ], [ 90.577766419, 25.173725128000058 ], [ 90.577751159000172, 25.17364692700005 ], [ 90.577575683000077, 25.173540116000027 ], [ 90.577529908000088, 25.173479081000039 ], [ 90.577232362000132, 25.172920227000134 ], [ 90.577178955000079, 25.172748567000156 ], [ 90.577056884, 25.172557831000177 ], [ 90.5769653320001, 25.171941757000184 ], [ 90.576835633000087, 25.172067642000059 ], [ 90.576759338000102, 25.171857835000026 ], [ 90.576248169000166, 25.171873093000045 ], [ 90.575958252000078, 25.171760560000052 ], [ 90.575653076000037, 25.171812058000057 ], [ 90.575408936000088, 25.171802520000142 ], [ 90.574913026000104, 25.171867371000076 ], [ 90.5745468140002, 25.171895982000024 ], [ 90.574447632000158, 25.171913148000044 ], [ 90.574310303000061, 25.171974183000032 ], [ 90.573890686000084, 25.17220306400003 ], [ 90.573936463000052, 25.172449113000084 ], [ 90.573867797000048, 25.172512056000016 ], [ 90.573684693000189, 25.172557831000177 ], [ 90.573684693000189, 25.17273902900007 ], [ 90.573593139000025, 25.172853469000131 ], [ 90.573493957000039, 25.172922135000135 ], [ 90.571922303000179, 25.171440125000061 ], [ 90.571472167000081, 25.171018601000185 ], [ 90.570587158000137, 25.171310425000172 ], [ 90.568702697000049, 25.17192077600015 ], [ 90.564163207000149, 25.171901702000184 ], [ 90.564041139000039, 25.171514511 ], [ 90.563606261000075, 25.171892167000181 ], [ 90.560768128000177, 25.171768188000158 ], [ 90.559616088999974, 25.173597336000114 ], [ 90.558937072000049, 25.173410415000035 ], [ 90.558746338000049, 25.173503875000108 ], [ 90.558670045000042, 25.173534394000058 ], [ 90.558471680000082, 25.173360825000032 ], [ 90.558349610000107, 25.173183442000152 ], [ 90.558090210000103, 25.172876358000167 ], [ 90.557861329000104, 25.172571183000059 ], [ 90.557693481000058, 25.172571183000059 ], [ 90.557418823000091, 25.172662735000188 ], [ 90.557556152000188, 25.173139573000185 ], [ 90.557403565000072, 25.173273086000108 ], [ 90.557037353000169, 25.173286437000058 ], [ 90.5568008420002, 25.172706605000087 ], [ 90.555725097000106, 25.171977998000102 ], [ 90.555366515000117, 25.171953202000168 ], [ 90.555221558000085, 25.17183494600016 ], [ 90.555038452000019, 25.171886444000165 ], [ 90.554931640000063, 25.171773911000173 ], [ 90.554565430000139, 25.171922683000048 ], [ 90.554389954000044, 25.172006607000071 ], [ 90.554275514000153, 25.172088623000093 ], [ 90.554122924000126, 25.172241211000085 ], [ 90.554046631000119, 25.172288895000122 ], [ 90.553955079000048, 25.172315597000022 ], [ 90.553794861000085, 25.172321319000162 ], [ 90.553726196000184, 25.172540664999985 ], [ 90.553688049000129, 25.172721863000106 ], [ 90.553276062000066, 25.172887803000151 ], [ 90.553131103000055, 25.172895431000029 ], [ 90.552703858000143, 25.17310524100003 ], [ 90.55261993400012, 25.173181535000083 ], [ 90.552536010000097, 25.173326492000115 ], [ 90.552314759000183, 25.1735935210001 ], [ 90.5521011350001, 25.174036027000113 ], [ 90.551925659000176, 25.174411775000124 ], [ 90.551719666000054, 25.174806596000167 ], [ 90.551460267000039, 25.175304414000152 ], [ 90.551269531000059, 25.175338746000136 ], [ 90.550933837000173, 25.174915313000042 ], [ 90.550453187000187, 25.175003052000079 ], [ 90.550338744000044, 25.174736023000094 ], [ 90.549926758000026, 25.174781800000062 ], [ 90.549880981000058, 25.174680710000075 ], [ 90.549552917000142, 25.174737930000163 ], [ 90.549156189000144, 25.174842835000049 ], [ 90.549049377000188, 25.174695968000094 ], [ 90.548095704000048, 25.174726487000044 ], [ 90.547645568000121, 25.174583435000102 ], [ 90.547409057000039, 25.174364090000154 ], [ 90.547103883000148, 25.174003601000095 ], [ 90.546493529000088, 25.173816682000165 ], [ 90.545913697000117, 25.173685073 ], [ 90.545501710000053, 25.173713685000052 ], [ 90.545356751000043, 25.173723220000056 ], [ 90.545166015000063, 25.173690796000074 ], [ 90.540718079000101, 25.17292976300007 ], [ 90.536170960000163, 25.173070907000181 ], [ 90.533218384000122, 25.173446655000191 ], [ 90.532005310000102, 25.173530579000044 ], [ 90.531791688000055, 25.173547744000132 ], [ 90.528488160000109, 25.172740936000139 ], [ 90.524787902000185, 25.172002792000171 ], [ 90.522399903, 25.173145295000097 ], [ 90.522056579000036, 25.173311233000163 ], [ 90.521537780000187, 25.173212051000121 ], [ 90.521179200000176, 25.173046113000112 ], [ 90.52107238800005, 25.173048021000056 ], [ 90.520965576000094, 25.172931671000015 ], [ 90.520507812000062, 25.172733306000055 ], [ 90.520195007000041, 25.172616958 ], [ 90.519973754000091, 25.172582627000111 ], [ 90.51945495700005, 25.172540664999985 ], [ 90.519424438000101, 25.172443390000069 ], [ 90.51859283400006, 25.172327042000177 ], [ 90.518463135000104, 25.17233467200009 ], [ 90.51737976000004, 25.172754287000089 ], [ 90.516944885000044, 25.172948838000138 ], [ 90.516670227000077, 25.173042298000041 ], [ 90.516639710000106, 25.170589448000101 ], [ 90.515739441000164, 25.169820785000013 ], [ 90.511886597000057, 25.170402527000192 ], [ 90.509643555000082, 25.170986176999975 ], [ 90.509803772000112, 25.169870377000052 ], [ 90.509826661000147, 25.169719697000176 ], [ 90.509826661000147, 25.169521333000148 ], [ 90.508827209, 25.169862747000138 ], [ 90.508842468000125, 25.170101165000119 ], [ 90.508163453000179, 25.169963836000079 ], [ 90.507545471000185, 25.169839858000103 ], [ 90.50720977800006, 25.169794083000113 ], [ 90.506973267000092, 25.169792176000044 ], [ 90.506774903000064, 25.169916154000191 ], [ 90.50662231400014, 25.170030594000082 ], [ 90.502601623000089, 25.166389466000055 ], [ 90.497566224000082, 25.165058136000027 ], [ 90.4960861200002, 25.163560867000058 ], [ 90.495719910000105, 25.163179398000011 ], [ 90.494026183000187, 25.161439897000093 ], [ 90.487876892000031, 25.160028458000113 ], [ 90.484428406000177, 25.159090042000059 ], [ 90.476303100000052, 25.156890869000108 ], [ 90.465103150000118, 25.153280259000155 ], [ 90.462677002000078, 25.152822495000123 ], [ 90.459640502000184, 25.15225029100003 ], [ 90.459396363000167, 25.151809693000132 ], [ 90.457916261000094, 25.148969650000083 ], [ 90.456581116, 25.145969391999984 ], [ 90.454978943000071, 25.144430160000184 ], [ 90.452362061000088, 25.144502641000031 ], [ 90.449287414000139, 25.145286560000159 ], [ 90.449249267000084, 25.145046234000176 ], [ 90.449134827000023, 25.14504051300014 ], [ 90.448631286000193, 25.145013809999966 ], [ 90.447822571000188, 25.144973755000137 ], [ 90.446594238000046, 25.144908905000079 ], [ 90.445922851000034, 25.144876481000097 ], [ 90.444824220000157, 25.144821168000192 ], [ 90.444099426000037, 25.14478492700016 ], [ 90.442687988000159, 25.144712448000121 ], [ 90.441810609000129, 25.144668579000097 ], [ 90.440979005000088, 25.144626617000029 ], [ 90.440322876000039, 25.144901276999974 ], [ 90.439430237000181, 25.145273209000038 ], [ 90.438919068000075, 25.145523071000127 ], [ 90.438941955000075, 25.145606995000151 ], [ 90.438018799000076, 25.145963669000139 ], [ 90.437278747000164, 25.146247865000021 ], [ 90.436531065999986, 25.146535874000165 ], [ 90.435806275000175, 25.146814347000031 ], [ 90.434814453000172, 25.147075654000048 ], [ 90.433853149000015, 25.147327423000036 ], [ 90.431564331, 25.147912980000058 ], [ 90.431251526000153, 25.147975921000182 ], [ 90.430084229000101, 25.148210525000081 ], [ 90.42830657900015, 25.148611068000093 ], [ 90.427345276000096, 25.148851395000179 ], [ 90.425430299000197, 25.149316789000125 ], [ 90.424652100000174, 25.149503708000054 ], [ 90.42388153100012, 25.149690629000133 ], [ 90.42311096200001, 25.149877548000063 ], [ 90.422241212000188, 25.150646211000151 ], [ 90.421981812000013, 25.150653839000086 ], [ 90.421928405000131, 25.150747299000159 ], [ 90.421768189000034, 25.150619507000101 ], [ 90.421539306, 25.150693893000039 ], [ 90.420936585000163, 25.150777817000062 ], [ 90.420532227000081, 25.150646211000151 ], [ 90.420463561000076, 25.150796891000027 ], [ 90.41999816900011, 25.151111603000118 ], [ 90.41984558200005, 25.151121141000033 ], [ 90.419685364000088, 25.151144027000157 ], [ 90.419349671000134, 25.151233674000025 ], [ 90.419288636000147, 25.151163101000122 ], [ 90.41909027100013, 25.151205062000145 ], [ 90.418853760000047, 25.151044845000115 ], [ 90.418601989000081, 25.150876999000047 ], [ 90.41863250800003, 25.151126861000137 ], [ 90.418640136000135, 25.15122795100018 ], [ 90.418724060000159, 25.15144157400016 ], [ 90.418846130000134, 25.151643753000087 ], [ 90.417694091000101, 25.152095794000104 ], [ 90.415740967000147, 25.152860642000178 ], [ 90.414550781000059, 25.15334510800011 ], [ 90.413627625000061, 25.153724670000031 ], [ 90.412528992000034, 25.154598236000027 ], [ 90.411560059000067, 25.155368805000137 ], [ 90.410491944000057, 25.156227113000057 ], [ 90.407943726999974, 25.158281326000122 ], [ 90.407432555000128, 25.15869903600003 ], [ 90.407051087000013, 25.159002305000172 ], [ 90.406059266000113, 25.159397126000101 ], [ 90.405357361000029, 25.159671784000068 ], [ 90.40440368600008, 25.160045624000077 ], [ 90.403656006000062, 25.159881592000033 ], [ 90.401718140000128, 25.159448624000106 ], [ 90.400161742000137, 25.15909385700013 ], [ 90.399765014000138, 25.159204482000121 ], [ 90.399002075000169, 25.15940856900005 ], [ 90.398223876000031, 25.159618379000165 ], [ 90.397468566000043, 25.159824371000184 ], [ 90.397308349000184, 25.159778594000045 ], [ 90.394989015000135, 25.160125733000086 ], [ 90.393936158000145, 25.160221100000058 ], [ 90.393424989000039, 25.160207749000108 ], [ 90.392745972000114, 25.160556793000183 ], [ 90.392036439000094, 25.160919190000072 ], [ 90.39128112800006, 25.160943986000177 ], [ 90.390487671000187, 25.160968780000076 ], [ 90.389572143000123, 25.161207198999989 ], [ 90.388908387000072, 25.161380769000175 ], [ 90.388549805000082, 25.161417008000058 ], [ 90.387969971000075, 25.161474227999975 ], [ 90.387077332000047, 25.161569596000049 ], [ 90.386047363000159, 25.161478044000148 ], [ 90.385192871000186, 25.161455155000112 ], [ 90.384170533000145, 25.1613082880001 ], [ 90.383529663000047, 25.161249161000114 ], [ 90.38288879300012, 25.161191940000094 ], [ 90.382064819000163, 25.161117554000157 ], [ 90.381095886000196, 25.16120147800018 ], [ 90.380485535000048, 25.161251068000183 ], [ 90.379600526000104, 25.161315919000117 ], [ 90.377372742000148, 25.161531449 ], [ 90.375740050000047, 25.161737443 ], [ 90.374214171, 25.162111283000058 ], [ 90.373870850000117, 25.162197113000047 ], [ 90.373085021000065, 25.162384034000127 ], [ 90.372993469000107, 25.16243362400013 ], [ 90.372589110000149, 25.162532806000172 ], [ 90.372200012000064, 25.162637711000059 ], [ 90.371780395000087, 25.162704469000062 ], [ 90.371520995000139, 25.162771225000085 ], [ 90.370925902000181, 25.16287994400011 ], [ 90.370536804000153, 25.162933349000184 ], [ 90.370101929000157, 25.163301469000089 ], [ 90.369522094000047, 25.163780212000177 ], [ 90.368629455000132, 25.164527894000059 ], [ 90.368179321000014, 25.16490364200007 ], [ 90.366516113000102, 25.166284561000168 ], [ 90.365936279000096, 25.166767121000134 ], [ 90.365272522000112, 25.167329788000075 ], [ 90.364982606000126, 25.167451859000153 ], [ 90.364730834000056, 25.167600633000177 ], [ 90.362884521000183, 25.168642044000137 ], [ 90.36116027900016, 25.169580461000066 ], [ 90.359344482000097, 25.170566559000122 ], [ 90.358268738999982, 25.171152115000041 ], [ 90.355667115000017, 25.172559738000075 ], [ 90.353996276000089, 25.173482896000053 ], [ 90.352134704000036, 25.174774169000045 ], [ 90.35157775800019, 25.175106050000068 ], [ 90.348121643000127, 25.177482606000069 ], [ 90.346710205000193, 25.178455352000071 ], [ 90.346214294000106, 25.17888259900019 ], [ 90.346069335000095, 25.178977966000161 ], [ 90.345916748000036, 25.179138184000124 ], [ 90.345771789000196, 25.179229736000025 ], [ 90.345603943000185, 25.179405214000155 ], [ 90.345458984000174, 25.179515838999976 ], [ 90.345268250000174, 25.179695130000027 ], [ 90.345191956000065, 25.179740907000166 ], [ 90.343597412000122, 25.181146623000132 ], [ 90.343185425000058, 25.181512833000056 ], [ 90.342422486000089, 25.182191849000105 ], [ 90.341354369000101, 25.183151245000033 ], [ 90.341285706000178, 25.183336258000168 ], [ 90.340415955000083, 25.184480667000116 ], [ 90.340126037000061, 25.184858321999968 ], [ 90.339820862000124, 25.185255050000137 ], [ 90.338607788000104, 25.186843872000168 ], [ 90.338165282000091, 25.187486650000039 ], [ 90.337181091000105, 25.18889999400011 ], [ 90.33670043900014, 25.189588546000039 ], [ 90.335655212000063, 25.190299987 ], [ 90.335655212000063, 25.190460205000136 ], [ 90.335464478000119, 25.190553666000142 ], [ 90.335319519000109, 25.190568924000161 ], [ 90.335197448000031, 25.190607071000045 ], [ 90.33508300800014, 25.190696716000048 ], [ 90.334953309000184, 25.190805435000073 ], [ 90.334800720000089, 25.190916061 ], [ 90.334678651, 25.191026688000193 ], [ 90.333564759000012, 25.191806793000183 ], [ 90.332839965000119, 25.192272187000128 ], [ 90.332183837000173, 25.192687989000092 ], [ 90.332077027000025, 25.192829133000032 ], [ 90.331901551000101, 25.192920685000161 ], [ 90.331626893000077, 25.193029405000061 ], [ 90.330970765000188, 25.193429946000094 ], [ 90.330268860000103, 25.193819047000034 ], [ 90.330131531000177, 25.193893433000142 ], [ 90.329536438000048, 25.193752289000031 ], [ 90.329406739000092, 25.19373512300001 ], [ 90.329269410000165, 25.193717957000047 ], [ 90.329093932000035, 25.193695068000181 ], [ 90.328742981000062, 25.193660737000073 ], [ 90.325157165000178, 25.192840575999981 ], [ 90.321426392000149, 25.191001892000088 ], [ 90.318077088000109, 25.189659119000112 ], [ 90.313911438000105, 25.191209794000088 ], [ 90.313262940000072, 25.190774919000035 ], [ 90.313156128000116, 25.190742493000016 ], [ 90.312934875, 25.190671922000149 ], [ 90.312904358000083, 25.190605164000146 ], [ 90.31288147000015, 25.190523147000192 ], [ 90.310585022000168, 25.189081192000174 ], [ 90.310356139000191, 25.188875198000176 ], [ 90.30997467100002, 25.188989640000045 ], [ 90.308761597000057, 25.189352035000127 ], [ 90.307487487000117, 25.18972778300008 ], [ 90.306098937000172, 25.190134049000164 ], [ 90.304885865000188, 25.190494538000053 ], [ 90.303787231000058, 25.190826416000164 ], [ 90.303352356, 25.190750123000157 ], [ 90.302230835000046, 25.190649033000113 ], [ 90.302230835000046, 25.19079589800009 ], [ 90.300933837, 25.190919876000066 ], [ 90.299903869000048, 25.191099167000061 ], [ 90.299438477000137, 25.191270828000143 ], [ 90.299034118000122, 25.191389085000083 ], [ 90.297187805000078, 25.191923143000054 ], [ 90.29659271200012, 25.192096710999976 ], [ 90.296379089000084, 25.192054749000079 ], [ 90.296142578000172, 25.192083358000048 ], [ 90.296051026000043, 25.192081453000185 ], [ 90.295669556000121, 25.192127228000118 ], [ 90.29549408000014, 25.192209243999969 ], [ 90.295349121000129, 25.19231033300008 ], [ 90.295211792000089, 25.192363739000086 ], [ 90.294876099000078, 25.192449570000178 ], [ 90.29464721800008, 25.192462921000129 ], [ 90.293716431000064, 25.192724228000145 ], [ 90.293281556000068, 25.192914962000089 ], [ 90.292900086000088, 25.193082810000135 ], [ 90.291572571000131, 25.193668365000178 ], [ 90.289878845000146, 25.194227218000151 ], [ 90.288101196000071, 25.195058822000021 ], [ 90.286514282000041, 25.195804597000176 ], [ 90.284416197999974, 25.195995331000177 ], [ 90.283828736000032, 25.195985793000091 ], [ 90.28363800000011, 25.195755005000024 ], [ 90.282997132000162, 25.19590187200015 ], [ 90.282821656000067, 25.195394516000079 ], [ 90.282699585000159, 25.195363999000165 ], [ 90.28253936800013, 25.195516586000053 ], [ 90.282531738000046, 25.195663453000066 ], [ 90.282485963000056, 25.195745469000087 ], [ 90.282341004000045, 25.195758820000037 ], [ 90.282279968000182, 25.195503235000103 ], [ 90.281921387000068, 25.195377350000115 ], [ 90.281532288000108, 25.195434570000032 ], [ 90.279716491000045, 25.195833206000145 ], [ 90.278907775000107, 25.196052551000093 ], [ 90.27759552100008, 25.19639396700012 ], [ 90.27693176300005, 25.196567535999975 ], [ 90.275856017000024, 25.196847916000081 ], [ 90.274108888000171, 25.197303772000168 ], [ 90.272758484000178, 25.197656632000019 ], [ 90.271934509000118, 25.197868347000053 ], [ 90.271911620000083, 25.197965621000094 ], [ 90.271446228000116, 25.198051453000119 ], [ 90.26925659300008, 25.198356629000159 ], [ 90.268867492000084, 25.198408127000164 ], [ 90.268470764000142, 25.198459626000044 ], [ 90.268272399000182, 25.19848442000017 ], [ 90.268051147000165, 25.198513032000051 ], [ 90.267921448000152, 25.198411942000178 ], [ 90.266639710000163, 25.197845460000053 ], [ 90.266296387000068, 25.197637558000054 ], [ 90.264709472000163, 25.196491242000093 ], [ 90.264213562000123, 25.196392060000051 ], [ 90.263992309000059, 25.196346283000082 ], [ 90.263023376000092, 25.196645737000154 ], [ 90.262619019000113, 25.196767807000128 ], [ 90.262092590000179, 25.196931840000104 ], [ 90.261283874000014, 25.196933747000173 ], [ 90.260635376000039, 25.197063446000186 ], [ 90.259948730000076, 25.197202683000057 ], [ 90.258651734000011, 25.197984697000095 ], [ 90.258110046000184, 25.198312760000135 ], [ 90.256919860000096, 25.19903183100007 ], [ 90.255783082000164, 25.199722291000171 ], [ 90.254608154000152, 25.200008392000143 ], [ 90.253524781000124, 25.200273514 ], [ 90.2529373160001, 25.200233460000106 ], [ 90.252174378, 25.200168609000116 ], [ 90.251876831000175, 25.200134278000064 ], [ 90.25167846700009, 25.20010948200013 ], [ 90.251464844000111, 25.200084686000025 ], [ 90.251060485000153, 25.200035095000089 ], [ 90.250427246000072, 25.199987411000052 ], [ 90.249298095000142, 25.200117112000044 ], [ 90.249099731000115, 25.200143813000068 ], [ 90.248962402000188, 25.200162889000183 ], [ 90.248596192000093, 25.20028305000011 ], [ 90.248367309000059, 25.200380326000186 ], [ 90.247131348000039, 25.200937270000054 ], [ 90.247032166000167, 25.201002120999988 ], [ 90.245109559000184, 25.202238084000044 ], [ 90.244628906000116, 25.20254898100012 ], [ 90.244201659000169, 25.202571869000053 ], [ 90.243560791000107, 25.202604294000139 ], [ 90.240966797000056, 25.203268052000169 ], [ 90.240821838000045, 25.203268052000169 ], [ 90.240692139000089, 25.203287125000088 ], [ 90.240600585000152, 25.203308106000122 ], [ 90.240074158000198, 25.203451158000064 ], [ 90.239616394000166, 25.203681946000131 ], [ 90.239128114000039, 25.20392799300015 ], [ 90.238571167000089, 25.204080582000074 ], [ 90.238365173000091, 25.204099656000039 ], [ 90.235855103000063, 25.204612732000044 ], [ 90.235748290000174, 25.204637528000148 ], [ 90.235282898000037, 25.204765320000092 ], [ 90.235115051000093, 25.204801559000146 ], [ 90.234901428000114, 25.204847336000114 ], [ 90.233924865000063, 25.205017089000023 ], [ 90.233802796000134, 25.20501518400016 ], [ 90.233398438000108, 25.204944611000087 ], [ 90.233283997000115, 25.204927445000067 ], [ 90.232688903999986, 25.204708099000015 ], [ 90.232398986000192, 25.204544067000143 ], [ 90.232101440000065, 25.204374314000063 ], [ 90.231933594000054, 25.204278947000034 ], [ 90.231529235000096, 25.204191208000168 ], [ 90.231300354000041, 25.204132080000079 ], [ 90.230003356000054, 25.203794479000123 ], [ 90.229652405000195, 25.203706742000065 ], [ 90.229125977000194, 25.203582764000089 ], [ 90.22895813000008, 25.20343971300008 ], [ 90.228836059000173, 25.203332900000191 ], [ 90.22856903100012, 25.202945709000062 ], [ 90.227806091000048, 25.201843263000171 ], [ 90.226638794000166, 25.20124244699997 ], [ 90.225479126000153, 25.200567245000059 ], [ 90.225143433000198, 25.200775147000058 ], [ 90.22487640300011, 25.200939178000056 ], [ 90.22479248000019, 25.200984955000024 ], [ 90.224548340000069, 25.201133729000048 ], [ 90.223960876000092, 25.201417923000122 ], [ 90.223503114000096, 25.201639176000072 ], [ 90.223396301000037, 25.20235443200005 ], [ 90.223243714000091, 25.203420639000115 ], [ 90.223220826000158, 25.203548432000105 ], [ 90.222724915000072, 25.203989028000137 ], [ 90.22205352800006, 25.20457267800009 ], [ 90.221206664000135, 25.205314636000026 ], [ 90.220657348000145, 25.205791473000147 ], [ 90.220024109000065, 25.20634460399998 ], [ 90.219718934000127, 25.206542968000065 ], [ 90.219421388000058, 25.206731797000145 ], [ 90.219360352000137, 25.206771851000099 ], [ 90.219093322000049, 25.206521987000031 ], [ 90.218986512000129, 25.206422805000159 ], [ 90.218688966000173, 25.206138611000085 ], [ 90.21843719400016, 25.206171036 ], [ 90.218322754000098, 25.20618629400002 ], [ 90.217582702000129, 25.206285476000062 ], [ 90.217277527000192, 25.206327438000187 ], [ 90.216964722000171, 25.206369400000085 ], [ 90.216461182000046, 25.206436158000088 ], [ 90.216194154000164, 25.205799103000061 ], [ 90.216033936000088, 25.205406190000133 ], [ 90.215454102000081, 25.205461502000105 ], [ 90.215164186000038, 25.20549011300011 ], [ 90.214607239000088, 25.205739975000142 ], [ 90.213981628000056, 25.206018448000179 ], [ 90.213577271000133, 25.206199647000176 ], [ 90.212882996000133, 25.206514359000096 ], [ 90.212791442000196, 25.206552506000151 ], [ 90.212501525999983, 25.206743240000094 ], [ 90.211929322000117, 25.207120895000173 ], [ 90.211227416000099, 25.207582474000105 ], [ 90.209297181000181, 25.208257676000187 ], [ 90.208816528000114, 25.208932877 ], [ 90.208518981999987, 25.209348679000129 ], [ 90.207916259000115, 25.210187911000105 ], [ 90.207817077000129, 25.210329055000045 ], [ 90.20733642600004, 25.210317612000097 ], [ 90.207229614000084, 25.210315705000028 ], [ 90.206321716000105, 25.210391998000034 ], [ 90.206001281000169, 25.210393906000036 ], [ 90.204101562000062, 25.21043205300009 ], [ 90.202774048000038, 25.210468292000144 ], [ 90.202011109000068, 25.210525512000061 ], [ 90.200775147000115, 25.210824966000132 ], [ 90.200294494000048, 25.210594178000065 ], [ 90.199806214000148, 25.210689545000037 ], [ 90.198554993000073, 25.210935594000091 ], [ 90.196907043000124, 25.211059570000032 ], [ 90.19585418600019, 25.211133958000119 ], [ 90.195343017000084, 25.211391450000121 ], [ 90.195266723000145, 25.21143531700011 ], [ 90.194671631000119, 25.21173477100001 ], [ 90.19401550200007, 25.212617875000092 ], [ 90.192771912000069, 25.21319580200003 ], [ 90.192268371000011, 25.213430405000167 ], [ 90.192131042000142, 25.213693618000036 ], [ 90.191902161000087, 25.214147567000168 ], [ 90.191894531000173, 25.21476936300013 ], [ 90.191894531000173, 25.215164184000173 ], [ 90.191093445000149, 25.215234757000076 ], [ 90.189582825000059, 25.215280533000112 ], [ 90.189102172000162, 25.215307236000115 ], [ 90.188980102000187, 25.21531295900013 ], [ 90.188476563000165, 25.215276717000165 ], [ 90.187927247, 25.215221405000023 ], [ 90.187332154000103, 25.215541840000185 ], [ 90.186851502000081, 25.215799332000131 ], [ 90.184471130000134, 25.217086792000089 ], [ 90.18208313000008, 25.218328475000078 ], [ 90.179687501000046, 25.219348908000029 ], [ 90.177131653000117, 25.220445633999987 ], [ 90.176765442000089, 25.220603944000118 ], [ 90.176116944000114, 25.220880510000086 ], [ 90.175849914000196, 25.221004486000083 ], [ 90.174011230000133, 25.221841812000093 ], [ 90.172706604000041, 25.222511291000103 ], [ 90.171424866, 25.223171235 ], [ 90.170585632000041, 25.223190308000085 ], [ 90.167671203000054, 25.223251343000072 ], [ 90.16634368800004, 25.223276139000177 ], [ 90.164230347000057, 25.22334289500003 ], [ 90.161468505000187, 25.223566056000095 ], [ 90.160636901000146, 25.223657608000053 ], [ 90.160232544000166, 25.223703385000192 ], [ 90.15795898500005, 25.224088670000185 ], [ 90.155273437000062, 25.224145890000102 ], [ 90.153236389000085, 25.224189758000023 ], [ 90.151725768000063, 25.224222184000041 ], [ 90.150856017000137, 25.224266053000179 ], [ 90.148948670000152, 25.224359513000081 ], [ 90.146308899000132, 25.224445344000173 ], [ 90.144287109, 25.224447249999969 ], [ 90.14401245200014, 25.224447249999969 ], [ 90.142951965000066, 25.224449157000038 ], [ 90.141700746000197, 25.224443437000104 ], [ 90.140022277000128, 25.224433899000019 ], [ 90.1380157480001, 25.224514008000028 ], [ 90.137062073000152, 25.224554062000152 ], [ 90.136825562000013, 25.224586486000135 ], [ 90.136138915000174, 25.224674225000058 ], [ 90.135124207000047, 25.224805831000083 ], [ 90.133499146000133, 25.225008011000114 ], [ 90.132614134999983, 25.225114823000069 ], [ 90.131332397000165, 25.225261688000046 ], [ 90.130622864000031, 25.225341796000123 ], [ 90.128852844000107, 25.22561645400009 ], [ 90.128570556, 25.225658416000044 ], [ 90.128067017000035, 25.225736618000099 ], [ 90.127075195000032, 25.225704193000183 ], [ 90.126075744, 25.225671769000144 ], [ 90.12527465900007, 25.225646973000039 ], [ 90.124710082000149, 25.225576399999966 ], [ 90.124229432, 25.225517272000047 ], [ 90.12224578900009, 25.225278854000067 ], [ 90.12144470200019, 25.225183487000095 ], [ 90.121353150000061, 25.225013733000083 ], [ 90.121032715000126, 25.224437714000089 ], [ 90.120635986000025, 25.224327089000099 ], [ 90.119201659000112, 25.223903656000118 ], [ 90.118064881, 25.223566056000095 ], [ 90.117866516000049, 25.223644257000103 ], [ 90.117591858000083, 25.223760605000109 ], [ 90.116302491000056, 25.224279404000129 ], [ 90.11495971800008, 25.224819184000012 ], [ 90.114418030000195, 25.22503852900013 ], [ 90.113456725000162, 25.225221633000046 ], [ 90.112785339000197, 25.225364685000159 ], [ 90.112266541000054, 25.225475312000128 ], [ 90.111946106000119, 25.22566032400016 ], [ 90.111495971000068, 25.225917816000162 ], [ 90.110855103000176, 25.226278305000051 ], [ 90.110305787000186, 25.226581574000193 ], [ 90.108680726000102, 25.227485657000102 ], [ 90.107582092000143, 25.22809600800008 ], [ 90.10629272400007, 25.228807449000044 ], [ 90.1052703860002, 25.229375840000102 ], [ 90.104660035000052, 25.229906083 ], [ 90.104499817000146, 25.230047227000171 ], [ 90.103584290000128, 25.230854035000107 ], [ 90.10340118400012, 25.231012345000067 ], [ 90.103332520000095, 25.231075287000124 ], [ 90.102867126000149, 25.231489182000189 ], [ 90.102592468000125, 25.231719970000086 ], [ 90.10230255200014, 25.23196220400007 ], [ 90.10037231400014, 25.23310852000003 ], [ 90.100028991000045, 25.233594895000067 ], [ 90.099754333000078, 25.233983994000027 ], [ 90.099205017000088, 25.234750747000135 ], [ 90.099021911000023, 25.234813690000067 ], [ 90.097534179000036, 25.235324859 ], [ 90.097175597000046, 25.23544693000008 ], [ 90.096122742000034, 25.23614311200015 ], [ 90.09562683200005, 25.236450195000032 ], [ 90.094993592000094, 25.236898423000184 ], [ 90.094184875000053, 25.237432480000052 ], [ 90.093879700000116, 25.23756408700018 ], [ 90.09201049800015, 25.238359451000122 ], [ 90.089973449000126, 25.238971710000044 ], [ 90.089660645000151, 25.239042283000117 ], [ 90.087974547999977, 25.239196778000178 ], [ 90.087600708000139, 25.23923111 ], [ 90.086647034000123, 25.239315034000015 ], [ 90.085845948000099, 25.239385605000109 ], [ 90.084884643000066, 25.239562988000102 ], [ 90.083518982000101, 25.239816667000071 ], [ 90.081993103000059, 25.240259170000172 ], [ 90.081237793000128, 25.240476608000051 ], [ 90.080680847000053, 25.240751266000188 ], [ 90.078567505000137, 25.241828919000113 ], [ 90.078445434000059, 25.24188613900003 ], [ 90.078361510000093, 25.241926193000154 ], [ 90.077575683000134, 25.242330552000112 ], [ 90.076835632000098, 25.242681504000018 ], [ 90.076766968000129, 25.242715836000059 ], [ 90.076286316000164, 25.242950439000026 ], [ 90.076171875000171, 25.243022920000044 ], [ 90.075912476000099, 25.243133545000035 ], [ 90.075103760000161, 25.243549347000169 ], [ 90.074066162000122, 25.244058609000035 ], [ 90.0732498160001, 25.244874954000181 ], [ 90.073112487000174, 25.244977951000067 ], [ 90.072036744000059, 25.246021270000142 ], [ 90.070770264000089, 25.247186660000125 ], [ 90.069854737000071, 25.247873307000191 ], [ 90.069671631000062, 25.247997283000132 ], [ 90.069305421000138, 25.248275756000169 ], [ 90.069038391000049, 25.248462677000077 ], [ 90.068885804000104, 25.248577118000071 ], [ 90.066474916000118, 25.250015260000055 ], [ 90.06480407700019, 25.250988006000057 ], [ 90.06343078600014, 25.251800536000133 ], [ 90.063262940000129, 25.251899719000107 ], [ 90.062065124000128, 25.252597809000122 ], [ 90.061439515000131, 25.253099442000121 ], [ 90.061004639000032, 25.253475190000131 ], [ 90.059783935000098, 25.253948212000182 ], [ 90.059486389000199, 25.254735945999983 ], [ 90.059020996000129, 25.255573273000095 ], [ 90.058403015000067, 25.256704331000094 ], [ 90.058174134000069, 25.257129669000108 ], [ 90.058082580000132, 25.257310867000172 ], [ 90.05790710399998, 25.257631302000107 ], [ 90.0576248160001, 25.258134843000107 ], [ 90.057411194000167, 25.258520126000121 ], [ 90.05727386500007, 25.258773803000054 ], [ 90.056892394000045, 25.25947761600014 ], [ 90.056739807000156, 25.259817124000165 ], [ 90.056640625000114, 25.259941100000106 ], [ 90.056571960000042, 25.260076524000112 ], [ 90.056320190000122, 25.260538101000179 ], [ 90.055854797999984, 25.260759354000129 ], [ 90.055595398000037, 25.260896683 ], [ 90.055046082000047, 25.261190414000055 ], [ 90.054458618000126, 25.261463166000112 ], [ 90.053337098000043, 25.261350631000084 ], [ 90.052352904000145, 25.261209487000144 ], [ 90.050125122000054, 25.261034011 ], [ 90.048286438000162, 25.260885239000118 ], [ 90.047355652000022, 25.260812759000032 ], [ 90.046653747000164, 25.260742188000108 ], [ 90.045715333000146, 25.260910035000052 ], [ 90.043991090000191, 25.261209487000144 ], [ 90.043388367000148, 25.261241913000163 ], [ 90.041198731000179, 25.261339188000136 ], [ 90.040756226000042, 25.261302949000083 ], [ 90.039161681, 25.261169433000191 ], [ 90.037773133000087, 25.261289596000097 ], [ 90.037376405000089, 25.261322022000115 ], [ 90.035461425000108, 25.261775971000134 ], [ 90.034042359000125, 25.262260437000066 ], [ 90.033668518000184, 25.262390137000125 ], [ 90.033348083000021, 25.262607575000175 ], [ 90.03243255600006, 25.263244630000031 ], [ 90.031967164000093, 25.263633728000116 ], [ 90.031463623000093, 25.264078141000027 ], [ 90.031349182000099, 25.264129638999975 ], [ 90.029220580000015, 25.265020371000162 ], [ 90.027725220000093, 25.265653610000072 ], [ 90.026710509999987, 25.266277314000149 ], [ 90.026550293000184, 25.266361235999966 ], [ 90.024795533000088, 25.26730918800007 ], [ 90.023376464000194, 25.268119813000112 ], [ 90.021392823000099, 25.269208909000156 ], [ 90.021087646000183, 25.269609451000065 ], [ 90.020774842000037, 25.270057679000047 ], [ 90.020599366000113, 25.270343780000189 ], [ 90.020538331000125, 25.270433427000057 ], [ 90.020278931000121, 25.270793916000116 ], [ 90.020072937000123, 25.271127702 ], [ 90.01999664300007, 25.271207810000078 ], [ 90.019851684000059, 25.271429061000163 ], [ 90.019691466000097, 25.271669387000145 ], [ 90.019638061000023, 25.271745681000084 ], [ 90.019340515000124, 25.272155762000182 ], [ 90.019180297, 25.272241592000171 ], [ 90.018692017000092, 25.272474290000048 ], [ 90.018226623000146, 25.272674562000134 ], [ 90.016845703000115, 25.273313522000024 ], [ 90.016410827000186, 25.273496628000089 ], [ 90.016090392000081, 25.273653030000048 ], [ 90.015380859000061, 25.273977280000054 ], [ 90.015274049000084, 25.274036407999972 ], [ 90.014183045000095, 25.274446487000091 ], [ 90.014015198000152, 25.274513245000094 ], [ 90.013648988, 25.274652482000135 ], [ 90.011451720000139, 25.275497437000183 ], [ 90.011352540000075, 25.275535583000135 ], [ 90.011360168000181, 25.275627137000072 ], [ 90.010963440000069, 25.27568245000009 ], [ 90.010826111000142, 25.275739670000064 ], [ 90.010139466000055, 25.276056290000156 ], [ 90.009834289000139, 25.276210785000046 ], [ 90.009368897000172, 25.276491166000085 ], [ 90.009048462000067, 25.276700973000118 ], [ 90.00806427100008, 25.277420044000166 ], [ 90.007865907000166, 25.277597428000092 ], [ 90.007514953000111, 25.27792549100019 ], [ 90.007148743000187, 25.278310776000183 ], [ 90.006904602000134, 25.278600692000168 ], [ 90.006767273000037, 25.278772355000058 ], [ 90.006324767000194, 25.27921295100009 ], [ 90.005493163000153, 25.279611587000034 ], [ 90.004821777000188, 25.280168533000108 ], [ 90.004661559000056, 25.280332566000084 ], [ 90.004455567000093, 25.280525207000153 ], [ 90.004325866000102, 25.280593873000157 ], [ 90.004196167000089, 25.280632020000041 ], [ 90.004104612999981, 25.280649185000129 ], [ 90.003990173000147, 25.28063011200004 ], [ 90.003273009000111, 25.280338288000053 ], [ 90.002967835000106, 25.280241014000183 ], [ 90.002670288000047, 25.279912949000106 ], [ 90.002540588000159, 25.279798508000169 ], [ 90.002410889000032, 25.279687883000122 ], [ 90.002288818000125, 25.279644013000052 ], [ 90.002174378000063, 25.279535293000151 ], [ 90.001266480000083, 25.279098510000154 ], [ 90.000671387000125, 25.27883720300008 ], [ 89.999923707000107, 25.278429031000087 ], [ 89.999351501000035, 25.278263091000042 ], [ 89.999259949000077, 25.278247833000023 ], [ 89.998741149000125, 25.278135300000031 ], [ 89.998550415000182, 25.277912140000012 ], [ 89.997627257000147, 25.277074813000127 ], [ 89.997192382000151, 25.276992799000084 ], [ 89.99595642100013, 25.276756288000172 ], [ 89.994857788000104, 25.277202606000117 ], [ 89.993331909000062, 25.277774811000143 ], [ 89.993225098000153, 25.277791977000106 ], [ 89.992706299000133, 25.277864457000078 ], [ 89.992095947999985, 25.277984618000175 ], [ 89.991477966000048, 25.278127670000117 ], [ 89.991119385000104, 25.278264998999987 ], [ 89.990837097000053, 25.278436662000104 ], [ 89.990745545000095, 25.278503418000128 ], [ 89.990653993000137, 25.278659820000087 ], [ 89.990493775000061, 25.278680801000121 ], [ 89.987632751000092, 25.279563905000032 ], [ 89.98690796000011, 25.27977562 ], [ 89.985527038000043, 25.280225753000082 ], [ 89.985000610000043, 25.280277253000065 ], [ 89.984619140000063, 25.280342101000087 ], [ 89.984237670000141, 25.280391693000126 ], [ 89.980888368000137, 25.280946732000132 ], [ 89.980705262000072, 25.280977249000046 ], [ 89.980522156000177, 25.282789231000095 ], [ 89.980499267000141, 25.283458710000104 ], [ 89.980438231999983, 25.284620284000141 ], [ 89.980461120000143, 25.284772874000168 ], [ 89.980583191000164, 25.285606385000108 ], [ 89.980529786000091, 25.286022187000071 ], [ 89.980522156000177, 25.28621864400003 ], [ 89.980422974000135, 25.28742790299998 ], [ 89.98039245700005, 25.287734984999986 ], [ 89.980293275000179, 25.289987563000068 ], [ 89.980293275000179, 25.290155411000057 ], [ 89.980285645000095, 25.290315628000087 ], [ 89.980300903000114, 25.290439607000167 ], [ 89.980308533000198, 25.290626526000096 ], [ 89.980300903000114, 25.29079437300004 ], [ 89.979087829000093, 25.29292106600019 ], [ 89.978302002000191, 25.294395447000056 ], [ 89.978111268000191, 25.294748306000031 ], [ 89.977340699000138, 25.296201707000137 ], [ 89.977180481000175, 25.296514511000055 ], [ 89.976882935000106, 25.297077180000031 ], [ 89.97669982900004, 25.297206879000157 ], [ 89.975280762000125, 25.298156738000159 ], [ 89.974830627000074, 25.29843902600004 ], [ 89.97457885700004, 25.298597336 ], [ 89.973800658000073, 25.299077989000068 ], [ 89.972824097000171, 25.299766541000054 ], [ 89.972496032000095, 25.299997330000053 ], [ 89.971946716000161, 25.300374985000133 ], [ 89.971595765000131, 25.300601960000165 ], [ 89.971061707, 25.301000594000072 ], [ 89.969451904000152, 25.302198410000074 ], [ 89.969108581000057, 25.302410125000108 ], [ 89.968338012000174, 25.302787781000063 ], [ 89.967842102000134, 25.303030014000115 ], [ 89.967353821000188, 25.303316117000122 ], [ 89.967163087000188, 25.303329468000072 ], [ 89.96498108000003, 25.303060531000085 ], [ 89.964241028000117, 25.302665710000042 ], [ 89.964126587000123, 25.302412033000053 ], [ 89.96391296500002, 25.30203437800003 ], [ 89.963752747000115, 25.301998138000044 ], [ 89.963607788000104, 25.302011489000165 ], [ 89.963493348000043, 25.302022934000149 ], [ 89.962677002000191, 25.302097321000133 ], [ 89.961639404000152, 25.302192688000162 ], [ 89.96115112300015, 25.302276611000082 ], [ 89.960556030000191, 25.302129745000173 ], [ 89.956588744000044, 25.299940109000033 ], [ 89.956161499000132, 25.299310685000137 ], [ 89.954681397000058, 25.297189712999966 ], [ 89.953376771000137, 25.295648576000133 ], [ 89.950927734000061, 25.295909881000171 ], [ 89.950561524000136, 25.296262742000124 ], [ 89.950210570000081, 25.295381546000044 ], [ 89.94992828400018, 25.294698716000028 ], [ 89.949729920000095, 25.294204713000113 ], [ 89.94951629500008, 25.293676376000178 ], [ 89.949172974000192, 25.292825699000048 ], [ 89.94855499300013, 25.293357849000188 ], [ 89.948394775, 25.293500900000026 ], [ 89.948204041000054, 25.293663025000058 ], [ 89.947814941000161, 25.294000626000184 ], [ 89.947265625, 25.294467926000095 ], [ 89.946853638000107, 25.29482078500007 ], [ 89.946777344000054, 25.295965196 ], [ 89.946762086000035, 25.296442033000119 ], [ 89.946723937000172, 25.296813965000183 ], [ 89.946708679000153, 25.29724311800004 ], [ 89.946235657000045, 25.298204423000129 ], [ 89.945823669999982, 25.299125671000127 ], [ 89.945686341000112, 25.300304414000038 ], [ 89.945518493000066, 25.301599502000101 ], [ 89.945518493000066, 25.302648544000192 ], [ 89.945594787000175, 25.302904129000126 ], [ 89.94467926100009, 25.303705216000026 ], [ 89.944396973000153, 25.303953170000113 ], [ 89.944076538000047, 25.304237366000052 ], [ 89.943840027000078, 25.304450988000099 ], [ 89.943229676000158, 25.303770066000084 ], [ 89.94252777000014, 25.302947998000093 ], [ 89.941368103, 25.301660538000135 ], [ 89.941146851000042, 25.301412583000172 ], [ 89.940948486000195, 25.301183700000138 ], [ 89.940788269, 25.301027298000179 ], [ 89.940376282000102, 25.300596238000026 ], [ 89.9397811890002, 25.299982071000102 ], [ 89.938949585000103, 25.299144745000092 ], [ 89.938369751000096, 25.299257278000084 ], [ 89.938102723000043, 25.299316407000106 ], [ 89.937950133000186, 25.29935073900009 ], [ 89.93711090100004, 25.299543381000035 ], [ 89.936546325000052, 25.299669267000183 ], [ 89.936180115000127, 25.299753188000068 ], [ 89.935165405000191, 25.299982071000102 ], [ 89.935012818000075, 25.300016403000086 ], [ 89.93485260000017, 25.300102234000178 ], [ 89.934730530000195, 25.300203324000051 ], [ 89.933944703000066, 25.300817490000043 ], [ 89.933715820000032, 25.300836564000178 ], [ 89.933578491000162, 25.300848007000184 ], [ 89.932388305000075, 25.300928116000136 ], [ 89.932205199, 25.300952912000071 ], [ 89.931884766000053, 25.300989151000124 ], [ 89.93099975500013, 25.3011131290001 ], [ 89.930694581000125, 25.301139831000171 ], [ 89.929420471000185, 25.301300047999973 ], [ 89.929168702000084, 25.301273347000176 ], [ 89.929061889000195, 25.30127906700011 ], [ 89.928504943000121, 25.301301956000145 ], [ 89.928359986000089, 25.301313401000129 ], [ 89.927337646000069, 25.301410676000103 ], [ 89.927017211000134, 25.301425934000122 ], [ 89.926689148000094, 25.301715850000107 ], [ 89.926612854000155, 25.301792146000025 ], [ 89.926086425000051, 25.302272796000182 ], [ 89.92591094900007, 25.302461625000092 ], [ 89.925453185000038, 25.302888870000174 ], [ 89.923881531, 25.304061890000071 ], [ 89.923454284000115, 25.304363252000144 ], [ 89.923019409000119, 25.304393768000182 ], [ 89.92261505200014, 25.304420472000061 ], [ 89.922050476000152, 25.304460526000184 ], [ 89.921142578000172, 25.304519654000103 ], [ 89.920837402000132, 25.304540634999967 ], [ 89.920257569, 25.304586410000127 ], [ 89.919776917000036, 25.304639817000179 ], [ 89.919372558000077, 25.304676056000062 ], [ 89.918998718000068, 25.304738999000051 ], [ 89.918708802000026, 25.304777146000106 ], [ 89.918319703000066, 25.304853440000045 ], [ 89.918014527000082, 25.304969788000051 ], [ 89.917411804000039, 25.305225372000052 ], [ 89.917022705000079, 25.305383682000183 ], [ 89.916702270000087, 25.305515290000073 ], [ 89.916114807000099, 25.305957794000108 ], [ 89.915802003000124, 25.306161881000037 ], [ 89.915176391000045, 25.306617737000067 ], [ 89.914451599000131, 25.307128906000173 ], [ 89.913658142000145, 25.307306290000099 ], [ 89.913299561000031, 25.307382583000106 ], [ 89.913101196000071, 25.307415010000057 ], [ 89.912811280000028, 25.307481765000148 ], [ 89.912376405000032, 25.307519912000032 ], [ 89.912162780000017, 25.307535173000133 ], [ 89.911399842000151, 25.307575227000086 ], [ 89.910118104000162, 25.307909013000142 ], [ 89.909652709999989, 25.307992935000186 ], [ 89.909088136000037, 25.308124543000019 ], [ 89.906379699000183, 25.30742073000016 ], [ 89.905158997000058, 25.306320191000168 ], [ 89.901649475000113, 25.303211213000111 ], [ 89.894126892000031, 25.29536056500018 ], [ 89.889686584000174, 25.289880753000091 ], [ 89.886421204000044, 25.287790298000061 ], [ 89.882598877000021, 25.287202835000016 ], [ 89.882102966000105, 25.286722183000052 ], [ 89.880790710000099, 25.286470413000188 ], [ 89.877655030000142, 25.285709380000185 ], [ 89.87653350800008, 25.285446168000078 ], [ 89.875228882000158, 25.285560608000139 ], [ 89.874519348000092, 25.285833359000037 ], [ 89.874214172000052, 25.285943986000063 ], [ 89.87375640800019, 25.286096573000179 ], [ 89.872573852000016, 25.286813737000159 ], [ 89.872093200000052, 25.286823272000163 ], [ 89.870918275000122, 25.286846161000028 ], [ 89.870864867000137, 25.286771775000091 ], [ 89.870559693000075, 25.286848068000097 ], [ 89.86988067600015, 25.286859512000149 ], [ 89.869453431000068, 25.286890030000166 ], [ 89.869346619000112, 25.286909104000131 ], [ 89.8684844980001, 25.287132264000149 ], [ 89.868110656000056, 25.287237167000058 ], [ 89.867553712000131, 25.287391664000097 ], [ 89.866554260000044, 25.28760528600003 ], [ 89.866088868000077, 25.287704468000072 ], [ 89.865577697000163, 25.287811279000096 ], [ 89.864723205000189, 25.287860871000134 ], [ 89.864524840000172, 25.287889480000104 ], [ 89.864295959000174, 25.287864685999978 ], [ 89.863098144999981, 25.288032532000045 ], [ 89.862678528000174, 25.287813186000164 ], [ 89.862518310999974, 25.287729264000177 ], [ 89.862380982000104, 25.287656784000035 ], [ 89.861862183000085, 25.287384034000183 ], [ 89.860794068000075, 25.287380218000067 ], [ 89.860000611000032, 25.287378311000168 ], [ 89.859237670000084, 25.286157609000043 ], [ 89.858886718000178, 25.286247253 ], [ 89.857955932000039, 25.286479951000103 ], [ 89.856803893000063, 25.286769867000089 ], [ 89.85678100500013, 25.286859512000149 ], [ 89.856719972000121, 25.287157058000048 ], [ 89.856643676000033, 25.287513732000093 ], [ 89.856246947000159, 25.287620545000152 ], [ 89.855400085000042, 25.287851333000049 ], [ 89.85497284000013, 25.287965776000192 ], [ 89.854408264000142, 25.288766861000113 ], [ 89.853874206, 25.289533615000153 ], [ 89.85370636000016, 25.289531709000187 ], [ 89.853111268000134, 25.289527894000116 ], [ 89.851860047000059, 25.289558411000087 ], [ 89.851577758000076, 25.28958129900019 ], [ 89.851249695000035, 25.289602280000054 ], [ 89.850944519000166, 25.289592742000139 ], [ 89.850257874000135, 25.28959465000014 ], [ 89.84971618600008, 25.289564133000169 ], [ 89.849266052000132, 25.289560318000156 ], [ 89.848495484000125, 25.289491655000063 ], [ 89.848365783000133, 25.290246963000186 ], [ 89.848228454000093, 25.290966034000121 ], [ 89.847091675000058, 25.291013718000158 ], [ 89.846923828000115, 25.291021347000139 ], [ 89.846183776000032, 25.291053773000158 ], [ 89.846092224000074, 25.291057586000193 ], [ 89.846076966000055, 25.291204453000034 ], [ 89.846038819000171, 25.291801453 ], [ 89.844902037999987, 25.292032242 ], [ 89.844879150000054, 25.292104722000147 ], [ 89.844764709000117, 25.29249382 ], [ 89.84300994900002, 25.29267692600007 ], [ 89.84256744400011, 25.292682647000106 ], [ 89.841941834000011, 25.29273796200016 ], [ 89.840866089000087, 25.292819976000033 ], [ 89.840332031000173, 25.292871476000187 ], [ 89.839347840000187, 25.29307174700017 ], [ 89.838378907000049, 25.293272019000028 ], [ 89.837913513000046, 25.294031143000154 ], [ 89.837524415000189, 25.294668198000181 ], [ 89.836982727000134, 25.294677735000164 ], [ 89.836494446000131, 25.294687271000043 ], [ 89.836227416999975, 25.294692994000116 ], [ 89.835380553999983, 25.294712067000148 ], [ 89.834785461000081, 25.294725418000098 ], [ 89.834472657000106, 25.294845581000175 ], [ 89.833908081000118, 25.295066834000124 ], [ 89.832809449000194, 25.295495986000105 ], [ 89.831604005000088, 25.29566192600015 ], [ 89.831161499000075, 25.296140671000046 ], [ 89.831932068000128, 25.29683876100006 ], [ 89.83204650800019, 25.296939849000125 ], [ 89.832901001000096, 25.297706605000144 ], [ 89.834014893000074, 25.298543931000154 ], [ 89.834861755000134, 25.299247742000034 ], [ 89.836174011000196, 25.300598145000095 ], [ 89.836669922000112, 25.30110549900013 ], [ 89.836769104000155, 25.301242828000056 ], [ 89.836906433000024, 25.30145454500007 ], [ 89.83719635000017, 25.301836013000184 ], [ 89.837646485000164, 25.30247306800004 ], [ 89.83763885500008, 25.303928376000044 ], [ 89.837600708000195, 25.304027558000087 ], [ 89.837249757000052, 25.305223465000154 ], [ 89.837188721000132, 25.305425644000138 ], [ 89.838966370000037, 25.307035446999976 ], [ 89.840133667000089, 25.307588578000036 ], [ 89.840461730000129, 25.307743073000097 ], [ 89.841552734000174, 25.308263779000185 ], [ 89.8408050540001, 25.309484482000016 ], [ 89.841133117000197, 25.310853958 ], [ 89.841346741000109, 25.312494278000031 ], [ 89.841369630000145, 25.312730789000113 ], [ 89.841354368999987, 25.313014985000052 ], [ 89.841362, 25.314155578000168 ], [ 89.841239929000153, 25.315584183000169 ], [ 89.841133117000197, 25.316209794000144 ], [ 89.841079712000123, 25.316522599000166 ], [ 89.840347290000068, 25.317802429000039 ], [ 89.840148925000108, 25.318185807000134 ], [ 89.840499877000184, 25.319032669000023 ], [ 89.839721680000196, 25.320369722000066 ], [ 89.838447571000188, 25.323081971000022 ], [ 89.838272095000093, 25.323537827999985 ], [ 89.836654664000093, 25.326347352000141 ], [ 89.83551788300008, 25.32791710000015 ], [ 89.835289002000081, 25.328201294000053 ], [ 89.834510804000161, 25.329151153000055 ], [ 89.833442688000048, 25.330394744000159 ], [ 89.833244324000191, 25.330606461000173 ], [ 89.833000183000138, 25.33089828500016 ], [ 89.832908631, 25.331092834000174 ], [ 89.832847596000022, 25.331233978000171 ], [ 89.832725525000171, 25.331487655000103 ], [ 89.832496644000116, 25.331991196000104 ], [ 89.831054687000119, 25.33512687800004 ], [ 89.830383300000051, 25.336597442000027 ], [ 89.83026886, 25.336936951000098 ], [ 89.829162598000153, 25.339778901000102 ], [ 89.828987122000171, 25.340301513000156 ], [ 89.828865052000197, 25.340579986000023 ], [ 89.828552247000175, 25.341396332000045 ], [ 89.827888488000042, 25.343496323000181 ], [ 89.827346803000069, 25.345104218000074 ], [ 89.826744080000026, 25.34688186700015 ], [ 89.825317383000026, 25.346685410000134 ], [ 89.825119019000169, 25.346681595000121 ], [ 89.823860169000113, 25.347541810000166 ], [ 89.82350158800017, 25.347974778000093 ], [ 89.823326112000018, 25.348266602000081 ], [ 89.823089599000127, 25.348806382000134 ], [ 89.822990417000085, 25.349042893000103 ], [ 89.822792052000068, 25.349657059000094 ], [ 89.822692870000026, 25.349966049000102 ], [ 89.82262420700016, 25.350126266000132 ], [ 89.822479247000047, 25.350805283000057 ], [ 89.822456359000114, 25.350957870000173 ], [ 89.822441101000095, 25.351196289000086 ], [ 89.822380065000175, 25.351579667000181 ], [ 89.822174073000042, 25.353225709000128 ], [ 89.822219847999975, 25.353876114000059 ], [ 89.821968078000111, 25.354396821000023 ], [ 89.821907043000124, 25.354621887000178 ], [ 89.821365357000104, 25.355625154000165 ], [ 89.821273803000167, 25.356578826000032 ], [ 89.821220398000094, 25.357061386000169 ], [ 89.821128844000157, 25.35789489800004 ], [ 89.82105255100015, 25.358873368000161 ], [ 89.820968629000106, 25.35977745100007 ], [ 89.820907593000015, 25.361591339000086 ], [ 89.820846558000028, 25.363557816000139 ], [ 89.820960999000192, 25.364814759000126 ], [ 89.821144105000087, 25.3670578 ], [ 89.821159363000106, 25.368564605000074 ], [ 89.821098328000119, 25.370052337000061 ], [ 89.821037292000199, 25.371305466000081 ], [ 89.82118988000002, 25.372444152000185 ], [ 89.82121276800018, 25.372835160000022 ], [ 89.821197510000161, 25.373205185000188 ], [ 89.82121276800018, 25.37343216000005 ], [ 89.821159363000106, 25.374500276000106 ], [ 89.820930480000072, 25.374999999000181 ], [ 89.820602417000032, 25.375799179000012 ], [ 89.81999969400016, 25.37743187 ], [ 89.81959533700018, 25.379091263000134 ], [ 89.819503785000052, 25.37947273400016 ], [ 89.819580079000161, 25.380786895000085 ], [ 89.819725036000136, 25.381484986000032 ], [ 89.819908142000031, 25.382160187000181 ], [ 89.819976807000103, 25.382596970000179 ], [ 89.820510865000074, 25.383604050000031 ], [ 89.82066345200019, 25.383901596000101 ], [ 89.822509766000167, 25.387367249000079 ], [ 89.822799681999982, 25.388050080000028 ], [ 89.823257446000071, 25.388681413000086 ], [ 89.823394775000111, 25.388872147000086 ], [ 89.823440552000079, 25.389099122000118 ], [ 89.823493957000153, 25.389268875000027 ], [ 89.823516846000189, 25.389459609000028 ], [ 89.823707580000189, 25.390781404000052 ], [ 89.823982238000156, 25.392555237000181 ], [ 89.824104309000063, 25.393115998000098 ], [ 89.824188232000154, 25.393808365000098 ], [ 89.824790955000196, 25.396320343000127 ], [ 89.826309204000154, 25.399444580000079 ], [ 89.826759338000045, 25.400651931000027 ], [ 89.826789857, 25.40077209400016 ], [ 89.827003479000098, 25.401632310000082 ], [ 89.827209472, 25.403015137000182 ], [ 89.827308654000035, 25.404064179000102 ], [ 89.827339173000155, 25.404664994000029 ], [ 89.82732391400009, 25.405616761000147 ], [ 89.827293396000186, 25.405984879000073 ], [ 89.827285767000035, 25.406345368000132 ], [ 89.825904846000071, 25.406665803000067 ], [ 89.825309753000113, 25.407815934000098 ], [ 89.825294494, 25.408353805000104 ], [ 89.825233459, 25.408906938000143 ], [ 89.82518768400007, 25.409482955000101 ], [ 89.825218200999984, 25.410188676000132 ], [ 89.825248717000022, 25.410911560000102 ], [ 89.825317383000026, 25.412277221000011 ], [ 89.825309753000113, 25.41286277800009 ], [ 89.825340271000186, 25.413324357000192 ], [ 89.82536316, 25.413476945000184 ], [ 89.825500489000092, 25.413871766000057 ], [ 89.82559204100005, 25.414199829000154 ], [ 89.825614929000153, 25.414981843000191 ], [ 89.825622559000067, 25.415218354000103 ], [ 89.825653076000037, 25.416614532000153 ], [ 89.82855987500011, 25.423721315000137 ], [ 89.830520629000148, 25.428512573999967 ], [ 89.831230163000043, 25.432384491000164 ], [ 89.831558228000119, 25.434156419000033 ], [ 89.831817627000191, 25.435548782000069 ], [ 89.831947326000147, 25.435855866000054 ], [ 89.832092285000158, 25.43618202100015 ], [ 89.832260131, 25.436973573000103 ], [ 89.832466125000167, 25.437595367000029 ], [ 89.832603454000093, 25.438360215000046 ], [ 89.832664490000184, 25.438871384000151 ], [ 89.832916259000115, 25.439329148000184 ], [ 89.834487915000125, 25.442222594000157 ], [ 89.834587097000167, 25.442380906000096 ], [ 89.834724426000093, 25.442600250000112 ], [ 89.834793092000098, 25.442710877000138 ], [ 89.834960937000176, 25.442991258000177 ], [ 89.835769653000114, 25.44445800900013 ], [ 89.836273194000171, 25.445348741000089 ], [ 89.837821961000145, 25.448423385000126 ], [ 89.838119508000148, 25.448846817000174 ], [ 89.838180543000135, 25.448989869000059 ], [ 89.838523864000194, 25.449609758000122 ], [ 89.83854675300006, 25.44969749500018 ], [ 89.838638305000188, 25.449790954000036 ], [ 89.838684082000157, 25.449890136000079 ], [ 89.838928222999982, 25.450279237000188 ], [ 89.839004517000092, 25.450498582000137 ], [ 89.839454650000107, 25.451152802000081 ], [ 89.840293885, 25.452489853000145 ], [ 89.840538026000047, 25.452901840000038 ], [ 89.840972901000043, 25.453605652000192 ], [ 89.841125489000092, 25.453794479000067 ], [ 89.841354368999987, 25.454147338000041 ], [ 89.84146881200013, 25.454338074000191 ], [ 89.842109680000078, 25.45525550800005 ], [ 89.842437745000097, 25.455793380000159 ], [ 89.843757629000095, 25.457456588000127 ], [ 89.844360352000137, 25.458108901000173 ], [ 89.84462738000019, 25.458513260000132 ], [ 89.845024109000065, 25.458826064999982 ], [ 89.845443726000042, 25.459165573 ], [ 89.845626832000107, 25.459421158000112 ], [ 89.845825196000192, 25.459693908000133 ], [ 89.84627533000014, 25.46016311700015 ], [ 89.846519471000136, 25.460453034000068 ], [ 89.846984863000102, 25.460952759000122 ], [ 89.847167969000168, 25.461206436000055 ], [ 89.847961425999983, 25.462415695000175 ], [ 89.848709106000058, 25.463033677000169 ], [ 89.848823547, 25.46314430200016 ], [ 89.848419190000072, 25.463188172000059 ], [ 89.847305298000094, 25.463308335000136 ], [ 89.848205566000161, 25.463336944000105 ], [ 89.848815919000117, 25.4634761800001 ], [ 89.849235534000115, 25.463571549000051 ], [ 89.849426270000038, 25.463722229000098 ], [ 89.849655151000093, 25.463933944000132 ], [ 89.85015106200018, 25.464250564000054 ], [ 89.850158692000093, 25.464504243000135 ], [ 89.850303649000068, 25.464664459000062 ], [ 89.850570679000157, 25.464874268000131 ], [ 89.851150513000164, 25.465356828000097 ], [ 89.851440428999979, 25.465589524000166 ], [ 89.85164642400008, 25.465723038000192 ], [ 89.85197448700012, 25.465888978000066 ], [ 89.852119446000131, 25.465950013000054 ], [ 89.852157593000186, 25.466207505000057 ], [ 89.852157593000186, 25.466299057000128 ], [ 89.852264403000163, 25.466369628000052 ], [ 89.85200500600007, 25.466753006000147 ], [ 89.852027892000194, 25.466903686000023 ], [ 89.852027892000194, 25.46698761 ], [ 89.852027892000194, 25.467075349000083 ], [ 89.852066041000057, 25.467174531000126 ], [ 89.852058411000144, 25.467247009000062 ], [ 89.851814270000091, 25.46741676500011 ], [ 89.851737976000038, 25.467470170000126 ], [ 89.851593017000198, 25.467575074000138 ], [ 89.851593017000198, 25.467880249000075 ], [ 89.851600647000112, 25.468345643000191 ], [ 89.851661682000099, 25.468481065000049 ], [ 89.851760864000141, 25.468666076000147 ], [ 89.851852416000099, 25.468862535000142 ], [ 89.851936340000066, 25.469114304000129 ], [ 89.851936340000066, 25.469364166 ], [ 89.85197448700012, 25.469923020000067 ], [ 89.852012634000175, 25.470048905000112 ], [ 89.85200500600007, 25.470201493000104 ], [ 89.851982117000034, 25.470590591000132 ], [ 89.85197448700012, 25.470710754000038 ], [ 89.852066041000057, 25.471374513000171 ], [ 89.852088928000114, 25.471750260000078 ], [ 89.852058411000144, 25.472198486000025 ], [ 89.852203370000154, 25.47242546200016 ], [ 89.852142335000167, 25.472614288000159 ], [ 89.852058411000144, 25.472738267000011 ], [ 89.851959229000101, 25.472862245000158 ], [ 89.85182952800011, 25.472951889000115 ], [ 89.851570130000141, 25.473077775000036 ], [ 89.851379394, 25.473173142000064 ], [ 89.850830078000058, 25.473583221000126 ], [ 89.850730896000186, 25.473646164000115 ], [ 89.850608826000041, 25.473724365000066 ], [ 89.85040283100011, 25.47380828900009 ], [ 89.849975586000198, 25.473928452000166 ], [ 89.849723816000164, 25.473972322000066 ], [ 89.849227906000181, 25.474014281999985 ], [ 89.849235534000115, 25.474117279000097 ], [ 89.849288941000168, 25.475139619000117 ], [ 89.849334716000101, 25.475368500000116 ], [ 89.849441528000057, 25.476819993000049 ], [ 89.84949493300013, 25.477245330000187 ], [ 89.849540710000099, 25.478403092000065 ], [ 89.84955596900005, 25.478923799000029 ], [ 89.849624634000122, 25.480457306000176 ], [ 89.849609376000103, 25.480684281000038 ], [ 89.849563599000135, 25.480855942000119 ], [ 89.84949493300013, 25.481334687000071 ], [ 89.849578857000154, 25.481996536000167 ], [ 89.849769591000154, 25.48278999300004 ], [ 89.849884034000127, 25.483306885000161 ], [ 89.850135803000057, 25.484062195000149 ], [ 89.850219727000081, 25.484241486000144 ], [ 89.850387573000091, 25.484607698000048 ], [ 89.850227355000186, 25.484699250000176 ], [ 89.850013733000083, 25.484786988000167 ], [ 89.849899292000146, 25.484834671000101 ], [ 89.849983216000112, 25.484979630000112 ], [ 89.850051879000034, 25.485111237000069 ], [ 89.85026550200007, 25.485137940000072 ], [ 89.850326537000058, 25.485193253000091 ], [ 89.850372314000197, 25.48538589400016 ], [ 89.850456238, 25.485858917000087 ], [ 89.850280762000068, 25.486154556000145 ], [ 89.850158692000093, 25.486310960000139 ], [ 89.849739075000116, 25.486839295000038 ], [ 89.849617004000038, 25.487251282000102 ], [ 89.849563599000135, 25.487607956000147 ], [ 89.849433898000143, 25.487913133000063 ], [ 89.849380493000069, 25.488128663000168 ], [ 89.849281311000084, 25.48831748900011 ], [ 89.84916687000009, 25.488534926999989 ], [ 89.849128724000138, 25.488660813000138 ], [ 89.849075318000132, 25.488908767000055 ], [ 89.849052430000199, 25.489080430000115 ], [ 89.848983764000025, 25.489454270000124 ], [ 89.848968506, 25.490036012000132 ], [ 89.849105835000103, 25.490320206000035 ], [ 89.849205017000145, 25.491191864000029 ], [ 89.84936523500005, 25.492034913000055 ], [ 89.849266052000132, 25.492069245000039 ], [ 89.849128724000138, 25.492115022000178 ], [ 89.849136352000073, 25.492237091000106 ], [ 89.849159240000176, 25.492525101000126 ], [ 89.849212647000058, 25.492721558000085 ], [ 89.849624634000122, 25.493492127000025 ], [ 89.849830627000017, 25.493803024000044 ], [ 89.850486755000134, 25.493911744000172 ], [ 89.850944519000166, 25.494009018000042 ], [ 89.851135255000145, 25.494081497000082 ], [ 89.851310731000126, 25.49412727400005 ], [ 89.851432799000065, 25.49413108900012 ], [ 89.851554870000143, 25.494190217000039 ], [ 89.851707459000068, 25.494228364000094 ], [ 89.851799011000196, 25.494293214000095 ], [ 89.852233887000125, 25.494499206000114 ], [ 89.852584838000098, 25.494714737000095 ], [ 89.852775574000077, 25.49481773399998 ], [ 89.852935791999982, 25.494922639000038 ], [ 89.853134156000067, 25.495124818000193 ], [ 89.853454589000194, 25.495378495000125 ], [ 89.853553771000065, 25.495494843000131 ], [ 89.853691100000162, 25.495592118000104 ], [ 89.853889464000019, 25.495771408000053 ], [ 89.85478210399998, 25.497011184000144 ], [ 89.855049133000136, 25.497297287000094 ], [ 89.855148316000111, 25.497533799000109 ], [ 89.85516357400013, 25.497755051000127 ], [ 89.854866028, 25.498291016000167 ], [ 89.854599000000121, 25.499069213000155 ], [ 89.854530334000117, 25.499418259000038 ], [ 89.854232788000047, 25.500171662000128 ], [ 89.854095459000121, 25.500509263000083 ], [ 89.853912353000055, 25.501068116000056 ], [ 89.853775024000186, 25.501525878000109 ], [ 89.853668214000038, 25.502037049000023 ], [ 89.85359191800012, 25.502449036000087 ], [ 89.853569031000063, 25.502946855000175 ], [ 89.853599548000034, 25.503492355000162 ], [ 89.85370636000016, 25.504039764000083 ], [ 89.853851318000068, 25.504344940000124 ], [ 89.853935240999988, 25.504280090000066 ], [ 89.85412597800007, 25.504236221999975 ], [ 89.855583191000107, 25.503639222000174 ], [ 89.857009888000107, 25.504453660000024 ], [ 89.857040405000077, 25.504549027000053 ], [ 89.857536315000061, 25.506038666999984 ], [ 89.857887269000173, 25.506504059000122 ], [ 89.857948304000161, 25.506700516000137 ], [ 89.858230590000062, 25.507818223000186 ], [ 89.858299256000066, 25.50816726700009 ], [ 89.85848999000018, 25.508901595999987 ], [ 89.858543395000083, 25.509727478000116 ], [ 89.858726501000149, 25.510257722000119 ], [ 89.858833313000105, 25.510257722000119 ], [ 89.859092713000052, 25.511243821000107 ], [ 89.859336852000126, 25.512208939000175 ], [ 89.859367371000076, 25.512414933000173 ], [ 89.859458923000147, 25.512952804000179 ], [ 89.859535216000154, 25.513208390000045 ], [ 89.859603882000158, 25.513713837000182 ], [ 89.859634399000129, 25.513904571000182 ], [ 89.859657287000061, 25.514223098000116 ], [ 89.85967254500008, 25.514368057000127 ], [ 89.859741211000085, 25.514648438000165 ], [ 89.859825135000108, 25.515312193999989 ], [ 89.859947205000083, 25.515983581000057 ], [ 89.859985352000137, 25.516399383000191 ], [ 89.860076904000039, 25.516929626999968 ], [ 89.860122681000178, 25.517284394000114 ], [ 89.860183716000165, 25.517723084000181 ], [ 89.859970092000083, 25.518213273000129 ], [ 89.859649659000127, 25.518964768000046 ], [ 89.859336852000126, 25.519615173000147 ], [ 89.858642577000126, 25.521076202000131 ], [ 89.858413696000127, 25.52163124000009 ], [ 89.858123780000085, 25.522293091000051 ], [ 89.857589722000114, 25.523489 ], [ 89.857482909999987, 25.523771286000056 ], [ 89.857383728000173, 25.524152756000149 ], [ 89.85709381200013, 25.524959564000142 ], [ 89.856956483000033, 25.525342942000066 ], [ 89.856765747000111, 25.525712967000175 ], [ 89.856529235000039, 25.526369095000121 ], [ 89.856483459000174, 25.526460649000057 ], [ 89.856208801000037, 25.527233125 ], [ 89.856101990000127, 25.527584077000085 ], [ 89.855590821000021, 25.528846741000109 ], [ 89.855537414000139, 25.529148102000136 ], [ 89.855293275000122, 25.529701233000139 ], [ 89.855094910000105, 25.530185699000072 ], [ 89.854949951000151, 25.530548096000132 ], [ 89.854789734000121, 25.530933381000125 ], [ 89.854644775000111, 25.531219482000097 ], [ 89.854377747000058, 25.531892776000177 ], [ 89.854301453000119, 25.532060624000053 ], [ 89.854263306000064, 25.532207489000029 ], [ 89.854019165000011, 25.532777787000157 ], [ 89.853973388000043, 25.532953263000081 ], [ 89.853736877000131, 25.533439636000082 ], [ 89.853569031000063, 25.533882142000095 ], [ 89.853248597000061, 25.5345859520001 ], [ 89.853088379000098, 25.534940719000019 ], [ 89.853027344000111, 25.535121918000186 ], [ 89.852943420000088, 25.535261154000182 ], [ 89.852867126000035, 25.535388947000172 ], [ 89.852806091000048, 25.535619736000172 ], [ 89.852668762000121, 25.535808563999979 ], [ 89.852363584999978, 25.536424636000163 ], [ 89.85213470400015, 25.53688812300004 ], [ 89.851303100999985, 25.538549423 ], [ 89.851219177000189, 25.538719178000122 ], [ 89.85144806, 25.539096833000031 ], [ 89.852088928000114, 25.539291383000148 ], [ 89.855026245000033, 25.540239335000024 ], [ 89.855751037000175, 25.540330887000152 ], [ 89.856124879000163, 25.54055213900017 ], [ 89.856307983000022, 25.540662765000093 ], [ 89.85673523000014, 25.540805816000102 ], [ 89.857856750000053, 25.541543961000173 ], [ 89.858177185000159, 25.541782378999983 ], [ 89.85848999000018, 25.542001725000034 ], [ 89.859146118000126, 25.542272568000158 ], [ 89.859504700000116, 25.542430877000186 ], [ 89.859725953000066, 25.542503358000033 ], [ 89.860397339000031, 25.542701722000118 ], [ 89.860855103000063, 25.542760850000036 ], [ 89.861106872000164, 25.542816163000111 ], [ 89.861968995000041, 25.542972565000071 ], [ 89.862174988000106, 25.543006897000055 ], [ 89.862358093000068, 25.543022155000074 ], [ 89.86273193400018, 25.543193818000191 ], [ 89.866210937000176, 25.542840958999989 ], [ 89.870155334000117, 25.544942855000045 ], [ 89.870101929000043, 25.544221879000077 ], [ 89.873802185000159, 25.549280166000131 ], [ 89.87758636500007, 25.548931122000056 ], [ 89.886360168000124, 25.55787086600003 ], [ 89.904411316000107, 25.559499739999978 ], [ 89.918098450000173, 25.56262969900007 ], [ 89.92605590800008, 25.563529969000115 ], [ 89.935836792000032, 25.562709808000022 ], [ 89.941642761000196, 25.567621230000157 ], [ 89.949378965999983, 25.568250657000078 ], [ 89.95675659200009, 25.570461273000035 ], [ 89.966461182000103, 25.571701049000126 ], [ 89.972808837000173, 25.574609758000179 ], [ 89.975051879000091, 25.583509445000175 ], [ 89.979156494000165, 25.590730668000162 ], [ 89.989501954000161, 25.588809968000078 ], [ 89.995361328000172, 25.586349488000053 ], [ 90.002120972000114, 25.584190369 ], [ 90.005821228000173, 25.58836937000018 ], [ 90.011062622000054, 25.598350525000114 ], [ 90.017295837000063, 25.60219192500017 ], [ 90.018440247000058, 25.608390808000138 ], [ 90.004539489000081, 25.623821259000124 ], [ 90.001380921000077, 25.624431610000102 ], [ 89.999336242000084, 25.621850967000171 ], [ 89.9952926630001, 25.62302970900015 ], [ 89.983322144000056, 25.626710892000176 ], [ 89.98230743400012, 25.628431320000061 ], [ 89.980438231999983, 25.637569428000177 ], [ 89.946952820000149, 25.658830642000169 ], [ 89.94184875600007, 25.673650741000074 ], [ 89.941726685000049, 25.678119660000107 ], [ 89.936996461000149, 25.686630249000018 ], [ 89.93235015800002, 25.689960479999968 ], [ 89.921127320000153, 25.694421769000087 ], [ 89.919548036000037, 25.696769715000187 ], [ 89.918502807000152, 25.702688217000173 ], [ 89.914276124000082, 25.704008104000025 ], [ 89.912635802000068, 25.707061766999971 ], [ 89.904876709000177, 25.714780808000171 ], [ 89.894241333000195, 25.727239610000026 ], [ 89.892616272000112, 25.735000611000089 ], [ 89.895416260000161, 25.744119644000079 ], [ 89.899085999000135, 25.744050980000111 ], [ 89.911376953000115, 25.741569519000052 ], [ 89.916137696000135, 25.739191055000049 ], [ 89.921867370000086, 25.739168167000116 ], [ 89.927940369000112, 25.741350174000104 ], [ 89.933509827000137, 25.744550706000041 ], [ 89.934646606000172, 25.747539521000192 ], [ 89.933715820000032, 25.752531052000109 ], [ 89.943519592000143, 25.760541916000136 ], [ 89.946685790000117, 25.764720916000044 ], [ 89.952392578000115, 25.770170212000096 ], [ 89.955245971000068, 25.774459840000134 ], [ 89.955017090000013, 25.781641007000189 ], [ 89.952606200000048, 25.783420563000163 ], [ 89.950813293000124, 25.791980744000114 ], [ 89.95199584900007, 25.810911178000026 ], [ 89.949356080000086, 25.814422608000143 ], [ 89.945617675000108, 25.816101074000073 ], [ 89.945816039000192, 25.820230485000081 ], [ 89.944580079000048, 25.824478149000186 ], [ 89.950569152000071, 25.82487106300016 ], [ 89.95886993400012, 25.826568604000045 ], [ 89.967956542000195, 25.826150895000183 ], [ 89.973548889000085, 25.828140258000019 ], [ 89.975898742000084, 25.834039689000122 ], [ 89.990806580000083, 25.835510254000042 ], [ 89.99471283000014, 25.838760376000153 ], [ 89.997802735000107, 25.839670181000031 ], [ 90.001602173000094, 25.842241287000149 ], [ 89.99983215300017, 25.843690872000082 ], [ 89.997436523000033, 25.844209671000101 ], [ 89.997566224000195, 25.846700668000096 ], [ 90.000267028000167, 25.848600387000147 ], [ 90.008316040000182, 25.846830369000088 ], [ 90.011520386000143, 25.849670410000101 ], [ 90.020767212000123, 25.86161041400004 ], [ 90.021919250000053, 25.865528107000102 ], [ 90.021377563000101, 25.868490219000023 ], [ 90.01872253300013, 25.871370316000025 ], [ 90.014366149000125, 25.871789933000059 ], [ 90.009773254000152, 25.8757305150001 ], [ 90.004737853000165, 25.878681184000072 ], [ 90.015251160000048, 25.888620377000109 ], [ 90.021263122000107, 25.89319038400015 ], [ 90.027915954000093, 25.89430999800004 ], [ 90.034507751000092, 25.893510819000085 ], [ 90.042098999000075, 25.890750885000159 ], [ 90.052192689000151, 25.89868927100008 ], [ 90.055076599000188, 25.908090592000178 ], [ 90.058921814000087, 25.910270691000164 ], [ 90.063308715000062, 25.915548324000156 ], [ 90.067619324000134, 25.916160583000078 ], [ 90.072425842000087, 25.919338226000036 ], [ 90.077972412, 25.917680741000083 ], [ 90.079452514000081, 25.919279099000164 ], [ 90.080726624000192, 25.924528122000083 ], [ 90.087387086000092, 25.926269531000173 ], [ 90.091926576000162, 25.928760528000169 ], [ 90.087959290000185, 25.936199189000035 ], [ 90.096122742000034, 25.93951988200007 ], [ 90.099136352000187, 25.939260483 ], [ 90.10051727300015, 25.942068099000153 ], [ 90.105369568000071, 25.941930770000056 ], [ 90.107887269000116, 25.950590134000151 ], [ 90.110916138000164, 25.954111099000045 ], [ 90.113777160000097, 25.957439422 ], [ 90.118652343000122, 25.961259841000185 ], [ 90.120002747000171, 25.957719803000032 ], [ 90.123229980000076, 25.957162857000128 ], [ 90.128448487000128, 25.958770752000021 ], [ 90.134078979000037, 25.957809448999967 ], [ 90.140029907000041, 25.95813942 ], [ 90.147392273000094, 25.964479447000144 ], [ 90.153396606000115, 25.964700700000037 ], [ 90.15448761000016, 25.960210799000095 ], [ 90.158386230000133, 25.958259583000086 ], [ 90.163497925000058, 25.957361221000042 ], [ 90.168487549000076, 25.957380294000075 ], [ 90.172653199000138, 25.958749771000157 ], [ 90.176116944000114, 25.957082748000175 ], [ 90.180526733000193, 25.947000503000027 ], [ 90.182510376000096, 25.94445037800017 ], [ 90.185668946000135, 25.945569993000163 ], [ 90.189453126000046, 25.953239440000118 ], [ 90.193962097, 25.957000734000133 ], [ 90.208442688000105, 25.961572648000072 ], [ 90.211120606000122, 25.955640793000157 ], [ 90.212760926000158, 25.953889848000131 ], [ 90.227371215000119, 25.955139161000034 ], [ 90.277816772000165, 25.963172913000051 ], [ 90.286582947000113, 25.963899612000034 ], [ 90.324340819000156, 25.974380493000069 ], [ 90.32905578499998, 25.982698440999968 ], [ 90.329948425000111, 25.988500595000062 ], [ 90.336921691000157, 25.990169526000045 ], [ 90.339317321000124, 25.996860504000153 ], [ 90.344856263000111, 26.001239777000023 ], [ 90.346656800000119, 26.00295257700003 ], [ 90.364990234000061, 26.010320665000165 ], [ 90.380805969999983, 26.011648179000076 ], [ 90.387367248000032, 26.011262894000083 ], [ 90.393951416000164, 26.01410102900013 ], [ 90.396499633000076, 26.014150619000191 ], [ 90.397293090000119, 26.012229919000049 ], [ 90.400192261000086, 26.009281159000125 ], [ 90.407562256000119, 26.007560729999966 ], [ 90.411041259000115, 26.005870819000052 ], [ 90.413940430000139, 26.001319886000033 ], [ 90.416496277000135, 25.996850968000103 ], [ 90.417427064000094, 25.992340087000173 ], [ 90.428627014000085, 25.989040375000172 ], [ 90.447113037000065, 25.996530534000044 ], [ 90.457519532000049, 25.999572754000042 ], [ 90.457916261000094, 26.001340867000067 ], [ 90.459098816000164, 26.003231048000032 ], [ 90.465301513999975, 26.007221222000169 ], [ 90.470901489000141, 26.012599944000044 ], [ 90.477287293000074, 26.015260696000098 ], [ 90.481216430000188, 26.014022828000179 ], [ 90.489585877000138, 26.009639740000068 ], [ 90.492362975000049, 26.006509781000148 ], [ 90.497932434000177, 26.003650665 ], [ 90.500137329000097, 26.001361847 ], [ 90.505737304000093, 25.996021270000028 ], [ 90.513557433000074, 25.982370377 ], [ 90.524063111000146, 25.969900131000088 ], [ 90.52983856100019, 25.961860657000159 ], [ 90.534461975000113, 25.958021164000172 ], [ 90.53479766900017, 25.945640564000087 ], [ 90.533782959000064, 25.936292648000062 ], [ 90.532211305000033, 25.932552338000164 ], [ 90.52616119400011, 25.928279878000183 ], [ 90.518516541000054, 25.909400941000172 ], [ 90.511100768000119, 25.900140762000035 ], [ 90.512542725000117, 25.896240234000061 ], [ 90.518013, 25.896480560000043 ], [ 90.525482177000129, 25.901010513000131 ], [ 90.533607483000083, 25.908800125000027 ], [ 90.539176941000107, 25.915460587000098 ], [ 90.546821594000164, 25.919879914000092 ], [ 90.553359986000089, 25.929121017000057 ], [ 90.56324005100015, 25.935569764000093 ], [ 90.571372985000039, 25.939029694 ], [ 90.572738647000051, 25.944000245000154 ], [ 90.572776793000173, 25.948150634000115 ], [ 90.578796388000058, 25.958030702000087 ], [ 90.582458497000118, 25.959791184000096 ], [ 90.587272644999985, 25.953912734000085 ], [ 90.591850282000109, 25.952119828000036 ], [ 90.601936340000123, 25.951780319000136 ], [ 90.605392456000061, 25.946950913000023 ], [ 90.629013061000194, 25.937429429000019 ], [ 90.607566833000135, 25.919580460000134 ], [ 90.606506349000142, 25.912281035999968 ], [ 90.608093261000192, 25.908018113000139 ], [ 90.61074829, 25.907449722000081 ], [ 90.614196777000188, 25.899509430000023 ], [ 90.624809264000078, 25.898899079000046 ], [ 90.626716613000099, 25.90135955900007 ], [ 90.628936767000084, 25.906549455000118 ], [ 90.626861572999985, 25.911270141000102 ], [ 90.627326965000123, 25.916990281000153 ], [ 90.637832642000149, 25.923330306000082 ], [ 90.65399169900013, 25.929662705000112 ], [ 90.670188903000053, 25.934259416000032 ], [ 90.675651551000158, 25.936479569000142 ], [ 90.686042786000087, 25.9508094790001 ], [ 90.713096619000055, 25.952182770000093 ], [ 90.717742919000045, 25.954708099000072 ], [ 90.720680236000192, 25.949171067000066 ], [ 90.725402833000032, 25.948770523000121 ], [ 90.732269287000122, 25.952560426000105 ], [ 90.740287780000187, 25.95491027800017 ], [ 90.743553161000079, 25.956672668000181 ], [ 90.747436523000033, 25.957321167000089 ], [ 90.746047973000088, 25.952640534000125 ], [ 90.743789672, 25.949430466000138 ], [ 90.744697572000177, 25.946500779000075 ], [ 90.740303039000082, 25.940891266000051 ], [ 90.744132995000086, 25.932790757000078 ], [ 90.747467041000107, 25.932319642000095 ], [ 90.750709534000066, 25.934080125000037 ], [ 90.752639771000133, 25.933959962000131 ], [ 90.746192932000099, 25.921930313000189 ], [ 90.7405395520002, 25.91521072300003 ], [ 90.742340089000095, 25.91295051700007 ], [ 90.745437622000111, 25.912290574000053 ], [ 90.750061036000034, 25.919240952000109 ], [ 90.758949280000024, 25.921640397000147 ], [ 90.757629395000151, 25.916570664000176 ], [ 90.757720947000109, 25.911071777000188 ], [ 90.769050598000035, 25.908510208999985 ], [ 90.778060913000104, 25.908290864000037 ], [ 90.778488160000052, 25.914300918000151 ], [ 90.781677247, 25.921249391000117 ], [ 90.79170227000003, 25.935739518000105 ], [ 90.797096252000131, 25.941471101000161 ], [ 90.808692933000145, 25.947189332000107 ], [ 90.809890747000111, 25.95215988200016 ], [ 90.820449829000154, 25.948429107000152 ], [ 90.823883056999989, 25.945100784000147 ], [ 90.828002930000082, 25.947429658000146 ], [ 90.832260132000101, 25.945280074999971 ], [ 90.836196899000129, 25.947259903000031 ], [ 90.836761476000049, 25.938190460000044 ], [ 90.839836120000029, 25.938432694000028 ], [ 90.841041564000136, 25.943170548000126 ], [ 90.843238830000018, 25.944810868000161 ], [ 90.856796265000128, 25.944330215000093 ], [ 90.869606018000127, 25.942399979000072 ], [ 90.872886658000141, 25.942922592000059 ], [ 90.872406006000176, 25.94672966000013 ], [ 90.875236511000139, 25.949119567000082 ], [ 90.880226135000157, 25.946250915 ], [ 90.881439209000177, 25.950639726000134 ], [ 90.882980347000114, 25.951749803000098 ], [ 90.888359069000046, 25.943620682000073 ], [ 90.892387390000181, 25.93906021100014 ], [ 90.896461486000135, 25.937469483000143 ], [ 90.897041321000017, 25.935380936000115 ], [ 90.895378113000106, 25.931510925000055 ], [ 90.901191712000184, 25.92959022500014 ], [ 90.912528991000045, 25.920299529000033 ], [ 90.916076660000044, 25.915058136000084 ], [ 90.919113160000109, 25.913311004000093 ], [ 90.916297913000108, 25.928140641000084 ], [ 90.91587829600013, 25.943161010000097 ], [ 90.918342591000169, 25.943161010000097 ], [ 90.932067872000118, 25.939672470000062 ], [ 90.93466186600017, 25.941141128000083 ], [ 90.937492371000133, 25.944761276000122 ], [ 90.942749023000033, 25.947570802000087 ], [ 90.945571900000118, 25.939121246000127 ], [ 90.953849793000131, 25.936702728000057 ], [ 90.957916260000104, 25.93394279600011 ], [ 90.960639953000111, 25.927698136000174 ], [ 90.966896057000099, 25.905330658000082 ], [ 90.967308045000095, 25.896640778000176 ], [ 90.966606140000181, 25.891000748000124 ], [ 90.967453003000173, 25.887180329000159 ], [ 90.971328736000146, 25.887670517 ], [ 90.975387574000081, 25.889450073000035 ], [ 90.984802246000129, 25.889932633000171 ], [ 90.996887207000043, 25.888679505000027 ], [ 91.001327515000071, 25.886489867000023 ], [ 91.013732911000091, 25.884319306000123 ], [ 91.020606995000094, 25.887279512000077 ], [ 91.025680541000099, 25.888380051000127 ], [ 91.028289796000081, 25.88857078500007 ], [ 91.029220582, 25.888048173000186 ], [ 91.029106139000021, 25.879850388000023 ], [ 91.026519775000111, 25.866621017999989 ], [ 91.021827698000095, 25.861331941000174 ], [ 91.015129089000141, 25.859060287000148 ], [ 91.013107299000012, 25.857191087000047 ], [ 91.012741089000087, 25.848840713000129 ], [ 91.008666991000155, 25.838239671000167 ], [ 91.001586914000143, 25.825799943000106 ], [ 91.000785827000186, 25.822250367000038 ], [ 91.006111144000158, 25.820779801000072 ], [ 91.012702943000136, 25.821090698000091 ], [ 91.020812988000159, 25.822620392000033 ], [ 91.024940491000166, 25.827560426000048 ], [ 91.041969299000129, 25.839401246000079 ], [ 91.04910278300008, 25.84880828900009 ], [ 91.065902711000092, 25.846420287000058 ], [ 91.078536988000167, 25.852619172000061 ], [ 91.07299804600018, 25.84247970500013 ], [ 91.072875977000137, 25.838331223000125 ], [ 91.067512511000075, 25.836309433000167 ], [ 91.061798096000018, 25.836080552000112 ], [ 91.057220459000121, 25.832042694000165 ], [ 91.049880982000047, 25.828899384000124 ], [ 91.059020996000129, 25.822269440000127 ], [ 91.063262940000072, 25.820369721000077 ], [ 91.066535950000173, 25.825759888999983 ], [ 91.081352235000168, 25.829341889000091 ], [ 91.120780945000035, 25.831340790000183 ], [ 91.126342773000147, 25.838199617000043 ], [ 91.131683350000174, 25.841949463000162 ], [ 91.137908935000041, 25.842130661000056 ], [ 91.145393371000068, 25.847339630000192 ], [ 91.152862548000144, 25.850072861000115 ], [ 91.161651612000128, 25.849319458000025 ], [ 91.168190002000017, 25.845630645000085 ], [ 91.179016114000149, 25.842750550000119 ], [ 91.181762695000145, 25.844121934000043 ], [ 91.185470581000118, 25.849969864000059 ], [ 91.193038941000168, 25.855230332000076 ], [ 91.196479797000109, 25.859010697000144 ], [ 91.198120117000144, 25.854831696000133 ], [ 91.198661804000096, 25.847639084000093 ], [ 91.202629090000073, 25.840541839000025 ], [ 91.194519043000071, 25.830610276000129 ], [ 91.194313050000176, 25.826400757000101 ], [ 91.189872742000148, 25.820779801000072 ], [ 91.188156127000127, 25.815570832000105 ], [ 91.190956116000052, 25.810699463 ], [ 91.187248230000023, 25.803289414000176 ], [ 91.184745789000033, 25.795030594000025 ], [ 91.183967591000112, 25.782590866000191 ], [ 91.179931641000167, 25.77631950500006 ], [ 91.181182860000035, 25.773349763000169 ], [ 91.185913087000131, 25.769939423000096 ], [ 91.185699462000173, 25.76687812800003 ], [ 91.189178467000147, 25.763469695000026 ], [ 91.188713073000031, 25.738929748000032 ], [ 91.192337036000083, 25.736089707000133 ], [ 91.191986084000177, 25.729581832000179 ], [ 91.197998046000066, 25.730979920000038 ], [ 91.215866088000041, 25.723909379000077 ], [ 91.221443177000083, 25.726049424000109 ], [ 91.223876953000172, 25.723419191000175 ], [ 91.232498170000042, 25.729158402000166 ], [ 91.255371094000168, 25.747829437000178 ], [ 91.262283325, 25.749290466 ], [ 91.275627136000196, 25.746940613000163 ], [ 91.276466370000151, 25.751670837000063 ], [ 91.279586791000156, 25.756662369000026 ], [ 91.287292480000076, 25.764110565000124 ], [ 91.296897888000103, 25.778249740000149 ], [ 91.306327819000103, 25.796369552000158 ], [ 91.32498931900011, 25.82378959700003 ], [ 91.332427978, 25.832090378000032 ], [ 91.332176208000135, 25.833700181000097 ], [ 91.333557128000166, 25.838840485000162 ], [ 91.336425782000049, 25.838409424000076 ], [ 91.342491149000182, 25.836099626000134 ], [ 91.344398498000146, 25.839439392000031 ], [ 91.348556518000123, 25.840351105000082 ], [ 91.353309631000172, 25.83773994500001 ], [ 91.356887818000189, 25.84146118200016 ], [ 91.36370086800008, 25.840490342000123 ], [ 91.370498657000098, 25.844301223000059 ], [ 91.376869202000023, 25.844879150000168 ], [ 91.382118226000046, 25.84693908700018 ], [ 91.388519288000111, 25.847299576000069 ], [ 91.40119171200007, 25.851100922000171 ], [ 91.405090332000043, 25.84988021900017 ], [ 91.412727355000186, 25.853918076000014 ], [ 91.418899537000186, 25.854721069000107 ], [ 91.424301148000097, 25.853559494000024 ], [ 91.430847167000195, 25.847761155000171 ], [ 91.441223145000151, 25.841630935000069 ], [ 91.444396972000163, 25.841020584000148 ], [ 91.447402955000086, 25.845661164000035 ], [ 91.454956054000036, 25.851312637000035 ], [ 91.468727112000067, 25.85902977 ], [ 91.474960327000076, 25.857191087000047 ], [ 91.478401185000166, 25.857681275000118 ], [ 91.483039855000129, 25.862899780000134 ], [ 91.496032714000194, 25.862340928000094 ], [ 91.507881164000139, 25.86479950100005 ], [ 91.512756348000096, 25.86655807600016 ], [ 91.519119263000164, 25.873121261000051 ], [ 91.521766662000118, 25.874349593999966 ], [ 91.52540588300019, 25.872890473000155 ], [ 91.52887725800008, 25.880870819000165 ], [ 91.532623291000164, 25.884069444000033 ], [ 91.532058717000155, 25.888151170000071 ], [ 91.529739381000127, 25.889680862000034 ], [ 91.525779725000064, 25.890108109000096 ], [ 91.522216796000066, 25.885932923000155 ], [ 91.519767761000196, 25.87802124000001 ], [ 91.517250061000027, 25.874671936000027 ], [ 91.513549805000139, 25.870950699000048 ], [ 91.507781982000097, 25.867441177000103 ], [ 91.498306275000118, 25.867202759000122 ], [ 91.493690491000109, 25.865528107000102 ], [ 91.47738647500006, 25.868722915000092 ], [ 91.474761962000059, 25.871231080000086 ], [ 91.475936890000128, 25.87803840600003 ], [ 91.47867584300019, 25.88468170200008 ], [ 91.4833831790001, 25.891059876000043 ], [ 91.488533020000148, 25.894849777000047 ], [ 91.492919923000102, 25.895578385000078 ], [ 91.498611450000055, 25.89246750000018 ], [ 91.503257752000081, 25.892160416000024 ], [ 91.501152039000033, 25.898469926000132 ], [ 91.508537292000085, 25.909759522000058 ], [ 91.524780273000147, 25.92078971900014 ], [ 91.531326295000156, 25.923711777000108 ], [ 91.535896302000197, 25.934001923000153 ], [ 91.521697999000196, 25.924850465000191 ], [ 91.516853331999982, 25.920021058000032 ], [ 91.510780335000163, 25.915430069000024 ], [ 91.505577088000109, 25.913080216000026 ], [ 91.503341674000069, 25.914321899000186 ], [ 91.501632691000168, 25.920761108000136 ], [ 91.516288758000201, 25.938329697000086 ], [ 91.519783019000045, 25.940891266000051 ], [ 91.518188477000081, 25.952802657000177 ], [ 91.518501282000102, 25.958150863000185 ], [ 91.52379608200016, 25.959409714000174 ], [ 91.525848389000032, 25.961320876000173 ], [ 91.532409668000184, 25.962240219000137 ], [ 91.537170409000169, 25.962100983000141 ], [ 91.537277222000057, 25.968389512000101 ], [ 91.548942566000107, 25.975097657000106 ], [ 91.551261902000192, 25.974899292000146 ], [ 91.554840087000059, 25.986610414000097 ], [ 91.565368653000064, 26.001840592000121 ], [ 91.566085816000168, 26.003759385000137 ], [ 91.565132142000095, 26.007509231000085 ], [ 91.568595887000072, 26.011949539000113 ], [ 91.569717407000155, 26.016841888000158 ], [ 91.568809509000175, 26.021741867000173 ], [ 91.570030212000177, 26.02748107900004 ], [ 91.57583618100017, 26.033109665000154 ], [ 91.584098816, 26.031980515000157 ], [ 91.588127137000185, 26.030149458999972 ], [ 91.597061158000145, 26.017061233000106 ], [ 91.596809386000075, 26.020799636000106 ], [ 91.601867676000097, 26.022630692000064 ], [ 91.616546631000062, 26.024721145000115 ], [ 91.620292664000146, 26.027030945000092 ], [ 91.626106262000121, 26.023969650000026 ], [ 91.632156372000111, 26.022409439000114 ], [ 91.633399963000045, 26.017850875000079 ], [ 91.632102967000037, 26.01395988500019 ], [ 91.633026123000036, 26.004909516000168 ], [ 91.632072449000191, 26.001871109000035 ], [ 91.630447387, 25.999828338000043 ], [ 91.626716613000042, 25.997650146000126 ], [ 91.628669739000031, 25.995130538000183 ], [ 91.62471771200012, 25.985902786000167 ], [ 91.626792908000084, 25.982389451000188 ], [ 91.62802124100017, 25.976970672000107 ], [ 91.632141114000092, 25.970790863000104 ], [ 91.637947082000153, 25.964849472000083 ], [ 91.634086608000132, 25.960500718000162 ], [ 91.630119324000134, 25.94463920700008 ], [ 91.624626160000048, 25.945970535000072 ], [ 91.610931396000069, 25.944601060000025 ], [ 91.611152648000086, 25.939920426000185 ], [ 91.622756956999979, 25.930990220000069 ], [ 91.632827759000179, 25.925769806000119 ], [ 91.647918700999981, 25.913740158999985 ], [ 91.65148925800014, 25.907669067000029 ], [ 91.656883239000081, 25.907880782000063 ], [ 91.661941528000057, 25.909879686000068 ], [ 91.667236329000161, 25.90818977400005 ], [ 91.669311524000193, 25.905389785000125 ], [ 91.675987244000112, 25.911832810000192 ], [ 91.678596496000125, 25.917320252000025 ], [ 91.686416625000163, 25.921249391000117 ], [ 91.692321777000075, 25.929101944000138 ], [ 91.70197296200007, 25.93792915299997 ], [ 91.700912477000145, 25.941890716000103 ], [ 91.708168029000092, 25.944370270000093 ], [ 91.713935852000077, 25.94722938600006 ], [ 91.72017669700017, 25.954071044000045 ], [ 91.721626282000102, 25.965078355000117 ], [ 91.719779968000125, 25.978300094000133 ], [ 91.72116851800007, 26.001840592000121 ], [ 91.72276306100008, 26.019798279000099 ], [ 91.724662780000187, 26.02725982600009 ], [ 91.723182678000114, 26.030321122000089 ], [ 91.726409912000122, 26.046911240000156 ], [ 91.732955933000028, 26.051029205000077 ], [ 91.73458862300015, 26.056640625000057 ], [ 91.731262207000043, 26.059209823000174 ], [ 91.759483337000063, 26.071292877000189 ], [ 91.772064209000064, 26.084482193000099 ], [ 91.778518676000033, 26.091249467000125 ], [ 91.780426025000054, 26.088300704000119 ], [ 91.784576417000096, 26.086580276000063 ], [ 91.790367126000035, 26.087020874000075 ], [ 91.801788331000068, 26.104940414 ], [ 91.808059693000132, 26.103822708999985 ], [ 91.810806274000072, 26.105171204000101 ], [ 91.815559387000178, 26.111440658000163 ], [ 91.819313050000119, 26.118740083000034 ], [ 91.826553344000047, 26.118141175000062 ], [ 91.853836060000049, 26.104789734000178 ], [ 91.864700317000199, 26.100347519000081 ], [ 91.875785829000108, 26.097730636000165 ], [ 91.875236511000139, 26.08456039400005 ], [ 91.869346619000055, 26.056859971000051 ], [ 91.870162963000098, 26.052190782000025 ], [ 91.883232117000148, 26.030000687000097 ], [ 91.891952514000025, 26.029552461000151 ], [ 91.900917054000161, 26.026269912000089 ], [ 91.907463073000088, 26.027111054000045 ], [ 91.911651612000128, 26.023830413000098 ], [ 91.916969299000073, 26.021461487000067 ], [ 91.916847228000165, 26.013759613000161 ], [ 91.915657044000113, 26.0103282930001 ], [ 91.918716431000178, 26.007240296000134 ], [ 91.919532776000153, 26.001590728000053 ], [ 91.919570923000038, 26.000129700000116 ], [ 91.922096252000131, 25.999530792000144 ], [ 91.925827026000093, 25.999740601000155 ], [ 91.926811217000079, 26.001609802000189 ], [ 91.933967590000066, 26.014669419000086 ], [ 91.94129180800013, 26.014001847000088 ], [ 91.946319579000033, 26.014499665000073 ], [ 91.952423095000199, 26.017812729000127 ], [ 91.957817078, 26.018890381000119 ], [ 91.978172302000075, 26.025850295000112 ], [ 91.984230041000103, 26.030540467000037 ], [ 91.987396241000056, 26.038721085000077 ], [ 91.991065978000165, 26.041032791000077 ], [ 91.997650147000058, 26.038841249000086 ], [ 92.000442505000194, 26.039180755000132 ], [ 92.003379823000046, 26.038030626000079 ], [ 92.008178710000152, 26.039449692000062 ], [ 92.017616272000168, 26.039590836 ], [ 92.022186279000152, 26.039260864000084 ], [ 92.023872375000053, 26.038431167000113 ], [ 92.027893066000104, 26.03989982600018 ], [ 92.034751893000134, 26.039688110999975 ], [ 92.036102296000081, 26.03940010000008 ], [ 92.039611816, 26.036220551000156 ], [ 92.050186156000052, 26.033041 ], [ 92.052856446000021, 26.032831192000117 ], [ 92.063217164000037, 26.034717560000047 ], [ 92.070457458000078, 26.037849427000083 ], [ 92.073631287000069, 26.040279389000091 ], [ 92.078826903000049, 26.041780472000028 ], [ 92.081130981000115, 26.04362106300016 ], [ 92.093360902000143, 26.048521042000118 ], [ 92.108886719000168, 26.049711228000035 ], [ 92.116226196000184, 26.046552658000167 ], [ 92.123382568000068, 26.044889450000028 ], [ 92.127021789000196, 26.045900345000121 ], [ 92.133117675000051, 26.045890809000184 ], [ 92.138168334000056, 26.052818299000137 ], [ 92.143775939000136, 26.057640075000108 ], [ 92.146217346000071, 26.058559418000073 ], [ 92.148986816000104, 26.061630249000075 ], [ 92.150520325000059, 26.064899445000037 ], [ 92.154678344999979, 26.068059921000042 ], [ 92.169090270000083, 26.077590942000029 ], [ 92.178306580000026, 26.079509735000045 ], [ 92.180946351000046, 26.076179504000095 ], [ 92.178886414000033, 26.069210052000074 ], [ 92.180442810000045, 26.068500519000054 ], [ 92.182327271000077, 26.070341110000015 ], [ 92.184600830000193, 26.069189071000039 ], [ 92.188346863000049, 26.068870544000049 ], [ 92.18936920100009, 26.066881180000109 ], [ 92.201820374000135, 26.07002067500008 ], [ 92.208267211000191, 26.068569184000182 ], [ 92.209342957, 26.069189071000039 ], [ 92.208808899000076, 26.070659637000176 ], [ 92.210426330000018, 26.071100235000074 ], [ 92.212013244000048, 26.070970535000185 ], [ 92.213562012000125, 26.06967926100009 ], [ 92.216110229000037, 26.069299698 ], [ 92.218353271000183, 26.070150376000072 ], [ 92.228340149000132, 26.067640306000044 ], [ 92.241172791000167, 26.062540054000124 ], [ 92.251457215000073, 26.064361572000166 ], [ 92.265686034000055, 26.065399171000138 ], [ 92.268646240000066, 26.067949295000119 ], [ 92.272315980000087, 26.066600800000174 ], [ 92.273727415999986, 26.065891266000108 ], [ 92.273689269000158, 26.065019608000114 ], [ 92.280731202000027, 26.069189071000039 ], [ 92.288063050000062, 26.06999015800011 ], [ 92.290145873000199, 26.072799683000142 ], [ 92.290046691000157, 26.073789596999973 ], [ 92.293922425000176, 26.077791214000058 ], [ 92.295982361000085, 26.078889848000188 ], [ 92.297317503999977, 26.079149247000089 ], [ 92.299667359000182, 26.07673072900019 ], [ 92.301582336000081, 26.07649040299998 ], [ 92.255722045000141, 26.028932572000144 ], [ 92.22141265900018, 26.002250672000116 ], [ 92.221687317000146, 25.998601913000073 ], [ 92.219192505000137, 26.000780105000047 ], [ 92.215202331000057, 25.996271134000096 ], [ 92.211006164000025, 25.994659424000133 ], [ 92.207717895000201, 25.991741181000179 ], [ 92.209121704000097, 25.989669800000115 ], [ 92.20738983200016, 25.98823166000011 ], [ 92.200897216000101, 25.985609054 ], [ 92.19161987300015, 25.985202790000187 ], [ 92.180976867000084, 25.975231171000132 ], [ 92.176940918000184, 25.973100663000082 ], [ 92.173110961000134, 25.972198486000138 ], [ 92.167396546000077, 25.967699050000135 ], [ 92.165550232000101, 25.964439392000088 ], [ 92.167327880000073, 25.958761216000141 ], [ 92.165328979000151, 25.953950883000118 ], [ 92.160758972000167, 25.951520920000064 ], [ 92.156318664000082, 25.944799424000109 ], [ 92.156097412000065, 25.943000793000067 ], [ 92.157516480000083, 25.939279556000088 ], [ 92.161422729000094, 25.932540893 ], [ 92.160171510000055, 25.925960542000098 ], [ 92.159927368000069, 25.915189742000109 ], [ 92.163696290000189, 25.911790848000123 ], [ 92.174316405000013, 25.909189224000158 ], [ 92.180892944000163, 25.908590318000165 ], [ 92.183151244000157, 25.910919190000129 ], [ 92.183647155000074, 25.912830354000164 ], [ 92.186721802000193, 25.915809631000172 ], [ 92.192039490000127, 25.915782930000034 ], [ 92.197181702000194, 25.918029785000044 ], [ 92.197006226000042, 25.913660050000033 ], [ 92.197731018000184, 25.911251068000013 ], [ 92.200599670000031, 25.908241272000055 ], [ 92.205139160000101, 25.908710481000071 ], [ 92.20752716100003, 25.910530091000169 ], [ 92.217529297000056, 25.909919740000191 ], [ 92.22260284500004, 25.911319733000141 ], [ 92.223800659000062, 25.910360336000053 ], [ 92.225479125, 25.907049178000022 ], [ 92.225036622000061, 25.901620866000087 ], [ 92.223846436000031, 25.900688172 ], [ 92.218231201000037, 25.900199890000124 ], [ 92.215606690000186, 25.893840789000024 ], [ 92.21286010700004, 25.892129899000054 ], [ 92.206413269000109, 25.891452790000073 ], [ 92.203323364000141, 25.890090943000075 ], [ 92.194961548000151, 25.881269455000108 ], [ 92.186943053999983, 25.874811173000069 ], [ 92.181037903000174, 25.871620178000114 ], [ 92.179885864000141, 25.870172500000081 ], [ 92.179100037000069, 25.86791038400014 ], [ 92.18078613300014, 25.86321067900019 ], [ 92.180961609000065, 25.851360321000072 ], [ 92.178306580000026, 25.848079682000161 ], [ 92.175247192000199, 25.846542358000136 ], [ 92.171440125000061, 25.837730408000027 ], [ 92.169342042000096, 25.835340500000029 ], [ 92.16551971500013, 25.833040238000081 ], [ 92.16326141400009, 25.825750351000124 ], [ 92.163085937, 25.821830750000061 ], [ 92.155738830000075, 25.816591262000145 ], [ 92.153106689000197, 25.812749862000089 ], [ 92.153686523000033, 25.795490265000126 ], [ 92.151168823000035, 25.787450791000026 ], [ 92.15099334700011, 25.783649446000027 ], [ 92.154792785000041, 25.779779434000091 ], [ 92.155181884000172, 25.77864265400018 ], [ 92.154212951000034, 25.776729584000122 ], [ 92.154106141000113, 25.772920608000106 ], [ 92.155967713000109, 25.764541626000153 ], [ 92.157386779000092, 25.761970520000034 ], [ 92.158241272, 25.757198334000066 ], [ 92.164840699000081, 25.744750978000127 ], [ 92.165527343000065, 25.73444938800003 ], [ 92.164230347000057, 25.728731155000048 ], [ 92.160926818000178, 25.726259232000075 ], [ 92.15629577600015, 25.724811554000041 ], [ 92.153717040000117, 25.722700120000127 ], [ 92.151016236000146, 25.719369889000177 ], [ 92.149566650000111, 25.71450805600017 ], [ 92.151062011000079, 25.711830140000075 ], [ 92.155853272000115, 25.709142685000018 ], [ 92.157577516000174, 25.701038360000155 ], [ 92.161048889000085, 25.697290421000105 ], [ 92.161453247000111, 25.695980073000044 ], [ 92.160446168000192, 25.690902710000159 ], [ 92.164352416000099, 25.684850693000044 ], [ 92.165466308000077, 25.678409577000025 ], [ 92.160507203000179, 25.673290252000186 ], [ 92.16069793700018, 25.671859742000152 ], [ 92.164459228000055, 25.669319153000174 ], [ 92.169761657000095, 25.666400909000117 ], [ 92.170951843000182, 25.666879654000013 ], [ 92.174957275000111, 25.670217515000047 ], [ 92.184776306000117, 25.681140900000173 ], [ 92.187919617000091, 25.683431625000082 ], [ 92.191986083000074, 25.68632126000017 ], [ 92.194076539000037, 25.68611908000014 ], [ 92.19692993200016, 25.68695068400018 ], [ 92.198310852000191, 25.686359407 ], [ 92.200088500000163, 25.687288285000136 ], [ 92.201560974000131, 25.689720154000156 ], [ 92.210639955000033, 25.695920945000125 ], [ 92.224906921000127, 25.713970185000164 ], [ 92.228996277000078, 25.716209413000172 ], [ 92.232627868000066, 25.715110779000042 ], [ 92.23384857200017, 25.710069658000066 ], [ 92.23475647000015, 25.708820344000117 ], [ 92.236846923000201, 25.708391189000054 ], [ 92.248046875000171, 25.710960389000149 ], [ 92.253578187000073, 25.710121155000024 ], [ 92.255706787000122, 25.710729599000047 ], [ 92.260849, 25.710340500000143 ], [ 92.270523071000184, 25.710931778000031 ], [ 92.284606933000191, 25.715860367000062 ], [ 92.287979126000039, 25.715900421000185 ], [ 92.293586731000119, 25.717300414000078 ], [ 92.306106568000132, 25.723131180000053 ], [ 92.308258057000103, 25.726150514000153 ], [ 92.311500549000129, 25.72607994100008 ], [ 92.31392669700017, 25.724681855000028 ], [ 92.317680358000132, 25.723791123000069 ], [ 92.333541869000044, 25.725231171000189 ], [ 92.339012145000027, 25.72685050900003 ], [ 92.348052979000045, 25.731931686999985 ], [ 92.351799012000129, 25.734870910000097 ], [ 92.36299896200012, 25.736511232000112 ], [ 92.368309021000073, 25.740440369000055 ], [ 92.36753845200019, 25.742380142000059 ], [ 92.371467591000112, 25.746469498000181 ], [ 92.385101318000068, 25.753562928000179 ], [ 92.386947632000101, 25.752490998000155 ], [ 92.384338379000098, 25.750329972000031 ], [ 92.383537292000199, 25.747430801000064 ], [ 92.38495636000016, 25.744750978000127 ], [ 92.38696289000012, 25.743110656000113 ], [ 92.392127991000166, 25.742599487000177 ], [ 92.394767761000082, 25.741479874000163 ], [ 92.404792784999984, 25.743690491000052 ], [ 92.410736084000177, 25.743129730000078 ], [ 92.416397094000104, 25.740499496000041 ], [ 92.412467957, 25.737390518000041 ], [ 92.413261414000033, 25.733961105000049 ], [ 92.412773132000098, 25.732980729000133 ], [ 92.416976929000043, 25.72968101400005 ], [ 92.421348571000067, 25.729450226000154 ], [ 92.432006834999981, 25.731960296000182 ], [ 92.433166505000031, 25.731452942000089 ], [ 92.442016602000137, 25.720859528000062 ], [ 92.436447143000066, 25.715600967000057 ], [ 92.429626464000137, 25.713268280000079 ], [ 92.427223206000065, 25.710411071000181 ], [ 92.431526183000187, 25.704250335000097 ], [ 92.43334198000008, 25.695230485000025 ], [ 92.432136536000144, 25.691009522000115 ], [ 92.434341430000188, 25.687530517000084 ], [ 92.440467834000117, 25.688129425000113 ], [ 92.440010070000028, 25.689220428000056 ], [ 92.443038940000179, 25.687652588000162 ], [ 92.451286316000107, 25.686611176000156 ], [ 92.455245972000171, 25.684230805000084 ], [ 92.459877014000199, 25.682970048000129 ], [ 92.465446472000053, 25.682460784000114 ], [ 92.471549988000049, 25.674949647000119 ], [ 92.47466278100012, 25.673311233000049 ], [ 92.48134613000019, 25.663892746000158 ], [ 92.488288880000141, 25.649990082000045 ], [ 92.49326324600014, 25.636131286000023 ], [ 92.497901916000103, 25.626960754000095 ], [ 92.501708984000174, 25.622930527000108 ], [ 92.510551453000176, 25.617200851000177 ], [ 92.51727294900013, 25.620082856000124 ], [ 92.533248902000139, 25.615949630000102 ], [ 92.540435791000164, 25.617771148000031 ], [ 92.544532776000096, 25.614250183000081 ], [ 92.553237916000057, 25.61384010400019 ], [ 92.557617187000119, 25.611988067000141 ], [ 92.558616638000103, 25.608951569000112 ], [ 92.556182862000185, 25.605871200000024 ], [ 92.55724334700011, 25.596210480000082 ], [ 92.556320191000111, 25.592800140000179 ], [ 92.560928344000104, 25.582731248000186 ], [ 92.560958863000053, 25.574251176000189 ], [ 92.564682007000044, 25.568258285000184 ], [ 92.569541930000071, 25.564460755000027 ], [ 92.572502136000082, 25.560420990000182 ], [ 92.576103210000099, 25.559650422000061 ], [ 92.581413269000109, 25.559772492000036 ], [ 92.58747863800005, 25.55298805200016 ], [ 92.593467712000177, 25.55393028400016 ], [ 92.602592469000115, 25.55738067599998 ], [ 92.603492736000078, 25.561082841000143 ], [ 92.60871124300013, 25.565731049000192 ], [ 92.612487793000128, 25.565500259000089 ], [ 92.621101379000152, 25.568309785 ], [ 92.626106263000167, 25.568029404000185 ], [ 92.628868103000059, 25.569490433000169 ], [ 92.630569458000082, 25.570669175000035 ], [ 92.633232117000034, 25.574790954000093 ], [ 92.634147645000098, 25.578880310000045 ], [ 92.640632629000038, 25.587369918000093 ], [ 92.648338318000128, 25.592350007000107 ], [ 92.651191711000081, 25.592729569000085 ], [ 92.653457642000092, 25.592180251000116 ], [ 92.657608032000098, 25.589061737000179 ], [ 92.660476684000116, 25.585060120000151 ], [ 92.660720825000169, 25.58184051600017 ], [ 92.660652160000097, 25.570318222000026 ], [ 92.657356262000064, 25.563381194000158 ], [ 92.649879455000018, 25.56001091100012 ], [ 92.64496612500011, 25.546600343000023 ], [ 92.644699097000057, 25.5374412540001 ], [ 92.637626648000094, 25.528528213000072 ], [ 92.627609254000106, 25.522211074999973 ], [ 92.621627808000085, 25.515750885000159 ], [ 92.609596252000074, 25.512609482000187 ], [ 92.605590820000089, 25.508119584000156 ], [ 92.593582154000046, 25.503080368000099 ], [ 92.589500428000179, 25.499519349000082 ], [ 92.581047059000184, 25.495159150000177 ], [ 92.575592041, 25.490430833 ], [ 92.56783294700017, 25.480770111000027 ], [ 92.566551208000078, 25.475120546000028 ], [ 92.567413330000193, 25.467470170000126 ], [ 92.569129943, 25.464790344000107 ], [ 92.571479798000041, 25.464071273000059 ], [ 92.582290650000118, 25.472890854000127 ], [ 92.585441590000073, 25.467580795000174 ], [ 92.593696594000107, 25.471010208000109 ], [ 92.598159791000171, 25.471651078000036 ], [ 92.601387025000179, 25.464139939 ], [ 92.5997695920002, 25.457050324000079 ], [ 92.600189209, 25.453872680000075 ], [ 92.60114288300008, 25.452390671000103 ], [ 92.604507446000184, 25.450191498000095 ], [ 92.605552673000091, 25.448360444000116 ], [ 92.605293273000086, 25.44191169700008 ], [ 92.607757568000181, 25.430351258000087 ], [ 92.606971741000052, 25.427181244000167 ], [ 92.607009888000107, 25.418539047000138 ], [ 92.609092713000052, 25.416570664000119 ], [ 92.611839295000095, 25.416120529000068 ], [ 92.614776612000071, 25.417430878000062 ], [ 92.617889403000106, 25.422021865000033 ], [ 92.620635987000185, 25.423719407000135 ], [ 92.628646850000166, 25.425029756000129 ], [ 92.629310608000196, 25.426990510000167 ], [ 92.628517151000153, 25.430610657000102 ], [ 92.629302978000055, 25.434640884000089 ], [ 92.632659913000111, 25.433141709000097 ], [ 92.637916564000079, 25.428819655999973 ], [ 92.637916564000079, 25.422660828000062 ], [ 92.639228821000074, 25.420370103000153 ], [ 92.639610291000167, 25.419630051000183 ], [ 92.641632081000125, 25.41953277600004 ], [ 92.650543213000049, 25.431669235000129 ], [ 92.654281616000048, 25.435340882000105 ], [ 92.653656007000052, 25.423940660000085 ], [ 92.656883240000184, 25.41570091400007 ], [ 92.660102844000107, 25.410360336000167 ], [ 92.663688659000059, 25.409370422000109 ], [ 92.667037964000144, 25.414079666000021 ], [ 92.670936584000174, 25.41671943700004 ], [ 92.673767089000137, 25.417140961000143 ], [ 92.680046081000057, 25.408580779999966 ], [ 92.688171387000182, 25.404420853000147 ], [ 92.693519592000143, 25.399990082999977 ], [ 92.700378418000071, 25.387790681000126 ], [ 92.702926636000086, 25.386619569000061 ], [ 92.70973205700011, 25.386119843000074 ], [ 92.712898255000084, 25.384540559000129 ], [ 92.716362, 25.379341125000167 ], [ 92.718101502000138, 25.374982834000093 ], [ 92.720565797000177, 25.37490272500014 ], [ 92.721366882000098, 25.375490189000061 ], [ 92.725433350000117, 25.38043022100004 ], [ 92.73480987500011, 25.382499695000035 ], [ 92.737052917000085, 25.381250382000133 ], [ 92.736106873000153, 25.373809816000175 ], [ 92.740592956000171, 25.36678123400003 ], [ 92.740097045000084, 25.364641189000167 ], [ 92.740608216000169, 25.363729476000117 ], [ 92.745666503000109, 25.361139297000136 ], [ 92.748237609, 25.358110428000089 ], [ 92.750099181000053, 25.354379653000024 ], [ 92.751159668000128, 25.348470688000077 ], [ 92.758758544000045, 25.339860917000124 ], [ 92.760566711000138, 25.335279465000099 ], [ 92.763267518000077, 25.335590363000108 ], [ 92.76947021400008, 25.339508056000113 ], [ 92.772453308000195, 25.339611053000056 ], [ 92.782463073000145, 25.334289551000097 ], [ 92.784370422000165, 25.332538605000025 ], [ 92.78801727299998, 25.317609787000038 ], [ 92.784736634000069, 25.311529160000077 ], [ 92.783836364000194, 25.3080005650001 ], [ 92.786911011000143, 25.300670624000134 ], [ 92.788825988000042, 25.291540146000159 ], [ 92.792221070000096, 25.286798478000037 ], [ 92.792221070000096, 25.285181045000058 ], [ 92.789138793000063, 25.27852249100016 ], [ 92.782119750999982, 25.275920869000061 ], [ 92.779472350000049, 25.273761750000176 ], [ 92.769760132000101, 25.268930436000119 ], [ 92.776176453000119, 25.262939453000115 ], [ 92.776702880000073, 25.260538101000179 ], [ 92.764648438000108, 25.249349594000023 ], [ 92.770286560000159, 25.240200043000186 ], [ 92.772239686000091, 25.233259202000056 ], [ 92.7863082880001, 25.231401443000095 ], [ 92.794349670000031, 25.226009370000099 ], [ 92.803092957, 25.221509934000153 ], [ 92.804420471000071, 25.219329835000167 ], [ 92.803565979000041, 25.217239379000034 ], [ 92.798431396000069, 25.213449479000133 ], [ 92.792892456000061, 25.212352753000175 ], [ 92.787750245000097, 25.209529878000126 ], [ 92.779571532000091, 25.203109742000038 ], [ 92.767646790000015, 25.20475959700002 ], [ 92.763450622000107, 25.203849791999971 ], [ 92.758895873000085, 25.204029082999966 ], [ 92.754539489000081, 25.205371858000149 ], [ 92.751686095000082, 25.207349778000037 ], [ 92.747138977000077, 25.207769395000184 ], [ 92.742027283000084, 25.203090668000073 ], [ 92.733337403000121, 25.203220367000029 ], [ 92.724166871000079, 25.199199675999978 ], [ 92.71621704100005, 25.194158555000058 ], [ 92.704612732000157, 25.190521240000123 ], [ 92.693939209000121, 25.181350708000025 ], [ 92.687622071000021, 25.182319641000163 ], [ 92.682846069000107, 25.182041168000126 ], [ 92.6794281, 25.18309020900017 ], [ 92.677040100000113, 25.182189942000036 ], [ 92.672241210000095, 25.17815971300007 ], [ 92.666908265000188, 25.17706108100009 ], [ 92.664337157000091, 25.175359727 ], [ 92.662979126000039, 25.172990798000058 ], [ 92.660812377000127, 25.162252427000169 ], [ 92.659538270000098, 25.159120561 ], [ 92.655715943000132, 25.154130937 ], [ 92.651206970000032, 25.15240097100002 ], [ 92.64826965400016, 25.152652740000178 ], [ 92.644050599000195, 25.151170731000036 ], [ 92.638008118000016, 25.145219802000156 ], [ 92.632423402000143, 25.13755989100008 ], [ 92.630798340000183, 25.131839752000133 ], [ 92.629966736000085, 25.125030518000187 ], [ 92.624702453, 25.118690491000052 ], [ 92.621643067000036, 25.117700577000051 ], [ 92.610031128000173, 25.124099732000047 ], [ 92.603149415000189, 25.124990464000064 ], [ 92.598426819000053, 25.124710083000025 ], [ 92.59443664600019, 25.128290176000064 ], [ 92.581687927000075, 25.131870269000046 ], [ 92.579032898000037, 25.132009506000145 ], [ 92.568038940000065, 25.130090713000072 ], [ 92.565498353000123, 25.13128089900016 ], [ 92.557846070000153, 25.129970550000166 ], [ 92.553169250000053, 25.130710602000136 ], [ 92.5431289670002, 25.135019302000103 ], [ 92.539939880000077, 25.137279510000042 ], [ 92.535629273000154, 25.134412766000025 ], [ 92.530189514000142, 25.13682174600001 ], [ 92.527465821000078, 25.139940262000152 ], [ 92.524665832000153, 25.140029908000088 ], [ 92.525222778000057, 25.125579834000121 ], [ 92.530242921000195, 25.121860505000143 ], [ 92.531326294000053, 25.119901658000174 ], [ 92.53305816600016, 25.112148284999989 ], [ 92.540817261000086, 25.104129791000048 ], [ 92.542945861000192, 25.099599839 ], [ 92.538047790000178, 25.099311828000111 ], [ 92.532012939000083, 25.103960038000082 ], [ 92.52651214600013, 25.105850219999979 ], [ 92.509780885, 25.105470657000126 ], [ 92.499107359999982, 25.10814857500003 ], [ 92.484298706000061, 25.108060838000142 ], [ 92.480316162000065, 25.100408554000069 ], [ 92.479759216000161, 25.095741273000158 ], [ 92.480178833000139, 25.085840225000027 ], [ 92.476547240000173, 25.078252792000114 ], [ 92.474617005000027, 25.070800782000106 ], [ 92.470916749000139, 25.066890716000046 ], [ 92.467506409000066, 25.06137085 ], [ 92.465988160000109, 25.05715751800011 ], [ 92.463668824000024, 25.055570603000149 ], [ 92.462036133000026, 25.055830003000153 ], [ 92.459838867000144, 25.0546607980001 ], [ 92.460151672000165, 25.049591066000062 ], [ 92.462860108000086, 25.050149917000169 ], [ 92.464660645000151, 25.047229768000079 ], [ 92.463256835000152, 25.037128449000136 ], [ 92.459762573000035, 25.035181046000048 ], [ 92.45680236700008, 25.035030366000171 ], [ 92.454208373000199, 25.036609650000116 ], [ 92.451019286000019, 25.040950776000102 ], [ 92.446533203000058, 25.042041779000044 ], [ 92.441780091000055, 25.039850235000131 ], [ 92.43788147000015, 25.033752441000047 ], [ 92.431922912000061, 25.032907486000056 ], [ 92.425903320000089, 25.031820298000127 ], [ 92.426261901000032, 25.031641007000133 ], [ 92.427825927000129, 25.031570434000059 ], [ 92.430648804000157, 25.032260896000025 ], [ 92.432846070000096, 25.031021118000126 ], [ 92.433250426000143, 25.028089523000119 ], [ 92.432197572000064, 25.025079727000104 ], [ 92.430999756000062, 25.021619797000028 ], [ 92.431053161000136, 25.01581955100005 ], [ 92.430366516000106, 25.012809754000159 ], [ 92.429450987999985, 25.009691239000176 ], [ 92.425872803000175, 25.003190994000136 ], [ 92.423637391000113, 24.996099472000083 ], [ 92.424468995000154, 24.982570647999978 ], [ 92.429481507000105, 24.979881287000126 ], [ 92.428550721000192, 24.972909928000036 ], [ 92.42849731400014, 24.972579957000164 ], [ 92.43161010700004, 24.970661164000148 ], [ 92.43515777600004, 24.966379166000024 ], [ 92.440032959000064, 24.966800689000024 ], [ 92.445907592000026, 24.966962814 ], [ 92.449043274000132, 24.971548081000037 ], [ 92.449409486000093, 24.972089767000114 ], [ 92.454452515000185, 24.973180770000056 ], [ 92.460548400000164, 24.976150512000117 ], [ 92.464027406000071, 24.970779420000156 ], [ 92.467117310000106, 24.968580246999977 ], [ 92.4710311890002, 24.964099885 ], [ 92.473716735000153, 24.957099914000025 ], [ 92.471580505000134, 24.955980302000114 ], [ 92.464706420000084, 24.954780578000111 ], [ 92.463287354000101, 24.955917359000125 ], [ 92.463615417000142, 24.955987930000049 ], [ 92.464164735000111, 24.956169128000113 ], [ 92.46488952600015, 24.956539155000087 ], [ 92.465713500000106, 24.956970216000116 ], [ 92.46607971200001, 24.957193376000134 ], [ 92.466468810000094, 24.957578659000092 ], [ 92.467185974000074, 24.958284377000041 ], [ 92.467681885000161, 24.958909989000119 ], [ 92.467964173000098, 24.959354400000052 ], [ 92.468330383000193, 24.960226058000046 ], [ 92.468391418000181, 24.960992814000065 ], [ 92.468429565000065, 24.961807252000142 ], [ 92.468429565000065, 24.962301255000057 ], [ 92.468315124000071, 24.962732316000086 ], [ 92.467773437000119, 24.963510514000177 ], [ 92.466613770000151, 24.964401245999966 ], [ 92.465614318000064, 24.965074540000103 ], [ 92.464988708000192, 24.96560096800016 ], [ 92.463829041000054, 24.966487884000173 ], [ 92.462585448000084, 24.967817306000029 ], [ 92.461784363000163, 24.968849182000156 ], [ 92.460289001000092, 24.969831466000073 ], [ 92.459403992000148, 24.970331192000174 ], [ 92.458755494000116, 24.970521928000153 ], [ 92.458015441999976, 24.970621110000025 ], [ 92.457878113000106, 24.970634461000145 ], [ 92.457389832000104, 24.970680238000114 ], [ 92.456085206000182, 24.970163346000163 ], [ 92.455207825000116, 24.969635009000058 ], [ 92.455001831000118, 24.969453813000143 ], [ 92.454139710000106, 24.968704223000145 ], [ 92.452766418000181, 24.967550279000022 ], [ 92.45158386300011, 24.966733933000171 ], [ 92.449592590000123, 24.966045381000072 ], [ 92.447784425000179, 24.965848924000056 ], [ 92.446189880000134, 24.965757370000119 ], [ 92.443504334000181, 24.966279983999982 ], [ 92.442764282000041, 24.966396332000045 ], [ 92.441993713000159, 24.966327667000144 ], [ 92.440719604000151, 24.966394425000146 ], [ 92.440177918000074, 24.966400147000115 ], [ 92.439712524000129, 24.966342927000142 ], [ 92.438972474000195, 24.966342927000142 ], [ 92.438636779000035, 24.966384887000061 ], [ 92.437339783000198, 24.966268539000055 ], [ 92.435859681000125, 24.966083527000023 ], [ 92.430419921000123, 24.965560913000104 ], [ 92.428634643000066, 24.965404511000145 ], [ 92.427658081000061, 24.965406418000043 ], [ 92.426734924000186, 24.965230943000165 ], [ 92.425979615000131, 24.965097427000103 ], [ 92.425537110000164, 24.965084075999982 ], [ 92.424964905000195, 24.965032577999978 ], [ 92.424468995000154, 24.964975358000061 ], [ 92.423606872000164, 24.964941024000041 ], [ 92.421867370000143, 24.965595245000088 ], [ 92.420684815000072, 24.966087341000161 ], [ 92.419433594000168, 24.967567445000043 ], [ 92.419525146000126, 24.969575882000015 ], [ 92.4200820920002, 24.971437454000068 ], [ 92.420425415000068, 24.972778321000078 ], [ 92.420722962000127, 24.974481584000046 ], [ 92.420951843000125, 24.975753784000119 ], [ 92.421264649000079, 24.977718353000057 ], [ 92.42143249500009, 24.978712082000129 ], [ 92.421630859000174, 24.979980469000168 ], [ 92.421760560000166, 24.98139 ], [ 92.421890259000122, 24.982999803000098 ], [ 92.421936036000091, 24.984088899000142 ], [ 92.42195892400008, 24.985162734000085 ], [ 92.422019958000135, 24.986240387000123 ], [ 92.422111512000072, 24.987323761000084 ], [ 92.422050476000152, 24.988489150000134 ], [ 92.421966552000129, 24.988737107000134 ], [ 92.421607971000071, 24.989110947000142 ], [ 92.421485900000164, 24.989227295000035 ], [ 92.421325683000134, 24.98994255100007 ], [ 92.421157837000123, 24.990171434000047 ], [ 92.420875549000016, 24.990310668000063 ], [ 92.420394897000051, 24.990489959000058 ], [ 92.419776917000092, 24.99052620000009 ], [ 92.419387817000199, 24.990531921000127 ], [ 92.418861389000199, 24.990488054000139 ], [ 92.41832733200016, 24.990413665000119 ], [ 92.417900085000042, 24.990268708000144 ], [ 92.417167663000043, 24.990156173000116 ], [ 92.416275023000082, 24.990051271000141 ], [ 92.415168762000121, 24.989789963000192 ], [ 92.414970397000104, 24.989744186000053 ], [ 92.414299011000139, 24.989782333000107 ], [ 92.414337158000194, 24.990314483000077 ], [ 92.416473388000043, 24.991928101000042 ], [ 92.416717529000096, 24.992498398000066 ], [ 92.41708374100017, 24.993297578000067 ], [ 92.417388916000107, 24.99396324200012 ], [ 92.417533875000117, 24.994285584000124 ], [ 92.418395995000026, 24.996259689000112 ], [ 92.418777466000051, 24.997114182000018 ], [ 92.419380189000094, 24.998434066000186 ], [ 92.420562744000165, 25.001045228000066 ], [ 92.421737672000063, 25.003620149000028 ], [ 92.422386170000038, 25.004920960000106 ], [ 92.422790528000121, 25.006059646000153 ], [ 92.423255920000088, 25.007497788000137 ], [ 92.423728943000071, 25.009071350000113 ], [ 92.424079894000045, 25.01024818500008 ], [ 92.424499511000192, 25.01199340900007 ], [ 92.424636840000119, 25.012609483000062 ], [ 92.424652100000117, 25.012691499000084 ], [ 92.424674987000174, 25.012817383000026 ], [ 92.424804688000165, 25.013406753000083 ], [ 92.424507141000106, 25.014007568000181 ], [ 92.424331666000114, 25.014341354000067 ], [ 92.424308777000078, 25.015316010000049 ], [ 92.424293519000059, 25.016086578000056 ], [ 92.424278258000129, 25.016775131000088 ], [ 92.424247742000091, 25.017829895000148 ], [ 92.42421722500012, 25.018949510000141 ], [ 92.424201965000123, 25.019504548000043 ], [ 92.424316405000184, 25.019584657000053 ], [ 92.424407959000121, 25.019624709000141 ], [ 92.424491883000087, 25.019500733000029 ], [ 92.424545288000161, 25.019405366 ], [ 92.424606324000081, 25.019367217000138 ], [ 92.424697876000039, 25.019386293000139 ], [ 92.424858093000012, 25.019472122000025 ], [ 92.424964905000195, 25.0195274350001 ], [ 92.425254822000113, 25.019594193000103 ], [ 92.425323487000185, 25.019626617000142 ], [ 92.425384522000172, 25.019708633000164 ], [ 92.425544738000099, 25.019750595000062 ], [ 92.425743102000183, 25.019800187000101 ], [ 92.425872803000175, 25.02019119300013 ], [ 92.425865173000034, 25.020580291000158 ], [ 92.425849914000139, 25.021327974000144 ], [ 92.425849914000139, 25.021957398000154 ], [ 92.425842284, 25.022720337000123 ], [ 92.42583465600012, 25.023326875000066 ], [ 92.425827025999979, 25.024433137000074 ], [ 92.425811768000187, 25.025442124000165 ], [ 92.425788879000152, 25.026535035000109 ], [ 92.425773621000133, 25.027599335000048 ], [ 92.425765991, 25.028795242000172 ], [ 92.425628662000122, 25.029010774000028 ], [ 92.425216675000058, 25.02965927200006 ], [ 92.424209595000036, 25.029947280000101 ], [ 92.423828125000057, 25.030141832000027 ], [ 92.423690796000187, 25.030139924000025 ], [ 92.423370361000025, 25.02986335900016 ], [ 92.423202515000185, 25.029666900000166 ], [ 92.423065186000088, 25.029323578000174 ], [ 92.422744751000153, 25.02884101900014 ], [ 92.422187805000078, 25.028678894000109 ], [ 92.422019958000135, 25.028335572000117 ], [ 92.421409606000054, 25.02793312100016 ], [ 92.421165467000037, 25.02802658000013 ], [ 92.420822144000169, 25.028154374000053 ], [ 92.420303345000093, 25.028448105000109 ], [ 92.419113159000062, 25.029047013000081 ], [ 92.418991088000155, 25.029699326000184 ], [ 92.418212891000167, 25.030021669000121 ], [ 92.417404174000126, 25.030132294000111 ], [ 92.416923523000094, 25.030406952000078 ], [ 92.416290284000183, 25.030345917000091 ], [ 92.41598510700004, 25.030164718000151 ], [ 92.415763854000147, 25.03003692700014 ], [ 92.415458680000086, 25.029953003000116 ], [ 92.414817809999988, 25.029773712000122 ], [ 92.413711548000151, 25.029199600000027 ], [ 92.413070678000054, 25.028957367000146 ], [ 92.41301727300015, 25.02890777600004 ], [ 92.412857056000121, 25.02876472500003 ], [ 92.412597656000173, 25.028833390000102 ], [ 92.412361145000034, 25.028898239000057 ], [ 92.412040710000099, 25.029134749999969 ], [ 92.411186217000193, 25.029560090000189 ], [ 92.411018372000058, 25.029710769000133 ], [ 92.410530091000055, 25.029941560000111 ], [ 92.410285950000059, 25.030363082000179 ], [ 92.409950257000048, 25.030603409000094 ], [ 92.409591675000058, 25.030698776000065 ], [ 92.409057617000087, 25.03063392700011 ], [ 92.408500671000184, 25.030641555000045 ], [ 92.408142090000126, 25.031074522999972 ], [ 92.407829285000048, 25.031179428000087 ], [ 92.407546997000168, 25.031396866000136 ], [ 92.407173157000159, 25.031654358000083 ], [ 92.4065780640002, 25.031970978000174 ], [ 92.406158447000053, 25.032030105 ], [ 92.405426025000168, 25.032411576000072 ], [ 92.405044555000075, 25.032747269000026 ], [ 92.404174804000149, 25.032508850000113 ], [ 92.403945923000094, 25.032428742000036 ], [ 92.402832031000116, 25.032035828000062 ], [ 92.402519226000095, 25.032171250000033 ], [ 92.402412414000139, 25.032154084000069 ], [ 92.402305603000116, 25.032135010000104 ], [ 92.402168275000122, 25.032224655000107 ], [ 92.402259826000147, 25.032035828000062 ], [ 92.402183533000141, 25.031938553000089 ], [ 92.402145386000086, 25.032035828000062 ], [ 92.401908875000117, 25.032148361000054 ], [ 92.401618957000153, 25.032236100000091 ], [ 92.401557923000041, 25.032327652000049 ], [ 92.401115418000131, 25.032495500000039 ], [ 92.400535583000192, 25.032989503000181 ], [ 92.400482178000118, 25.033092500000066 ], [ 92.400657654000099, 25.033859253000173 ], [ 92.400604249000196, 25.033998490000101 ], [ 92.400604249000196, 25.03415489200006 ], [ 92.400390624000181, 25.034212113000081 ], [ 92.400337219000107, 25.034145355000078 ], [ 92.399658202000182, 25.034200669000029 ], [ 92.39936828600014, 25.034084319000158 ], [ 92.399261474000184, 25.034032822000086 ], [ 92.399169922000112, 25.033601761 ], [ 92.399124145000144, 25.033378601000038 ], [ 92.39900970400015, 25.033386231000122 ], [ 92.398986816000047, 25.03292846700009 ], [ 92.398727416000042, 25.033035278000114 ], [ 92.398529052000185, 25.03311538600019 ], [ 92.397933959000056, 25.03386878900011 ], [ 92.397094727000081, 25.034648896000078 ], [ 92.396301270000038, 25.035099029000094 ], [ 92.395767212000123, 25.035572052000077 ], [ 92.394615173000091, 25.036764145 ], [ 92.39411163200009, 25.037303925000117 ], [ 92.393348694000167, 25.037940980000144 ], [ 92.393043517000081, 25.039140701000179 ], [ 92.392723084000124, 25.039909362000117 ], [ 92.391105651000146, 25.039964677000171 ], [ 92.38921356200018, 25.039957047000087 ], [ 92.388252258000193, 25.039857865000045 ], [ 92.38814544700017, 25.0398674 ], [ 92.388107301000048, 25.039989471000069 ], [ 92.387870788999976, 25.040098191000027 ], [ 92.387680053000054, 25.040102006000041 ], [ 92.386390685000094, 25.040613174999976 ], [ 92.386108399000193, 25.04054260200013 ], [ 92.385826111000085, 25.040681838000069 ], [ 92.385498046000066, 25.040607452000131 ], [ 92.385330201000102, 25.040664673000151 ], [ 92.385131836000141, 25.040847779000046 ], [ 92.384834290000185, 25.040906906000032 ], [ 92.384696961000145, 25.040994645000126 ], [ 92.384704589000023, 25.041118621000066 ], [ 92.38481903100012, 25.041284562000044 ], [ 92.384941100000162, 25.041589738000084 ], [ 92.384887695000089, 25.04173851000013 ], [ 92.38481903100012, 25.041778565000129 ], [ 92.384681703000126, 25.041831970000032 ], [ 92.384574890000067, 25.041944505000174 ], [ 92.384567260000154, 25.04214477700009 ], [ 92.384124756000119, 25.042213440000126 ], [ 92.383972167000195, 25.042263032000164 ], [ 92.383850099000199, 25.042417527000055 ], [ 92.383720398000037, 25.042463302000044 ], [ 92.383636474000014, 25.042295456000033 ], [ 92.383560180000131, 25.042213440000126 ], [ 92.383560180000131, 25.041961671000024 ], [ 92.383659362000174, 25.041793823000148 ], [ 92.383880615000066, 25.041902543000106 ], [ 92.384170531000109, 25.041524888000026 ], [ 92.384330749000185, 25.041410447000032 ], [ 92.384582520000151, 25.041461945000037 ], [ 92.384552002000135, 25.041322708000166 ], [ 92.384429931000057, 25.041166306000036 ], [ 92.384246827000197, 25.040889740000068 ], [ 92.384277344000111, 25.040555955000059 ], [ 92.384254455000075, 25.040466308000191 ], [ 92.384109496000121, 25.040359498000043 ], [ 92.383758545000092, 25.04018211500005 ], [ 92.383720398000037, 25.040077210000163 ], [ 92.383728028000178, 25.039735794000137 ], [ 92.383468628000173, 25.039152146000163 ], [ 92.383361816000047, 25.038835527000174 ], [ 92.383270264000089, 25.038736344000029 ], [ 92.383171082000104, 25.038618089000124 ], [ 92.383026123000093, 25.038637161999986 ], [ 92.382957459000068, 25.038927079000132 ], [ 92.382873535000044, 25.038967133000028 ], [ 92.382736206000175, 25.039031983000086 ], [ 92.382675171000187, 25.039302826000039 ], [ 92.382339478000176, 25.039342881000039 ], [ 92.382804870000143, 25.040081025000177 ], [ 92.382858277000025, 25.040348053000059 ], [ 92.382637024000132, 25.04050636300002 ], [ 92.382507324000073, 25.040582656000026 ], [ 92.382408141000099, 25.040576936000093 ], [ 92.382331848000092, 25.040443420000088 ], [ 92.382255553999983, 25.04000663700009 ], [ 92.382003785000052, 25.039855957000043 ], [ 92.382080078000058, 25.039680481000119 ], [ 92.382026673000155, 25.039609908000045 ], [ 92.381881714000144, 25.03941154600011 ], [ 92.381752013000153, 25.039344788000108 ], [ 92.381675720000146, 25.039167405000114 ], [ 92.381523132000154, 25.039186478000147 ], [ 92.381301879000034, 25.039211274000081 ], [ 92.381202697, 25.039268494 ], [ 92.381088257000158, 25.03943824800001 ], [ 92.381072999000139, 25.039615631000061 ], [ 92.381317138000156, 25.039947509000172 ], [ 92.381248474000188, 25.040075302000162 ], [ 92.3811874390002, 25.04012107900013 ], [ 92.381004333000135, 25.04019165 ], [ 92.3809967050002, 25.040332794000165 ], [ 92.381065368000122, 25.040519715000073 ], [ 92.380981445000032, 25.040557862000128 ], [ 92.380973816000164, 25.040655137000101 ], [ 92.380729675000111, 25.040603637000117 ], [ 92.380714417000092, 25.040779113000042 ], [ 92.380577088000052, 25.040918350000084 ], [ 92.380615235000107, 25.041448594000087 ], [ 92.380538941000168, 25.041521073000126 ], [ 92.380264282999974, 25.041259765 ], [ 92.380134582000039, 25.041034700000125 ], [ 92.380073547000052, 25.040924072000053 ], [ 92.380157471000018, 25.040845871000045 ], [ 92.380851746000189, 25.040199281000014 ], [ 92.380973816000164, 25.040021897000088 ], [ 92.380950928000061, 25.039859772000113 ], [ 92.380844116000105, 25.039758683000173 ], [ 92.380729675000111, 25.039646150000181 ], [ 92.38063812300004, 25.039608003000126 ], [ 92.380317688000048, 25.039627076000045 ], [ 92.379966737000075, 25.039628983999989 ], [ 92.37942504900019, 25.039632797000081 ], [ 92.379287720000093, 25.039676666000048 ], [ 92.379028320000145, 25.04014778100003 ], [ 92.3788757330002, 25.040195465000068 ], [ 92.378440858000033, 25.040304182999989 ], [ 92.378303529000107, 25.040349960000128 ], [ 92.37807464600013, 25.040662765000036 ], [ 92.377532958000074, 25.041027069000108 ], [ 92.377380371000129, 25.041185379000069 ], [ 92.377426148000097, 25.041620255000169 ], [ 92.37714386, 25.042099000000121 ], [ 92.376907348000145, 25.042297364000149 ], [ 92.376831055000139, 25.042469025000059 ], [ 92.376846313000158, 25.042585373000122 ], [ 92.376953125000114, 25.042806625000139 ], [ 92.376800536000189, 25.04293251100006 ], [ 92.37609863300014, 25.042726517000062 ], [ 92.375854492000087, 25.042655945999968 ], [ 92.375511170000095, 25.042722702 ], [ 92.37537383900019, 25.042753220000066 ], [ 92.374984741000162, 25.0427742010001 ], [ 92.374679566000054, 25.042575837000186 ], [ 92.374412537000069, 25.042495728000063 ], [ 92.374122620000151, 25.042549133000136 ], [ 92.374008178000111, 25.042615891000139 ], [ 92.373687745000154, 25.042802810000069 ], [ 92.373771667000142, 25.043203354000184 ], [ 92.37397766100014, 25.043399810999972 ], [ 92.374114990000066, 25.043434142000081 ], [ 92.374198914000033, 25.043249131000152 ], [ 92.374588012000117, 25.043123245 ], [ 92.375053406000063, 25.043350221000139 ], [ 92.375022888000046, 25.043632507000041 ], [ 92.374702453000054, 25.043716431000064 ], [ 92.374626159000172, 25.043603898000072 ], [ 92.374412537000069, 25.043693542000028 ], [ 92.374252319000107, 25.043603898000072 ], [ 92.374099732000047, 25.043594359999986 ], [ 92.373519897000108, 25.043785096000136 ], [ 92.373512267000194, 25.043664933000059 ], [ 92.373497009000175, 25.043455123000115 ], [ 92.373191834000068, 25.043275833000052 ], [ 92.372985840000069, 25.043029786000034 ], [ 92.372840881000059, 25.043113710000057 ], [ 92.372810364000088, 25.043373107000093 ], [ 92.372741698000084, 25.043506623000098 ], [ 92.3726577770002, 25.043594359999986 ], [ 92.372528076000037, 25.043600083000058 ], [ 92.372451782000098, 25.043504715000154 ], [ 92.372528076000037, 25.043144226000095 ], [ 92.372558594000054, 25.042984009000065 ], [ 92.372840881000059, 25.042661666000129 ], [ 92.372795106000069, 25.042520524000167 ], [ 92.372482299000069, 25.042367935000073 ], [ 92.372077942000089, 25.042387008000105 ], [ 92.371849059000056, 25.042678834000128 ], [ 92.371650695000142, 25.042385101000036 ], [ 92.371437072000163, 25.042318345000012 ], [ 92.371192933000145, 25.042192459000091 ], [ 92.371032715000183, 25.042261125000095 ], [ 92.371002197000166, 25.042390823000176 ], [ 92.371162414000196, 25.042497636000064 ], [ 92.371086121000189, 25.042617799000141 ], [ 92.370880126000088, 25.042524337000032 ], [ 92.370765686000198, 25.042839050000055 ], [ 92.370658875000174, 25.042732238999974 ], [ 92.370506286000079, 25.04210090700019 ], [ 92.370506286000079, 25.041999817000146 ], [ 92.370742797000162, 25.041839600000117 ], [ 92.37084961000005, 25.041604996000103 ], [ 92.370628357000101, 25.041503907000163 ], [ 92.370399476000102, 25.041616440000155 ], [ 92.370155335000049, 25.041730879999989 ], [ 92.369819641000163, 25.04189300500019 ], [ 92.369705201000102, 25.041709899000125 ], [ 92.369606019000116, 25.041553497000166 ], [ 92.36958313000008, 25.041461945000037 ], [ 92.369789123000146, 25.041339874000187 ], [ 92.369964600000174, 25.041225434000125 ], [ 92.369773864000194, 25.041070939 ], [ 92.369621277000135, 25.041000366000162 ], [ 92.369392394000101, 25.041179657000157 ], [ 92.369026184000177, 25.041467667000177 ], [ 92.368316651000157, 25.042022706000182 ], [ 92.367713928000114, 25.042512894000083 ], [ 92.368164063000165, 25.043052674000137 ], [ 92.368347167000195, 25.043191911000179 ], [ 92.36872863800005, 25.043481827000051 ], [ 92.368881225000166, 25.043680191000078 ], [ 92.368965149000189, 25.043870925000078 ], [ 92.368820190000179, 25.043956757000046 ], [ 92.368942260000154, 25.044164659000046 ], [ 92.368972779000103, 25.044271468999966 ], [ 92.368927002000135, 25.044439317000183 ], [ 92.368705749000014, 25.044748306000088 ], [ 92.368583679000039, 25.044773102000192 ], [ 92.368484496000121, 25.045318603000112 ], [ 92.368576050000058, 25.045598984000151 ], [ 92.368537904000107, 25.045717239000055 ], [ 92.368247985000153, 25.046058655000081 ], [ 92.368309021000073, 25.046346664000168 ], [ 92.368118287000073, 25.046363830000189 ], [ 92.367942811000148, 25.046316147000084 ], [ 92.36695861700008, 25.047336578 ], [ 92.366706848000092, 25.047756195000034 ], [ 92.366577149000136, 25.047882081000125 ], [ 92.366363525000054, 25.048032760000069 ], [ 92.365982056000178, 25.048227310000186 ], [ 92.365653991000102, 25.048500062000187 ], [ 92.365112306000185, 25.048675538000168 ], [ 92.3648681640002, 25.048877717000096 ], [ 92.364814759000126, 25.049104691000025 ], [ 92.364494324000191, 25.049160003000168 ], [ 92.36437988400013, 25.049188614000116 ], [ 92.36402130200014, 25.049379348000116 ], [ 92.363754272000051, 25.049501419000023 ], [ 92.363571165999986, 25.049585343 ], [ 92.363395690000061, 25.049627305000115 ], [ 92.363235473000032, 25.049667359000068 ], [ 92.363166809000063, 25.049734115000092 ], [ 92.363044739000088, 25.049953459999983 ], [ 92.362907410000162, 25.050022125999988 ], [ 92.362609863000159, 25.049943925000036 ], [ 92.362243652000132, 25.04994774000005 ], [ 92.362182616000041, 25.049867631000097 ], [ 92.362113953000119, 25.049705506000123 ], [ 92.361633300000051, 25.048666 ], [ 92.361671447000106, 25.048393250000061 ], [ 92.361633300000051, 25.048139573000128 ], [ 92.361572265000063, 25.047891616000129 ], [ 92.361480713000162, 25.047664643000076 ], [ 92.361152648000086, 25.047060012000031 ], [ 92.360794068000075, 25.046869278000088 ], [ 92.360641479000151, 25.046875001000103 ], [ 92.360244750000106, 25.046888352000053 ], [ 92.359992981000175, 25.046890259000122 ], [ 92.359603882000044, 25.047119140000177 ], [ 92.359077453000054, 25.047182083000109 ], [ 92.358695985000111, 25.047248841000112 ], [ 92.358367920000092, 25.047351838000054 ], [ 92.358299256000066, 25.047521591000134 ], [ 92.358283996000068, 25.047922135000078 ], [ 92.358245849000184, 25.048280717000068 ], [ 92.358139039000037, 25.048576356000126 ], [ 92.358085632000154, 25.048666 ], [ 92.35786438100007, 25.048799516000088 ], [ 92.357788085000152, 25.048896791000061 ], [ 92.357696533000023, 25.049161911000169 ], [ 92.357666016999985, 25.049247742000034 ], [ 92.357795715000066, 25.049390793999976 ], [ 92.35786438100007, 25.049415588000102 ], [ 92.357902528000125, 25.04927444600014 ], [ 92.357978821000131, 25.04924011200012 ], [ 92.358222961000081, 25.049381256000117 ], [ 92.358329773000037, 25.049350739000147 ], [ 92.358543396000016, 25.049291612000161 ], [ 92.358734132000166, 25.049318313000128 ], [ 92.358734132000166, 25.049419403000115 ], [ 92.358612061000144, 25.049957275000054 ], [ 92.358604431, 25.050035477000108 ], [ 92.358070373000089, 25.050155640000014 ], [ 92.358016968000186, 25.050251007000043 ], [ 92.357048035000048, 25.050218583000174 ], [ 92.356925965000073, 25.050249099000041 ], [ 92.356529236000199, 25.05013847400005 ], [ 92.356536866000113, 25.049776077000161 ], [ 92.356544494000048, 25.049442291000105 ], [ 92.356536866000113, 25.049251557000105 ], [ 92.356330872000115, 25.049005508000107 ], [ 92.356239320000157, 25.048814774000107 ], [ 92.356277467000041, 25.04856681800004 ], [ 92.356361388000153, 25.048139573000128 ], [ 92.356391907000102, 25.047918320000178 ], [ 92.3566207880001, 25.047903062000159 ], [ 92.356628418000014, 25.047565461000033 ], [ 92.356178284000123, 25.04754829500007 ], [ 92.355499268000074, 25.047571183000173 ], [ 92.355155944000046, 25.047811508000052 ], [ 92.355133056000113, 25.048067094000089 ], [ 92.354408264000199, 25.047893524000074 ], [ 92.354309082000157, 25.047954559000061 ], [ 92.354179383000201, 25.048614502000078 ], [ 92.354484558000138, 25.049173356000097 ], [ 92.354156495000041, 25.049573898000062 ], [ 92.353820801000154, 25.049312593000025 ], [ 92.353683472000114, 25.049207688000138 ], [ 92.353240967000147, 25.049390793999976 ], [ 92.352920532000041, 25.049381256000117 ], [ 92.352516175000062, 25.049327851000044 ], [ 92.352020265000078, 25.048961639000083 ], [ 92.351722718000019, 25.048683166000046 ], [ 92.351188661000151, 25.048521043000051 ], [ 92.351142884000183, 25.048582078000038 ], [ 92.351097107000044, 25.048639298000182 ], [ 92.350959778000174, 25.04855346700009 ], [ 92.350852965000115, 25.04854011600014 ], [ 92.350708008000083, 25.048690796000187 ], [ 92.350364685000045, 25.048688889000118 ], [ 92.350334168000074, 25.048761367000054 ], [ 92.350410462000184, 25.049341202000164 ], [ 92.350349426000093, 25.049562454000181 ], [ 92.35018157900015, 25.049686433000034 ], [ 92.349906921000184, 25.049537658000077 ], [ 92.349479676000101, 25.049501419000023 ], [ 92.349311828000054, 25.049266816000056 ], [ 92.34922790600001, 25.048809052000024 ], [ 92.349258423000151, 25.048690796000187 ], [ 92.348640440999986, 25.048404693 ], [ 92.348533631000066, 25.048404693 ], [ 92.348243713000045, 25.048404693 ], [ 92.348098756000013, 25.04836273300009 ], [ 92.347984313000097, 25.048215866000135 ], [ 92.347755432000042, 25.047910690000094 ], [ 92.347297668000181, 25.047796249000157 ], [ 92.346450806000121, 25.048168182000097 ], [ 92.346153260000165, 25.048709870000152 ], [ 92.346015931000125, 25.048740388000169 ], [ 92.345970154000156, 25.049184799000102 ], [ 92.345474243000069, 25.049167633000081 ], [ 92.345375061000198, 25.048961639000083 ], [ 92.345283509000069, 25.048763275000056 ], [ 92.345184327000197, 25.048812867000038 ], [ 92.345069884000054, 25.04878044100019 ], [ 92.344924927000079, 25.048824310000043 ], [ 92.344848634000073, 25.048803329000123 ], [ 92.344604492000087, 25.048765182000125 ], [ 92.344429016000163, 25.048696519000032 ], [ 92.343963622000047, 25.048650742000063 ], [ 92.343757630000198, 25.048667908000027 ], [ 92.343681336000088, 25.048673630000167 ], [ 92.34333801300005, 25.048774719999983 ], [ 92.342842102000134, 25.049112321000109 ], [ 92.34267425500019, 25.049228669000172 ], [ 92.34207153300008, 25.048965454000154 ], [ 92.34184265100015, 25.048921585000187 ], [ 92.341804504000095, 25.048765182000125 ], [ 92.341682433000187, 25.048660279000046 ], [ 92.34140777500005, 25.048664093000184 ], [ 92.34137725800008, 25.048875810000027 ], [ 92.341423035000048, 25.048940658000049 ], [ 92.341300965000073, 25.049205780000136 ], [ 92.341247558000191, 25.049316406000059 ], [ 92.340408326000045, 25.049671174000082 ], [ 92.339416504000042, 25.050098420000097 ], [ 92.339233398000147, 25.050476075000176 ], [ 92.339401246000193, 25.050628662000122 ], [ 92.339782714000137, 25.050979614000028 ], [ 92.34022522000015, 25.051422119000108 ], [ 92.340522766000049, 25.051876068000126 ], [ 92.340835571000127, 25.052362443000106 ], [ 92.341140747000111, 25.052648544000078 ], [ 92.341239930000086, 25.052856446000021 ], [ 92.341491699000017, 25.053335191000144 ], [ 92.341819764000093, 25.053745270000036 ], [ 92.342300414000078, 25.0543479910001 ], [ 92.341972351000038, 25.054178238000134 ], [ 92.341590881000059, 25.053794860000039 ], [ 92.341194153000117, 25.053081512000176 ], [ 92.341110229000094, 25.052845001000094 ], [ 92.340919495000151, 25.052591324000105 ], [ 92.340522766000049, 25.052206041000147 ], [ 92.340255738000167, 25.051723481000181 ], [ 92.339881896000179, 25.051301956000032 ], [ 92.339111328000172, 25.050582885000154 ], [ 92.33895874000018, 25.050741195000057 ], [ 92.338096620000044, 25.051639557000158 ], [ 92.338294984000129, 25.051715850000164 ], [ 92.338462829000093, 25.051845551000156 ], [ 92.338645935000102, 25.052049636000049 ], [ 92.339073181000117, 25.052551270000038 ], [ 92.340164184000059, 25.053586960000075 ], [ 92.340476989000081, 25.053794860000039 ], [ 92.340583801000037, 25.053865433000112 ], [ 92.340942383000083, 25.054101945000127 ], [ 92.341362, 25.054349899000044 ], [ 92.342193604000101, 25.054719926000018 ], [ 92.342559814000026, 25.054859162000184 ], [ 92.343276978000063, 25.055233002000023 ], [ 92.34382629300012, 25.055456161000109 ], [ 92.344146728000055, 25.055644989000086 ], [ 92.344360351000091, 25.055824280000081 ], [ 92.344497680000131, 25.056457520000095 ], [ 92.344711305000146, 25.057785035000052 ], [ 92.345535278000057, 25.058118820000061 ], [ 92.345527648000086, 25.058315277000077 ], [ 92.346015931000125, 25.058309555000108 ], [ 92.346519470000089, 25.058170318000066 ], [ 92.346794128000113, 25.058094024000127 ], [ 92.346961975000056, 25.058189391000155 ], [ 92.347366334000185, 25.058490753 ], [ 92.34773254400011, 25.058887482000046 ], [ 92.347915650000175, 25.05908584600013 ], [ 92.348342895000087, 25.059860230000083 ], [ 92.348876953000058, 25.060970307 ], [ 92.348983765000185, 25.061256410000169 ], [ 92.349021912000012, 25.061607361000142 ], [ 92.349029542000153, 25.06208419900014 ], [ 92.349021912000012, 25.062337876000072 ], [ 92.348991393000063, 25.06346893400007 ], [ 92.349121094000054, 25.06399154800016 ], [ 92.349296570000035, 25.064611435000188 ], [ 92.349311828000054, 25.064779282000131 ], [ 92.349182129000042, 25.065177918000074 ], [ 92.348999023000033, 25.06559181300014 ], [ 92.348831178000069, 25.066022873000065 ], [ 92.348579406, 25.06645584100005 ], [ 92.348526001000153, 25.066577912000071 ], [ 92.348327637000068, 25.067068100000142 ], [ 92.348022460000095, 25.067165374000183 ], [ 92.347778321000078, 25.067247391000137 ], [ 92.347679139000036, 25.068264008000142 ], [ 92.348022460000095, 25.068542481000179 ], [ 92.348411561000091, 25.06885528600003 ], [ 92.348007202000076, 25.069507599000133 ], [ 92.347663880000141, 25.070070268000052 ], [ 92.347747802000129, 25.070747375 ], [ 92.347747802000129, 25.071344375000024 ], [ 92.348045349000131, 25.072011949 ], [ 92.348228455000196, 25.072441100999981 ], [ 92.348480224000184, 25.072772980000025 ], [ 92.348495484000182, 25.073040009000181 ], [ 92.348419189000197, 25.073116303000063 ], [ 92.348480224000184, 25.073637010000084 ], [ 92.347770691000164, 25.074132919000192 ], [ 92.34721374500009, 25.074066163000168 ], [ 92.346626282000045, 25.073997497000164 ], [ 92.346183776000032, 25.0738334670001 ], [ 92.345474243000069, 25.073923111000056 ], [ 92.345260620000033, 25.074058532000151 ], [ 92.343528747, 25.075164794000045 ], [ 92.342048645000091, 25.075593949000108 ], [ 92.341773987000124, 25.075613023000074 ], [ 92.340866089000144, 25.075677871000096 ], [ 92.340660095000146, 25.075683594000168 ], [ 92.340103149000072, 25.075698852000187 ], [ 92.338973999000075, 25.076076507000039 ], [ 92.338340759000118, 25.075836183000092 ], [ 92.338127136000082, 25.075857162000091 ], [ 92.338066101000095, 25.0759372710001 ], [ 92.337501527000143, 25.076654433999977 ], [ 92.336593627000127, 25.077140809000184 ], [ 92.336181640000063, 25.077199937000103 ], [ 92.335754395000151, 25.077264785000125 ], [ 92.335342408000088, 25.077323913000043 ], [ 92.334465027000078, 25.078613281000173 ], [ 92.334388733000139, 25.078466416000026 ], [ 92.334220886000196, 25.078159332000155 ], [ 92.333885193000015, 25.078136444000052 ], [ 92.33364868100017, 25.0781211850001 ], [ 92.333396912000069, 25.078104019000136 ], [ 92.333305358000132, 25.078245163000076 ], [ 92.332847596000079, 25.079000474000111 ], [ 92.331863403000114, 25.079164504 ], [ 92.331764221000071, 25.079160691000141 ], [ 92.331565856000054, 25.079154969000058 ], [ 92.331466674000012, 25.079133987999967 ], [ 92.33119964600013, 25.079048156000169 ], [ 92.330245972000114, 25.079069137000033 ], [ 92.330207825000059, 25.078876496000191 ], [ 92.329566955000132, 25.078050614000063 ], [ 92.329193115000123, 25.077800750000165 ], [ 92.328804017000095, 25.077569962000098 ], [ 92.328056335000042, 25.07759285000003 ], [ 92.327468872, 25.077838897000049 ], [ 92.327079773000037, 25.078002930000025 ], [ 92.326812744000108, 25.077856065000049 ], [ 92.325553894, 25.078224182000042 ], [ 92.32543182400002, 25.078439713000023 ], [ 92.324546815000076, 25.077209472999982 ], [ 92.322502136000139, 25.074420929000041 ], [ 92.319618224000067, 25.07464027400016 ], [ 92.319519042000195, 25.074407578000091 ], [ 92.319107055000131, 25.074390410999968 ], [ 92.318901063000169, 25.074382782000157 ], [ 92.318862916000114, 25.074209214000177 ], [ 92.318778992000091, 25.073822021000012 ], [ 92.318916321000188, 25.073226928000111 ], [ 92.318717957000104, 25.073173523000037 ], [ 92.318542481000122, 25.073129654000013 ], [ 92.318511962000173, 25.072832107000181 ], [ 92.318771362000177, 25.072839738000027 ], [ 92.318778992000091, 25.072622300000148 ], [ 92.318916321000188, 25.072643281000012 ], [ 92.319015503, 25.072658539000031 ], [ 92.319099427000197, 25.072618485000135 ], [ 92.319282531000113, 25.072433471000068 ], [ 92.319046020000144, 25.071876525000164 ], [ 92.319305419000045, 25.071393967000063 ], [ 92.318977356000175, 25.071054459000038 ], [ 92.318984984000053, 25.070869446000074 ], [ 92.319221496000125, 25.07044601500013 ], [ 92.319076538, 25.070388794999985 ], [ 92.319023133000144, 25.070032121000168 ], [ 92.318756104000158, 25.070049287000188 ], [ 92.318367005000198, 25.070125579999967 ], [ 92.318321228000059, 25.07005119400003 ], [ 92.318176269000048, 25.06979942300012 ], [ 92.318077087000177, 25.069812776000049 ], [ 92.317909241000166, 25.070087434000015 ], [ 92.317832948000159, 25.070213317000082 ], [ 92.317649842000094, 25.070278168000186 ], [ 92.317596436000088, 25.070636749000073 ], [ 92.317443847, 25.070827484000176 ], [ 92.317352295000092, 25.070941926000046 ], [ 92.316841126000156, 25.070682526000041 ], [ 92.316612243000122, 25.071027755000102 ], [ 92.316566468000133, 25.071186065000063 ], [ 92.316207886000143, 25.071420669000133 ], [ 92.316223145000095, 25.071565628000144 ], [ 92.316146851000155, 25.071653367000181 ], [ 92.3160400390002, 25.071670533000031 ], [ 92.315994262000061, 25.071613313000057 ], [ 92.315940857000157, 25.071437837000133 ], [ 92.315811158000031, 25.071388245000094 ], [ 92.315490723000039, 25.07152175900012 ], [ 92.314956665000125, 25.071485519000134 ], [ 92.314865111000188, 25.071477891000086 ], [ 92.314903260000051, 25.071569443000158 ], [ 92.314773559000059, 25.071695329000136 ], [ 92.314216613000156, 25.072071076000043 ], [ 92.31403350700009, 25.072093963000043 ], [ 92.313682556000117, 25.072017669000161 ], [ 92.313568115000123, 25.071990968000136 ], [ 92.313148498000146, 25.071359636000125 ], [ 92.312698365000131, 25.070873261000145 ], [ 92.312202454000044, 25.070444108000061 ], [ 92.311820984000065, 25.070007325000063 ], [ 92.311859130000073, 25.069459915000095 ], [ 92.311576842000136, 25.069320678000167 ], [ 92.311393738000106, 25.069383621000156 ], [ 92.311149597000053, 25.069349289000172 ], [ 92.310913086000085, 25.069375993000051 ], [ 92.310722352000141, 25.069477082000162 ], [ 92.310646056000053, 25.069498063000026 ], [ 92.310569763000046, 25.069456101000128 ], [ 92.310585023000044, 25.069322586000169 ], [ 92.31059265100015, 25.069234849000111 ], [ 92.310546874000181, 25.069168091000108 ], [ 92.310363770000151, 25.069334031000153 ], [ 92.310325623000097, 25.069402694000019 ], [ 92.310295105000023, 25.069549561000031 ], [ 92.310226441000054, 25.069686890000128 ], [ 92.310150146000069, 25.069694520000041 ], [ 92.30988311800013, 25.06970596300016 ], [ 92.30988311800013, 25.069522857000152 ], [ 92.309700012000121, 25.069725037000183 ], [ 92.309547424000073, 25.069696426000178 ], [ 92.309371949000024, 25.06958198500007 ], [ 92.309272767000039, 25.06970596300016 ], [ 92.309120177000182, 25.069890977000057 ], [ 92.308967590000066, 25.069959640000093 ], [ 92.308891296000184, 25.069953918000181 ], [ 92.308761597000171, 25.069746018000046 ], [ 92.308670044000166, 25.069707871000162 ], [ 92.308578492000038, 25.069740294999974 ], [ 92.308364869000059, 25.069919586000026 ], [ 92.308273315000122, 25.070011140000133 ], [ 92.307746888000167, 25.070154190000039 ], [ 92.307571412000186, 25.070133209000176 ], [ 92.307312012000068, 25.07015800500011 ], [ 92.307014466000112, 25.070222855000111 ], [ 92.306999207, 25.070442200000059 ], [ 92.306892395000034, 25.070480347000114 ], [ 92.306907653000053, 25.07058715900007 ], [ 92.306831360000047, 25.070648193000181 ], [ 92.30671691900011, 25.070585252000171 ], [ 92.306518555000196, 25.07050705100005 ], [ 92.306457520000038, 25.070379257000127 ], [ 92.306190490000176, 25.070428849000109 ], [ 92.306129455000189, 25.070535660000189 ], [ 92.305923462000067, 25.070579529000156 ], [ 92.305793761000132, 25.070657730000164 ], [ 92.305931092000037, 25.070905685000128 ], [ 92.306312561000027, 25.071304321000071 ], [ 92.306388854000033, 25.071435929000131 ], [ 92.306610107000154, 25.071468353000171 ], [ 92.306617737000067, 25.071561813000073 ], [ 92.306617737000067, 25.0716724400001 ], [ 92.306785583000078, 25.071647644000166 ], [ 92.306854248000036, 25.07172966100012 ], [ 92.306396484000174, 25.072021484000174 ], [ 92.306411743000069, 25.072097778000114 ], [ 92.306304932000046, 25.072114944000077 ], [ 92.30619812000009, 25.072103501000129 ], [ 92.306121826000151, 25.072050096000055 ], [ 92.306343079000101, 25.071771622000142 ], [ 92.306381226000155, 25.071628571000076 ], [ 92.306121826000151, 25.071401596000044 ], [ 92.305862427000079, 25.071275712000102 ], [ 92.30548858700007, 25.07100486700017 ], [ 92.305397033000133, 25.070974350000029 ], [ 92.30529022200011, 25.070871353000143 ], [ 92.304992676000154, 25.070875168000043 ], [ 92.304977418000135, 25.07061767600004 ], [ 92.304878236000093, 25.070653915000094 ], [ 92.304450988000099, 25.070814133000056 ], [ 92.303596496000125, 25.071086883000021 ], [ 92.303176881000127, 25.071250916 ], [ 92.302719117000095, 25.071237565000047 ], [ 92.302299500000117, 25.071298600000034 ], [ 92.301719665000178, 25.071302413000126 ], [ 92.300590515000181, 25.071765900000173 ], [ 92.300514221000071, 25.071954726000172 ], [ 92.300109862000113, 25.071994781 ], [ 92.299880982000161, 25.071939468000153 ], [ 92.299728394000169, 25.071901321000098 ], [ 92.299514770000087, 25.071802139000056 ], [ 92.299255372000118, 25.071908951000182 ], [ 92.298904418, 25.071989060000192 ], [ 92.298416138000107, 25.072204590000069 ], [ 92.298233032000098, 25.072296141999971 ], [ 92.297332764000032, 25.072742463000054 ], [ 92.296142579000048, 25.073312760000078 ], [ 92.295616149000182, 25.073398591000171 ], [ 92.295265197999981, 25.073453904000019 ], [ 92.293884278000121, 25.073955535000096 ], [ 92.292213440000126, 25.074506761 ], [ 92.292053222000163, 25.074558258000138 ], [ 92.291992187000176, 25.07466507100014 ], [ 92.291877747000115, 25.074739457000078 ], [ 92.291496276000089, 25.074857712000039 ], [ 92.291442871000186, 25.074785234000046 ], [ 92.291015626000103, 25.074996949000081 ], [ 92.290916444000061, 25.075115203999985 ], [ 92.29079437300004, 25.075199128 ], [ 92.290397645000041, 25.075603485000158 ], [ 92.290199280000081, 25.075641632000043 ], [ 92.289787293000188, 25.075834275000091 ], [ 92.289634704000093, 25.075984955000138 ], [ 92.289474487000064, 25.075952531000098 ], [ 92.289398193000125, 25.075967789000117 ], [ 92.289054872000065, 25.076133727000183 ], [ 92.28895568900009, 25.076128007000079 ], [ 92.288833619000116, 25.076066971000159 ], [ 92.288787841999977, 25.075973512000132 ], [ 92.288902282000038, 25.075727463000135 ], [ 92.288848877000135, 25.075632096000163 ], [ 92.288764953000168, 25.075597764000122 ], [ 92.288520814000094, 25.075931550000064 ], [ 92.288406372000054, 25.075950623000097 ], [ 92.288246154000092, 25.075706482000101 ], [ 92.287948608000193, 25.075756074000083 ], [ 92.287803650000114, 25.075746536 ], [ 92.287689208000018, 25.07591629 ], [ 92.287712097000053, 25.076007844000173 ], [ 92.287551879000148, 25.076089860000025 ], [ 92.287658691000104, 25.076194763000046 ], [ 92.287750243, 25.076681138000083 ], [ 92.287658691000104, 25.076759339000091 ], [ 92.287445069000171, 25.076730728000086 ], [ 92.286964416000103, 25.076953888000105 ], [ 92.285934448000148, 25.077157975000034 ], [ 92.285232545000099, 25.077327728000114 ], [ 92.284751893000077, 25.077013016000024 ], [ 92.28441619900002, 25.076839448000044 ], [ 92.284294129000045, 25.076797486000089 ], [ 92.283744813000112, 25.076622010000165 ], [ 92.283317566000164, 25.077022553000177 ], [ 92.282524108000075, 25.077392578000172 ], [ 92.281715393000013, 25.077651978000119 ], [ 92.281455993000066, 25.077737807 ], [ 92.280227661000026, 25.078126908000172 ], [ 92.280014038000047, 25.078193663999969 ], [ 92.279563904000099, 25.078056335000099 ], [ 92.279220581, 25.077951432000191 ], [ 92.279113769000048, 25.077913285000136 ], [ 92.278854371000079, 25.077871323000068 ], [ 92.27860260000017, 25.077859878000083 ], [ 92.278541564000079, 25.077957153000057 ], [ 92.27838134700005, 25.077688217000173 ], [ 92.278190613000049, 25.077674867000155 ], [ 92.277969360000156, 25.078109742000152 ], [ 92.277717590000123, 25.078449250000176 ], [ 92.277717590000123, 25.078739167000094 ], [ 92.277549743000179, 25.078968048000092 ], [ 92.277015685000038, 25.079557420000015 ], [ 92.27692413300008, 25.079380036000089 ], [ 92.276809693000018, 25.078935623000177 ], [ 92.276657104000094, 25.078912735000074 ], [ 92.276466369000048, 25.07884788400014 ], [ 92.276268005000134, 25.078973770000061 ], [ 92.275878907000106, 25.079217911000114 ], [ 92.275764466000169, 25.079473496 ], [ 92.275459290000128, 25.079330444000107 ], [ 92.275375366000105, 25.079339982000135 ], [ 92.275161743000126, 25.079519273000187 ], [ 92.275177002000021, 25.079641342000059 ], [ 92.275199890000181, 25.079875947000176 ], [ 92.274978637000061, 25.080047608000086 ], [ 92.274589539000033, 25.08025550800005 ], [ 92.274368286000083, 25.080356598000094 ], [ 92.273368834000166, 25.080818176999969 ], [ 92.273262024000019, 25.080663682000079 ], [ 92.273101807000046, 25.080554962000122 ], [ 92.272880554000096, 25.08074760500017 ], [ 92.272552491000056, 25.080921174000082 ], [ 92.272468567000033, 25.080965043000049 ], [ 92.272071838000159, 25.080997467000088 ], [ 92.271858216000055, 25.081249237000122 ], [ 92.271492004000152, 25.081010818000038 ], [ 92.271331786000189, 25.080890655000132 ], [ 92.270980835000046, 25.080877304000182 ], [ 92.270423889000142, 25.08113670400013 ], [ 92.270286560000045, 25.081243516000086 ], [ 92.270133973000156, 25.081371307000097 ], [ 92.269691467000087, 25.081752778000123 ], [ 92.269592285000101, 25.081832886000029 ], [ 92.269065857000044, 25.082027436000146 ], [ 92.269081116000166, 25.082538605000025 ], [ 92.268363952000129, 25.082695007000041 ], [ 92.26805114800004, 25.082883836000121 ], [ 92.267509460000156, 25.08302307200006 ], [ 92.266960144000166, 25.083248138000044 ], [ 92.26667022800018, 25.083335877000138 ], [ 92.266220092000196, 25.083435059000124 ], [ 92.265632629000038, 25.083475113000077 ], [ 92.265274047, 25.083454133000146 ], [ 92.264938354000037, 25.083374023999966 ], [ 92.264739990000123, 25.083564758000136 ], [ 92.264091492000148, 25.083402633000105 ], [ 92.263267516000155, 25.083614350000175 ], [ 92.262626648000094, 25.083690644000058 ], [ 92.2615203860002, 25.083909989000176 ], [ 92.261260987000128, 25.083965302000081 ], [ 92.261039734000065, 25.083837510000137 ], [ 92.260826111000029, 25.083791733000169 ], [ 92.260894775000054, 25.084001541000134 ], [ 92.260833740000066, 25.084300995000035 ], [ 92.260414124000135, 25.084362030000023 ], [ 92.260040282000148, 25.084341049000159 ], [ 92.25978851300016, 25.084396362000177 ], [ 92.259552002000078, 25.084508896999978 ], [ 92.259384156000181, 25.08462715200011 ], [ 92.259170532000098, 25.084638596000161 ], [ 92.259124757000166, 25.084569932000193 ], [ 92.258544922000056, 25.084764481000036 ], [ 92.258277892000137, 25.084756851000066 ], [ 92.257545470000139, 25.085195542000065 ], [ 92.257133484000121, 25.085138321000045 ], [ 92.256591798000102, 25.085126876000061 ], [ 92.25643158000014, 25.085153580000167 ], [ 92.25595855600011, 25.085287094000023 ], [ 92.255493164000143, 25.085342408000145 ], [ 92.255218506000119, 25.085376740000129 ], [ 92.254814147000161, 25.085554123000179 ], [ 92.254783631000123, 25.085632325000063 ], [ 92.254302978000055, 25.086868287000186 ], [ 92.254135133000148, 25.086835861000168 ], [ 92.253967285000101, 25.086841584000183 ], [ 92.253570557000103, 25.086854935000133 ], [ 92.253402711000092, 25.086877823000066 ], [ 92.252815246000068, 25.087043763000111 ], [ 92.252540588000102, 25.087303163000115 ], [ 92.252265930000078, 25.087348938000048 ], [ 92.252067566000051, 25.087392807000072 ], [ 92.25153350800008, 25.087507248000179 ], [ 92.251022339000144, 25.087671280000109 ], [ 92.250297546000127, 25.087902069000108 ], [ 92.250213624000082, 25.087963104000096 ], [ 92.249839782000095, 25.088233949000028 ], [ 92.249145507000094, 25.0885162350001 ], [ 92.248970031000169, 25.088600159000123 ], [ 92.248840332000157, 25.088611604000107 ], [ 92.248725892000095, 25.088718414000027 ], [ 92.248497009000118, 25.08883094700019 ], [ 92.248329163000051, 25.088949203000027 ], [ 92.248123169000053, 25.08899498 ], [ 92.248016356000051, 25.089082719000089 ], [ 92.247764587000063, 25.08919715900015 ], [ 92.247436524000193, 25.089279175000172 ], [ 92.247299195000096, 25.089239121000048 ], [ 92.247200013000054, 25.089263917000153 ], [ 92.247055054000043, 25.089269638000189 ], [ 92.246955872000058, 25.089385986000025 ], [ 92.246856689000083, 25.089483260000065 ], [ 92.246681214000034, 25.089445114000114 ], [ 92.246627808000085, 25.089605331000143 ], [ 92.246437072000106, 25.089740752000068 ], [ 92.246360779000099, 25.089702606000117 ], [ 92.246215820000089, 25.089746475000084 ], [ 92.24613952600015, 25.089883804000181 ], [ 92.245971680000139, 25.089860916000077 ], [ 92.245826721000128, 25.089889527000025 ], [ 92.245735169, 25.090019225000106 ], [ 92.245590209999989, 25.090026856000122 ], [ 92.245491028000174, 25.090106964000029 ], [ 92.24542236200017, 25.090147019000028 ], [ 92.245338441000058, 25.090164185000049 ], [ 92.245155335000163, 25.09022903500005 ], [ 92.2447433480001, 25.090398788000186 ], [ 92.243873597000174, 25.090772628000025 ], [ 92.243499757000166, 25.091049194000163 ], [ 92.242752075000112, 25.091405867999981 ], [ 92.242683411000087, 25.09147453300011 ], [ 92.24246978900004, 25.091575623000097 ], [ 92.242362976000152, 25.091669083 ], [ 92.2421875, 25.091783523000061 ], [ 92.242027283000198, 25.091804504000152 ], [ 92.2418212890002, 25.091800689000081 ], [ 92.241569519000166, 25.091794968000045 ], [ 92.241218568000136, 25.091899871000123 ], [ 92.240859986000146, 25.092046738000079 ], [ 92.240615844, 25.092163086000141 ], [ 92.240249635000168, 25.092330933000085 ], [ 92.23999023500005, 25.092449189000092 ], [ 92.239372254000159, 25.092849733000037 ], [ 92.238731384000062, 25.093246461000149 ], [ 92.238258362000181, 25.09337043700009 ], [ 92.237892152000086, 25.093479157000047 ], [ 92.237434388000054, 25.09396743800005 ], [ 92.236900330000083, 25.09404754600007 ], [ 92.236503602000141, 25.094089508000025 ], [ 92.23637390100015, 25.094146729000045 ], [ 92.235893250000061, 25.094356536000078 ], [ 92.234962464000148, 25.094680786000083 ], [ 92.234054565000065, 25.094770433000122 ], [ 92.233245849000127, 25.094980240000154 ], [ 92.232597351000095, 25.095432281000171 ], [ 92.232376098000032, 25.095588684000063 ], [ 92.231483459000174, 25.096233369 ], [ 92.231491089000087, 25.096940995000125 ], [ 92.231163024000182, 25.097135544000139 ], [ 92.231079102000194, 25.09709358200007 ], [ 92.230590820000089, 25.09684562700005 ], [ 92.229690552000022, 25.096078872000135 ], [ 92.229286194000167, 25.095916749000139 ], [ 92.228347779000046, 25.09553527900016 ], [ 92.228225709000071, 25.094934463000186 ], [ 92.228103638, 25.094366074000163 ], [ 92.2281265270002, 25.094139098000028 ], [ 92.22773742600009, 25.093698502000166 ], [ 92.22739410500003, 25.093856812000126 ], [ 92.227134705000026, 25.094032288000051 ], [ 92.226837159000127, 25.094232560000137 ], [ 92.226875305000078, 25.094516753999983 ], [ 92.226455688000101, 25.095169067000086 ], [ 92.226409911000133, 25.095689773000174 ], [ 92.22634124800004, 25.095767975000058 ], [ 92.225646973000039, 25.096179962000122 ], [ 92.225189209000177, 25.096490861000177 ], [ 92.224853516000053, 25.096651078000036 ], [ 92.224533081000061, 25.096969606000073 ], [ 92.224105836000149, 25.097162247000142 ], [ 92.22400665300006, 25.097518922000063 ], [ 92.223701477000191, 25.097745895000116 ], [ 92.223129273000097, 25.098178863000044 ], [ 92.222984312999984, 25.098337173000175 ], [ 92.222923278, 25.09869384700005 ], [ 92.222785949000126, 25.099153518000151 ], [ 92.222740174000137, 25.099470138000072 ], [ 92.222709655000187, 25.099679948000187 ], [ 92.222686767000084, 25.100120544000049 ], [ 92.222923278, 25.100933074000125 ], [ 92.223091126000043, 25.101196289000143 ], [ 92.223289490000127, 25.101493835000042 ], [ 92.223388672000169, 25.101787567000031 ], [ 92.223419189000083, 25.102066040000068 ], [ 92.223457336000138, 25.102544785000134 ], [ 92.223281860000043, 25.10282516500007 ], [ 92.223251343000072, 25.103176116999975 ], [ 92.223007202000019, 25.103395462000094 ], [ 92.222343446000195, 25.103679657999976 ], [ 92.222099304000039, 25.103883743000097 ], [ 92.222023011000033, 25.10395431600017 ], [ 92.221794128000056, 25.104177476000132 ], [ 92.22125244200015, 25.104120256000044 ], [ 92.220314026000153, 25.104385376000153 ], [ 92.219947816000058, 25.104496003000122 ], [ 92.219596862000117, 25.104549408000025 ], [ 92.219062805000078, 25.104665757000134 ], [ 92.21883392400008, 25.104764939000177 ], [ 92.218650818000185, 25.104866028000117 ], [ 92.218574524000076, 25.104907990000186 ], [ 92.218200684000067, 25.104969026000106 ], [ 92.218093872000111, 25.104999542000144 ], [ 92.217864991000113, 25.105070115000046 ], [ 92.217491151000047, 25.105182648000039 ], [ 92.217369080000196, 25.105241776000128 ], [ 92.217155457, 25.105346681000185 ], [ 92.216499329000101, 25.105701447000058 ], [ 92.216362000000174, 25.105836869000029 ], [ 92.215774536000083, 25.10615921100009 ], [ 92.215484619000165, 25.10620117100018 ], [ 92.215171814000087, 25.106586457000105 ], [ 92.214324950000048, 25.106868745000156 ], [ 92.213920593000068, 25.107036590000121 ], [ 92.213768006000123, 25.107099533000053 ], [ 92.212799073000156, 25.10741043000013 ], [ 92.212493897000115, 25.107507705000103 ], [ 92.212402345000044, 25.107521058000032 ], [ 92.211578369000051, 25.107631683000079 ], [ 92.211463928000114, 25.107707977000132 ], [ 92.211036682999975, 25.107782365000105 ], [ 92.210548401000096, 25.108011246000103 ], [ 92.210441590000073, 25.108060838000142 ], [ 92.210327147999976, 25.108079911000175 ], [ 92.209861756000066, 25.108152390000043 ], [ 92.209350587000131, 25.108255387000156 ], [ 92.20884704600013, 25.108375550000062 ], [ 92.208724975000052, 25.108386993000181 ], [ 92.20829773000014, 25.108528137000178 ], [ 92.207801819000053, 25.108594895000181 ], [ 92.20741271900016, 25.108684540000013 ], [ 92.206909180000196, 25.108774186000176 ], [ 92.206642150000107, 25.108566284 ], [ 92.206375122000054, 25.108362197000076 ], [ 92.206314087000067, 25.108310700000175 ], [ 92.205993652000075, 25.108154297000112 ], [ 92.205581665000182, 25.107950211000116 ], [ 92.204940795000084, 25.107906341000046 ], [ 92.204734803000122, 25.107717514000115 ], [ 92.203857422000112, 25.10691261400018 ], [ 92.20369720400015, 25.106775283000047 ], [ 92.203552245000139, 25.106647492000093 ], [ 92.203445435, 25.106624603000057 ], [ 92.203224182000099, 25.106575013 ], [ 92.202667236000195, 25.106504440000151 ], [ 92.202583312000172, 25.106784821000133 ], [ 92.202331543000071, 25.106956482000044 ], [ 92.202262877000067, 25.107004166000081 ], [ 92.202072143000066, 25.107145310000021 ], [ 92.20144653400007, 25.107547759000056 ], [ 92.200965881, 25.107679368000163 ], [ 92.200454712000123, 25.107776642000033 ], [ 92.199943543000188, 25.107831955000108 ], [ 92.199615478000112, 25.107883455000092 ], [ 92.199340820000145, 25.107889175000025 ], [ 92.199066162000122, 25.107940675000066 ], [ 92.198890687000073, 25.107807159000174 ], [ 92.198654175000058, 25.107494354000153 ], [ 92.198249817000033, 25.107492447000084 ], [ 92.198181153000178, 25.107536316000051 ], [ 92.197853088000159, 25.10774040300015 ], [ 92.197776795000152, 25.10774421800005 ], [ 92.197433471000124, 25.10776710500005 ], [ 92.197311400000103, 25.108057023000072 ], [ 92.196945191000054, 25.10808753900011 ], [ 92.196426391000102, 25.108078004000106 ], [ 92.196350098000096, 25.108095170000126 ], [ 92.196090698000148, 25.108165741 ], [ 92.196357728000066, 25.10891914299998 ], [ 92.196586609000065, 25.109565736000093 ], [ 92.197029113999974, 25.110813142000097 ], [ 92.197189332000107, 25.111278534000064 ], [ 92.197677612000177, 25.11265564100006 ], [ 92.197906493, 25.113300324000193 ], [ 92.198127746000125, 25.113142014000061 ], [ 92.198532105000083, 25.112854005000145 ], [ 92.198219300000062, 25.113409043000047 ], [ 92.198051452000186, 25.113704682000105 ], [ 92.198371887000178, 25.11459159900005 ], [ 92.198677064000094, 25.115470886000026 ], [ 92.198936462000063, 25.116214753 ], [ 92.199211121000133, 25.116968155 ], [ 92.19966125500008, 25.117330552000055 ], [ 92.199943543000188, 25.117364884000096 ], [ 92.20042419400005, 25.117422104000184 ], [ 92.200500487000056, 25.11791420000003 ], [ 92.20056915300006, 25.118364334000148 ], [ 92.200607300000115, 25.118654252000169 ], [ 92.200614930000199, 25.118755341999986 ], [ 92.200187683000138, 25.118774415000075 ], [ 92.199867248000146, 25.118787766000025 ], [ 92.199966430000188, 25.119140625000171 ], [ 92.200340272000062, 25.120119096000053 ], [ 92.201049805000025, 25.120317460000138 ], [ 92.201866151000104, 25.120325088000016 ], [ 92.202903747000164, 25.120151520000093 ], [ 92.203971862000117, 25.119972229000041 ], [ 92.205139160000101, 25.119766236000146 ], [ 92.206230163000043, 25.119573593000098 ], [ 92.206321717000151, 25.119558334000033 ], [ 92.207229615000131, 25.119258880000132 ], [ 92.208717347000118, 25.118782043000181 ], [ 92.209396362000064, 25.11856079000006 ], [ 92.210220337000123, 25.118293763000111 ], [ 92.210433960000159, 25.118225097000106 ], [ 92.211029053000061, 25.118038178000177 ], [ 92.211746216000165, 25.117807388000074 ], [ 92.21261596700009, 25.117528917000072 ], [ 92.213058471000124, 25.117385865000131 ], [ 92.213775634000058, 25.117155074000095 ], [ 92.215248108000196, 25.116683960000046 ], [ 92.216247558000134, 25.116363525000111 ], [ 92.217361450000112, 25.116006851000066 ], [ 92.21899414100011, 25.11548233100018 ], [ 92.219299316000047, 25.115388871000107 ], [ 92.219619751000153, 25.115365983000174 ], [ 92.219535827000129, 25.116109848000121 ], [ 92.21932220400015, 25.117132188000028 ], [ 92.218719483000086, 25.117532730000107 ], [ 92.218391418000067, 25.117967605000104 ], [ 92.218025208000142, 25.117954254000153 ], [ 92.217750550000119, 25.117942811000034 ], [ 92.216758729000048, 25.118690491000052 ], [ 92.216148376000092, 25.119085312000152 ], [ 92.215118407000034, 25.119697571000074 ], [ 92.215034486000093, 25.11975288400015 ], [ 92.214767456000061, 25.119958878000091 ], [ 92.214172363000102, 25.120351792000122 ], [ 92.213645936000148, 25.120672226000181 ], [ 92.212966919, 25.121089936000089 ], [ 92.211006164000025, 25.121696472000167 ], [ 92.209686280000085, 25.122114182000075 ], [ 92.209480284999984, 25.122173309000118 ], [ 92.209213258000034, 25.122249603 ], [ 92.209007263000103, 25.122497559000124 ], [ 92.20793914800015, 25.122798919000161 ], [ 92.207687379000163, 25.12262725800008 ], [ 92.207260131000169, 25.122821807000093 ], [ 92.207283020000034, 25.122983932000125 ], [ 92.206733704000044, 25.123092652000082 ], [ 92.206008910000094, 25.123466492000091 ], [ 92.205787660000112, 25.123579025000083 ], [ 92.20549011300011, 25.123735428000145 ], [ 92.204292297000109, 25.12390136800019 ], [ 92.202919006000059, 25.124404906999985 ], [ 92.202247619000048, 25.124622344000159 ], [ 92.201744080000196, 25.124782562000064 ], [ 92.20064544700017, 25.125164032000043 ], [ 92.200500487000056, 25.125217437000117 ], [ 92.19923400800019, 25.12564659200018 ], [ 92.198921203000111, 25.1257534020001 ], [ 92.195159912000065, 25.124750138000081 ], [ 92.193099975000052, 25.122882843000184 ], [ 92.191986083000074, 25.120918273000029 ], [ 92.187545777000025, 25.121959687000185 ], [ 92.186576842000079, 25.122779846000128 ], [ 92.185844421000127, 25.123382569000171 ], [ 92.185585021000179, 25.122936250000066 ], [ 92.183822631000169, 25.118196488000137 ], [ 92.183387755000069, 25.118312835999973 ], [ 92.182632447000117, 25.118515015000128 ], [ 92.182411194, 25.118602752000186 ], [ 92.181938172000116, 25.11885833700012 ], [ 92.181518555000139, 25.119199753000089 ], [ 92.181152343000065, 25.119928358999971 ], [ 92.181083680000143, 25.120044709000183 ], [ 92.181037903000174, 25.120138169000143 ], [ 92.180999756000119, 25.120203019000144 ], [ 92.180870057000163, 25.120326996000188 ], [ 92.180694579000033, 25.120582580000189 ], [ 92.180465698000148, 25.120824814000173 ], [ 92.180427551000093, 25.120935441000029 ], [ 92.180336, 25.121023178000087 ], [ 92.18025970399998, 25.121025086000031 ], [ 92.180061340000123, 25.121330262000072 ], [ 92.180183410000097, 25.121490480000034 ], [ 92.179962157000148, 25.121513366000102 ], [ 92.179786682000099, 25.121492385000067 ], [ 92.179786682000099, 25.12157249400002 ], [ 92.179687500000057, 25.121612548000144 ], [ 92.179061890000185, 25.121858597000028 ], [ 92.178588868000134, 25.121912002000045 ], [ 92.178451539000037, 25.12197113000019 ], [ 92.178245544000163, 25.122097016000112 ], [ 92.177459717000033, 25.122331619000079 ], [ 92.176895141000045, 25.12269210900007 ], [ 92.176658630000134, 25.122982025000056 ], [ 92.178108215000066, 25.123313903000167 ], [ 92.178375245000154, 25.123456955000108 ], [ 92.1788635260001, 25.123773574999973 ], [ 92.178924561000088, 25.123950958000023 ], [ 92.179138184000124, 25.124036789000115 ], [ 92.179237366000166, 25.12408828700012 ], [ 92.179328918000067, 25.124200822000091 ], [ 92.179359436000141, 25.124294281000118 ], [ 92.179313659000172, 25.124427795000145 ], [ 92.179161072000056, 25.124589920000119 ], [ 92.179199219000111, 25.124744415 ], [ 92.179229736000025, 25.124885559000177 ], [ 92.179115295000088, 25.125225067000031 ], [ 92.179046632000166, 25.125667573000044 ], [ 92.178916931000174, 25.125761032000014 ], [ 92.178794860000096, 25.125843048999968 ], [ 92.178825379000045, 25.125928878000082 ], [ 92.178886414000033, 25.125984193000136 ], [ 92.178962708000142, 25.12609863299997 ], [ 92.178901673000155, 25.126382829000079 ], [ 92.178657531000056, 25.12628555200007 ], [ 92.17842865, 25.126316071000019 ], [ 92.178344725999978, 25.126317979000191 ], [ 92.178207397999984, 25.126310348000175 ], [ 92.177963256000055, 25.126161576000129 ], [ 92.177879334000068, 25.126054764000173 ], [ 92.177871704000097, 25.125793457000157 ], [ 92.177749634000122, 25.125577927000052 ], [ 92.17759704600013, 25.125253679000082 ], [ 92.177551269000162, 25.125047684000151 ], [ 92.177612305000082, 25.124736787000131 ], [ 92.177619935000166, 25.124605179000071 ], [ 92.177581788000111, 25.124536515000045 ], [ 92.177429199000187, 25.124612809000155 ], [ 92.177360535, 25.124702453000111 ], [ 92.177322388000164, 25.124797822000119 ], [ 92.1773452770002, 25.125061035000101 ], [ 92.177185059000067, 25.125078201000122 ], [ 92.176956176000033, 25.124511719000168 ], [ 92.176849366000113, 25.124120713000138 ], [ 92.176658630000134, 25.12399864200006 ], [ 92.176544190000072, 25.124073029000101 ], [ 92.176452638000114, 25.124240876000044 ], [ 92.176368714000091, 25.124362947000066 ], [ 92.176261901000089, 25.124553681000066 ], [ 92.176254273000154, 25.124677659000042 ], [ 92.176231385000051, 25.124856950000037 ], [ 92.176177978000112, 25.125125885000159 ], [ 92.176147461000198, 25.125274658000137 ], [ 92.176048279000156, 25.125532150000083 ], [ 92.17608642600004, 25.125772476000122 ], [ 92.176132203000179, 25.125907899000026 ], [ 92.176200866000102, 25.126035690000037 ], [ 92.176162719000047, 25.126434327000084 ], [ 92.175544738000156, 25.12634658800016 ], [ 92.17467498700006, 25.126670838000166 ], [ 92.173988342000143, 25.126552582000159 ], [ 92.173782348000145, 25.126539231000038 ], [ 92.17357635500008, 25.126529694000055 ], [ 92.173271179000039, 25.126577378000093 ], [ 92.172592162000115, 25.126863479000065 ], [ 92.172477722000053, 25.126909256000033 ], [ 92.172439575000169, 25.126972199000136 ], [ 92.172401428000114, 25.127216338000039 ], [ 92.172309875999986, 25.127248765000104 ], [ 92.172164917000032, 25.127225876000068 ], [ 92.172019958000192, 25.127202988000136 ], [ 92.171905517000198, 25.12718772900007 ], [ 92.1717453, 25.127237319000074 ], [ 92.171646118000183, 25.127519608000057 ], [ 92.171577454000158, 25.127676010000016 ], [ 92.17148590000005, 25.127775192000058 ], [ 92.171348571000124, 25.127935410000191 ], [ 92.171432495000147, 25.128044129000045 ], [ 92.17192077600015, 25.128259659000094 ], [ 92.171958922000101, 25.128334046000134 ], [ 92.171829224000192, 25.128490448000093 ], [ 92.1716766360002, 25.128511429000127 ], [ 92.171577454000158, 25.128524780000077 ], [ 92.171401978, 25.128528595000148 ], [ 92.171226501000149, 25.12853431700006 ], [ 92.171104432000106, 25.128574372000116 ], [ 92.170860291000054, 25.128700258000038 ], [ 92.170738219999976, 25.128688812000178 ], [ 92.17049407900015, 25.128515244000027 ], [ 92.170448304000161, 25.128435135000075 ], [ 92.17038726800007, 25.128309250000029 ], [ 92.170349122000118, 25.12822342000004 ], [ 92.170127869000055, 25.128036499000132 ], [ 92.170127869000055, 25.127935410000191 ], [ 92.170112611000036, 25.127769471000022 ], [ 92.170112611000036, 25.127658844000052 ], [ 92.169990540000128, 25.12767028899998 ], [ 92.169860839000137, 25.127767564000123 ], [ 92.169761657000095, 25.127960206000125 ], [ 92.169700622000107, 25.12807846100003 ], [ 92.169548034000115, 25.128032684000061 ], [ 92.169509888000164, 25.127920151000069 ], [ 92.169502257000147, 25.127830505000134 ], [ 92.169486999000128, 25.127683640000157 ], [ 92.169471741000109, 25.127582550000113 ], [ 92.169418336000035, 25.127466202000107 ], [ 92.168739319000053, 25.126953126000103 ], [ 92.167213440000012, 25.126918792000083 ], [ 92.166442871000129, 25.126903534000064 ], [ 92.165390014000138, 25.126455307000185 ], [ 92.16413879300012, 25.125553131000174 ], [ 92.163833619000059, 25.125780106000036 ], [ 92.16378784200009, 25.125844956000037 ], [ 92.163299561000144, 25.126045228000123 ], [ 92.162590026000146, 25.126365661000079 ], [ 92.162322998000036, 25.126689911000085 ], [ 92.161407470000142, 25.126287460000071 ], [ 92.160934448000091, 25.126529694000055 ], [ 92.160583497000118, 25.126623153000025 ], [ 92.160354614000084, 25.126569748000179 ], [ 92.160003662000179, 25.126552582000159 ], [ 92.159492493000073, 25.126710892000119 ], [ 92.159202575000052, 25.127204895000034 ], [ 92.159278870000094, 25.127668382000138 ], [ 92.159500121000178, 25.127889633000052 ], [ 92.159812928, 25.127889633000052 ], [ 92.160606385000051, 25.128089903999978 ], [ 92.160743714000148, 25.128063203000181 ], [ 92.160865785000169, 25.128040314000145 ], [ 92.161224364000077, 25.128080369000031 ], [ 92.161750794000113, 25.128070831000116 ], [ 92.162475585000152, 25.128467560000161 ], [ 92.162658691000047, 25.12853431700006 ], [ 92.162796020000087, 25.128566742000032 ], [ 92.163024903000121, 25.128671646000157 ], [ 92.163513184000124, 25.129072190000102 ], [ 92.163810730000023, 25.129312516000084 ], [ 92.164016723000145, 25.12947845400015 ], [ 92.164611816000047, 25.130172729000094 ], [ 92.164810180000131, 25.13060379000018 ], [ 92.164787293000131, 25.130695344000117 ], [ 92.164413451000087, 25.130676270000095 ], [ 92.164321899000129, 25.130670548000182 ], [ 92.164024353000059, 25.130596162000074 ], [ 92.163558961000092, 25.130474091000167 ], [ 92.162689208000131, 25.130146028000127 ], [ 92.162178039000025, 25.13002586500005 ], [ 92.161384582000039, 25.129711150000048 ], [ 92.160995483000079, 25.129844666000054 ], [ 92.160842896000133, 25.12998581 ], [ 92.16046142600004, 25.130001069000116 ], [ 92.160095214000137, 25.130050659000119 ], [ 92.15976715100004, 25.130073547000052 ], [ 92.159431458000086, 25.130113602000108 ], [ 92.159248352000191, 25.130483627000103 ], [ 92.15911102300015, 25.130704879000064 ], [ 92.159255982000104, 25.13101387100005 ], [ 92.159255982000104, 25.131109238000079 ], [ 92.159118653000064, 25.131738663000192 ], [ 92.158996582000157, 25.131935119000104 ], [ 92.158950805000188, 25.132005692000178 ], [ 92.158912658000133, 25.132087707000096 ], [ 92.158866881000165, 25.132209777000071 ], [ 92.158843995000041, 25.132291794000025 ], [ 92.158836365000127, 25.132383348000133 ], [ 92.158775329000036, 25.132892609000066 ], [ 92.158744813, 25.133108139000171 ], [ 92.15904998700006, 25.13315391600014 ], [ 92.160362244000169, 25.133562088000133 ], [ 92.16046142600004, 25.133659363000106 ], [ 92.161087035000037, 25.13362312300012 ], [ 92.161903381000059, 25.133565903000033 ], [ 92.162162781, 25.133544922000169 ], [ 92.162681580000083, 25.133502960000044 ], [ 92.162918091000165, 25.133581162000155 ], [ 92.163223266000102, 25.134078980000083 ], [ 92.163246154000035, 25.134265901000049 ], [ 92.163291931, 25.134580613000139 ], [ 92.163543701000094, 25.134641648000127 ], [ 92.164360046000184, 25.134757996000133 ], [ 92.164810180000131, 25.134811402000139 ], [ 92.16518402000014, 25.13495636100015 ], [ 92.165679931000057, 25.135129929000129 ], [ 92.165672303000179, 25.135829927000145 ], [ 92.165664672000162, 25.136020661000089 ], [ 92.165390014000138, 25.136096954000095 ], [ 92.164947509000058, 25.136051177000127 ], [ 92.164367676000097, 25.135990142000139 ], [ 92.164093018000131, 25.136001587000123 ], [ 92.163940429000036, 25.136053085000128 ], [ 92.163711548000038, 25.136178971000049 ], [ 92.163528442000143, 25.136255264000056 ], [ 92.16328430100009, 25.136358262000044 ], [ 92.16298675500019, 25.136146546000134 ], [ 92.162872314000197, 25.136184693000189 ], [ 92.162605286000144, 25.136344911000094 ], [ 92.162422180000078, 25.136293411000111 ], [ 92.162132264000093, 25.136165620000099 ], [ 92.161849976000155, 25.135980606000089 ], [ 92.161796571000082, 25.135271073000069 ], [ 92.161468506000062, 25.135011673000122 ], [ 92.16120147800018, 25.135158538000098 ], [ 92.160812378000116, 25.135183333999976 ], [ 92.160545350000064, 25.135156633000179 ], [ 92.160133361000135, 25.134962081000083 ], [ 92.160133361000135, 25.134719850000181 ], [ 92.159873963, 25.134309768000037 ], [ 92.159683227000016, 25.13416862400004 ], [ 92.159347534000062, 25.134185792000039 ], [ 92.159034729000041, 25.134063721000189 ], [ 92.158790588000159, 25.133996964000062 ], [ 92.158203125000171, 25.133827210000049 ], [ 92.157913209000128, 25.133632659000057 ], [ 92.15765380900018, 25.133501053000145 ], [ 92.157493592000151, 25.133348465000154 ], [ 92.157279969000172, 25.13338470500014 ], [ 92.156921387000125, 25.133363724000105 ], [ 92.15577697700013, 25.13334083500007 ], [ 92.155464172000109, 25.133348465000154 ], [ 92.154998780000142, 25.133420944000193 ], [ 92.154312133000076, 25.13352966400015 ], [ 92.15418243400012, 25.133686066000109 ], [ 92.154174803999979, 25.133859635000192 ], [ 92.15399170000012, 25.133905412000161 ], [ 92.153907776000096, 25.133836746000156 ], [ 92.153717040000117, 25.133651735 ], [ 92.153068542000142, 25.133749009000098 ], [ 92.15262603900004, 25.133817673000067 ], [ 92.15274810700015, 25.134485244000132 ], [ 92.152931213000045, 25.135437011000135 ], [ 92.153091431000178, 25.136337281000181 ], [ 92.152488708000135, 25.137289048000127 ], [ 92.152122497999983, 25.137727738000024 ], [ 92.151123046000066, 25.138185502000056 ], [ 92.150764466000112, 25.138353348000123 ], [ 92.14978027300009, 25.137825013000167 ], [ 92.149002074000123, 25.137411118000102 ], [ 92.148208619000116, 25.136592865000182 ], [ 92.147758483000132, 25.13585090800018 ], [ 92.147438048000197, 25.135787965000191 ], [ 92.147377015000188, 25.135650636000094 ], [ 92.147323608000136, 25.135402679000094 ], [ 92.14717102100002, 25.135417938000046 ], [ 92.146659852000084, 25.135581970000146 ], [ 92.146179199000017, 25.135700226000154 ], [ 92.145645141999978, 25.135696411000083 ], [ 92.144523621000189, 25.135883332 ], [ 92.143104553, 25.135875702000078 ], [ 92.142387389000191, 25.136060715000042 ], [ 92.141960144000109, 25.136169433000134 ], [ 92.141731263000054, 25.136352539000029 ], [ 92.141624451000098, 25.136474610000107 ], [ 92.141548157000045, 25.136617661000116 ], [ 92.141639709000117, 25.136846542000114 ], [ 92.141731263000054, 25.136962890000177 ], [ 92.14205169600001, 25.137302398000031 ], [ 92.142120361000138, 25.137439727000071 ], [ 92.142097472999978, 25.137521744000026 ], [ 92.14205169600001, 25.137666703000036 ], [ 92.141868592000151, 25.137710572 ], [ 92.141609192000033, 25.137681961000055 ], [ 92.141464233000193, 25.137592317000099 ], [ 92.141227722000053, 25.137426377000054 ], [ 92.141021728000055, 25.13754654000013 ], [ 92.140769958000192, 25.137697220000177 ], [ 92.140548706, 25.137838364000118 ], [ 92.140098572000056, 25.138059616000135 ], [ 92.139816284000176, 25.138126374000137 ], [ 92.138893128000177, 25.138263703000064 ], [ 92.138343812000187, 25.138296127000046 ], [ 92.138168334000056, 25.138307571000155 ], [ 92.137954711000077, 25.138225556000179 ], [ 92.1378479010001, 25.138183595000157 ], [ 92.137229920000038, 25.138435364000145 ], [ 92.136695862000067, 25.138626098000088 ], [ 92.13660430800013, 25.138629913000159 ], [ 92.136505126000145, 25.138608932000125 ], [ 92.136405944000103, 25.138666152000042 ], [ 92.136375427000132, 25.138513565000096 ], [ 92.135765076000155, 25.138854981000122 ], [ 92.135780334000174, 25.139102935000039 ], [ 92.135826111000142, 25.139646531000096 ], [ 92.136077881, 25.139835357000038 ], [ 92.136375427000132, 25.139907838000113 ], [ 92.137283325000112, 25.140100479000125 ], [ 92.138061524000136, 25.1401996620001 ], [ 92.138412475000109, 25.140136719000111 ], [ 92.138488769000048, 25.14023208600014 ], [ 92.138389587000177, 25.140529632000039 ], [ 92.1384735110002, 25.140569687000095 ], [ 92.139007568000068, 25.140663148000101 ], [ 92.13930511500007, 25.140476227000136 ], [ 92.139373780000142, 25.140762330000086 ], [ 92.139457702000186, 25.141073227000163 ], [ 92.140007020000155, 25.140739442000154 ], [ 92.140136719000111, 25.14050483800014 ], [ 92.139724732000047, 25.140201569000169 ], [ 92.139442444000167, 25.140127183000061 ], [ 92.1394653320001, 25.13997840899998 ], [ 92.140296936000141, 25.140203477000171 ], [ 92.140449523000086, 25.140243531000067 ], [ 92.140640259000065, 25.140203477000171 ], [ 92.140884399000186, 25.140262604000156 ], [ 92.140960692000192, 25.140279770000177 ], [ 92.141052246000129, 25.140035629000124 ], [ 92.141128540000011, 25.139923096000132 ], [ 92.141189575, 25.139783860000136 ], [ 92.141441345000089, 25.139862061000144 ], [ 92.141319274000182, 25.140241623000122 ], [ 92.141288757000041, 25.140338898000095 ], [ 92.141799927000079, 25.140596390000042 ], [ 92.141860962000067, 25.140258789000086 ], [ 92.141975402000128, 25.140081406000093 ], [ 92.14225769, 25.140083314000037 ], [ 92.142333984000118, 25.140083314000037 ], [ 92.142539979000048, 25.139833449999969 ], [ 92.142616272000055, 25.13977622900012 ], [ 92.142875672000173, 25.139928819000147 ], [ 92.143753051000033, 25.139560699000072 ], [ 92.143936157000098, 25.13947868300005 ], [ 92.144104004000042, 25.139568329000156 ], [ 92.144500733000086, 25.139787675000036 ], [ 92.144386292000092, 25.140022278000174 ], [ 92.144111633000193, 25.140007020000155 ], [ 92.143791200000067, 25.139833449999969 ], [ 92.143249512000182, 25.140110015000062 ], [ 92.142784118000066, 25.140403748000097 ], [ 92.142089843000065, 25.140853882000044 ], [ 92.141868592000151, 25.141016007000076 ], [ 92.141616821000184, 25.141128540000011 ], [ 92.141510010000161, 25.141176225000152 ], [ 92.141250611000089, 25.140888214000029 ], [ 92.140853882000044, 25.141061782000179 ], [ 92.140701295000099, 25.141128540000011 ], [ 92.14031219400016, 25.141498565000177 ], [ 92.140251159000172, 25.141557693000095 ], [ 92.140121460000046, 25.141681671000072 ], [ 92.139808655000138, 25.141532899000026 ], [ 92.139503479000155, 25.141391755000029 ], [ 92.138122559000124, 25.141546250000147 ], [ 92.138023377000081, 25.141431809000153 ], [ 92.13754272500006, 25.141534806000095 ], [ 92.136970520000091, 25.141529084000126 ], [ 92.136787414000196, 25.141620636000084 ], [ 92.136314392000145, 25.141881943000101 ], [ 92.135047913000051, 25.142168046000052 ], [ 92.134613037000179, 25.142623902000139 ], [ 92.134468078000168, 25.142749786000081 ], [ 92.134300232000101, 25.142969131000029 ], [ 92.134147643000176, 25.143722534000062 ], [ 92.134437561000198, 25.144628524000098 ], [ 92.134757996000133, 25.144670486000166 ], [ 92.135093690000019, 25.145744324000191 ], [ 92.13478088300019, 25.147232056 ], [ 92.134567259999983, 25.147380828000053 ], [ 92.13415527300009, 25.148046494000084 ], [ 92.133804322000117, 25.148468017000084 ], [ 92.134201050000058, 25.149045944000193 ], [ 92.13416290300006, 25.149522781000087 ], [ 92.134666442000025, 25.149774553000157 ], [ 92.135803223000039, 25.151519775000168 ], [ 92.135749818000136, 25.151908875000174 ], [ 92.135246277000135, 25.152248384000131 ], [ 92.134124757000052, 25.152589797000019 ], [ 92.134094238000102, 25.15329551800005 ], [ 92.134887695000145, 25.15328407200019 ], [ 92.135887147000062, 25.152688980000164 ], [ 92.136138916, 25.152544022000086 ], [ 92.136756898000158, 25.152328491999981 ], [ 92.137947083000142, 25.151893617000155 ], [ 92.1382827770002, 25.152204514000061 ], [ 92.138427734000061, 25.152347566000174 ], [ 92.139022827000133, 25.153675080000028 ], [ 92.139152527000078, 25.153987885000049 ], [ 92.139595031000056, 25.154735565000124 ], [ 92.139060973000142, 25.15530777000015 ], [ 92.138671875000057, 25.154998780000142 ], [ 92.138404847000174, 25.155052185000045 ], [ 92.138008119000062, 25.155193329000156 ], [ 92.137214661000144, 25.15544891400009 ], [ 92.136688232000154, 25.155374528000152 ], [ 92.136169433000134, 25.155298234000043 ], [ 92.13594818200005, 25.155330658000082 ], [ 92.135688782000102, 25.155403137000121 ], [ 92.133987428000182, 25.156127930000139 ], [ 92.133598327000016, 25.156461716000024 ], [ 92.133460998000146, 25.156501770000148 ], [ 92.13272857600009, 25.156455993000179 ], [ 92.132629394000048, 25.156600953000122 ], [ 92.131965638000054, 25.157564163000018 ], [ 92.132339478000063, 25.158742905000054 ], [ 92.13259887800001, 25.159545898000147 ], [ 92.132789612000181, 25.160144806000119 ], [ 92.132835389000149, 25.16027069200004 ], [ 92.131729127000085, 25.160144806000119 ], [ 92.130867004000095, 25.160049439000147 ], [ 92.130775452000137, 25.160037994000163 ], [ 92.130172729000094, 25.161209106000058 ], [ 92.129539490000013, 25.161508560000186 ], [ 92.129035951000048, 25.161743164000029 ], [ 92.128479005000145, 25.162006378000171 ], [ 92.127258300000108, 25.161834718000136 ], [ 92.125785828000119, 25.16223525900017 ], [ 92.124794007000048, 25.162500382000189 ], [ 92.123405457000104, 25.162950515000034 ], [ 92.122436524000136, 25.163265228000057 ], [ 92.121307374000139, 25.163618089000181 ], [ 92.121055602000069, 25.163698198000134 ], [ 92.119834900000171, 25.164499283000112 ], [ 92.119750976000148, 25.164600373000098 ], [ 92.118804932000046, 25.165704727000161 ], [ 92.118064880000077, 25.166561127000136 ], [ 92.11768341100003, 25.1667461400001 ], [ 92.117538452000019, 25.166816710999967 ], [ 92.117355346000181, 25.166908263000096 ], [ 92.117073060000109, 25.167049407000036 ], [ 92.113716126000156, 25.168703080000171 ], [ 92.113296508000076, 25.16890907200019 ], [ 92.112968445000035, 25.169029235000096 ], [ 92.111854553000057, 25.169424056000139 ], [ 92.109443665000072, 25.170278549000045 ], [ 92.108940124000071, 25.170457840000097 ], [ 92.108398437000062, 25.171386718000178 ], [ 92.10777282700019, 25.172458648000088 ], [ 92.107620240000074, 25.17272949300019 ], [ 92.107002258000136, 25.172721863000106 ], [ 92.105621339000152, 25.172710420000101 ], [ 92.105476379000095, 25.172710420000101 ], [ 92.105148316, 25.172708512000156 ], [ 92.104721069000107, 25.173801421000064 ], [ 92.104354859000182, 25.174749375000147 ], [ 92.10373687800012, 25.17487907400016 ], [ 92.102653503999989, 25.175102235000054 ], [ 92.101791382000101, 25.175281525000116 ], [ 92.100936889000195, 25.175458909000042 ], [ 92.099998475000177, 25.175653458000056 ], [ 92.099472046000187, 25.17575836300017 ], [ 92.098716735000153, 25.17591476500013 ], [ 92.097465514000078, 25.176530839000122 ], [ 92.095161438000048, 25.17765426700015 ], [ 92.095062256, 25.177698136000174 ], [ 92.094284057000039, 25.178075791000026 ], [ 92.092193604000158, 25.177661897000064 ], [ 92.090385437000066, 25.178470612000126 ], [ 92.089553833000139, 25.178844452000135 ], [ 92.089027404000035, 25.179079056000035 ], [ 92.088058471000068, 25.179513931000031 ], [ 92.087547302000132, 25.179740907000166 ], [ 92.086738586000195, 25.180234910000081 ], [ 92.086273194000057, 25.180519104000155 ], [ 92.0849685660001, 25.181312561000141 ], [ 92.084266663000051, 25.181735993000189 ], [ 92.083839416000103, 25.181989670000121 ], [ 92.083160401000157, 25.182403564000083 ], [ 92.082054139000093, 25.182577133000166 ], [ 92.08112335300018, 25.182723999000075 ], [ 92.080978394000169, 25.182744980000109 ], [ 92.080535888000156, 25.182407379000153 ], [ 92.07952117800005, 25.181636811000146 ], [ 92.078903199000194, 25.18117141700003 ], [ 92.078750610000043, 25.181053161000023 ], [ 92.076828002000127, 25.182619095000064 ], [ 92.074890136000022, 25.18416977000004 ], [ 92.074279785000101, 25.184656143000041 ], [ 92.073760986000025, 25.185058594000054 ], [ 92.071411133000026, 25.185144425000146 ], [ 92.070861817000093, 25.18516159100011 ], [ 92.068176269000105, 25.185249328 ], [ 92.067687989000035, 25.185264588000052 ], [ 92.067085266000163, 25.185283662000188 ], [ 92.066535950000173, 25.185495377000052 ], [ 92.066360474000021, 25.185558319999984 ], [ 92.064964294000163, 25.186048508000056 ], [ 92.064262391000057, 25.186292649000109 ], [ 92.062828064000144, 25.186798094999972 ], [ 92.062240601000155, 25.186988831000122 ], [ 92.06183624200014, 25.187118530000134 ], [ 92.060493469000164, 25.186550141000112 ], [ 92.059738159, 25.18621635500017 ], [ 92.059356689000083, 25.186042785000041 ], [ 92.058845519000045, 25.185811997000144 ], [ 92.058464051000101, 25.185642243000132 ], [ 92.058364869000059, 25.185768127000017 ], [ 92.058296204000158, 25.185859681000181 ], [ 92.058219910000105, 25.185958863 ], [ 92.057929994000062, 25.186395646000165 ], [ 92.057762146000016, 25.186521530000107 ], [ 92.057563782000159, 25.186668397000119 ], [ 92.057426453000062, 25.186742783000057 ], [ 92.057212830000083, 25.186725617000036 ], [ 92.057006836000085, 25.186695098000087 ], [ 92.05680084300019, 25.186502456000142 ], [ 92.056427001000145, 25.185966491000102 ], [ 92.056167602000073, 25.185758591000138 ], [ 92.056114196000124, 25.185705184000085 ], [ 92.055931090000058, 25.185539246000189 ], [ 92.055900574000191, 25.185409545000027 ], [ 92.055847169000117, 25.185344697000176 ], [ 92.055717468000125, 25.185230254000032 ], [ 92.055450440000072, 25.184431077000056 ], [ 92.055381775000171, 25.184398650000162 ], [ 92.055137633000072, 25.184404373000177 ], [ 92.054924011000139, 25.18448829700003 ], [ 92.054183961000035, 25.184896469000023 ], [ 92.053909303000182, 25.185144425000146 ], [ 92.05381012100014, 25.185308458000122 ], [ 92.053833007000094, 25.18537902900016 ], [ 92.053924561000031, 25.185527801000035 ], [ 92.054092407000098, 25.185821534000127 ], [ 92.05416107200017, 25.185998918000053 ], [ 92.054328918000181, 25.186355592000041 ], [ 92.054107665000117, 25.186580658000025 ], [ 92.054008483000075, 25.186525345000177 ], [ 92.053916931000117, 25.186479568000038 ], [ 92.053787232000161, 25.186410904000184 ], [ 92.05361175600018, 25.18638801600008 ], [ 92.053436279000152, 25.186365127000045 ], [ 92.053001403000053, 25.186462402000188 ], [ 92.052513123000153, 25.186653138000167 ], [ 92.052124024000193, 25.186784745000125 ], [ 92.051841736000085, 25.186792375000039 ], [ 92.051605225000174, 25.186748505000139 ], [ 92.051506043000131, 25.186729432000106 ], [ 92.05130004800003, 25.186758041000076 ], [ 92.051139831, 25.186819076000063 ], [ 92.050872803000118, 25.186925889000065 ], [ 92.05066680900012, 25.186925889000065 ], [ 92.050613404000103, 25.186792375000039 ], [ 92.05046844400016, 25.186424255000134 ], [ 92.050216675, 25.186700821000102 ], [ 92.049827577000144, 25.186752320000039 ], [ 92.049613952000186, 25.186880112000097 ], [ 92.049499511000192, 25.186948777000055 ], [ 92.049301147000108, 25.187072753000166 ], [ 92.048835755000141, 25.186790467000094 ], [ 92.048622130000183, 25.186578750000081 ], [ 92.04855346700009, 25.18651580900007 ], [ 92.048278809000067, 25.18635749900011 ], [ 92.047813415000121, 25.186372758000061 ], [ 92.047409058000142, 25.186473847000173 ], [ 92.046974183000145, 25.18651580900007 ], [ 92.046600343000136, 25.186397554000166 ], [ 92.046470642000145, 25.186405182000101 ], [ 92.046012878000113, 25.186456681000152 ], [ 92.045951843000125, 25.186502456000142 ], [ 92.045829772000047, 25.186594010000078 ], [ 92.045585633000201, 25.186456681000152 ], [ 92.045516967000196, 25.186418533000051 ], [ 92.045318603000112, 25.186368943 ], [ 92.045051575000059, 25.186237336000033 ], [ 92.044898986000135, 25.186199188999979 ], [ 92.04460144, 25.186292649000109 ], [ 92.044517518000191, 25.186307907000128 ], [ 92.044296265000071, 25.186344147000113 ], [ 92.043418884000062, 25.186220168000034 ], [ 92.043174743000179, 25.186313630000143 ], [ 92.040550232000044, 25.185800553000036 ], [ 92.040161134000186, 25.18570709200003 ], [ 92.040046691000043, 25.185371399000076 ], [ 92.040069580000022, 25.185050966000119 ], [ 92.039833068000178, 25.184814452000069 ], [ 92.039558411000144, 25.184722900000168 ], [ 92.039382935000162, 25.184696197000164 ], [ 92.03922271700003, 25.184724808000112 ], [ 92.039039611000192, 25.184469223000065 ], [ 92.038909913000111, 25.184078218000082 ], [ 92.038879394000162, 25.183803558000136 ], [ 92.038932801000044, 25.1835899350001 ], [ 92.039016723000088, 25.183330535000152 ], [ 92.039039611000192, 25.183250427000075 ], [ 92.039024353000173, 25.182998657000041 ], [ 92.039009095000154, 25.182836532000067 ], [ 92.039001465000069, 25.18272972200009 ], [ 92.038986206000118, 25.182586670000148 ], [ 92.038902282000095, 25.182420730000104 ], [ 92.038665771000183, 25.182409287000155 ], [ 92.038398743000073, 25.182395935999978 ], [ 92.038177491000056, 25.182355882000081 ], [ 92.037834167000085, 25.182245254000122 ], [ 92.037261963000162, 25.182090760000165 ], [ 92.037017822000166, 25.182182312000066 ], [ 92.036911011000086, 25.182218553000155 ], [ 92.036407470000086, 25.182342529000096 ], [ 92.035858155000199, 25.182668687000103 ], [ 92.035400391000167, 25.182985306000091 ], [ 92.035041809000177, 25.183242798000094 ], [ 92.0341568, 25.183477402000108 ], [ 92.034118653000178, 25.184295655000085 ], [ 92.033927917000199, 25.184392930000058 ], [ 92.033660889000146, 25.18431091399998 ], [ 92.03355407700019, 25.184026718000098 ], [ 92.033485413000164, 25.183923721000042 ], [ 92.033393859000057, 25.183860780000032 ], [ 92.033233642000198, 25.183820725000032 ], [ 92.033302307000099, 25.183732987000042 ], [ 92.03336334300019, 25.183677674000023 ], [ 92.033409120000158, 25.183597565000014 ], [ 92.03336334300019, 25.183538437000095 ], [ 92.033271789000082, 25.183485032000078 ], [ 92.03311920100009, 25.183521271000131 ], [ 92.032966614000145, 25.183559418000186 ], [ 92.032653809000124, 25.183586120000086 ], [ 92.032135010000104, 25.183588027000155 ], [ 92.031494140000177, 25.183708191000107 ], [ 92.029884337000112, 25.183233261000112 ], [ 92.028457640999989, 25.183599473000186 ], [ 92.028205871000125, 25.183532715000183 ], [ 92.027954102000194, 25.183601380000084 ], [ 92.027832031000116, 25.183536530000026 ], [ 92.02772521900016, 25.18324852100011 ], [ 92.027664185000106, 25.183036804000096 ], [ 92.027648925000051, 25.182781220000095 ], [ 92.027664185000106, 25.181928635000133 ], [ 92.027618408000137, 25.181770325 ], [ 92.027427672000158, 25.181394577 ], [ 92.027221680000139, 25.181127549000109 ], [ 92.026878356000168, 25.180852889000164 ], [ 92.026519775000054, 25.180616378000025 ], [ 92.026237489000152, 25.180362701000092 ], [ 92.026161193000064, 25.180046081000171 ], [ 92.026138306000064, 25.179641725000124 ], [ 92.026107788, 25.179306031000067 ], [ 92.02598571700014, 25.179325105000032 ], [ 92.025367738000057, 25.179605483000159 ], [ 92.024520874000132, 25.179994584000099 ], [ 92.023483277000196, 25.180473329000165 ], [ 92.022171021000133, 25.181076050000058 ], [ 92.020843506000176, 25.181684493000034 ], [ 92.020309448000035, 25.181928635000133 ], [ 92.019844054000089, 25.182142257000066 ], [ 92.018356322000102, 25.182825089000062 ], [ 92.018058778000182, 25.183242798000094 ], [ 92.017745971000124, 25.184505463 ], [ 92.017463685000052, 25.185611725000058 ], [ 92.017028810000056, 25.186185837000153 ], [ 92.016914367000084, 25.186223983000104 ], [ 92.012054444000057, 25.186624527000049 ], [ 92.011802673000091, 25.186645508000083 ], [ 92.011093139000138, 25.186546326000041 ], [ 92.009330749000185, 25.186296464000122 ], [ 92.0091323850001, 25.186309815000072 ], [ 92.008239746000072, 25.186376573000132 ], [ 92.007179261000147, 25.186403274000099 ], [ 92.006408692000093, 25.186389924000082 ], [ 92.004859925000119, 25.186361312000031 ], [ 92.004615783000133, 25.18635749900011 ], [ 92.003417969000168, 25.186241149000125 ], [ 92.002914428000167, 25.186092377000023 ], [ 92.002464295000152, 25.185958863 ], [ 91.999702453000054, 25.183629989000053 ], [ 91.995826721000185, 25.17959022500014 ], [ 91.992210389000093, 25.176982880000139 ], [ 91.989257813000052, 25.175783157000069 ], [ 91.987953185000094, 25.174568177000083 ], [ 91.986999512000182, 25.173974992000126 ], [ 91.985321044000045, 25.172883988000081 ], [ 91.98494720399998, 25.172782898000094 ], [ 91.984397888000046, 25.172534942000141 ], [ 91.983802795000088, 25.172283173000039 ], [ 91.983520507000151, 25.172163010000133 ], [ 91.983299255000134, 25.172063827000159 ], [ 91.982864379000034, 25.172010422000085 ], [ 91.982254028000114, 25.171981811000137 ], [ 91.981239318000178, 25.171852112000124 ], [ 91.980506896000122, 25.171789169000192 ], [ 91.979560852000191, 25.171884536000164 ], [ 91.978919984000129, 25.172012330000086 ], [ 91.978591919000053, 25.172128678000092 ], [ 91.978263856000183, 25.172300338000127 ], [ 91.977897644000052, 25.172618866000164 ], [ 91.976829529000042, 25.173374176000152 ], [ 91.976379395000151, 25.173601152000117 ], [ 91.976013183000191, 25.173748016000161 ], [ 91.975357055000075, 25.17395210300009 ], [ 91.974494934000063, 25.174167633000138 ], [ 91.973388672000056, 25.17467498700006 ], [ 91.972320557000046, 25.175045014000034 ], [ 91.971977234000121, 25.175251007000099 ], [ 91.971725464000087, 25.175369262000174 ], [ 91.971366883000144, 25.175479890000133 ], [ 91.970947265000063, 25.175622941000142 ], [ 91.97009277300009, 25.175945282000043 ], [ 91.9695434570001, 25.175949097000114 ], [ 91.969116212000188, 25.175992966000081 ], [ 91.968757630000198, 25.17605590900007 ], [ 91.96733856200018, 25.176286698000069 ], [ 91.966964721000068, 25.176437377000184 ], [ 91.966735840000069, 25.176502228000118 ], [ 91.966514588000052, 25.176544190000072 ], [ 91.966018677000136, 25.176551820000157 ], [ 91.964355469, 25.176378250000027 ], [ 91.962959289000139, 25.176382065000041 ], [ 91.962623596000185, 25.176467896000133 ], [ 91.96203613300014, 25.176654815000063 ], [ 91.960044862000132, 25.177047731000073 ], [ 91.958534241000109, 25.177406310000151 ], [ 91.958038330000193, 25.177461625000035 ], [ 91.957313537000175, 25.17760658200001 ], [ 91.955459595000093, 25.177726745000143 ], [ 91.953147889000149, 25.177732468000158 ], [ 91.952003478000051, 25.177694321000104 ], [ 91.949905395000087, 25.177478791000055 ], [ 91.948554993000073, 25.177385331000096 ], [ 91.947059631000172, 25.177204133000032 ], [ 91.94596862800006, 25.177776337000125 ], [ 91.94572448800011, 25.177619935000166 ], [ 91.945365907000166, 25.177774430000056 ], [ 91.945182801000158, 25.177852631000064 ], [ 91.944572449000077, 25.177978517000156 ], [ 91.943870544000163, 25.177997590000075 ], [ 91.94360351600011, 25.17796897900007 ], [ 91.942550660000052, 25.178024292000146 ], [ 91.942008972000167, 25.178113938000081 ], [ 91.941551208000135, 25.178178787000036 ], [ 91.940544128000113, 25.178256990000023 ], [ 91.937805175000051, 25.178667069000142 ], [ 91.937438965000126, 25.178707123000038 ], [ 91.936508179000043, 25.178628922000087 ], [ 91.935615540000185, 25.178495406000025 ], [ 91.935302735000107, 25.178392411000118 ], [ 91.934768677000193, 25.178251267000178 ], [ 91.934516906000056, 25.178199767000024 ], [ 91.934349059999988, 25.178199767000024 ], [ 91.934257506000051, 25.178197860000125 ], [ 91.933959960000152, 25.178445816000192 ], [ 91.933525085000156, 25.179309844000102 ], [ 91.93345642100013, 25.179428100000109 ], [ 91.932815551000033, 25.180561066000053 ], [ 91.932479858000079, 25.180459976000066 ], [ 91.931579591000116, 25.180898666000132 ], [ 91.930938721000189, 25.181211471000154 ], [ 91.930603027000132, 25.180278777000069 ], [ 91.929283143000134, 25.1802501680001 ], [ 91.927772522000112, 25.180212021000045 ], [ 91.92731475800008, 25.180156709000073 ], [ 91.926612853, 25.180110932000105 ], [ 91.925918578000051, 25.180065155000136 ], [ 91.925209045000031, 25.180271149000134 ], [ 91.924362183000142, 25.180486679000012 ], [ 91.923339844, 25.180589677000057 ], [ 91.922317504000148, 25.180692674000113 ], [ 91.921722411000019, 25.181184769000083 ], [ 91.920700072999978, 25.181344987000159 ], [ 91.919342040000174, 25.181179047000114 ], [ 91.918334960000152, 25.181163789000095 ], [ 91.91732788000013, 25.181150436000166 ], [ 91.916160583000078, 25.181480408000084 ], [ 91.915374756000176, 25.181358338000109 ], [ 91.914520264000032, 25.181428909000033 ], [ 91.913108825, 25.181257248000122 ], [ 91.911857604000147, 25.180835723000143 ], [ 91.91124725300017, 25.180616378000025 ], [ 91.910835266000106, 25.180505753000034 ], [ 91.910430907000148, 25.180387497000027 ], [ 91.909843445000035, 25.180227280000167 ], [ 91.909172058000138, 25.180040359000031 ], [ 91.908126832, 25.179689407000126 ], [ 91.907348633000197, 25.179441453000038 ], [ 91.906829834000177, 25.179523469000117 ], [ 91.905830384000069, 25.179664611000078 ], [ 91.904930115000127, 25.17979049700017 ], [ 91.904602051000154, 25.179840088999981 ], [ 91.903999328000111, 25.179929733000165 ], [ 91.90305328400018, 25.179985046000184 ], [ 91.901916503000166, 25.180046081000171 ], [ 91.900978089000148, 25.180086136 ], [ 91.900039673000094, 25.180131912999968 ], [ 91.899253846000192, 25.180168152000078 ], [ 91.898437500000171, 25.180202484000063 ], [ 91.897598266000159, 25.179531097 ], [ 91.897415162000129, 25.179380417000175 ], [ 91.897354127000142, 25.178750993000108 ], [ 91.897300720000089, 25.178192139000089 ], [ 91.895553590000134, 25.178337096000064 ], [ 91.894592285000044, 25.178421020000087 ], [ 91.89422607500012, 25.178451539000037 ], [ 91.893821716000161, 25.17848777800009 ], [ 91.894264222000174, 25.177333832000045 ], [ 91.894515991000162, 25.176675796000097 ], [ 91.894630432000099, 25.176372529000162 ], [ 91.893493653000121, 25.176229477000049 ], [ 91.892822265000177, 25.176139831000114 ], [ 91.892250060000151, 25.176061630000106 ], [ 91.89092254600007, 25.176181793000183 ], [ 91.889564514000199, 25.17629051300014 ], [ 91.888214111000082, 25.17641639600015 ], [ 91.887321472000053, 25.176639557000044 ], [ 91.884689331000118, 25.177158356000064 ], [ 91.88442993100017, 25.177207946000067 ], [ 91.883026122999979, 25.176107407000075 ], [ 91.882423400000107, 25.175596238000139 ], [ 91.881835937000119, 25.175102235000054 ], [ 91.881523133000144, 25.174594879000153 ], [ 91.881202698000038, 25.174072266000167 ], [ 91.880821227000183, 25.17344474700019 ], [ 91.880561828000111, 25.173028945000112 ], [ 91.879447938000169, 25.173467636000055 ], [ 91.878250122000168, 25.17393875200014 ], [ 91.877670287000058, 25.174404144000107 ], [ 91.877098083000135, 25.17486000100007 ], [ 91.87606811500018, 25.175689697000166 ], [ 91.875991821000071, 25.176479339000139 ], [ 91.87588501100015, 25.177545547000022 ], [ 91.875411986000188, 25.177255631000037 ], [ 91.874076844000172, 25.176441192000084 ], [ 91.873573303000171, 25.176132203000179 ], [ 91.872840881000172, 25.175678254000161 ], [ 91.871475219000104, 25.174823762000187 ], [ 91.870819091000044, 25.174421310000071 ], [ 91.87042999300013, 25.174478531000148 ], [ 91.870002748000047, 25.174541472999977 ], [ 91.868537902000185, 25.174774169000045 ], [ 91.868011474000127, 25.174856186 ], [ 91.867118835000099, 25.175010681000117 ], [ 91.8663864130001, 25.175127031000159 ], [ 91.865165711000145, 25.175312042000087 ], [ 91.864501953000115, 25.175399781000124 ], [ 91.864311219000172, 25.175424577000058 ], [ 91.8630828860002, 25.174209595000093 ], [ 91.862274170000092, 25.173425674000157 ], [ 91.861968994000051, 25.173128127000098 ], [ 91.861427306000166, 25.172594070000059 ], [ 91.86096954400017, 25.172683716000051 ], [ 91.860496520000083, 25.172775268000123 ], [ 91.859474182000042, 25.172983170000123 ], [ 91.858497619000161, 25.173162461000118 ], [ 91.858207703000176, 25.173116684000149 ], [ 91.857910156000116, 25.173067094000146 ], [ 91.857742311000038, 25.173049926000147 ], [ 91.857246400000122, 25.172996521000073 ], [ 91.856834411000023, 25.172908784000185 ], [ 91.856422424000129, 25.172822953000093 ], [ 91.85551452600015, 25.172620773000062 ], [ 91.855079651000153, 25.172666550000031 ], [ 91.854438781000056, 25.172744752000085 ], [ 91.852630616000113, 25.173192978000088 ], [ 91.851310730000137, 25.173480988000108 ], [ 91.850502014000199, 25.173406600000135 ], [ 91.849731445000145, 25.173336029000097 ], [ 91.848800659000062, 25.173624038000014 ], [ 91.847923278000167, 25.173896790000015 ], [ 91.84638977100002, 25.174392701000102 ], [ 91.844871520000083, 25.17487907400016 ], [ 91.844528199000194, 25.17498779400006 ], [ 91.844055177000143, 25.175449371000184 ], [ 91.843650818000185, 25.175849915000072 ], [ 91.843093872000111, 25.176401138000131 ], [ 91.84207153400007, 25.176651002000028 ], [ 91.841583251000088, 25.176769258000036 ], [ 91.841201783000145, 25.176870347000147 ], [ 91.840698242000144, 25.177051544000108 ], [ 91.839561462000063, 25.177013397000053 ], [ 91.838798523000037, 25.177190780000103 ], [ 91.837852479000105, 25.177316666000024 ], [ 91.836868285000037, 25.177463533000036 ], [ 91.836082458000135, 25.17746925300014 ], [ 91.835289001000092, 25.177473067999983 ], [ 91.834770202000072, 25.177595139000061 ], [ 91.834182739000084, 25.177732468000158 ], [ 91.833396912000126, 25.177907944000083 ], [ 91.832565308000085, 25.178133012000046 ], [ 91.83244323800011, 25.177997590000075 ], [ 91.832328797000173, 25.17798233000002 ], [ 91.832252502000131, 25.177936555000088 ], [ 91.832069398000101, 25.177925110000103 ], [ 91.832061767000084, 25.177743911000107 ], [ 91.832054137000171, 25.177473067999983 ], [ 91.832038879000152, 25.177360535 ], [ 91.83189392200012, 25.177373886000169 ], [ 91.831802368000183, 25.177585601000146 ], [ 91.831741333000195, 25.177768707000041 ], [ 91.831657409, 25.177915574 ], [ 91.831542968000065, 25.177923202000102 ], [ 91.831481933000077, 25.17780113300006 ], [ 91.831466675000058, 25.177722930000073 ], [ 91.831466675000058, 25.177642823000099 ], [ 91.831512452000197, 25.177394867000032 ], [ 91.83153534000013, 25.177324296000108 ], [ 91.831573487000185, 25.177246095000157 ], [ 91.831573487000185, 25.177135467000028 ], [ 91.831443786000193, 25.177146913000115 ], [ 91.831367492000084, 25.177255631000037 ], [ 91.831260682000163, 25.177412033 ], [ 91.831184386000075, 25.177473067999983 ], [ 91.831077576000098, 25.177536011000143 ], [ 91.830642701000102, 25.177547454000091 ], [ 91.830535888000043, 25.177383424000027 ], [ 91.830436706000171, 25.177248000000191 ], [ 91.830383301000097, 25.177032470000142 ], [ 91.83018493700007, 25.17711067100015 ], [ 91.830131532000166, 25.177253723000035 ], [ 91.830093383000133, 25.177366256000028 ], [ 91.829895019000048, 25.177436829000101 ], [ 91.829833985000164, 25.177551269000162 ], [ 91.829673768000134, 25.177585601000146 ], [ 91.829620361000025, 25.177534104000074 ], [ 91.829460143000119, 25.177457810000135 ], [ 91.829353333000142, 25.177333832000045 ], [ 91.829231262000121, 25.177492142000176 ], [ 91.829093933000195, 25.17750930800014 ], [ 91.828994751000153, 25.177522660000022 ], [ 91.828948974000184, 25.177867889000083 ], [ 91.828865050000161, 25.177934647000086 ], [ 91.828796387000068, 25.177885055000047 ], [ 91.828765868000119, 25.177804946000094 ], [ 91.828720093000186, 25.177612305000082 ], [ 91.828552246000072, 25.177717210000139 ], [ 91.828475952000133, 25.177797317999989 ], [ 91.828422547000059, 25.177873612000099 ], [ 91.828308106000122, 25.177906036000138 ], [ 91.828193664000025, 25.177850723000063 ], [ 91.828071595000154, 25.177665710000156 ], [ 91.827880859000174, 25.177709579000123 ], [ 91.827804565000065, 25.177766800000143 ], [ 91.827697753000109, 25.177854539 ], [ 91.827613831000122, 25.177892685000188 ], [ 91.827476502000195, 25.177938462000157 ], [ 91.827339173000155, 25.177940370000101 ], [ 91.827262878000113, 25.177940370000101 ], [ 91.827163696000071, 25.177949906000038 ], [ 91.826988220000146, 25.177927017000172 ], [ 91.826469421000127, 25.177780152000025 ], [ 91.826492309000059, 25.17768669100019 ], [ 91.826522828000179, 25.17759323100006 ], [ 91.826583863000167, 25.177059174000021 ], [ 91.826583863000167, 25.176927567000064 ], [ 91.826538086000198, 25.176502228000118 ], [ 91.826522828000179, 25.176330567000036 ], [ 91.825981140000124, 25.176311494000174 ], [ 91.825439452000069, 25.176259994000191 ], [ 91.825088501000096, 25.176189423000096 ], [ 91.824539185000106, 25.17641639600015 ], [ 91.823692322999989, 25.176736831000085 ], [ 91.823181151000199, 25.176410676000046 ], [ 91.822280884, 25.17621040400013 ], [ 91.82212829700012, 25.176054002000171 ], [ 91.822021484000061, 25.175848007000127 ], [ 91.821914672000105, 25.175636292000092 ], [ 91.821525574000077, 25.17521858300006 ], [ 91.820587157000148, 25.174530030000028 ], [ 91.819847106999987, 25.173870087000068 ], [ 91.819763184000067, 25.173795701000131 ], [ 91.819046020000087, 25.173194885000157 ], [ 91.818595886000139, 25.17291259700005 ], [ 91.818412780000074, 25.172794342000145 ], [ 91.818138122000107, 25.172489167000037 ], [ 91.818000793000181, 25.172204971000099 ], [ 91.81758880700005, 25.171331406000036 ], [ 91.816871643000184, 25.171306609000055 ], [ 91.816398621000133, 25.171365737000144 ], [ 91.816070556000057, 25.171380998000075 ], [ 91.815544128000056, 25.171407699000042 ], [ 91.814926147000165, 25.171438218 ], [ 91.814292907000151, 25.171463014000096 ], [ 91.813858032000155, 25.171472550000033 ], [ 91.81349182200006, 25.171489715000121 ], [ 91.812950134000175, 25.171493531000067 ], [ 91.812454224000192, 25.1715126040001 ], [ 91.811714172000052, 25.171541215000104 ], [ 91.811241149000068, 25.171560287999966 ], [ 91.810806274000072, 25.171569824000073 ], [ 91.81034851000004, 25.171585082999968 ], [ 91.809745788999976, 25.171613694000143 ], [ 91.809303283000133, 25.171606063000127 ], [ 91.80860900800019, 25.171588898000039 ], [ 91.808197022000172, 25.171590805000108 ], [ 91.807838440000182, 25.171625137000092 ], [ 91.80735015900018, 25.171651840000095 ], [ 91.806976319000171, 25.171661378000181 ], [ 91.806617737000181, 25.171678543999974 ], [ 91.805900574000077, 25.17170715300017 ], [ 91.8052902230001, 25.171733857000049 ], [ 91.804809570000032, 25.171716691000029 ], [ 91.80477142400008, 25.171813965000126 ], [ 91.804420472000174, 25.171850205000055 ], [ 91.804115295000088, 25.171882629000095 ], [ 91.803939820000039, 25.171852112000124 ], [ 91.8038635260001, 25.171403886000178 ], [ 91.803680420000035, 25.170963288000166 ], [ 91.803527833000146, 25.170684815000129 ], [ 91.803550721000079, 25.170568467000066 ], [ 91.803764344000058, 25.170314788000155 ], [ 91.804100037000069, 25.170196533000023 ], [ 91.804321290000132, 25.170202255000163 ], [ 91.804473877000078, 25.170154573000104 ], [ 91.804618836000088, 25.169885635000071 ], [ 91.805358886000192, 25.169572831000096 ], [ 91.805442810000045, 25.169860839000137 ], [ 91.805458068000064, 25.170051575000116 ], [ 91.805503845000032, 25.170202255000163 ], [ 91.80561828600014, 25.170351029000187 ], [ 91.80596923700017, 25.170360565000124 ], [ 91.806274414000086, 25.170265198000095 ], [ 91.806968689000087, 25.169855119000033 ], [ 91.806953431000068, 25.169536591000167 ], [ 91.806793213000105, 25.169149398000172 ], [ 91.806671143000131, 25.168870925000135 ], [ 91.806617737000181, 25.168720246000191 ], [ 91.806564330000128, 25.16854858500011 ], [ 91.806434631000116, 25.1683635710001 ], [ 91.806274414000086, 25.16831398100004 ], [ 91.805206299000076, 25.168071748000159 ], [ 91.805130005000194, 25.168178558000136 ], [ 91.804031372000111, 25.168230057000017 ], [ 91.802665710000099, 25.16834259 ], [ 91.801780701000155, 25.168235778000053 ], [ 91.800376893000191, 25.168188096000051 ], [ 91.800354004000155, 25.168294905999971 ], [ 91.799987792000081, 25.168483734000176 ], [ 91.799659728999984, 25.168573379 ], [ 91.798858642000084, 25.168701172000056 ], [ 91.798789978000059, 25.168510438000055 ], [ 91.797836304000043, 25.168727876000105 ], [ 91.797317504000091, 25.168846131 ], [ 91.797180175, 25.168918610000105 ], [ 91.797004700000173, 25.168811798000149 ], [ 91.796798705000072, 25.168697357000156 ], [ 91.796684265000181, 25.168655395000087 ], [ 91.796554566000054, 25.168596267000169 ], [ 91.796325683000191, 25.168565751000131 ], [ 91.796112059999984, 25.16851425100009 ], [ 91.795944215000077, 25.168422699000189 ], [ 91.795761109000182, 25.168333055000062 ], [ 91.795188903999986, 25.168142319000083 ], [ 91.794845581000118, 25.168090821000078 ], [ 91.794158936000031, 25.168033601000104 ], [ 91.793495178, 25.168043136000108 ], [ 91.793357849000131, 25.168035508 ], [ 91.792922973000032, 25.16801834 ], [ 91.792816161000076, 25.168003081999984 ], [ 91.792747498000153, 25.167955400000153 ], [ 91.792617799000197, 25.167842865000182 ], [ 91.792572022, 25.167776109000158 ], [ 91.792419435000113, 25.167652130000079 ], [ 91.792190552000079, 25.167690277000133 ], [ 91.792091369000161, 25.167779922000022 ], [ 91.791763306000064, 25.167800903000057 ], [ 91.791519165000068, 25.167810440000039 ], [ 91.791381836000141, 25.167789459000176 ], [ 91.791107178000175, 25.167770386000086 ], [ 91.790756225000166, 25.167707443000154 ], [ 91.790611267000088, 25.167665481000029 ], [ 91.790374756000119, 25.167699815000049 ], [ 91.790298463000113, 25.167678834000185 ], [ 91.790229797000109, 25.167631150000147 ], [ 91.790084838000098, 25.167518617000155 ], [ 91.789901734000068, 25.167488098000035 ], [ 91.789833069000167, 25.167535782000073 ], [ 91.789733886000192, 25.167560578000177 ], [ 91.789604188000112, 25.167558671000108 ], [ 91.789466859000072, 25.167566298999986 ], [ 91.789131165000185, 25.167552948000036 ], [ 91.788490296000191, 25.167516709000154 ], [ 91.788253784000119, 25.167524337000089 ], [ 91.787887573000148, 25.167461396000135 ], [ 91.787422181000181, 25.167240144000118 ], [ 91.787078856999983, 25.167074204000073 ], [ 91.786033631, 25.167018891 ], [ 91.784973144000105, 25.166942597000116 ], [ 91.784187317000033, 25.166851043000179 ], [ 91.783607482000093, 25.166765214000065 ], [ 91.782814025000107, 25.16656875700005 ], [ 91.781944274000182, 25.166378021000128 ], [ 91.780990601000042, 25.166183472000057 ], [ 91.780265808000195, 25.166034700000012 ], [ 91.779457092000087, 25.165454865000129 ], [ 91.779396057000099, 25.165407180000159 ], [ 91.778747559000067, 25.164915085000189 ], [ 91.777435303, 25.164293289999989 ], [ 91.776634215000172, 25.163833619000059 ], [ 91.775733948000038, 25.163322450000123 ], [ 91.774467468000068, 25.163280488000055 ], [ 91.774169922000112, 25.163366317000111 ], [ 91.774002074000066, 25.16344261100005 ], [ 91.773895264000146, 25.163513184000124 ], [ 91.773323060000052, 25.163927078000086 ], [ 91.773216247000164, 25.16402244600016 ], [ 91.772918701000094, 25.164339065000149 ], [ 91.772163391000106, 25.165178300000036 ], [ 91.772041320000199, 25.165363311000192 ], [ 91.771919251000156, 25.165536881000151 ], [ 91.771736145000091, 25.165414811000176 ], [ 91.771743774000129, 25.165260316000058 ], [ 91.771606445000032, 25.165216445999988 ], [ 91.771530151000093, 25.165151596000157 ], [ 91.771446227000069, 25.165130615000123 ], [ 91.771362305000082, 25.165134430000137 ], [ 91.771224976000155, 25.165357590000156 ], [ 91.771156311000084, 25.165216445999988 ], [ 91.770858765000185, 25.165401460000055 ], [ 91.770675659000119, 25.165491104000182 ], [ 91.770225525000171, 25.165630341000053 ], [ 91.769821166000042, 25.165840148000086 ], [ 91.76975250300012, 25.165901184000177 ], [ 91.769401551000044, 25.166179657000043 ], [ 91.768890380000073, 25.16606521600005 ], [ 91.768630982000104, 25.166261673000065 ], [ 91.768203735000043, 25.166355132000092 ], [ 91.767921447000106, 25.166378021000128 ], [ 91.767784118000066, 25.166399002000162 ], [ 91.767356873000153, 25.16640090900006 ], [ 91.76712799000012, 25.16643142800018 ], [ 91.766593932000148, 25.166973114000029 ], [ 91.766296386000079, 25.167289734000121 ], [ 91.766227722000053, 25.167362214000093 ], [ 91.766235351000091, 25.167619706000096 ], [ 91.764999390000014, 25.167545318000123 ], [ 91.76393890300011, 25.167346954000095 ], [ 91.763442992000023, 25.166425705000165 ], [ 91.762084961000198, 25.167270660000156 ], [ 91.76132965100004, 25.167486190000034 ], [ 91.761108398000147, 25.167549133000023 ], [ 91.76097106900005, 25.167591095000091 ], [ 91.76056671200007, 25.167699815000049 ], [ 91.76025390500007, 25.167793275000122 ], [ 91.759811402000139, 25.167938232000154 ], [ 91.759826660000158, 25.168270112000073 ], [ 91.759445190000179, 25.168352128000095 ], [ 91.758918762000178, 25.168395996000186 ], [ 91.758659363000106, 25.168453216000103 ], [ 91.758468629000106, 25.168497085000126 ], [ 91.758323670000152, 25.168661118000102 ], [ 91.758056640000063, 25.169090271000186 ], [ 91.757888794000053, 25.169340134000151 ], [ 91.757682800000055, 25.169631958000139 ], [ 91.757591248000097, 25.16986846900005 ], [ 91.757308959999989, 25.170066834000068 ], [ 91.757125854000151, 25.170362473000068 ], [ 91.757080079000161, 25.170429231000128 ], [ 91.756927489000134, 25.170562744000051 ], [ 91.756851196000127, 25.170610429000192 ], [ 91.756576538000161, 25.171127319000107 ], [ 91.75640869200015, 25.171354293999968 ], [ 91.755676270000095, 25.171461106000152 ], [ 91.754936218000182, 25.171566009000173 ], [ 91.753761291000046, 25.172698975000117 ], [ 91.754661560000159, 25.172931671000015 ], [ 91.754760743000134, 25.172958374000189 ], [ 91.754760743000134, 25.173313141000165 ], [ 91.75483703600014, 25.173599244000116 ], [ 91.755126952000126, 25.174158096000156 ], [ 91.755126952000126, 25.174432756000158 ], [ 91.755584716000158, 25.175226212999974 ], [ 91.755973817000097, 25.175918579999973 ], [ 91.756332397000108, 25.176561356000036 ], [ 91.756362915000182, 25.176704407000102 ], [ 91.75610351600011, 25.177429199000187 ], [ 91.755950928000118, 25.177600862000077 ], [ 91.755157471000075, 25.177492142000176 ], [ 91.753593445000149, 25.176950454000121 ], [ 91.752677918000188, 25.176507950000087 ], [ 91.751586914000143, 25.176019667999981 ], [ 91.751762390000124, 25.174989700000026 ], [ 91.750946044000045, 25.172830581000028 ], [ 91.750221252000131, 25.171819688000141 ], [ 91.749252319000163, 25.170482635999974 ], [ 91.746810913000104, 25.166788102 ], [ 91.74625396700003, 25.165966034 ], [ 91.746330260000036, 25.165531159000182 ], [ 91.746391296000127, 25.16521453900009 ], [ 91.746688842000083, 25.164623261000031 ], [ 91.747024535000037, 25.164112092000096 ], [ 91.747413635999976, 25.163595200000145 ], [ 91.747764587000177, 25.16306686300004 ], [ 91.748161316000051, 25.162603379000075 ], [ 91.748878479000155, 25.161436082000023 ], [ 91.749023437000062, 25.161193848000039 ], [ 91.749244689000079, 25.160793304000151 ], [ 91.749557496000079, 25.160144806000119 ], [ 91.749732972000061, 25.159381866000047 ], [ 91.749595643000134, 25.158643723000182 ], [ 91.749511719000111, 25.158208848000186 ], [ 91.749473572000056, 25.158031465000136 ], [ 91.74938964800009, 25.157817840000178 ], [ 91.749290466000048, 25.157554627000138 ], [ 91.749160767000035, 25.157222747000048 ], [ 91.749099732000047, 25.157115937000071 ], [ 91.748924254000087, 25.156816483000171 ], [ 91.748870849000014, 25.156723023000097 ], [ 91.748748779000039, 25.156549453000082 ], [ 91.748565675000179, 25.156307221000134 ], [ 91.748008729000105, 25.155920028000139 ], [ 91.746589660000041, 25.155195237000157 ], [ 91.746025086000031, 25.154981614000121 ], [ 91.745666504000042, 25.154739379999967 ], [ 91.745399474000124, 25.154497147000086 ], [ 91.745391846000018, 25.154346467000096 ], [ 91.745338441000172, 25.152891159000092 ], [ 91.744003296000074, 25.151220323000075 ], [ 91.74356079000006, 25.151155472000085 ], [ 91.743583679000096, 25.150558472000114 ], [ 91.74359130900018, 25.150232314000107 ], [ 91.743614198000046, 25.149631501000044 ], [ 91.743736266000042, 25.149126053000145 ], [ 91.744041443000128, 25.147918701000094 ], [ 91.743988038000055, 25.147634507000191 ], [ 91.743957519000105, 25.147441864000143 ], [ 91.744018554000093, 25.147031784000148 ], [ 91.743957519000105, 25.146562577000168 ], [ 91.743354798000098, 25.146053314000028 ], [ 91.743080140000075, 25.14587211700001 ], [ 91.74256896900016, 25.145315171000163 ], [ 91.74240112300015, 25.144981385000051 ], [ 91.742431640000063, 25.144489288000102 ], [ 91.743850709000185, 25.143543243000067 ], [ 91.744476318000125, 25.143070221000187 ], [ 91.74472046000011, 25.142856599000083 ], [ 91.745841980000137, 25.142339707000133 ], [ 91.746971130000134, 25.141738891000159 ], [ 91.747161864000134, 25.141429902000084 ], [ 91.747726440000122, 25.140535355000054 ], [ 91.747673035000048, 25.140441895000151 ], [ 91.747573853000176, 25.140272140000036 ], [ 91.747047424000073, 25.140333175000023 ], [ 91.746772766000106, 25.140365602000145 ], [ 91.74575805600017, 25.140487670000141 ], [ 91.744369506000169, 25.140916825000033 ], [ 91.743011475000174, 25.141284943000073 ], [ 91.742904662000115, 25.141536712000061 ], [ 91.742561341000055, 25.141855239000051 ], [ 91.742210387000171, 25.141752244000145 ], [ 91.741836547000105, 25.141643524000187 ], [ 91.741661071000181, 25.141536712000061 ], [ 91.74133300800014, 25.141685486000085 ], [ 91.741210938000165, 25.141748429000074 ], [ 91.740844726000034, 25.142240525000091 ], [ 91.740470886000196, 25.142393112000036 ], [ 91.739837646000012, 25.142107011000064 ], [ 91.739715575000162, 25.142236710000077 ], [ 91.739456178000069, 25.142366410000136 ], [ 91.739128113000049, 25.142316818000097 ], [ 91.738960266999982, 25.142292022000049 ], [ 91.738784789000022, 25.142456055000025 ], [ 91.738655090000066, 25.142576218000102 ], [ 91.738433838000049, 25.142597199000136 ], [ 91.738098144000162, 25.14263153100012 ], [ 91.737625122000111, 25.142528533000132 ], [ 91.737518310000155, 25.142728805 ], [ 91.737663269000166, 25.142843246000155 ], [ 91.737602234000178, 25.143058778000068 ], [ 91.737518310000155, 25.143102645000056 ], [ 91.736412048000091, 25.143680572000164 ], [ 91.736282349000135, 25.143510819000085 ], [ 91.736160278000057, 25.143638610000039 ], [ 91.736312866000048, 25.143917083000076 ], [ 91.736045838000166, 25.145494462000158 ], [ 91.735969544000056, 25.145740509000177 ], [ 91.735908509000069, 25.145874023000033 ], [ 91.735801697000113, 25.147407532000159 ], [ 91.735778808000134, 25.147827149000136 ], [ 91.735755919999974, 25.148324967000121 ], [ 91.735595702000069, 25.149131775000114 ], [ 91.735397338000155, 25.14982795800006 ], [ 91.734771728000112, 25.149785996000105 ], [ 91.7343444830002, 25.149703980000083 ], [ 91.733924866, 25.149585724000076 ], [ 91.733581543000128, 25.149217607000082 ], [ 91.732826232000036, 25.148147584000128 ], [ 91.732666015000063, 25.147911073000159 ], [ 91.732543946000135, 25.147922516000108 ], [ 91.731964112000128, 25.148082733000138 ], [ 91.731689454000161, 25.148221970000066 ], [ 91.731758117000084, 25.148506166000118 ], [ 91.732131957000092, 25.149057389000177 ], [ 91.732376099000192, 25.149444580000136 ], [ 91.732559205000086, 25.149728776000188 ], [ 91.732887268000127, 25.150331497000082 ], [ 91.732643126000198, 25.150386811000033 ], [ 91.731727601000046, 25.150590896000097 ], [ 91.731651307000106, 25.150606157000027 ], [ 91.73027038500004, 25.150915146000102 ], [ 91.728408813000044, 25.151248932000044 ], [ 91.726692200000059, 25.151422500000024 ], [ 91.726325988000099, 25.151460647000022 ], [ 91.724540711000088, 25.151638030000072 ], [ 91.72276306100008, 25.151815414000168 ], [ 91.719642639000199, 25.152124405000052 ], [ 91.718139649000193, 25.152275085000099 ], [ 91.716468811000141, 25.152439118000075 ], [ 91.716514588000109, 25.152761460000136 ], [ 91.716262816000039, 25.152908325000112 ], [ 91.716194153000174, 25.153085708000106 ], [ 91.716072082000096, 25.153337480000175 ], [ 91.715919495000151, 25.153631211000061 ], [ 91.715591430000131, 25.154268266000088 ], [ 91.715347291000057, 25.154905318000033 ], [ 91.715309144, 25.155292511000027 ], [ 91.715171815000133, 25.15599823000008 ], [ 91.715049744000055, 25.156566621000081 ], [ 91.714736939000034, 25.157327652000106 ], [ 91.71442413300008, 25.157632828000146 ], [ 91.714309692000086, 25.15766334500006 ], [ 91.712860107000154, 25.158056259000091 ], [ 91.712127685000155, 25.157999038000071 ], [ 91.711334228000112, 25.158048630000053 ], [ 91.710578918000124, 25.158208848000186 ], [ 91.710090637000178, 25.158313751000037 ], [ 91.709159851000038, 25.158767699000123 ], [ 91.708671570000092, 25.159072876000096 ], [ 91.708526611000082, 25.159133911000083 ], [ 91.708412171000191, 25.159152985000048 ], [ 91.708221435000041, 25.159181596 ], [ 91.70774078400018, 25.158958436000034 ], [ 91.707542420000095, 25.158864976000132 ], [ 91.707450866000158, 25.158786775000124 ], [ 91.707283020000091, 25.158643723000182 ], [ 91.707191465999983, 25.158567430000176 ], [ 91.706703186000084, 25.157865523999988 ], [ 91.706199647000119, 25.157182695000074 ], [ 91.706115723000096, 25.157146453000109 ], [ 91.705856323000091, 25.157024385000113 ], [ 91.705406190000076, 25.157018662000098 ], [ 91.704887390000124, 25.157251358000167 ], [ 91.704681396000126, 25.157451630000025 ], [ 91.704536439000151, 25.157598497000038 ], [ 91.704383850000056, 25.157823563000193 ], [ 91.704231262, 25.159070969000027 ], [ 91.704338075000067, 25.159648895000032 ], [ 91.70403289800015, 25.160072328000183 ], [ 91.703636169000106, 25.16008567800003 ], [ 91.703521729000045, 25.160013200000094 ], [ 91.703071593000118, 25.159473419999983 ], [ 91.702919006000172, 25.159198762000187 ], [ 91.702362060000098, 25.157938003000083 ], [ 91.70227050800014, 25.157678603000079 ], [ 91.702224731000172, 25.157545090000156 ], [ 91.701881410000112, 25.157125472000075 ], [ 91.701782227000194, 25.157075882000072 ], [ 91.701477051000154, 25.156919480000056 ], [ 91.700683594000111, 25.156566621000081 ], [ 91.700508118000187, 25.156341553000118 ], [ 91.700454713000113, 25.15607071 ], [ 91.700576781000109, 25.155515672000092 ], [ 91.700729371000079, 25.155321120000167 ], [ 91.701034545000141, 25.155048370000145 ], [ 91.701309203000108, 25.15486907900015 ], [ 91.701393127000131, 25.154811859000063 ], [ 91.701744081000015, 25.15469551100017 ], [ 91.702789306999989, 25.154127122000148 ], [ 91.703063965000183, 25.153757095000174 ], [ 91.703186036000034, 25.153594972000178 ], [ 91.703315735000047, 25.153062821999981 ], [ 91.70333862300015, 25.152814864999982 ], [ 91.70336914000012, 25.151903153000092 ], [ 91.70352935700015, 25.15153884800003 ], [ 91.703636169000106, 25.151334763000136 ], [ 91.703750610000043, 25.151029587000096 ], [ 91.703918458000089, 25.150968551000176 ], [ 91.703994751000096, 25.150941850000038 ], [ 91.704101562000119, 25.150888443000156 ], [ 91.704223632000094, 25.150840760000165 ], [ 91.704322814000136, 25.150804521000111 ], [ 91.704505920000031, 25.150760651000041 ], [ 91.704650879000042, 25.15072250500009 ], [ 91.704788208000082, 25.150558472000114 ], [ 91.704902649000076, 25.150171279000119 ], [ 91.704917907000095, 25.150098801000183 ], [ 91.704849244000172, 25.149946213000135 ], [ 91.70479583700012, 25.149822235000045 ], [ 91.70419311500018, 25.149499893000154 ], [ 91.702621460000046, 25.147150040000156 ], [ 91.701271056000053, 25.146980287000076 ], [ 91.700202941000043, 25.146839143000136 ], [ 91.69930267400008, 25.145029067999985 ], [ 91.699218750000057, 25.14439010600006 ], [ 91.698806763000164, 25.141490937000071 ], [ 91.695846557000039, 25.139080047000107 ], [ 91.692657470000029, 25.138401032000161 ], [ 91.692352296000195, 25.137748719000058 ], [ 91.69231414900014, 25.137668610000105 ], [ 91.691947937000066, 25.137378692000084 ], [ 91.691856385000108, 25.137331010000082 ], [ 91.691635131999988, 25.137216569000088 ], [ 91.691520692000154, 25.13720321600016 ], [ 91.690818786000136, 25.137247086000059 ], [ 91.690414430000089, 25.137262344000078 ], [ 91.689605712000116, 25.137083053000083 ], [ 91.689208984000174, 25.136985778999986 ], [ 91.688461303000054, 25.137313844000062 ], [ 91.688117980000129, 25.137304306000146 ], [ 91.68790435700015, 25.13738823000017 ], [ 91.687797547000173, 25.137365341000134 ], [ 91.687568664000196, 25.137659073000123 ], [ 91.687423707000164, 25.137845994000031 ], [ 91.686218261000079, 25.137849809000102 ], [ 91.686271668000131, 25.137586594000084 ], [ 91.685852051000154, 25.13734817500017 ], [ 91.685264588000109, 25.137012482000159 ], [ 91.684761047000109, 25.136726379000038 ], [ 91.683502198000156, 25.136392593000153 ], [ 91.682434081000167, 25.136051177000127 ], [ 91.681869507000158, 25.135868073000097 ], [ 91.681205749000128, 25.135461807000013 ], [ 91.680625916, 25.135068894000142 ], [ 91.679191589000084, 25.135904313000083 ], [ 91.67885589600013, 25.136192321000067 ], [ 91.677917480000076, 25.136768341000163 ], [ 91.677444457000149, 25.137096406000182 ], [ 91.67665863000002, 25.137414933000173 ], [ 91.675216675000172, 25.136920928000052 ], [ 91.672622681000121, 25.13528823900009 ], [ 91.670806884000115, 25.133409501000074 ], [ 91.670036315, 25.131599426000093 ], [ 91.668449400999975, 25.130279542000153 ], [ 91.665306091000161, 25.130451202000131 ], [ 91.664726256000051, 25.130861282000126 ], [ 91.66480255200014, 25.129989623000085 ], [ 91.664840699000194, 25.129926683000178 ], [ 91.664894104000098, 25.129831313000125 ], [ 91.664886474000184, 25.129112244000055 ], [ 91.664901734000182, 25.128946304000181 ], [ 91.664932251000153, 25.128671646000157 ], [ 91.664947509000172, 25.128551483000081 ], [ 91.664764405000085, 25.128520967000043 ], [ 91.663993835000099, 25.128458024000054 ], [ 91.663513184000067, 25.128438950000088 ], [ 91.663185119000161, 25.128377915000101 ], [ 91.661926270000038, 25.127899170000035 ], [ 91.661056519000056, 25.127359390000152 ], [ 91.660934448000035, 25.127233506000039 ], [ 91.660583497, 25.127147675000117 ], [ 91.660079956000175, 25.127126694000083 ], [ 91.659667969000111, 25.127246857000159 ], [ 91.659400939000079, 25.127485276000073 ], [ 91.659133912000073, 25.128320695000184 ], [ 91.658691406000059, 25.128864288000102 ], [ 91.658554077000133, 25.129001617000029 ], [ 91.65833282400007, 25.129638672000056 ], [ 91.658378601000038, 25.130277633999981 ], [ 91.658920289000093, 25.130767822000053 ], [ 91.65919494700006, 25.13109016500016 ], [ 91.659309387000121, 25.131271363000053 ], [ 91.659141540000178, 25.13120078999998 ], [ 91.655029297000169, 25.129459381000061 ], [ 91.651725769000052, 25.127567292000094 ], [ 91.651252747000171, 25.127309800000091 ], [ 91.651153565000129, 25.127191544000084 ], [ 91.650321961000088, 25.127395629000034 ], [ 91.649581909000119, 25.127660752 ], [ 91.649452210000163, 25.127695083000106 ], [ 91.648620606000065, 25.127912521000155 ], [ 91.64854431100008, 25.127910613000154 ], [ 91.648452759000122, 25.127906800000119 ], [ 91.646804809000059, 25.127094270000043 ], [ 91.645370484000125, 25.127332688000024 ], [ 91.644691467000143, 25.12664794900013 ], [ 91.644577027000082, 25.126548767000088 ], [ 91.644378663, 25.126369476000093 ], [ 91.64356994700006, 25.125654220000058 ], [ 91.643081665000182, 25.125040054000067 ], [ 91.642951966, 25.124874116 ], [ 91.642448425000168, 25.123979568999971 ], [ 91.642166137000117, 25.123474121000072 ], [ 91.641990661000136, 25.12316703800019 ], [ 91.641616821000127, 25.123065949000079 ], [ 91.64057159400005, 25.122995377999985 ], [ 91.640281678000065, 25.123041153000145 ], [ 91.639648438000052, 25.123643876000187 ], [ 91.638977050000108, 25.123241425 ], [ 91.638473511000086, 25.123106003000032 ], [ 91.638282777000143, 25.123107911000147 ], [ 91.637855530000024, 25.122653962000186 ], [ 91.636573792000036, 25.122827530000166 ], [ 91.636199952000197, 25.122978209999985 ], [ 91.635833740000066, 25.123252870000158 ], [ 91.635810851000087, 25.123676300000056 ], [ 91.635696411000197, 25.124111175000053 ], [ 91.635528565000129, 25.12425995000018 ], [ 91.63520050000011, 25.124124528000152 ], [ 91.635055541000099, 25.123937607000073 ], [ 91.634880065000118, 25.123817444000167 ], [ 91.634513855000023, 25.123804093000047 ], [ 91.63398742600009, 25.123908996000125 ], [ 91.633895874000132, 25.123973846000126 ], [ 91.633895874000132, 25.124183656000071 ], [ 91.633773803000111, 25.124320985000168 ], [ 91.633575439000197, 25.124460221000163 ], [ 91.632896422000044, 25.124399186000176 ], [ 91.632659911000133, 25.124425888000076 ], [ 91.632583618000126, 25.12443351800016 ], [ 91.632057190000069, 25.124492646000078 ], [ 91.631080627000188, 25.124668121000127 ], [ 91.630874635, 25.124689102000161 ], [ 91.629798889000199, 25.124797822000119 ], [ 91.629539490000127, 25.124874116 ], [ 91.629112245000044, 25.124998092000169 ], [ 91.62692260700004, 25.125526429000104 ], [ 91.626655579000158, 25.125669480999989 ], [ 91.626029968000182, 25.126104356000042 ], [ 91.62521362200016, 25.126808167000092 ], [ 91.624603271000183, 25.127265931000125 ], [ 91.624114991000113, 25.12754631100006 ], [ 91.623321533000194, 25.127882004000185 ], [ 91.623107911000091, 25.128017426000042 ], [ 91.622955322000166, 25.128269194999973 ], [ 91.622726441000168, 25.128677369 ], [ 91.622589112000071, 25.128915788000143 ], [ 91.622612000000174, 25.129013062000183 ], [ 91.622650147000058, 25.129167557000073 ], [ 91.622642517000145, 25.129493713000045 ], [ 91.622390747000054, 25.130670548000182 ], [ 91.622352600000056, 25.130960464000168 ], [ 91.622329712000067, 25.13109398000006 ], [ 91.622314454000048, 25.131496429000038 ], [ 91.622482299000183, 25.132122040000183 ], [ 91.622619628000109, 25.132465362000175 ], [ 91.622749329000101, 25.132770539000092 ], [ 91.623062134000122, 25.134252548000063 ], [ 91.622955322000166, 25.135713577000104 ], [ 91.622970582000164, 25.135934829000121 ], [ 91.623008729000048, 25.136133194000081 ], [ 91.623085022000055, 25.136491774999968 ], [ 91.623069764000036, 25.13663864200015 ], [ 91.622741699000187, 25.138158798000177 ], [ 91.622688294000113, 25.13840675299997 ], [ 91.622497558000134, 25.138551712000151 ], [ 91.621994019000113, 25.13894081 ], [ 91.621734619000165, 25.139156343000025 ], [ 91.621612548000087, 25.139423369999975 ], [ 91.621604920000152, 25.139533998000104 ], [ 91.621520996000129, 25.140102387000127 ], [ 91.621284485000047, 25.140565872000025 ], [ 91.621292114000198, 25.140752793000104 ], [ 91.621620179000104, 25.141511918000162 ], [ 91.621383668000135, 25.142002106000177 ], [ 91.621231078000164, 25.142416001000072 ], [ 91.621223450000059, 25.142547607000097 ], [ 91.621337891000167, 25.143045425000082 ], [ 91.621421814000087, 25.143251420000183 ], [ 91.621414184000173, 25.143514634000098 ], [ 91.620811463000166, 25.143697738000185 ], [ 91.620346069, 25.143838882000125 ], [ 91.620109558000081, 25.143909455000028 ], [ 91.618911744000059, 25.144241333000082 ], [ 91.617034912000065, 25.144765852999967 ], [ 91.616142272000104, 25.145009995000123 ], [ 91.615707397000051, 25.145130158000029 ], [ 91.615364075000116, 25.145223617 ], [ 91.61506652900016, 25.144680024000081 ], [ 91.614700317000086, 25.143806458000086 ], [ 91.614501953000172, 25.143344878999983 ], [ 91.61434936500018, 25.142984390000095 ], [ 91.61404418900014, 25.142471313000044 ], [ 91.613899232000108, 25.142171859000143 ], [ 91.613746642000137, 25.141876220000086 ], [ 91.613319397, 25.141136170000152 ], [ 91.613128663000055, 25.141202926000176 ], [ 91.612602234000121, 25.141387940000186 ], [ 91.612442016000159, 25.141084671000044 ], [ 91.612213135000161, 25.141069412000093 ], [ 91.611869812000066, 25.14122390700004 ], [ 91.61156463500015, 25.141632081000068 ], [ 91.611595154000099, 25.142040253000062 ], [ 91.61174011300011, 25.142322541000169 ], [ 91.612022399000182, 25.142589569000052 ], [ 91.612403869000104, 25.142831802000103 ], [ 91.612396239000191, 25.143054963000168 ], [ 91.612396239000191, 25.143394471000192 ], [ 91.612289429000043, 25.144195556000113 ], [ 91.612152100000174, 25.144807815000092 ], [ 91.612075806000064, 25.145139695000182 ], [ 91.611885070000085, 25.145282745000145 ], [ 91.611602784000183, 25.145080568000026 ], [ 91.610038758000087, 25.143970491000061 ], [ 91.607147216000101, 25.143051148000154 ], [ 91.606826782999974, 25.143619537000177 ], [ 91.606437682000035, 25.144302369000172 ], [ 91.606124878000116, 25.143632890000106 ], [ 91.605995179000104, 25.143287659000066 ], [ 91.605873108000026, 25.142732620000061 ], [ 91.604751586000134, 25.142230987000062 ], [ 91.604461670000148, 25.141605377000133 ], [ 91.604309082000157, 25.14126777700011 ], [ 91.603713990000074, 25.140325547000145 ], [ 91.603515625000114, 25.140375137000149 ], [ 91.603218078999987, 25.140708923000034 ], [ 91.602844239000149, 25.1413955700001 ], [ 91.602416992000087, 25.142192840000178 ], [ 91.60224914600002, 25.142419816000142 ], [ 91.60160827600015, 25.14369964600013 ], [ 91.601371765000181, 25.14420700200003 ], [ 91.600578308000195, 25.145935058000191 ], [ 91.600486756000066, 25.146186829000158 ], [ 91.600280761000135, 25.146919251000156 ], [ 91.600296020000087, 25.147161483000161 ], [ 91.599998473000085, 25.148342133000142 ], [ 91.599822998000036, 25.149190903000033 ], [ 91.599510193000185, 25.150686263000125 ], [ 91.599388122000107, 25.151296616000081 ], [ 91.600975036000136, 25.15293693600006 ], [ 91.601585388, 25.153688431000148 ], [ 91.601905823000152, 25.154121399000132 ], [ 91.602287293000074, 25.154573440000092 ], [ 91.602485657000159, 25.154857636000031 ], [ 91.602592467000136, 25.15504074200004 ], [ 91.602752685000041, 25.15574455300009 ], [ 91.603172302000019, 25.157552720000069 ], [ 91.603446960000042, 25.158409120000044 ], [ 91.603492737000181, 25.158733368000071 ], [ 91.603553772000168, 25.159130096000183 ], [ 91.603355408000084, 25.159145355000135 ], [ 91.601394653000114, 25.159246444000075 ], [ 91.600440979000098, 25.159219743000051 ], [ 91.599929810000162, 25.159290314000145 ], [ 91.599845886000139, 25.159566879000181 ], [ 91.599906921000127, 25.159725189000142 ], [ 91.600433349000184, 25.160367967000013 ], [ 91.600639343000182, 25.160575866999977 ], [ 91.601066588000094, 25.161008834000029 ], [ 91.601242066000054, 25.161165237000091 ], [ 91.601501466000173, 25.161415101000159 ], [ 91.602066040000182, 25.162107468000158 ], [ 91.602134705000083, 25.16220665000003 ], [ 91.602233888, 25.16239356900013 ], [ 91.602935791000107, 25.163928986000087 ], [ 91.603294373000097, 25.165134430000137 ], [ 91.60330200300001, 25.16526412900015 ], [ 91.60317993200016, 25.165681838000125 ], [ 91.603691101000095, 25.166881562000128 ], [ 91.603965759000062, 25.167552948000036 ], [ 91.604141234999986, 25.167615891000025 ], [ 91.604347228999984, 25.167692185000135 ], [ 91.605285644000105, 25.168094636000092 ], [ 91.60647582900009, 25.168851852000046 ], [ 91.606803894000166, 25.16911125200005 ], [ 91.607040405000077, 25.169324874000097 ], [ 91.607192993000069, 25.16939544700017 ], [ 91.608184814000197, 25.169853211000031 ], [ 91.609603881000112, 25.170095445000186 ], [ 91.610282898000037, 25.170000076 ], [ 91.611236572000109, 25.170028687000183 ], [ 91.611480713000105, 25.170036317000097 ], [ 91.612152100000174, 25.170330048000153 ], [ 91.612464905000195, 25.170312882000133 ], [ 91.613159180000196, 25.170047760000045 ], [ 91.614021300000104, 25.169694901000071 ], [ 91.614387512, 25.169696809000072 ], [ 91.614654540000117, 25.169698716000141 ], [ 91.615364075000116, 25.169700624000143 ], [ 91.615280152000139, 25.170410157000106 ], [ 91.615188600000067, 25.171045304000188 ], [ 91.615165711000031, 25.17192077600015 ], [ 91.615119934000063, 25.173749924000163 ], [ 91.615119934000063, 25.17435646000007 ], [ 91.615119934000063, 25.174856186 ], [ 91.615051269000162, 25.174886704000073 ], [ 91.614715575000105, 25.175039292000065 ], [ 91.614112854000041, 25.17534828100014 ], [ 91.60824585000006, 25.174350739000033 ], [ 91.606163025000114, 25.174238204000062 ], [ 91.606124878000116, 25.174114228000064 ], [ 91.60540771400008, 25.173765182000182 ], [ 91.605163575000063, 25.174009323 ], [ 91.604393006000123, 25.174045563000163 ], [ 91.602943421000191, 25.174057008000148 ], [ 91.602912902000071, 25.174215318000108 ], [ 91.59856414800015, 25.174253465000163 ], [ 91.598075866000045, 25.174291611000115 ], [ 91.597274780000021, 25.17435646000007 ], [ 91.59629821700014, 25.17448806800013 ], [ 91.595695496000133, 25.174430848000156 ], [ 91.594703675, 25.173849105999977 ], [ 91.594490052000197, 25.173721315000023 ], [ 91.594299316000047, 25.173795701000131 ], [ 91.593544006000116, 25.174083710000048 ], [ 91.593246459000056, 25.174167633000138 ], [ 91.592384339000148, 25.174345017000064 ], [ 91.591972352000084, 25.174430848000156 ], [ 91.591514588000052, 25.174318313000185 ], [ 91.591224670000031, 25.174249650000093 ], [ 91.591239930000029, 25.173860549000153 ], [ 91.591148376000092, 25.17377853500011 ], [ 91.590774536000083, 25.173763275000113 ], [ 91.59036254900019, 25.173067094000146 ], [ 91.590217590000179, 25.172826768000164 ], [ 91.590133665999986, 25.172628404000079 ], [ 91.589836120000086, 25.17256546100009 ], [ 91.589691162000179, 25.172019958000192 ], [ 91.589065550999976, 25.171770096000103 ], [ 91.588478088000159, 25.171724319000134 ], [ 91.588096618, 25.171760560000052 ], [ 91.58681488000019, 25.172332765000021 ], [ 91.586601258000144, 25.172286988000053 ], [ 91.586318970000036, 25.171890259000179 ], [ 91.586219787000061, 25.171739579000189 ], [ 91.586059570000089, 25.171628952000162 ], [ 91.584495544000163, 25.171783447000053 ], [ 91.583068847000163, 25.171926498000062 ], [ 91.5810623160001, 25.172147751000182 ], [ 91.580810547000169, 25.172618866000164 ], [ 91.580177307000156, 25.172527314000035 ], [ 91.578170775000046, 25.16819953900017 ], [ 91.576377869000055, 25.164321900000061 ], [ 91.57916259700005, 25.160600663000082 ], [ 91.575729371000193, 25.160724641000058 ], [ 91.575881958000139, 25.160568238000167 ], [ 91.576255798000147, 25.160034181000128 ], [ 91.575988770000095, 25.159748078000177 ], [ 91.575912475000109, 25.159666061000053 ], [ 91.575851441000168, 25.159601211000165 ], [ 91.575714110000092, 25.159683227000016 ], [ 91.575576781, 25.159763336000026 ], [ 91.575180053000054, 25.159896850000052 ], [ 91.574905395000087, 25.159908295000037 ], [ 91.573966981000069, 25.159805298000094 ], [ 91.573799133000193, 25.159906388000138 ], [ 91.573394776000043, 25.160209657000053 ], [ 91.573143005000077, 25.1601295480001 ], [ 91.569190979000098, 25.159429550000084 ], [ 91.56694793700018, 25.158750534000035 ], [ 91.561157226000034, 25.15121078500016 ], [ 91.558853150000175, 25.149290085000018 ], [ 91.556869507000101, 25.148845672000107 ], [ 91.546279908000088, 25.146471023 ], [ 91.537773132000041, 25.144372940000096 ], [ 91.533538819000057, 25.144180298000094 ], [ 91.529548644000045, 25.143980026000065 ], [ 91.521881103000055, 25.144641877000026 ], [ 91.518196105000186, 25.144958497000118 ], [ 91.513648987000181, 25.145349503000148 ], [ 91.512580872000171, 25.145160674000067 ], [ 91.510269166000057, 25.144729614000084 ], [ 91.508308411000087, 25.143249512000182 ], [ 91.506729125000163, 25.140680314000065 ], [ 91.505958557000156, 25.139431000000116 ], [ 91.504638672000112, 25.137296678000041 ], [ 91.504257202000133, 25.136680604000048 ], [ 91.502632141000106, 25.135480881000035 ], [ 91.499465942000199, 25.135419845000115 ], [ 91.499328613000102, 25.135444641000049 ], [ 91.498825072000102, 25.135538101000122 ], [ 91.498275757000044, 25.135641098000065 ], [ 91.496932983000136, 25.135890960000097 ], [ 91.496849060000045, 25.135906220000152 ], [ 91.496070861000078, 25.135799407999968 ], [ 91.495628357000044, 25.135789872000089 ], [ 91.495521545000088, 25.135803223000039 ], [ 91.495140075000108, 25.135849000000178 ], [ 91.494789123000032, 25.136156082000184 ], [ 91.494277954000097, 25.136383058000149 ], [ 91.492576599000131, 25.136699677000138 ], [ 91.490386962000059, 25.136203767000154 ], [ 91.489952087000063, 25.135917664000033 ], [ 91.489707947000113, 25.135683060000133 ], [ 91.489204406000113, 25.13521576 ], [ 91.488861083000188, 25.135467530000085 ], [ 91.488449096000124, 25.135665894000113 ], [ 91.488128661000189, 25.13573074400017 ], [ 91.48741912800017, 25.135766984000156 ], [ 91.486824035000041, 25.135631562000128 ], [ 91.486740113000053, 25.135786057000018 ], [ 91.486518860000103, 25.135932922000052 ], [ 91.485427857000161, 25.136310577000074 ], [ 91.485122680000075, 25.136329650000164 ], [ 91.482368469000164, 25.135570527000141 ], [ 91.482406616000048, 25.135259628000085 ], [ 91.482551575000059, 25.134069442000055 ], [ 91.481521606000172, 25.134019852 ], [ 91.47843933200005, 25.133871078000141 ], [ 91.478134155000134, 25.133871078000141 ], [ 91.477325440000072, 25.134012222000081 ], [ 91.476905823000095, 25.133867265000106 ], [ 91.476402284000073, 25.133733749000044 ], [ 91.475204468000072, 25.1335430150001 ], [ 91.474327087000063, 25.133518219000166 ], [ 91.471900940000126, 25.133638382000072 ], [ 91.470550537000065, 25.133749009000098 ], [ 91.470329284000115, 25.133831023000084 ], [ 91.469917298000155, 25.134120942000038 ], [ 91.469490050000161, 25.134468078000168 ], [ 91.46915435700015, 25.134450912000148 ], [ 91.467567445000157, 25.134370804000071 ], [ 91.466430664000143, 25.134405135000179 ], [ 91.464576722000061, 25.134958268000048 ], [ 91.464157105000027, 25.13491249100008 ], [ 91.464111328000058, 25.135761261000141 ], [ 91.464630127000135, 25.13668441700014 ], [ 91.464752198000156, 25.136899949 ], [ 91.464935302000072, 25.137107849000188 ], [ 91.465423584000121, 25.137332917000151 ], [ 91.465530394999973, 25.137382507000154 ], [ 91.465713501000039, 25.137374879000049 ], [ 91.466041566000115, 25.13735771100005 ], [ 91.466827393000187, 25.137369156000034 ], [ 91.467582703000176, 25.137582779000184 ], [ 91.468002320000153, 25.137966157000108 ], [ 91.468513489000088, 25.138624191000019 ], [ 91.468704223000032, 25.138938905000145 ], [ 91.469207764000032, 25.13965034600011 ], [ 91.469772338000041, 25.139722824000103 ], [ 91.470359803000065, 25.139835357000038 ], [ 91.470413208000139, 25.140314102000161 ], [ 91.470268249000128, 25.140663148000101 ], [ 91.470008850000056, 25.141244888000074 ], [ 91.469726563000108, 25.14117431699998 ], [ 91.46915435700015, 25.14103698800011 ], [ 91.468635560000166, 25.140995025999985 ], [ 91.467926025000168, 25.141725541000142 ], [ 91.467872619000161, 25.142133712000089 ], [ 91.467842103000123, 25.142366410000136 ], [ 91.467681885, 25.14299202 ], [ 91.467407227000194, 25.143619537000177 ], [ 91.466934205000143, 25.143913268000063 ], [ 91.467201233000196, 25.144500733000086 ], [ 91.467338562000123, 25.144882203000179 ], [ 91.467437744000165, 25.145305633000078 ], [ 91.467529296000066, 25.145656585000154 ], [ 91.467582703000176, 25.146076202000131 ], [ 91.467941285000165, 25.146459580000055 ], [ 91.468048095000142, 25.146572113000047 ], [ 91.468055725000056, 25.146686553000109 ], [ 91.467987060000155, 25.146823884000185 ], [ 91.4677581790001, 25.147294999000167 ], [ 91.467887878000113, 25.147409439000057 ], [ 91.468406677000132, 25.147779464 ], [ 91.468505859000174, 25.147909164999987 ], [ 91.468696595000154, 25.148170472000061 ], [ 91.468627930000025, 25.14840126100006 ], [ 91.468536378000124, 25.148534775000087 ], [ 91.468177796000077, 25.149059297000122 ], [ 91.468231201000151, 25.149328232000073 ], [ 91.468353272000058, 25.149520874000018 ], [ 91.468482971000014, 25.149726868000016 ], [ 91.468658446000063, 25.149976730000105 ], [ 91.467910766000045, 25.149801254000124 ], [ 91.462158204000104, 25.148519516000135 ], [ 91.456520080000075, 25.148031236000065 ], [ 91.450653077000027, 25.148180008000111 ], [ 91.445960998000032, 25.149101258000144 ], [ 91.442886353000119, 25.150718689000144 ], [ 91.44272613600009, 25.150686263000125 ], [ 91.442321777000132, 25.150396347000083 ], [ 91.442047119000108, 25.150259017999986 ], [ 91.441093443999989, 25.149864197000113 ], [ 91.440902710000046, 25.149801254000124 ], [ 91.440727235000168, 25.149753572000122 ], [ 91.440490723000153, 25.149753572000122 ], [ 91.440345764000142, 25.15003204500016 ], [ 91.440040588000102, 25.150583268 ], [ 91.439926147000165, 25.150983810000128 ], [ 91.439910889000146, 25.15105438300003 ], [ 91.439781188000154, 25.151088714000082 ], [ 91.439231872000164, 25.151231766000024 ], [ 91.439125062000016, 25.151468277000163 ], [ 91.438926698000159, 25.151685715000042 ], [ 91.438560486000199, 25.152162552000107 ], [ 91.438453673000197, 25.152164460000108 ], [ 91.4373245230002, 25.153200151000078 ], [ 91.437263490000191, 25.153860092000059 ], [ 91.437141419000113, 25.154228211000088 ], [ 91.436599731000058, 25.154260636000174 ], [ 91.436241150000171, 25.154279709000036 ], [ 91.435508728000116, 25.155012131000092 ], [ 91.435424804000093, 25.155094147000113 ], [ 91.434883118000073, 25.155509949000077 ], [ 91.434822083000086, 25.155557634 ], [ 91.434570313000052, 25.155691147000141 ], [ 91.434242248000146, 25.15576744100008 ], [ 91.433906555000192, 25.155845642000031 ], [ 91.4335861200002, 25.156213760000128 ], [ 91.433418275000122, 25.156360626000037 ], [ 91.432876587000067, 25.15676879800003 ], [ 91.432647706000182, 25.156877518000158 ], [ 91.43257904, 25.156906127000127 ], [ 91.432472228000051, 25.156818390000069 ], [ 91.432365418000131, 25.156806945000085 ], [ 91.431884765000063, 25.156993866 ], [ 91.431343078000054, 25.157203674000129 ], [ 91.430511474000184, 25.157373429000074 ], [ 91.430130005000137, 25.157396317000178 ], [ 91.429962158000023, 25.157371521000073 ], [ 91.429748535000044, 25.15733909700009 ], [ 91.429527282000095, 25.15733528200019 ], [ 91.429122926000048, 25.157403945000112 ], [ 91.42849731400014, 25.157510758000171 ], [ 91.427253723000035, 25.157367706000059 ], [ 91.426315307000039, 25.157289505000051 ], [ 91.42610931500019, 25.157316209000101 ], [ 91.425445556000057, 25.157087326000124 ], [ 91.425148010000157, 25.157045364000169 ], [ 91.424949646000073, 25.157176972000059 ], [ 91.424858094000172, 25.157299043000137 ], [ 91.4246215820001, 25.157598497000038 ], [ 91.424346924000133, 25.158273696000037 ], [ 91.424194335000038, 25.158306122000056 ], [ 91.423881530000187, 25.158201218000102 ], [ 91.423789978000059, 25.158237457000155 ], [ 91.423591614000145, 25.158313751000037 ], [ 91.423500060000038, 25.15846824700003 ], [ 91.423446655000134, 25.15887641900008 ], [ 91.423385619999976, 25.159566879000181 ], [ 91.423355103000063, 25.159690857000157 ], [ 91.423042297999984, 25.160636902000192 ], [ 91.42294311600017, 25.160829544000137 ], [ 91.422790527000075, 25.161113739000086 ], [ 91.422492980000015, 25.161592483999982 ], [ 91.422569274000125, 25.161834718000136 ], [ 91.422599793000074, 25.162012101000187 ], [ 91.422615051000093, 25.162126542000124 ], [ 91.42242431700015, 25.162338257000158 ], [ 91.422309876000156, 25.162471771000185 ], [ 91.42201233000003, 25.162666322000064 ], [ 91.421890259000179, 25.162763596000104 ], [ 91.421585083000139, 25.162996292000173 ], [ 91.421371460000159, 25.163059235000105 ], [ 91.421203613000046, 25.163021088000107 ], [ 91.421157838000056, 25.163080216000026 ], [ 91.420532226000148, 25.163850785000079 ], [ 91.41975402900016, 25.164821625000116 ], [ 91.418800355000144, 25.165992738000114 ], [ 91.418144226000095, 25.166805268000189 ], [ 91.417877197000109, 25.167135239000061 ], [ 91.416030885000112, 25.169422151000106 ], [ 91.415275574000077, 25.170364380000137 ], [ 91.414566039000078, 25.171241761000033 ], [ 91.414199829000154, 25.170753479000098 ], [ 91.413887024000132, 25.170406342000092 ], [ 91.413681030000134, 25.170221329000128 ], [ 91.413139344000058, 25.169864654000037 ], [ 91.412437439000144, 25.169599534000099 ], [ 91.412078857000154, 25.169538499000112 ], [ 91.411987305000025, 25.169332504000067 ], [ 91.411987305000025, 25.168928148000134 ], [ 91.411796569000103, 25.168693542000085 ], [ 91.41186523500005, 25.168554306000146 ], [ 91.4122467050002, 25.168130875000031 ], [ 91.412773132000154, 25.167589188000022 ], [ 91.412773132000154, 25.167346954000095 ], [ 91.412498474000131, 25.166893005000077 ], [ 91.411964417000092, 25.166006088000131 ], [ 91.411499023000147, 25.165060044000029 ], [ 91.411437987000056, 25.164939881000123 ], [ 91.41100311200006, 25.164091111000062 ], [ 91.41084289500003, 25.163780212000177 ], [ 91.409904480000137, 25.163875581000184 ], [ 91.409660339000084, 25.163932801000101 ], [ 91.40902709900007, 25.16402244600016 ], [ 91.408866882000041, 25.164045334000093 ], [ 91.408790588000159, 25.164108277000082 ], [ 91.408531189000087, 25.164318084000115 ], [ 91.407966613999974, 25.164831161 ], [ 91.407669068000075, 25.165149688000156 ], [ 91.407119750000106, 25.165725708000025 ], [ 91.406723022000108, 25.166213990000131 ], [ 91.405754089000141, 25.166124343999968 ], [ 91.405487061000088, 25.166097640000089 ], [ 91.404579163000108, 25.165822982000122 ], [ 91.404411316000164, 25.165771485 ], [ 91.403999329000101, 25.165727615000094 ], [ 91.403724671000134, 25.165699006000125 ], [ 91.403503418000184, 25.165693284000042 ], [ 91.402610779000156, 25.165559770000186 ], [ 91.402435303000175, 25.165792466000084 ], [ 91.401794433000077, 25.165697099000056 ], [ 91.400863647000165, 25.165496827000027 ], [ 91.399604798000041, 25.16517448400009 ], [ 91.399360656000056, 25.16509056100017 ], [ 91.399009705000083, 25.164964677000057 ], [ 91.398864746000072, 25.164827348000131 ], [ 91.398551941000051, 25.164571761000047 ], [ 91.398445129000095, 25.164630889000136 ], [ 91.397453307000092, 25.165178300000036 ], [ 91.39678955100004, 25.165491104000182 ], [ 91.396492004000038, 25.165569305000133 ], [ 91.396026610000092, 25.165704727000161 ], [ 91.39454650800019, 25.166095735 ], [ 91.394012451000151, 25.166263580000134 ], [ 91.392707825, 25.166597366000019 ], [ 91.391357421, 25.166906358 ], [ 91.391143799000133, 25.166957855000135 ], [ 91.390487671000187, 25.167116165000095 ], [ 91.389762879000102, 25.167301179000106 ], [ 91.389038085000152, 25.167524337000089 ], [ 91.388946533000194, 25.167575837000072 ], [ 91.388847350999981, 25.166591644000107 ], [ 91.388610840000069, 25.16710472200009 ], [ 91.38853454600013, 25.16750907900007 ], [ 91.388481139000078, 25.16782760600006 ], [ 91.387741089000144, 25.168224335000104 ], [ 91.386222837999981, 25.16904068000008 ], [ 91.384536744000116, 25.169849396000188 ], [ 91.38435363800005, 25.169937135000055 ], [ 91.383743287000129, 25.169845581000118 ], [ 91.383239746000072, 25.169736863000026 ], [ 91.382659911000189, 25.169263841000145 ], [ 91.382026672000109, 25.168743134000124 ], [ 91.381568908000077, 25.168439865000153 ], [ 91.381141663000164, 25.168346405000079 ], [ 91.379646300000161, 25.168264389000058 ], [ 91.377906799000186, 25.168151856000065 ], [ 91.37739563000008, 25.168134690000045 ], [ 91.376144409, 25.168092729000023 ], [ 91.375923156000113, 25.168151856000065 ], [ 91.375495911000201, 25.168262482000159 ], [ 91.374542236000082, 25.168584824000163 ], [ 91.374191284000176, 25.168672561000051 ], [ 91.374015809000127, 25.168741227000055 ], [ 91.373870849000184, 25.168798446999972 ], [ 91.373344422000059, 25.169027328000027 ], [ 91.372749329000158, 25.169330597000169 ], [ 91.372055054000157, 25.169599534000099 ], [ 91.371772766000049, 25.169721602999971 ], [ 91.371131896000179, 25.170059204000154 ], [ 91.369552612000064, 25.170783997000171 ], [ 91.368751527000086, 25.170715332000043 ], [ 91.368438720000086, 25.170824052000171 ] ] ] ] } }
]
}
