{
"type": "FeatureCollection",
"name": "Mizoram",
"crs": { "type": "name", "properties": { "name": "urn:ogc:def:crs:OGC:1.3:CRS84" } },
"features": [
{ "type": "Feature", "properties": { "GID_1": "IND.23_1", "GID_0": "IND", "COUNTRY": "India", "NAME_1": "Mizoram", "VARNAME_1": "NA", "NL_NAME_1": "NA", "TYPE_1": "State", "ENGTYPE_1": "State", "CC_1": "NA", "HASC_1": "IN.MZ", "ISO_1": "IN-MZ" }, "geometry": { "type": "MultiPolygon", "coordinates": [ [ [ [ 93.194007874000079, 24.056270600000119 ], [ 93.198257446000184, 24.0524997710001 ], [ 93.216735840000183, 24.050060273000099 ], [ 93.221000672000059, 24.061370851000106 ], [ 93.222427369000116, 24.067672729000037 ], [ 93.225250244000165, 24.073961258000111 ], [ 93.222419738999974, 24.081489564000037 ], [ 93.223838805000184, 24.084011077000071 ], [ 93.226676941000164, 24.086530685000128 ], [ 93.236633300000165, 24.084039688000189 ], [ 93.242332459000181, 24.086570739000081 ], [ 93.2480163580002, 24.085338592000028 ], [ 93.263717650999979, 24.072820663000186 ], [ 93.263732910000101, 24.067789077000043 ], [ 93.266609192000033, 24.060260774000028 ], [ 93.263740540000185, 24.057741166000085 ], [ 93.262329101000034, 24.057729721000157 ], [ 93.252380370000139, 24.033830643000158 ], [ 93.256706238000106, 24.028810500000191 ], [ 93.255287171000191, 24.023790360000135 ], [ 93.273948670000152, 24.033920287000115 ], [ 93.276779176000048, 24.04021072400019 ], [ 93.285369873000036, 24.046520233000081 ], [ 93.288192748000142, 24.051549911000052 ], [ 93.298248292000096, 24.051589965000176 ], [ 93.312545777000082, 24.054130554000153 ], [ 93.337371825000048, 24.053400040000099 ], [ 93.338287353000112, 24.050191880000057 ], [ 93.342216492000034, 24.044591905000061 ], [ 93.336006164000082, 24.042610169000056 ], [ 93.333236694000107, 24.039800645000128 ], [ 93.337646485, 24.034208298000067 ], [ 93.342163087000131, 24.030670167000153 ], [ 93.338104247000047, 24.025356293000129 ], [ 93.336921691999976, 24.023809433 ], [ 93.337501525999983, 24.021230698000068 ], [ 93.337791442000196, 24.019920349000131 ], [ 93.340316773000154, 24.012430190000032 ], [ 93.339347840000187, 24.002918244000114 ], [ 93.339271546000077, 24.002210617000117 ], [ 93.338958740000123, 23.995889665000107 ], [ 93.334426880000137, 23.986949921000075 ], [ 93.337448121000136, 23.982789994000029 ], [ 93.34236907900015, 23.982328415000154 ], [ 93.347396850000052, 23.980699539 ], [ 93.351608277000025, 23.977981568000132 ], [ 93.353157043000124, 23.972021104000078 ], [ 93.35587310700015, 23.961259842000175 ], [ 93.359886170000095, 23.954652786000054 ], [ 93.362419129000159, 23.950759888 ], [ 93.364936829000101, 23.945970536000061 ], [ 93.367813111000032, 23.943439485000169 ], [ 93.371040345000097, 23.940540313999975 ], [ 93.375732422000112, 23.937820434000173 ], [ 93.381248474000131, 23.936191560000054 ], [ 93.390975952000133, 23.934000015000038 ], [ 93.398719787000061, 23.930280686 ], [ 93.399612427000193, 23.924400330000026 ], [ 93.399192809999988, 23.918991089000031 ], [ 93.39758300900013, 23.912929535000103 ], [ 93.396736145000034, 23.89866828900017 ], [ 93.395591736000142, 23.887279511000031 ], [ 93.395446777000132, 23.876701355000023 ], [ 93.396423340000183, 23.870941163 ], [ 93.396881104000045, 23.863779067 ], [ 93.39656066900011, 23.858539581000116 ], [ 93.396713256, 23.850700379000045 ], [ 93.397056579000093, 23.840932846000044 ], [ 93.400100707000092, 23.835321426000064 ], [ 93.399162293000074, 23.824211120000086 ], [ 93.401412964000031, 23.819410325000149 ], [ 93.406898498000032, 23.817148208999981 ], [ 93.409828186000141, 23.813610076000089 ], [ 93.41098022400007, 23.807729720999987 ], [ 93.410057068000071, 23.798791887000164 ], [ 93.4075698850001, 23.790210725000179 ], [ 93.404449463000162, 23.775051117000146 ], [ 93.404228210000099, 23.768989563000048 ], [ 93.405288695000138, 23.761590958000113 ], [ 93.407127381000066, 23.755620955999973 ], [ 93.41053771900016, 23.748649597000053 ], [ 93.414428711000198, 23.74348068200004 ], [ 93.415397644000166, 23.738420488000031 ], [ 93.417732238000099, 23.732549668000104 ], [ 93.415840149000132, 23.72686004600007 ], [ 93.414932252000028, 23.722610474000192 ], [ 93.415519715000073, 23.718099595000069 ], [ 93.41694641100014, 23.712129593000157 ], [ 93.419120788000043, 23.708421707000127 ], [ 93.423301697, 23.703990937000128 ], [ 93.42957305800013, 23.700710296000068 ], [ 93.436515808000081, 23.696178436000082 ], [ 93.438659669000117, 23.6921997070001 ], [ 93.441398620000143, 23.688320160000046 ], [ 93.444702149000193, 23.682428359000028 ], [ 93.440940856000111, 23.678199768000013 ], [ 93.4390869140002, 23.675739288000045 ], [ 93.43611908000014, 23.671789170000011 ], [ 93.433425904000046, 23.667190552000022 ], [ 93.430366515000173, 23.660230636000051 ], [ 93.428276062000123, 23.653549196000029 ], [ 93.428619386000094, 23.645151139000177 ], [ 93.428672791000167, 23.644809724000083 ], [ 93.432716370000151, 23.618761062999965 ], [ 93.433410645000151, 23.595090866000191 ], [ 93.434745788000043, 23.588840486000151 ], [ 93.433052063000105, 23.582439423000153 ], [ 93.427108765000071, 23.571691513000076 ], [ 93.423973083000135, 23.569351196000184 ], [ 93.424026488000038, 23.561580659000185 ], [ 93.427246094000168, 23.552980423 ], [ 93.428092956000057, 23.545200349000027 ], [ 93.427757263000103, 23.538248063000026 ], [ 93.427642823000042, 23.534370423000155 ], [ 93.425559998000097, 23.531211853000116 ], [ 93.421928405000074, 23.527160646000027 ], [ 93.416206359000057, 23.520481110000162 ], [ 93.411163330000136, 23.513250351000067 ], [ 93.407623292000153, 23.508480073000101 ], [ 93.407287599000199, 23.501970291000077 ], [ 93.408149719000107, 23.496461867999983 ], [ 93.404373170000156, 23.484989167000151 ], [ 93.405937194999979, 23.481010438000169 ], [ 93.407066346000079, 23.475311279000152 ], [ 93.405960084000185, 23.467269897000051 ], [ 93.401412964000031, 23.456979752000166 ], [ 93.399772644, 23.446872711000083 ], [ 93.398506165000128, 23.442880631000037 ], [ 93.397186280000085, 23.433311463000166 ], [ 93.397346496000182, 23.426170349000131 ], [ 93.396827698000095, 23.422470093000186 ], [ 93.397598267000149, 23.415500641000165 ], [ 93.3982620230002, 23.411260605000166 ], [ 93.40390777600004, 23.401668548000089 ], [ 93.405761720000157, 23.397600175000036 ], [ 93.409751892000031, 23.391901017000066 ], [ 93.414237977000084, 23.388011932999973 ], [ 93.404609681000125, 23.383499146000077 ], [ 93.401657105000083, 23.379539491000116 ], [ 93.396446228000116, 23.374029160000077 ], [ 93.396522522000055, 23.368061066000109 ], [ 93.398750306000181, 23.364271163000126 ], [ 93.389839171000119, 23.362751007000156 ], [ 93.3763198850001, 23.362590789000024 ], [ 93.371620178000171, 23.35979080300018 ], [ 93.367469788000164, 23.358089448000158 ], [ 93.365806580000196, 23.354480744 ], [ 93.366294861000199, 23.353477477000069 ], [ 93.368026734000068, 23.3499412540001 ], [ 93.372016906000169, 23.344249725 ], [ 93.375343322000049, 23.340990067000121 ], [ 93.37777709900007, 23.33754921100018 ], [ 93.379325866000045, 23.332679748000089 ], [ 93.377548218000072, 23.326799392000112 ], [ 93.376731872000164, 23.319480897 ], [ 93.376991272000168, 23.312789918000192 ], [ 93.377647400000058, 23.306552888000169 ], [ 93.379776002000142, 23.301221848000125 ], [ 93.381202699000198, 23.293619157000023 ], [ 93.381202699000198, 23.289920807000101 ], [ 93.3782501230001, 23.286760331000039 ], [ 93.375396729000101, 23.282619477000082 ], [ 93.375061036000147, 23.274570465000068 ], [ 93.377265930000135, 23.264169692000053 ], [ 93.378417969000168, 23.256130218000123 ], [ 93.383262635000108, 23.244810105000056 ], [ 93.388412477000031, 23.234960556000033 ], [ 93.394706727000198, 23.224279403000082 ], [ 93.394805909000013, 23.219579698000189 ], [ 93.387435913000047, 23.211200715000132 ], [ 93.386596679000093, 23.201980591000165 ], [ 93.385261536000201, 23.187971114 ], [ 93.381500243000119, 23.174882888000127 ], [ 93.38057708700012, 23.166908265000131 ], [ 93.37811279400006, 23.163499832000127 ], [ 93.37603759700005, 23.158880234000151 ], [ 93.373947144000169, 23.150300979000065 ], [ 93.379112244000112, 23.143610001000127 ], [ 93.382926940000118, 23.144681931000036 ], [ 93.390663147000112, 23.147920610000028 ], [ 93.394477844000164, 23.144401550000168 ], [ 93.393646240000066, 23.138612746000092 ], [ 93.381958007000151, 23.127510071000131 ], [ 93.376098632000037, 23.123991013000079 ], [ 93.372276306000117, 23.122642518000134 ], [ 93.369056702000194, 23.120580674000109 ], [ 93.365020751000088, 23.116689682000185 ], [ 93.364021301000037, 23.112730026000122 ], [ 93.363998413000104, 23.106210708000049 ], [ 93.363533021000137, 23.103090287000043 ], [ 93.363082884999983, 23.10007095300017 ], [ 93.361999512000182, 23.095371247000116 ], [ 93.357368470000154, 23.090950013000054 ], [ 93.352462769000056, 23.084629059000065 ], [ 93.351089478, 23.080301284000143 ], [ 93.358200074000194, 23.07794189599997 ], [ 93.357810975000064, 23.075393675999976 ], [ 93.357406616000105, 23.072780609000063 ], [ 93.352966308000077, 23.064830781000069 ], [ 93.345169068000075, 23.064760208 ], [ 93.345039367000084, 23.064483643000131 ], [ 93.340637208000089, 23.055191040000182 ], [ 93.33676147400007, 23.043621063000046 ], [ 93.332641601000148, 23.035671235000052 ], [ 93.329597473000149, 23.031610490000048 ], [ 93.324089050000111, 23.024930954000183 ], [ 93.321243287000129, 23.021860123000067 ], [ 93.315505981000058, 23.022117615000013 ], [ 93.314987183000142, 23.022140503000173 ], [ 93.311767578000115, 23.018711090000181 ], [ 93.306167603000119, 23.013650895000069 ], [ 93.30195617600009, 23.008319856000185 ], [ 93.29772186200006, 23.005798340000069 ], [ 93.295906067000146, 23.005464554000184 ], [ 93.293327331000114, 23.004989625000064 ], [ 93.288162232000104, 23.004629135000073 ], [ 93.278587341, 23.005640030000109 ], [ 93.273918152000135, 23.010259629000188 ], [ 93.268066405000127, 23.012340547 ], [ 93.259056091000105, 23.008729935000076 ], [ 93.253196716000161, 23.006481170000086 ], [ 93.247741700000176, 23.009559631000172 ], [ 93.241203309000184, 23.014080048000153 ], [ 93.237800599000195, 23.017618179000067 ], [ 93.234092713, 23.021860123000067 ], [ 93.231666564000079, 23.027111054000102 ], [ 93.228157043000067, 23.032819749 ], [ 93.220176696000124, 23.04520034900014 ], [ 93.214057922000109, 23.049350739000033 ], [ 93.206169129000102, 23.056869506000112 ], [ 93.201179503000105, 23.057781219000162 ], [ 93.194450378000113, 23.060310364000088 ], [ 93.190933228000063, 23.058229447000087 ], [ 93.187110901000096, 23.057151794000049 ], [ 93.186935426000048, 23.057184220000067 ], [ 93.183021545000145, 23.057968140000071 ], [ 93.17682647700002, 23.053077698000095 ], [ 93.176727294999978, 23.052999497000087 ], [ 93.17211914100011, 23.050830841000106 ], [ 93.167831421000074, 23.049020768000162 ], [ 93.161979676000044, 23.05191993700015 ], [ 93.155639649000136, 23.058071137000184 ], [ 93.147338868000134, 23.061691284000119 ], [ 93.141853333000199, 23.06060981800016 ], [ 93.140289307000103, 23.056451799000115 ], [ 93.138481140000181, 23.054821015000186 ], [ 93.137619018000066, 23.054042816 ], [ 93.136871337000116, 23.053369522000082 ], [ 93.132942200000173, 23.047500612000135 ], [ 93.133354187000066, 23.046369553999966 ], [ 93.135070801000154, 23.041629792000037 ], [ 93.135826111000142, 23.03520965600012 ], [ 93.134361267000088, 23.031230927000024 ], [ 93.13162994400011, 23.025899887000151 ], [ 93.134140014000138, 23.019840241000054 ], [ 93.135787964000087, 23.012880325000083 ], [ 93.130210877000025, 23.006450653000115 ], [ 93.129196168000192, 23.000768662000098 ], [ 93.133407593000072, 22.996070862000067 ], [ 93.137390137000068, 22.994171143000187 ], [ 93.1425704950002, 22.993719102000171 ], [ 93.14499664300007, 22.987751007000099 ], [ 93.147621156000071, 22.980600357000185 ], [ 93.148086547999981, 22.975551605000078 ], [ 93.146522522000112, 22.970848085000114 ], [ 93.142723084000124, 22.968589784000187 ], [ 93.142501831000061, 22.964420319000112 ], [ 93.146209717000033, 22.961181642000099 ], [ 93.14882660000012, 22.956470489000139 ], [ 93.151641847000121, 22.949970246000078 ], [ 93.152603149000072, 22.941471101000047 ], [ 93.15344238400013, 22.930620195000188 ], [ 93.157249450000165, 22.926731110000162 ], [ 93.161720277000143, 22.924470902000053 ], [ 93.166107177000072, 22.922479631000044 ], [ 93.168350220000093, 22.919130326000129 ], [ 93.166488648000097, 22.915880204000132 ], [ 93.163665771000183, 22.914094925000143 ], [ 93.162773133000087, 22.913530349000098 ], [ 93.158576965000123, 22.913619995999966 ], [ 93.152336120000086, 22.91291046200007 ], [ 93.145973206000122, 22.912902832000157 ], [ 93.138755798000147, 22.913179398000125 ], [ 93.135223388000099, 22.907220841000139 ], [ 93.138809203000051, 22.900171280000109 ], [ 93.138328553000065, 22.893390655000132 ], [ 93.137145995000083, 22.889591217000032 ], [ 93.135551453000176, 22.882551192999983 ], [ 93.13320160000012, 22.875209808000022 ], [ 93.130249024000079, 22.869430542000032 ], [ 93.123878479000155, 22.865911485000083 ], [ 93.121665955000196, 22.862752915000044 ], [ 93.120849609000174, 22.854791642000066 ], [ 93.121513367000034, 22.843402863000051 ], [ 93.120796204000101, 22.837339401000179 ], [ 93.116645812000058, 22.832618713000045 ], [ 93.115631104000101, 22.831462861000148 ], [ 93.111221313000044, 22.828212739000151 ], [ 93.112663268000063, 22.822160720000056 ], [ 93.115440368000179, 22.821258545000148 ], [ 93.116569519000052, 22.820890428000155 ], [ 93.116188048000197, 22.816280365000182 ], [ 93.114356995000151, 22.81537055900003 ], [ 93.109252930000139, 22.812839508000138 ], [ 93.104263307000053, 22.811761855000043 ], [ 93.099266053000122, 22.810409547000063 ], [ 93.102836610000054, 22.792142868000099 ], [ 93.103652953000164, 22.788700104000156 ], [ 93.104026793000173, 22.787111283000058 ], [ 93.107971191000047, 22.770269394000024 ], [ 93.111343384000122, 22.753000259000146 ], [ 93.112686157000098, 22.744239806000166 ], [ 93.109161376000031, 22.73781967300016 ], [ 93.104560853000123, 22.731670380000025 ], [ 93.10192108200016, 22.727420808000147 ], [ 93.100837707000096, 22.719551087000127 ], [ 93.099060058000191, 22.714309693000075 ], [ 93.095451354000033, 22.711071014000026 ], [ 93.091751098000145, 22.709341049000159 ], [ 93.097946166000042, 22.701299667000058 ], [ 93.104171753000116, 22.696149825000134 ], [ 93.106887817000143, 22.686290741000107 ], [ 93.106689453000058, 22.68177032400007 ], [ 93.103157043000181, 22.678699493000124 ], [ 93.103546143000017, 22.67408943200013 ], [ 93.104820251000092, 22.67020034900014 ], [ 93.107429505000198, 22.664140701000065 ], [ 93.110626220000086, 22.659080506000123 ], [ 93.11451721200018, 22.654920578000031 ], [ 93.118499756000176, 22.651481629000159 ], [ 93.114776612000128, 22.639190674000076 ], [ 93.116897584000128, 22.635120393000022 ], [ 93.12428283700018, 22.63005066 ], [ 93.129547119, 22.629241943000181 ], [ 93.136352538000097, 22.62290954600013 ], [ 93.139068603, 22.618209838000155 ], [ 93.142929076000144, 22.607629777000056 ], [ 93.144371034000073, 22.598859787000038 ], [ 93.145606994, 22.586122512000145 ], [ 93.136642456000118, 22.581836701000043 ], [ 93.135955810000098, 22.581510543000036 ], [ 93.133712769000056, 22.577339173000041 ], [ 93.133529663000047, 22.577222825000035 ], [ 93.129219056000125, 22.57446289100011 ], [ 93.124420166000107, 22.567050933000189 ], [ 93.121597289000192, 22.560001373000091 ], [ 93.117782593000072, 22.558910369000046 ], [ 93.115531922000116, 22.554748535000158 ], [ 93.115623474000188, 22.553882599000076 ], [ 93.116493225000113, 22.545801163000021 ], [ 93.115997314000026, 22.540470123000034 ], [ 93.114418030000138, 22.536859513000081 ], [ 93.111923218000129, 22.532232284000088 ], [ 93.11168670700016, 22.531789781000157 ], [ 93.112068175000104, 22.531646729000045 ], [ 93.119850159000066, 22.528709412000126 ], [ 93.125785828000119, 22.528539658000113 ], [ 93.130851745000143, 22.526100159000123 ], [ 93.133659362000174, 22.519939423000039 ], [ 93.130622864000145, 22.513980866000054 ], [ 93.128860474000135, 22.509820939 ], [ 93.130592346000071, 22.505929947000141 ], [ 93.132720948000156, 22.501771927000163 ], [ 93.135261537000133, 22.498970033000148 ], [ 93.137779235000096, 22.495090484000059 ], [ 93.138328553000065, 22.486589433000063 ], [ 93.136268616000052, 22.479619981000155 ], [ 93.134521485, 22.474849700000107 ], [ 93.13514709400016, 22.47390556400012 ], [ 93.138191224000138, 22.469320298000184 ], [ 93.142066956, 22.463260650000109 ], [ 93.145751953, 22.458469390000118 ], [ 93.149726867000084, 22.455930711000121 ], [ 93.15672302300004, 22.45214080900007 ], [ 93.162773133000087, 22.453760147000139 ], [ 93.175422669000056, 22.451320647999978 ], [ 93.17811584500015, 22.446620942000152 ], [ 93.182189941000104, 22.438751221000132 ], [ 93.187896728, 22.433670043000177 ], [ 93.190811157000041, 22.427259445000175 ], [ 93.189041137000117, 22.423280716000079 ], [ 93.188262940000129, 22.418939590000036 ], [ 93.188926697000056, 22.413511276000179 ], [ 93.194259644000169, 22.408901215000185 ], [ 93.195510865000188, 22.403301240000189 ], [ 93.193252564000147, 22.399139405000028 ], [ 93.191490174000137, 22.395879745000173 ], [ 93.192268371000125, 22.390832901000181 ], [ 93.19641113199998, 22.384122849000107 ], [ 93.197380065000118, 22.379972457000065 ], [ 93.192588806000117, 22.370838166000055 ], [ 93.1945114130001, 22.363430024000138 ], [ 93.197128296000187, 22.358631134000063 ], [ 93.199981690000186, 22.343618393000042 ], [ 93.199485779000099, 22.337198258000058 ], [ 93.202667236000195, 22.333669662000148 ], [ 93.206565858000147, 22.329530716000136 ], [ 93.202873230000193, 22.327262879000159 ], [ 93.196342469000115, 22.32464027400016 ], [ 93.198432922000109, 22.320110322000176 ], [ 93.19951629600007, 22.317768097000055 ], [ 93.200576782000041, 22.313150406000034 ], [ 93.201339721000011, 22.306100845000174 ], [ 93.201698303000057, 22.299860001000184 ], [ 93.201087951000147, 22.291990279000061 ], [ 93.201553346000196, 22.28647995100016 ], [ 93.201927186000034, 22.280870438000079 ], [ 93.203956604000098, 22.2757225040001 ], [ 93.20732879600007, 22.269670486000109 ], [ 93.20925903400007, 22.266220094000118 ], [ 93.208580017000088, 22.261068345000069 ], [ 93.19641113199998, 22.255649566000159 ], [ 93.190368652000075, 22.249692917000175 ], [ 93.183662415000072, 22.249139786000114 ], [ 93.17093658400006, 22.249700547000089 ], [ 93.165977479000162, 22.248880387000099 ], [ 93.160339355000133, 22.247079850000034 ], [ 93.157188415000178, 22.247432709 ], [ 93.154632569000114, 22.247718812000187 ], [ 93.151496888000111, 22.248069764000093 ], [ 93.1471099850001, 22.246540069000048 ], [ 93.146430970000154, 22.24111175500019 ], [ 93.151947021000126, 22.234689712000034 ], [ 93.156509400000061, 22.228719712000043 ], [ 93.157646178000164, 22.223119737000104 ], [ 93.156272889000093, 22.217420578000088 ], [ 93.158569336000141, 22.211202621000098 ], [ 93.159072875000163, 22.209840775000032 ], [ 93.165946960000042, 22.20522117600018 ], [ 93.169822694000061, 22.20005989100008 ], [ 93.166770935999978, 22.19434166100018 ], [ 93.166397096000139, 22.193639756000096 ], [ 93.165374756000119, 22.190284728000165 ], [ 93.162956237000117, 22.182340621000037 ], [ 93.154411317000097, 22.178190232000077 ], [ 93.148391724000192, 22.17683029300008 ], [ 93.142868041000156, 22.176780701000041 ], [ 93.138687135000055, 22.176740646000042 ], [ 93.130706786000133, 22.179090501000019 ], [ 93.127517699000123, 22.182350159000123 ], [ 93.122779847000174, 22.189041138000107 ], [ 93.119880676000037, 22.198530197000025 ], [ 93.1171798700002, 22.201330186000121 ], [ 93.112388610000096, 22.200803756000084 ], [ 93.11154174800015, 22.200710297000057 ], [ 93.10221862800006, 22.198801040000092 ], [ 93.097267151000096, 22.199340820000032 ], [ 93.088821411000083, 22.202600480000058 ], [ 93.08769226000004, 22.203575134000062 ], [ 93.085899354, 22.205129624000051 ], [ 93.081542969000054, 22.208391189 ], [ 93.076988221000136, 22.21010971000004 ], [ 93.072471619, 22.208526611000025 ], [ 93.071540833000086, 22.208200455000053 ], [ 93.067649841000048, 22.206390381 ], [ 93.059776307000163, 22.203952789000141 ], [ 93.053855895000197, 22.203229905000171 ], [ 93.049133301000097, 22.199544907000131 ], [ 93.048309327000084, 22.198900222000134 ], [ 93.046661377000191, 22.197620392000147 ], [ 93.046089173000098, 22.19658851600019 ], [ 93.045654298000102, 22.195796967000149 ], [ 93.044509887000174, 22.193729400000052 ], [ 93.046539307000046, 22.190019608000057 ], [ 93.053703308000081, 22.175819398000044 ], [ 93.054939270000034, 22.165430069000081 ], [ 93.052009583000199, 22.156660080000165 ], [ 93.05082702600015, 22.150140762000035 ], [ 93.048019409000119, 22.145811082000137 ], [ 93.046989441000164, 22.139059068000108 ], [ 93.046928405000074, 22.138669967000169 ], [ 93.054092408000145, 22.131700516000024 ], [ 93.059219361000089, 22.127540588000102 ], [ 93.062606812000126, 22.120861053000112 ], [ 93.066482544000166, 22.113269807000165 ], [ 93.065567016000102, 22.102052689000175 ], [ 93.059761047000109, 22.099790573000064 ], [ 93.052085877000138, 22.099241257000074 ], [ 93.046272277000128, 22.101320267000176 ], [ 93.03917694200004, 22.104930879000108 ], [ 93.036491394000109, 22.104930879000108 ], [ 93.032196045000035, 22.104930879000108 ], [ 93.022979736000138, 22.105649948000178 ], [ 93.015975952000133, 22.105470657000183 ], [ 93.013267518000191, 22.102210999000135 ], [ 93.01325225700009, 22.098051071000043 ], [ 93.015586854000048, 22.093080521000161 ], [ 93.01449585000006, 22.085210800000141 ], [ 93.011756897000168, 22.079330444000163 ], [ 93.008071899000072, 22.069919586000083 ], [ 93.003776551000158, 22.061149597000167 ], [ 93.000762939000197, 22.055641174000129 ], [ 92.999969481999983, 22.050380707000159 ], [ 92.99994659400005, 22.03954124500018 ], [ 93.000663757000154, 22.036298753000153 ], [ 93.001586913000153, 22.03212165900004 ], [ 93.006713868000077, 22.0230121620001 ], [ 93.008453370000154, 22.019920350000064 ], [ 93.010375977000137, 22.011150359000169 ], [ 93.009582520000095, 22.002651216000118 ], [ 93.010147094000104, 21.995780944000103 ], [ 93.009857178000118, 21.991720199000099 ], [ 93.00924682700014, 21.983930589000067 ], [ 93.006629944000053, 21.979860306000148 ], [ 92.998977661000083, 21.977949143000046 ], [ 92.992385864000141, 21.9808406840001 ], [ 92.98802948000008, 21.982919693999975 ], [ 92.987396240000123, 21.984960557000022 ], [ 92.985809326000094, 21.990062714000032 ], [ 92.981750488000159, 22.001899718000118 ], [ 92.979530334000117, 22.006410599000048 ], [ 92.973136902000135, 22.009952546000079 ], [ 92.969451905000142, 22.014110565000124 ], [ 92.966926574000183, 22.020259858000088 ], [ 92.966567992000193, 22.027120590000038 ], [ 92.96093750100016, 22.030189514000085 ], [ 92.955802918000131, 22.029920579000134 ], [ 92.952819825000176, 22.027385712000125 ], [ 92.951118468000175, 22.025939942000036 ], [ 92.948432922000165, 22.02286148100012 ], [ 92.942108153999982, 22.01834106400014 ], [ 92.940238953000176, 22.018766404000132 ], [ 92.934638975999974, 22.02004051300014 ], [ 92.931610107000097, 22.017509460000099 ], [ 92.933959961000198, 22.014751435000051 ], [ 92.935691833000135, 22.01272010800011 ], [ 92.939086914000143, 22.008558273000119 ], [ 92.932167053000171, 22.001861572000166 ], [ 92.927711486000021, 21.99588966400006 ], [ 92.924797057000035, 21.987110138000162 ], [ 92.922256470000036, 21.980802537000045 ], [ 92.91944885200013, 21.97382164000004 ], [ 92.915756226000099, 21.965049744000055 ], [ 92.914466858000196, 21.956630707000045 ], [ 92.916107178000175, 21.949409486000036 ], [ 92.910888673000159, 21.946229935000133 ], [ 92.907974244000172, 21.95045471200001 ], [ 92.905838014000153, 21.95355034 ], [ 92.904716491000158, 21.980760575000147 ], [ 92.901336670000035, 21.990350724000052 ], [ 92.896408082000107, 22.003900526999985 ], [ 92.894256591000158, 22.011962890000177 ], [ 92.889427185000045, 22.018182754000179 ], [ 92.885742187000176, 22.021520615000043 ], [ 92.879539489000138, 22.025939942000036 ], [ 92.874679566000111, 22.030099870000129 ], [ 92.872467040000174, 22.036510468000131 ], [ 92.871307373000093, 22.046649933000026 ], [ 92.870147704000146, 22.054241181000179 ], [ 92.870162964000144, 22.060750961000053 ], [ 92.867736816000161, 22.065362930000163 ], [ 92.863281250000057, 22.067621231000032 ], [ 92.856987000000117, 22.06563186700015 ], [ 92.854637147000119, 22.064889908000112 ], [ 92.849021911000193, 22.062351226000033 ], [ 92.844642639000085, 22.063432694000142 ], [ 92.844642639000085, 22.068130494000172 ], [ 92.841445924000141, 22.072010041000112 ], [ 92.836509705000196, 22.076351167000098 ], [ 92.832496642000081, 22.076440811000055 ], [ 92.825637818000132, 22.079669952000188 ], [ 92.820289612000067, 22.090339660000154 ], [ 92.817092895000201, 22.095569610000155 ], [ 92.810409547000177, 22.097640992000095 ], [ 92.803329468000129, 22.102251053000089 ], [ 92.795158387000015, 22.106210709000152 ], [ 92.788787841000158, 22.10890960800009 ], [ 92.783126831000175, 22.108631135000053 ], [ 92.777412414000139, 22.109790802000134 ], [ 92.776756287000126, 22.110015869000051 ], [ 92.773742676000097, 22.111049653000123 ], [ 92.773056029000031, 22.111780167000177 ], [ 92.769256591000101, 22.115840912000181 ], [ 92.770126342000196, 22.123069763999979 ], [ 92.76567077600015, 22.126319886000147 ], [ 92.751296997000054, 22.132709503000115 ], [ 92.743141175000062, 22.135948182000106 ], [ 92.737815858000033, 22.139009476000069 ], [ 92.732757568000068, 22.149589539000033 ], [ 92.717887879000102, 22.152629852000132 ], [ 92.707977295000092, 22.153511048000041 ], [ 92.703437805000192, 22.153781890000062 ], [ 92.700340272000119, 22.149642944000107 ], [ 92.699356078000051, 22.148332595000113 ], [ 92.700622558000191, 22.138389587000063 ], [ 92.699668885000108, 22.122390747000054 ], [ 92.698966980000193, 22.118221284000128 ], [ 92.697135924, 22.099309921000099 ], [ 92.697547913000108, 22.086221695 ], [ 92.696952820000149, 22.080881119000082 ], [ 92.693557739000198, 22.077249527 ], [ 92.691322327000137, 22.081130981000172 ], [ 92.690628052000136, 22.094789506000097 ], [ 92.689559937000126, 22.107091905000061 ], [ 92.68644714300018, 22.109420777000025 ], [ 92.68383789100011, 22.10534858800014 ], [ 92.68453216600011, 22.092050553000036 ], [ 92.685302735000164, 22.085550308000165 ], [ 92.685508727000126, 22.081739427000059 ], [ 92.685783387000129, 22.076509477000059 ], [ 92.686859130000073, 22.069910050000146 ], [ 92.687255859000118, 22.063127517000055 ], [ 92.68628692600015, 22.058599473000186 ], [ 92.686676025999986, 22.050010680000184 ], [ 92.689979554000161, 22.040979385000185 ], [ 92.689498901000093, 22.035739899000077 ], [ 92.687942506000184, 22.032390595000038 ], [ 92.688171387000182, 22.03071975600011 ], [ 92.688438416000167, 22.028589249000106 ], [ 92.687271119000116, 22.023878098000125 ], [ 92.684356690000129, 22.017910004000157 ], [ 92.680778503000113, 22.014190674000076 ], [ 92.676811219000115, 22.014091492000091 ], [ 92.671546935000094, 22.014711381000097 ], [ 92.663223267000092, 22.01550102300007 ], [ 92.659240723000096, 22.014722824000103 ], [ 92.649299622000115, 22.003414153999984 ], [ 92.644699097000057, 21.998189927 ], [ 92.641006469000047, 21.992210389000149 ], [ 92.637916564000079, 21.988670349000188 ], [ 92.63006591900006, 21.984952927000109 ], [ 92.628952027000082, 21.984617233000051 ], [ 92.618125917000157, 21.981380462000175 ], [ 92.61231994700006, 21.980289460000165 ], [ 92.611930847000053, 21.981849671000191 ], [ 92.611785889000146, 21.981702804 ], [ 92.609680176000097, 21.97683715900007 ], [ 92.609268188999977, 21.979230881000035 ], [ 92.609230042000149, 21.982749939000087 ], [ 92.608787537000183, 21.983842849999974 ], [ 92.608779907000098, 21.984094619000132 ], [ 92.610488891000102, 21.98500442600016 ], [ 92.611305237000124, 21.986169816000142 ], [ 92.611854553000114, 21.988403321000135 ], [ 92.611839295000095, 21.990045548000182 ], [ 92.612670899000193, 21.991382598000143 ], [ 92.612289428000111, 21.992792129000179 ], [ 92.610458375000064, 21.994598389000032 ], [ 92.610038758000087, 21.995012283000165 ], [ 92.610244750000049, 21.996212007000167 ], [ 92.609832763000156, 21.997755051000127 ], [ 92.609970092000083, 21.998189927 ], [ 92.609298706000118, 21.998416900000052 ], [ 92.608764647999976, 21.999473572000113 ], [ 92.606353760000161, 21.999612809000155 ], [ 92.605773926000154, 21.999645233000024 ], [ 92.605781556000068, 21.999963760000128 ], [ 92.605796814000087, 22.000543595000067 ], [ 92.604248047000112, 22.002246857000159 ], [ 92.602523803000111, 22.003368377000015 ], [ 92.602500915000178, 22.004276277000031 ], [ 92.601448060000166, 22.006977081000173 ], [ 92.599143982000157, 22.008628845999965 ], [ 92.599143982000157, 22.009040833000086 ], [ 92.598045348000198, 22.011247636000121 ], [ 92.59743499700005, 22.011960983999984 ], [ 92.59743499700005, 22.012111664000031 ], [ 92.597450256000172, 22.012983323000128 ], [ 92.597648620000029, 22.013149263000173 ], [ 92.599021912000183, 22.014297486000032 ], [ 92.599044800000115, 22.015396118000183 ], [ 92.598678587999984, 22.016416551000134 ], [ 92.599304200000063, 22.018161773000145 ], [ 92.59991455100004, 22.019874573000095 ], [ 92.600540160000037, 22.022478105000062 ], [ 92.599884032000091, 22.024900436000166 ], [ 92.599479675000111, 22.028718948000119 ], [ 92.598159791000171, 22.029539108000108 ], [ 92.597846984000114, 22.029731750000053 ], [ 92.597152709000113, 22.030162812000015 ], [ 92.59660339300018, 22.030504226000062 ], [ 92.596611023000094, 22.030607223000118 ], [ 92.596626281999988, 22.031610488000069 ], [ 92.594512940000129, 22.032320023000068 ], [ 92.594024658000023, 22.032484054000065 ], [ 92.593833923000147, 22.032930375000149 ], [ 92.593353271000183, 22.03404617200016 ], [ 92.593399048000151, 22.036289215000068 ], [ 92.593177795000031, 22.038108825000165 ], [ 92.592636108000079, 22.041130066000107 ], [ 92.593528747000164, 22.04196357800015 ], [ 92.599105835000103, 22.042413712000098 ], [ 92.597862245000044, 22.044540406000181 ], [ 92.597908020000034, 22.046815873000071 ], [ 92.597854614000198, 22.047939301000156 ], [ 92.59837341400015, 22.049398422000138 ], [ 92.600273133000201, 22.053157807000105 ], [ 92.600334168000188, 22.055986405000169 ], [ 92.600357056000121, 22.057817459000148 ], [ 92.600189209, 22.059099198000069 ], [ 92.600891114000092, 22.06030845700019 ], [ 92.601150514000096, 22.060504914000035 ], [ 92.602272034000123, 22.06137085000006 ], [ 92.602638244000048, 22.061859131000062 ], [ 92.602203368000119, 22.062147141000082 ], [ 92.6011962890002, 22.06163787800017 ], [ 92.60079193200005, 22.061624527000049 ], [ 92.598442077000072, 22.061540603000026 ], [ 92.596229553000114, 22.061998367000058 ], [ 92.595283509000183, 22.062192916000072 ], [ 92.594795226000031, 22.062755585000161 ], [ 92.593658448000099, 22.064071656000067 ], [ 92.592254639000032, 22.065649033000113 ], [ 92.591407775000164, 22.068338394000136 ], [ 92.589797974000078, 22.070793152000022 ], [ 92.590637206000054, 22.071767807000128 ], [ 92.590011597000114, 22.074584962000074 ], [ 92.58959961000005, 22.076110841000116 ], [ 92.590393067000036, 22.077762603000167 ], [ 92.590156556000125, 22.079168319000132 ], [ 92.590568543000188, 22.081043244000114 ], [ 92.58907318100006, 22.081296921000046 ], [ 92.588562011000079, 22.081384658000104 ], [ 92.586227417000146, 22.081996919000062 ], [ 92.584960938000108, 22.082483292000063 ], [ 92.585250854000094, 22.084714889000054 ], [ 92.585327148000033, 22.085281373000043 ], [ 92.584510804000161, 22.085927963000074 ], [ 92.583671570000149, 22.086589814000035 ], [ 92.583229064000136, 22.087299347 ], [ 92.583305360000054, 22.087482453000064 ], [ 92.584175110999979, 22.089427947000104 ], [ 92.584106444999975, 22.090501785000129 ], [ 92.581657410000162, 22.091783523000117 ], [ 92.581970215000183, 22.092437743000119 ], [ 92.58274841400015, 22.093166352000082 ], [ 92.582077027000139, 22.094745636000027 ], [ 92.582366944000057, 22.096101760000124 ], [ 92.582534789000192, 22.097707748000118 ], [ 92.581245423000041, 22.099439621000158 ], [ 92.580505371000129, 22.100906373000043 ], [ 92.57924652000014, 22.102636338000082 ], [ 92.578125, 22.103473663000159 ], [ 92.577819823000141, 22.104429245000176 ], [ 92.576622009000175, 22.105110169000056 ], [ 92.575981140000124, 22.107614517000115 ], [ 92.575790405000077, 22.109037399000101 ], [ 92.576202392000141, 22.11008453300019 ], [ 92.575828552000132, 22.111362458000144 ], [ 92.574836731000062, 22.112411499000189 ], [ 92.575309753000113, 22.115316391000192 ], [ 92.575164796000081, 22.116201402000172 ], [ 92.573699950000048, 22.117424012000072 ], [ 92.572463990000131, 22.119773864000138 ], [ 92.569267272000104, 22.122003556000095 ], [ 92.567291260000047, 22.124076843000125 ], [ 92.565528870000037, 22.124496460000103 ], [ 92.563697814000079, 22.125818253000148 ], [ 92.562507630000198, 22.1282730100001 ], [ 92.563575745000037, 22.129985810000051 ], [ 92.563179017000039, 22.130901338000172 ], [ 92.563819885000157, 22.132539749999978 ], [ 92.563880920000145, 22.133743286000083 ], [ 92.565834046000077, 22.135036469000056 ], [ 92.56668090900007, 22.135343551000062 ], [ 92.567756654000164, 22.135734557000092 ], [ 92.568275451000034, 22.135784149000131 ], [ 92.570976257000041, 22.136039734000065 ], [ 92.576377868000122, 22.135955810000041 ], [ 92.577453613000046, 22.137529374 ], [ 92.576255798000147, 22.139738082000179 ], [ 92.578453063000154, 22.142007828000033 ], [ 92.578315734000057, 22.142913819000114 ], [ 92.578201294000166, 22.143604278000112 ], [ 92.579048156000056, 22.143241882000154 ], [ 92.581680299000141, 22.142112731000111 ], [ 92.583953858000086, 22.141494752000028 ], [ 92.586463928000114, 22.141035080000165 ], [ 92.588409424000133, 22.140686034000055 ], [ 92.591499329000101, 22.139657974000102 ], [ 92.591880799000194, 22.139532090000159 ], [ 92.593223572, 22.137641906999988 ], [ 92.59096527100013, 22.133773803000054 ], [ 92.590469361000146, 22.133342743000071 ], [ 92.588882446000184, 22.131946564000145 ], [ 92.589302063, 22.130750656000146 ], [ 92.590751649000026, 22.129110337000043 ], [ 92.591339112000071, 22.128444673 ], [ 92.59308624300013, 22.126579285000048 ], [ 92.594009399000129, 22.125589372000093 ], [ 92.596336366000173, 22.12425231900005 ], [ 92.599594116000105, 22.123151780000057 ], [ 92.600395203000176, 22.123657226000091 ], [ 92.60291290400005, 22.123115541000175 ], [ 92.605484009000065, 22.123313905000032 ], [ 92.606262206000054, 22.124738694000087 ], [ 92.606910706000065, 22.125928880000117 ], [ 92.607757568000181, 22.128099442000121 ], [ 92.608154297000056, 22.130056381000145 ], [ 92.608024596000064, 22.132219315000043 ], [ 92.607772827000076, 22.133049011000139 ], [ 92.608245849000127, 22.134542466000141 ], [ 92.610076905000142, 22.135234834000073 ], [ 92.610549927000193, 22.13794899100003 ], [ 92.610946655000134, 22.138534546000074 ], [ 92.610473633000083, 22.139335632999973 ], [ 92.609809875000053, 22.142005921000134 ], [ 92.610137940000129, 22.144144059000098 ], [ 92.609169007000162, 22.146514892000084 ], [ 92.608825683000134, 22.149160386000119 ], [ 92.608970643000077, 22.151674271000047 ], [ 92.608032226000148, 22.153549194000163 ], [ 92.607955933000142, 22.156148911000059 ], [ 92.608230591000108, 22.158454894000158 ], [ 92.607383728000116, 22.16053199900017 ], [ 92.608200074000194, 22.161260606000155 ], [ 92.609283447, 22.164211274000024 ], [ 92.607887267000137, 22.165185929000131 ], [ 92.606620788000043, 22.166074754000192 ], [ 92.607192992000137, 22.16788101100019 ], [ 92.607551574000183, 22.168310166000083 ], [ 92.607528687000126, 22.170879364000029 ], [ 92.607513427000129, 22.172132493000049 ], [ 92.606834412000183, 22.1727962490001 ], [ 92.605079650999983, 22.17274665900004 ], [ 92.604827881000119, 22.172296525000149 ], [ 92.604766846000132, 22.172225952000076 ], [ 92.604240418000131, 22.171665191000102 ], [ 92.601448060000166, 22.172855377000189 ], [ 92.598579406000169, 22.174476623000032 ], [ 92.596458434000169, 22.175479889000087 ], [ 92.595054625999978, 22.175464631000068 ], [ 92.596664429000043, 22.176780701000041 ], [ 92.597061157000041, 22.177623750000123 ], [ 92.596366882000041, 22.17857742200016 ], [ 92.595687866000162, 22.178783417000034 ], [ 92.595550537000065, 22.178823471000157 ], [ 92.595550537000065, 22.179059982000069 ], [ 92.595558167000036, 22.181009293000159 ], [ 92.594779968000182, 22.181068421000077 ], [ 92.594406128000173, 22.181097030000046 ], [ 92.595451354000147, 22.182884217000037 ], [ 92.595573425000055, 22.182962418000045 ], [ 92.59688568100006, 22.183790207000072 ], [ 92.594886780000138, 22.183950424000102 ], [ 92.595779419, 22.185255050000023 ], [ 92.596221923000201, 22.186731339000062 ], [ 92.595741273000044, 22.189105988000165 ], [ 92.595687866000162, 22.18938255300003 ], [ 92.595993042000032, 22.189722062000158 ], [ 92.596549988000106, 22.190355301000068 ], [ 92.595336914000086, 22.193513870000174 ], [ 92.596260070000085, 22.193496704000154 ], [ 92.595359802000189, 22.194536210000024 ], [ 92.594863892000035, 22.196493149000048 ], [ 92.594177247000175, 22.196075440000186 ], [ 92.593971252000074, 22.195949554000094 ], [ 92.594337463999977, 22.19730568 ], [ 92.594451905000142, 22.197706223000012 ], [ 92.595176696000181, 22.198633194000081 ], [ 92.594070435, 22.201667787000076 ], [ 92.593925475000106, 22.202072143000123 ], [ 92.594001769000045, 22.202287673000058 ], [ 92.594749451000041, 22.204416275000142 ], [ 92.593704223000088, 22.204189300000053 ], [ 92.593681336000088, 22.207324982000159 ], [ 92.593566894, 22.20856475800008 ], [ 92.59308624300013, 22.209398269000019 ], [ 92.592636108000079, 22.210067750000121 ], [ 92.593040466000161, 22.210720063000167 ], [ 92.592468262000068, 22.210994721000134 ], [ 92.592483520000087, 22.211803437000071 ], [ 92.590393067000036, 22.213327408000168 ], [ 92.591957093000133, 22.213891982000121 ], [ 92.591423035000162, 22.214429855000162 ], [ 92.58802795400004, 22.216037750000055 ], [ 92.588943482000104, 22.217809678000094 ], [ 92.588073731000179, 22.218650818000071 ], [ 92.590248108000196, 22.221086502000162 ], [ 92.590293885000165, 22.223081590000049 ], [ 92.589080810999974, 22.224374770999987 ], [ 92.588218688000154, 22.223993303000043 ], [ 92.58802032400007, 22.224674225000115 ], [ 92.589286805000143, 22.225824356000146 ], [ 92.588424683000085, 22.226978303000124 ], [ 92.589271545000145, 22.228382111000087 ], [ 92.588409424000133, 22.230287553000039 ], [ 92.588203430000135, 22.230745317000071 ], [ 92.588775634000058, 22.230850219000047 ], [ 92.590591431000121, 22.231180192000068 ], [ 92.589439392000088, 22.232042313000079 ], [ 92.590408325000055, 22.232700348000094 ], [ 92.589019775000111, 22.232810974000188 ], [ 92.588768006000123, 22.23283004700005 ], [ 92.589324952000197, 22.233810425000172 ], [ 92.590400695000142, 22.234312059000104 ], [ 92.591537476000155, 22.234842301000128 ], [ 92.589653015000067, 22.235681533000104 ], [ 92.589614868000069, 22.235767365000129 ], [ 92.589698792000036, 22.236515045000147 ], [ 92.589866638000103, 22.237951279000129 ], [ 92.590667725, 22.238542557000017 ], [ 92.591751098000032, 22.23933601400006 ], [ 92.5914306640002, 22.240285874000108 ], [ 92.591247560000113, 22.240821839000148 ], [ 92.590393067000036, 22.244518280000023 ], [ 92.590599060000102, 22.244571687000075 ], [ 92.591697693000185, 22.244865418000131 ], [ 92.591331481000054, 22.246778488000189 ], [ 92.589805602000183, 22.247272491000103 ], [ 92.589057922000165, 22.247512817000086 ], [ 92.589645385000154, 22.247974396000188 ], [ 92.590896606000058, 22.24896431000019 ], [ 92.590499877000184, 22.249536514999988 ], [ 92.589859010000168, 22.250469208000027 ], [ 92.589584350000166, 22.252174378000063 ], [ 92.58995819200004, 22.252748490000101 ], [ 92.589851379000152, 22.253652573000068 ], [ 92.589416504000155, 22.254158021000137 ], [ 92.589866638000103, 22.25437736400005 ], [ 92.59044647200011, 22.254663468000103 ], [ 92.59072876, 22.255271911000079 ], [ 92.590362548000087, 22.256202697 ], [ 92.589141846000189, 22.255844116000105 ], [ 92.588722229000155, 22.255722047000063 ], [ 92.588798523000094, 22.256347656 ], [ 92.588951110000039, 22.257549285000039 ], [ 92.588088989000198, 22.257429122000133 ], [ 92.587387084000113, 22.257331848000092 ], [ 92.587028504000102, 22.258689881000123 ], [ 92.58692932200006, 22.259073257000011 ], [ 92.586601256999984, 22.258943558000055 ], [ 92.58541870200014, 22.258472443000073 ], [ 92.585289001000149, 22.259027482000079 ], [ 92.585182190000126, 22.259468078000111 ], [ 92.58659362700007, 22.259721757000023 ], [ 92.584762573000091, 22.261236191000137 ], [ 92.58428955100004, 22.261629104 ], [ 92.58467102100019, 22.263608932000068 ], [ 92.584846497000115, 22.264507294000111 ], [ 92.586868287000073, 22.264091492000034 ], [ 92.584938049000073, 22.265165330000059 ], [ 92.584320068000181, 22.267446519000032 ], [ 92.580993652000132, 22.269281388000081 ], [ 92.58257293600002, 22.270614625000178 ], [ 92.583198548000098, 22.272748947000025 ], [ 92.582283020000034, 22.274160386000176 ], [ 92.58081817600015, 22.273576736000052 ], [ 92.580764771000077, 22.274858474000041 ], [ 92.580718994000108, 22.275882722000063 ], [ 92.580711364000194, 22.276037217000123 ], [ 92.583427429000153, 22.276292801000125 ], [ 92.583259583000086, 22.277393340000174 ], [ 92.585281373000043, 22.276548386000059 ], [ 92.586418151000146, 22.276889801000152 ], [ 92.585098266999978, 22.277334213000131 ], [ 92.584304809000059, 22.278486252000164 ], [ 92.584419250000053, 22.279369355000142 ], [ 92.584899902000188, 22.279884339000148 ], [ 92.58598327600015, 22.280015946000105 ], [ 92.586532594000118, 22.280403138000167 ], [ 92.585403443000189, 22.280754090000073 ], [ 92.584274293000192, 22.281698227000106 ], [ 92.581825256000172, 22.281843186000117 ], [ 92.581672669000056, 22.283393861000093 ], [ 92.582542419000106, 22.284282685000051 ], [ 92.584068298000147, 22.284492493000187 ], [ 92.584297179000146, 22.284818650000091 ], [ 92.58329773000014, 22.28578567600016 ], [ 92.581092834000117, 22.286609650000116 ], [ 92.582717895000201, 22.287982941000166 ], [ 92.582107544000053, 22.289232255000172 ], [ 92.581214905000195, 22.290693283000053 ], [ 92.58261108500011, 22.29120254500009 ], [ 92.582832336000195, 22.294797898000127 ], [ 92.582687378000116, 22.296566009000117 ], [ 92.582725525000114, 22.298414230000049 ], [ 92.583435059000067, 22.299224853000055 ], [ 92.581390380000073, 22.300386430000117 ], [ 92.581825256000172, 22.302160263000076 ], [ 92.581268310000098, 22.302024842000151 ], [ 92.581016540000064, 22.301959991000047 ], [ 92.580749513000058, 22.302680970000097 ], [ 92.580680847000053, 22.302869797000028 ], [ 92.580574035000097, 22.303157807000048 ], [ 92.58166503800004, 22.302888870000061 ], [ 92.582023620000086, 22.302801133000173 ], [ 92.583473205000189, 22.304143905999979 ], [ 92.582275392000099, 22.303752900000177 ], [ 92.581596375000174, 22.303804398000125 ], [ 92.580574035000097, 22.303882599000133 ], [ 92.58062744199998, 22.304483414 ], [ 92.580749513000058, 22.305927277000023 ], [ 92.580070496000133, 22.306076049000069 ], [ 92.579681396000069, 22.306159973000092 ], [ 92.580924988000106, 22.306690216000163 ], [ 92.581130981000172, 22.306777955000086 ], [ 92.581443786000023, 22.308719635000159 ], [ 92.579368591000048, 22.309829712000067 ], [ 92.577964782000151, 22.310474395000028 ], [ 92.5779266360002, 22.310670852000044 ], [ 92.577690124000128, 22.312007905000087 ], [ 92.578903199000081, 22.311077118000071 ], [ 92.580009461000145, 22.311857223000061 ], [ 92.58026886000016, 22.312042235999968 ], [ 92.579948425000055, 22.31218528800008 ], [ 92.578544617000091, 22.312816620000092 ], [ 92.579895020000151, 22.31479835500005 ], [ 92.580009461000145, 22.314975739000147 ], [ 92.579475403000174, 22.315422057000148 ], [ 92.577964782000151, 22.316663743 ], [ 92.578926087000184, 22.318008423000094 ], [ 92.579681396000069, 22.318752288000042 ], [ 92.58045959400016, 22.319515229000046 ], [ 92.57946777300009, 22.320985795000013 ], [ 92.581222535000109, 22.321804046000125 ], [ 92.578582764000089, 22.323608398000033 ], [ 92.57997131400009, 22.324012757000048 ], [ 92.580284119000112, 22.325197220000064 ], [ 92.57836914100011, 22.325445175000084 ], [ 92.576866151000104, 22.325246810000067 ], [ 92.576736450000112, 22.325227737000034 ], [ 92.576713561000076, 22.325338364000174 ], [ 92.576446534000127, 22.32676124600016 ], [ 92.576301574000183, 22.329809189000173 ], [ 92.575881957000036, 22.331516266000108 ], [ 92.574340820000145, 22.332122802000015 ], [ 92.575775147000058, 22.33283805800005 ], [ 92.5763092050002, 22.333488464000027 ], [ 92.574325562000126, 22.334524155000054 ], [ 92.574180603000116, 22.33460044800006 ], [ 92.574440002000188, 22.334699631000149 ], [ 92.576011658000198, 22.335309982000126 ], [ 92.575057984000125, 22.336400985000068 ], [ 92.576049805000082, 22.337257385000044 ], [ 92.57540130700005, 22.337903976000177 ], [ 92.575096130000134, 22.338214875000062 ], [ 92.574508668000192, 22.337648391000073 ], [ 92.57379913200009, 22.33827209500015 ], [ 92.574867249000079, 22.34003448500016 ], [ 92.574913024000068, 22.340520858000161 ], [ 92.575096130000134, 22.342424392999988 ], [ 92.573204042000043, 22.342594148000103 ], [ 92.572792053000171, 22.342630387000156 ], [ 92.573158265000075, 22.344314576000158 ], [ 92.573432922000165, 22.345590591000132 ], [ 92.572692870000196, 22.345813751000151 ], [ 92.572326661000034, 22.345924377000074 ], [ 92.572219848000145, 22.347345353000037 ], [ 92.573348999000075, 22.347936631000096 ], [ 92.573173523000094, 22.349058151000179 ], [ 92.572761536000201, 22.351694107000128 ], [ 92.571876527000086, 22.353904725000064 ], [ 92.571006774000125, 22.356775285000083 ], [ 92.572013856000183, 22.358779907000041 ], [ 92.572113038, 22.359233857000106 ], [ 92.57055664, 22.360387802000105 ], [ 92.568611144000158, 22.360166549000041 ], [ 92.568031312000187, 22.360710144000166 ], [ 92.568359375000057, 22.36161041400004 ], [ 92.566932678000057, 22.365432740000074 ], [ 92.568122864000088, 22.367507935000106 ], [ 92.567184447000159, 22.368730545000176 ], [ 92.566513061000023, 22.370954514000061 ], [ 92.562751770000148, 22.371452332000047 ], [ 92.563529968000068, 22.373872756000139 ], [ 92.564155578000111, 22.375474931000099 ], [ 92.56365203900009, 22.37597465500005 ], [ 92.562507630000198, 22.375867844000027 ], [ 92.562179565000122, 22.375835418000179 ], [ 92.562011719999987, 22.376331329000095 ], [ 92.561614991000113, 22.377502441000161 ], [ 92.562095641000099, 22.377983094000058 ], [ 92.562278747000164, 22.378433227000073 ], [ 92.563514710000049, 22.38018608200008 ], [ 92.559341430000075, 22.382078171000046 ], [ 92.559684753000113, 22.382843019000063 ], [ 92.5601806640002, 22.383960724000133 ], [ 92.561225891000106, 22.385343551000062 ], [ 92.559410095000146, 22.387563705000048 ], [ 92.561164855000186, 22.388811111000052 ], [ 92.560348512000076, 22.38959312500009 ], [ 92.559432984000182, 22.390466691000086 ], [ 92.558387757000105, 22.391462326000124 ], [ 92.559852601000159, 22.3915596 ], [ 92.55853271400008, 22.394142151000096 ], [ 92.559890748000043, 22.395685196000102 ], [ 92.559783935000155, 22.396091462000186 ], [ 92.557167053000171, 22.397468567000146 ], [ 92.555961609000065, 22.398769378000054 ], [ 92.557495118000077, 22.39994430500019 ], [ 92.559089659999984, 22.399909974000082 ], [ 92.559318543000188, 22.399904251000066 ], [ 92.559349060000159, 22.400043488000108 ], [ 92.559806824000191, 22.402082443000154 ], [ 92.557777404000149, 22.402647018999971 ], [ 92.557411194000053, 22.402750015000152 ], [ 92.557113648000097, 22.402833938000072 ], [ 92.556907653000053, 22.403179169000168 ], [ 92.556083679000039, 22.40454483100018 ], [ 92.555259704000036, 22.405166625000106 ], [ 92.554687499000181, 22.405601503000184 ], [ 92.55578613300014, 22.407051086000138 ], [ 92.557388306000121, 22.407325744000104 ], [ 92.557708741000056, 22.408195497000065 ], [ 92.557968140000128, 22.408885957000166 ], [ 92.556808471000181, 22.409440995000068 ], [ 92.554443360000164, 22.41076278700001 ], [ 92.553611756000066, 22.409294128000113 ], [ 92.552993775, 22.409189224000102 ], [ 92.552055358000075, 22.409032821000039 ], [ 92.553070068000011, 22.411159516000055 ], [ 92.552360535000048, 22.413070678000111 ], [ 92.55281829900008, 22.413787842000147 ], [ 92.552909850999981, 22.413927078000086 ], [ 92.552841187000183, 22.414081572999976 ], [ 92.552230834000056, 22.415508270000032 ], [ 92.553588868000134, 22.416679382000098 ], [ 92.554527282000151, 22.417034149000074 ], [ 92.554008485000111, 22.418365479000045 ], [ 92.553474427000197, 22.419736863000026 ], [ 92.551940918000014, 22.420871736000038 ], [ 92.551811219000058, 22.420963288000166 ], [ 92.550788879000038, 22.422798156000113 ], [ 92.551330567000093, 22.423406602000171 ], [ 92.553009033000023, 22.422798156000113 ], [ 92.554138183000191, 22.423330306000082 ], [ 92.554534912000065, 22.423513412000148 ], [ 92.555183410000097, 22.422676086000138 ], [ 92.556388853999977, 22.425230027000168 ], [ 92.55492401000015, 22.425239563000048 ], [ 92.555053711000085, 22.427341462000129 ], [ 92.554504395000151, 22.4271411900001 ], [ 92.553314210000167, 22.426712037000186 ], [ 92.552207948000103, 22.426939010000069 ], [ 92.55124664300007, 22.427618027 ], [ 92.551887513000167, 22.428512574000024 ], [ 92.553459167000142, 22.427536011000143 ], [ 92.554649352000126, 22.428442001000178 ], [ 92.555313111000089, 22.428945542000179 ], [ 92.554817200000173, 22.432834626000101 ], [ 92.553466797000056, 22.433973312000148 ], [ 92.554359436000141, 22.436309814000026 ], [ 92.551773072000174, 22.437883378000038 ], [ 92.552627563000101, 22.438568115000066 ], [ 92.551429749000135, 22.44077682600016 ], [ 92.552085877000025, 22.442417145000036 ], [ 92.550361634000126, 22.443260193000185 ], [ 92.549537658000133, 22.443658829000128 ], [ 92.549873351000144, 22.444850922000057 ], [ 92.550956727000028, 22.44581413200018 ], [ 92.551460266000049, 22.446266174000129 ], [ 92.55105590900007, 22.446754456000178 ], [ 92.550071716000105, 22.447940827000025 ], [ 92.551460266000049, 22.448575974000107 ], [ 92.550453186000027, 22.451276778000079 ], [ 92.55066680800013, 22.452688217000059 ], [ 92.550971985000047, 22.454652786000167 ], [ 92.549301147000051, 22.455467225000177 ], [ 92.548713684000177, 22.456150054000091 ], [ 92.548255920000145, 22.456682206000039 ], [ 92.549163818000125, 22.45653915500003 ], [ 92.549720764000199, 22.456449508000162 ], [ 92.550224305000199, 22.457141876000094 ], [ 92.550025941000115, 22.457180023000149 ], [ 92.548362733000033, 22.45750618 ], [ 92.548561097000061, 22.458244325000067 ], [ 92.549407959000177, 22.458518982000157 ], [ 92.548149108000189, 22.460775376000129 ], [ 92.547782898000094, 22.46143722700009 ], [ 92.547241210000038, 22.461828232000073 ], [ 92.54637909000013, 22.462451934000114 ], [ 92.546524049000084, 22.463079454000024 ], [ 92.5468673700002, 22.464590072000135 ], [ 92.548004150999986, 22.465559005000102 ], [ 92.546470642000031, 22.466577530000052 ], [ 92.54579925500019, 22.468652725000084 ], [ 92.545761108000136, 22.470922471000108 ], [ 92.546173095000199, 22.47359848100001 ], [ 92.547264099000074, 22.474733352000044 ], [ 92.547554017000039, 22.476007462000155 ], [ 92.546943664000082, 22.476678849000166 ], [ 92.546791077000194, 22.47771453900009 ], [ 92.546142579000161, 22.478715897000143 ], [ 92.545372010000108, 22.480051041000138 ], [ 92.545532227000137, 22.481163026000047 ], [ 92.54565429600018, 22.482934952000107 ], [ 92.545326233000139, 22.483022691000144 ], [ 92.544334411000136, 22.483287811000082 ], [ 92.545242309000116, 22.486436843000035 ], [ 92.545913696000127, 22.486890792 ], [ 92.545425415000182, 22.487850189000085 ], [ 92.546134948000145, 22.488868714000091 ], [ 92.544212341000161, 22.489734650000116 ], [ 92.543273927000143, 22.490158080000185 ], [ 92.543838501000153, 22.491456986000173 ], [ 92.544143677000136, 22.492164612000124 ], [ 92.543647767000152, 22.492696762000094 ], [ 92.543205261000139, 22.493171692000089 ], [ 92.543907166000054, 22.494768144000034 ], [ 92.546127320000039, 22.49520301900003 ], [ 92.546806335000042, 22.495334625000112 ], [ 92.548233032000041, 22.495927811000172 ], [ 92.549209595000093, 22.495746612000175 ], [ 92.549568177000083, 22.496723175000056 ], [ 92.549575805000188, 22.498338699000158 ], [ 92.548927306999985, 22.498386383000025 ], [ 92.545906067000146, 22.498256684000012 ], [ 92.543258666000042, 22.498258590000034 ], [ 92.54319000300012, 22.498289109000154 ], [ 92.542610168000181, 22.498538971000187 ], [ 92.542648315000065, 22.499576569000055 ], [ 92.543228150000175, 22.500516891000075 ], [ 92.543792724000184, 22.500461578000056 ], [ 92.544784545000084, 22.499734879000016 ], [ 92.54494476300016, 22.499616623000179 ], [ 92.54565429600018, 22.499607086000026 ], [ 92.546318054000039, 22.50018310500019 ], [ 92.546585082000092, 22.500907899000083 ], [ 92.546752930000139, 22.501371383000105 ], [ 92.547088623000093, 22.501726150000025 ], [ 92.547843933000081, 22.501590728 ], [ 92.548614502000135, 22.501190184999984 ], [ 92.548744201000147, 22.501119614000118 ], [ 92.54915619000019, 22.501306535000026 ], [ 92.549232483000196, 22.501464845000157 ], [ 92.549407959000177, 22.501834870000152 ], [ 92.549491883000201, 22.502716064000026 ], [ 92.549186706000057, 22.502813340000102 ], [ 92.549079894000101, 22.502845765000018 ], [ 92.547546387000125, 22.503093719000105 ], [ 92.547248840000123, 22.503368377000129 ], [ 92.54714965800008, 22.503459931000066 ], [ 92.547012328999983, 22.503768921000017 ], [ 92.547744751000039, 22.504547119000108 ], [ 92.547851562000062, 22.504669190000186 ], [ 92.54824829000006, 22.505962373000159 ], [ 92.54827880900018, 22.506052017000115 ], [ 92.548118591000048, 22.506851197000174 ], [ 92.54805755600006, 22.507165909000094 ], [ 92.548263550000058, 22.507524491000083 ], [ 92.548728942000196, 22.507650375000026 ], [ 92.549224853000112, 22.507123948000071 ], [ 92.55017852800006, 22.506786347000116 ], [ 92.55003356900005, 22.508214951000184 ], [ 92.549934387000178, 22.509809494000081 ], [ 92.550056457000153, 22.510074616000168 ], [ 92.549247742000148, 22.509887695000032 ], [ 92.548851013000103, 22.509798049999972 ], [ 92.547279357000093, 22.509796143000131 ], [ 92.54670715300017, 22.509906768000121 ], [ 92.546493530000134, 22.509950638000191 ], [ 92.546501160000105, 22.510368347 ], [ 92.546691894000048, 22.510681152000075 ], [ 92.548263550000058, 22.51134681800005 ], [ 92.549530030000028, 22.511743546000048 ], [ 92.550567626000088, 22.512262344000135 ], [ 92.550781251000103, 22.51252555800005 ], [ 92.55102539000012, 22.512825012000178 ], [ 92.551170349000131, 22.513002396000104 ], [ 92.551177979000045, 22.513732910000158 ], [ 92.551040648000139, 22.513822556000093 ], [ 92.550094604000037, 22.514446258000191 ], [ 92.54934692400019, 22.514581680000049 ], [ 92.547714233000193, 22.51488113400012 ], [ 92.547370911000201, 22.514995574000181 ], [ 92.546936035999977, 22.515142441000137 ], [ 92.546684264000135, 22.515663148000158 ], [ 92.546813965000126, 22.516960144000166 ], [ 92.546554565000122, 22.517047883000089 ], [ 92.546127320000039, 22.516801834000034 ], [ 92.545593263000171, 22.515247346000024 ], [ 92.544967651000093, 22.513692856000034 ], [ 92.544052123000199, 22.513366700000063 ], [ 92.543395995000083, 22.513933182000187 ], [ 92.543304443000181, 22.514011383000025 ], [ 92.543121337000116, 22.514551163000078 ], [ 92.543411256000013, 22.515687944000092 ], [ 92.543807984000182, 22.516458512000042 ], [ 92.544876099000192, 22.517087936999985 ], [ 92.54547119200015, 22.517438889000061 ], [ 92.545387268000127, 22.518051147000108 ], [ 92.545303344000104, 22.518619539000099 ], [ 92.544715882000162, 22.519847869000102 ], [ 92.543846131000066, 22.521495819000052 ], [ 92.543174744000169, 22.521650314000112 ], [ 92.542114258000197, 22.521503449000136 ], [ 92.541770934000056, 22.521600724000109 ], [ 92.541534423000087, 22.522172928000032 ], [ 92.541496276000032, 22.522274018000189 ], [ 92.541282654000156, 22.523096084000031 ], [ 92.54155731100019, 22.524091720000115 ], [ 92.542221070000153, 22.524654389000091 ], [ 92.543334962000131, 22.524877549000053 ], [ 92.543647767000152, 22.524942398000178 ], [ 92.540428161000023, 22.526031494000051 ], [ 92.54032897899998, 22.526281358000119 ], [ 92.540924072000109, 22.52713585000015 ], [ 92.541122436000194, 22.527421951000065 ], [ 92.540855408000141, 22.52777290299997 ], [ 92.539443970000036, 22.528598786000032 ], [ 92.539108277000082, 22.529067993000012 ], [ 92.538993836000088, 22.529272080000112 ], [ 92.539360046000013, 22.529493333000062 ], [ 92.539947511000037, 22.529645920000178 ], [ 92.54122924800015, 22.529666901000041 ], [ 92.541313172000173, 22.530147552000074 ], [ 92.541099548000091, 22.530693055000029 ], [ 92.540901183000074, 22.531177520000028 ], [ 92.540580750000117, 22.531965257000138 ], [ 92.540687561000198, 22.532812119000027 ], [ 92.541030884000065, 22.533092499000134 ], [ 92.541366577000076, 22.533361435000188 ], [ 92.541465759000118, 22.533729554000161 ], [ 92.541275025000118, 22.533967973000074 ], [ 92.540878297000177, 22.53446578900008 ], [ 92.540573120000033, 22.534860612000159 ], [ 92.539184570000089, 22.534208297000077 ], [ 92.538963317000139, 22.534105302000171 ], [ 92.538711548000038, 22.534252166000044 ], [ 92.538337708000199, 22.535215379000078 ], [ 92.538406371000065, 22.535755157000153 ], [ 92.538803100000166, 22.536397934000149 ], [ 92.539535522000165, 22.536966324000105 ], [ 92.539817810000102, 22.537185669000053 ], [ 92.539421081, 22.537868501000048 ], [ 92.539039611000078, 22.538536072000113 ], [ 92.539672851000091, 22.540451049000069 ], [ 92.539810180000131, 22.540859223000041 ], [ 92.539184570000089, 22.541303634000144 ], [ 92.538200379000102, 22.541513444000088 ], [ 92.537551879000091, 22.541778564000026 ], [ 92.536941528000114, 22.542024613000024 ], [ 92.53688812300004, 22.542604447000031 ], [ 92.53719329900008, 22.543745041000079 ], [ 92.537231446000135, 22.544340134000038 ], [ 92.53701782100012, 22.544942855000102 ], [ 92.536880492000023, 22.545328140000095 ], [ 92.536270141000102, 22.545309067000176 ], [ 92.5352935800002, 22.545030594000139 ], [ 92.534057617000144, 22.544305802000054 ], [ 92.531547547000116, 22.545259477000172 ], [ 92.530960082000092, 22.546155929000065 ], [ 92.531349183000088, 22.54809761000007 ], [ 92.532196045000148, 22.550279617000058 ], [ 92.532012939000083, 22.551694871000109 ], [ 92.531959534, 22.552103043000102 ], [ 92.531646729000158, 22.552833557000156 ], [ 92.530105590000119, 22.55547523600012 ], [ 92.527664185000162, 22.557214737000095 ], [ 92.526077271000133, 22.55777931199998 ], [ 92.525482178000175, 22.557804108000084 ], [ 92.524169922000169, 22.557863235000127 ], [ 92.523155212000063, 22.55860710200011 ], [ 92.522483825000165, 22.559099198000126 ], [ 92.521774291999975, 22.560251237000159 ], [ 92.523925780000184, 22.561161042000037 ], [ 92.527885438000112, 22.565711975000056 ], [ 92.527870178000057, 22.56581688000017 ], [ 92.527687074000198, 22.567321778000121 ], [ 92.527290345000154, 22.57006454500015 ], [ 92.526954652000143, 22.572551728000121 ], [ 92.527145386000143, 22.572860718000129 ], [ 92.527374267000141, 22.573232651000069 ], [ 92.529304505000198, 22.573318482000161 ], [ 92.530639647000157, 22.572927476000132 ], [ 92.532455445000096, 22.571655274000022 ], [ 92.533271790000072, 22.572187424000049 ], [ 92.533584595000093, 22.572391511000149 ], [ 92.533729552000125, 22.574989320000043 ], [ 92.534492493000073, 22.575380326000072 ], [ 92.535057067000082, 22.575199128000179 ], [ 92.535751342000083, 22.575689316000023 ], [ 92.536857606000126, 22.575170516000128 ], [ 92.538085938000108, 22.575359345000038 ], [ 92.538078308000195, 22.577018738000106 ], [ 92.536453247000111, 22.578813552000099 ], [ 92.536384582000039, 22.578889848000188 ], [ 92.536437989000092, 22.578948976000106 ], [ 92.537292481000122, 22.579906462999986 ], [ 92.537322998000093, 22.580474855000148 ], [ 92.537437438000097, 22.582462311000086 ], [ 92.53737640300011, 22.582799911000166 ], [ 92.537040710000156, 22.584779739000169 ], [ 92.53723907400007, 22.584966660000077 ], [ 92.538383485000168, 22.586036683000088 ], [ 92.537414550000165, 22.586334228999988 ], [ 92.536674500000061, 22.585731506000116 ], [ 92.536254883000083, 22.585388185000056 ], [ 92.534484863000159, 22.585172652999972 ], [ 92.53440856900005, 22.58522415200008 ], [ 92.533149720000097, 22.586048126000037 ], [ 92.532501220000086, 22.586742401000038 ], [ 92.532501220000086, 22.587041855000109 ], [ 92.532478333000029, 22.58792114400012 ], [ 92.532920837000063, 22.588275910000164 ], [ 92.533294677000072, 22.588579177000099 ], [ 92.535728455000196, 22.586702347000085 ], [ 92.537002563000101, 22.587799073000042 ], [ 92.538932801000101, 22.589454651000096 ], [ 92.53916931200007, 22.589653015000181 ], [ 92.538658143000134, 22.589641572000176 ], [ 92.537651061000133, 22.589620591000141 ], [ 92.536071777000188, 22.589586259000157 ], [ 92.534843444000103, 22.591630935000012 ], [ 92.534767151000096, 22.591754913000159 ], [ 92.537048340000069, 22.593187333 ], [ 92.537574767000194, 22.593521119000116 ], [ 92.537216186000137, 22.594011307000187 ], [ 92.535850524000068, 22.595863343000076 ], [ 92.535720825000112, 22.597639084000036 ], [ 92.534973145000038, 22.598850251000158 ], [ 92.535125732000154, 22.59925079400017 ], [ 92.535400390000177, 22.59999847500012 ], [ 92.532058716000051, 22.602334977000169 ], [ 92.530494690000126, 22.603429795000181 ], [ 92.530433655000138, 22.604091644000107 ], [ 92.530288696000184, 22.605693817000088 ], [ 92.53002929600018, 22.608491898000068 ], [ 92.529953003000173, 22.609382629000095 ], [ 92.533226013000103, 22.607589723000103 ], [ 92.534233093000125, 22.608451843000182 ], [ 92.5347900390002, 22.608924866000166 ], [ 92.534820556000113, 22.609136583000179 ], [ 92.535049439000147, 22.61061477700008 ], [ 92.535217284000112, 22.611846925000066 ], [ 92.532089233000193, 22.611820221000187 ], [ 92.529464722, 22.614509582000039 ], [ 92.529098510000097, 22.615104675000168 ], [ 92.528793336000092, 22.615606308 ], [ 92.528617860000111, 22.615886689000035 ], [ 92.528495789000033, 22.616737366000166 ], [ 92.528739928000107, 22.618366243000025 ], [ 92.529502869000055, 22.619691850000038 ], [ 92.529884339000034, 22.62041664100019 ], [ 92.530006408000077, 22.620649337000089 ], [ 92.529357910000044, 22.620914460000108 ], [ 92.527748106999979, 22.620973587000094 ], [ 92.527481079000097, 22.62098312300003 ], [ 92.527458191000164, 22.621574403000068 ], [ 92.528373718000182, 22.623462677000191 ], [ 92.528945923000151, 22.624322892 ], [ 92.529815674000076, 22.625646592000123 ], [ 92.532554627000138, 22.62770271300019 ], [ 92.532203675000062, 22.629087448000064 ], [ 92.531898499000022, 22.630273819000081 ], [ 92.532226562000119, 22.632083893000129 ], [ 92.532249450000052, 22.632547380000176 ], [ 92.532272339000087, 22.633321761000047 ], [ 92.532196045000148, 22.633325576000061 ], [ 92.529800415000182, 22.633440017000055 ], [ 92.526268005000134, 22.63360977200017 ], [ 92.526275635000047, 22.634689330000128 ], [ 92.526275635000047, 22.634790420000115 ], [ 92.527717590000066, 22.635732652000115 ], [ 92.527877808000142, 22.635835649 ], [ 92.527633667000146, 22.63604545600009 ], [ 92.526527405000081, 22.636989593000123 ], [ 92.526397706000068, 22.637678148000134 ], [ 92.526634217000037, 22.638904573000104 ], [ 92.526756288000115, 22.639528275000032 ], [ 92.526679992000197, 22.639875413000141 ], [ 92.525032044000056, 22.639972688000114 ], [ 92.524795533000145, 22.640298842999982 ], [ 92.524482726000087, 22.640731811000137 ], [ 92.524574280000195, 22.642730712000059 ], [ 92.524703979000037, 22.643384933000107 ], [ 92.525047303000179, 22.645156861000146 ], [ 92.524467468000068, 22.647165300000154 ], [ 92.524177552000083, 22.649377823000179 ], [ 92.524589539000146, 22.650711061000152 ], [ 92.524818420000145, 22.650928498000098 ], [ 92.525100708000082, 22.651185991000034 ], [ 92.526962280000077, 22.650798798000039 ], [ 92.527122497000107, 22.650766373000124 ], [ 92.526481628000113, 22.654211045000011 ], [ 92.524475097999982, 22.653982162000034 ], [ 92.523483277000082, 22.655420304000188 ], [ 92.524215699000138, 22.659090041000127 ], [ 92.524230957000157, 22.659179688000165 ], [ 92.524330139000199, 22.65917015000008 ], [ 92.526031494000165, 22.659023285000103 ], [ 92.52720642100013, 22.658920288000047 ], [ 92.528236390000188, 22.659135818000095 ], [ 92.528427124000132, 22.65937233000011 ], [ 92.528678893000119, 22.659702302000085 ], [ 92.528404235000096, 22.660142898000117 ], [ 92.526527405000081, 22.66044044500012 ], [ 92.526977538000097, 22.661617280000087 ], [ 92.528297425000176, 22.665069581000182 ], [ 92.528427124000132, 22.665418625000086 ], [ 92.528564453000058, 22.665771484000061 ], [ 92.527999878000116, 22.665603639000096 ], [ 92.52632140999998, 22.665102005000165 ], [ 92.52548980600011, 22.671697617 ], [ 92.525474548000091, 22.671829223000088 ], [ 92.52584076, 22.672716142000183 ], [ 92.525985717000196, 22.673057556 ], [ 92.524734498000157, 22.673616409000147 ], [ 92.522766113000102, 22.673980714000038 ], [ 92.522605896000073, 22.674009323000178 ], [ 92.522460937000062, 22.674457551000103 ], [ 92.522399901000142, 22.674644470000032 ], [ 92.522209167000199, 22.675235748000148 ], [ 92.52233886800019, 22.675634384000091 ], [ 92.522872926000105, 22.677324296000108 ], [ 92.523178100000166, 22.67925834600004 ], [ 92.521720887000129, 22.681802750000088 ], [ 92.52112579400017, 22.682512283999984 ], [ 92.521080017000031, 22.682573318999971 ], [ 92.521133422000105, 22.683349610000164 ], [ 92.521194457000092, 22.684188841999969 ], [ 92.520195008000087, 22.685770034000086 ], [ 92.518806458000086, 22.687963486 ], [ 92.518806458000086, 22.688146590000088 ], [ 92.518722534000119, 22.693529130000115 ], [ 92.517402649000019, 22.698389053000142 ], [ 92.516372681000064, 22.704599381000094 ], [ 92.515266419000056, 22.707361221000156 ], [ 92.514717101000087, 22.707508087000065 ], [ 92.514358520000144, 22.707605361999981 ], [ 92.514289856000175, 22.707757949000097 ], [ 92.513763429000051, 22.708932877000166 ], [ 92.514099122000175, 22.710475922 ], [ 92.515045166000107, 22.711698532000128 ], [ 92.515670776000036, 22.712812424000049 ], [ 92.515052795000145, 22.714439392000031 ], [ 92.513420105000023, 22.719310761000145 ], [ 92.510528565000072, 22.724929809000173 ], [ 92.507179260000157, 22.73236847000004 ], [ 92.504341125000053, 22.735540391000029 ], [ 92.505897523000044, 22.735769272000084 ], [ 92.507926941000107, 22.736080169000104 ], [ 92.507736206000061, 22.736883164000062 ], [ 92.507110595000086, 22.737525939000022 ], [ 92.505317688000105, 22.739360810000051 ], [ 92.505104066000058, 22.739580155000169 ], [ 92.504440307000095, 22.739093780000189 ], [ 92.502426148000154, 22.73762130800003 ], [ 92.502098083000078, 22.737667083000133 ], [ 92.499374390000071, 22.738039018000109 ], [ 92.497955323000156, 22.739971161000028 ], [ 92.495796204000158, 22.740058900000065 ], [ 92.494255065000061, 22.740119933000074 ], [ 92.494216918, 22.74042511 ], [ 92.493927002000191, 22.74276733500011 ], [ 92.4910049450001, 22.741294861000142 ], [ 92.490341186000137, 22.744750977000081 ], [ 92.490158080000128, 22.745681764000096 ], [ 92.488197326000034, 22.746583939000061 ], [ 92.482185363999974, 22.747201920000123 ], [ 92.480163574000073, 22.746578215999989 ], [ 92.476493835000099, 22.745445252000081 ], [ 92.474639893000187, 22.74583244300004 ], [ 92.473869324000077, 22.746349335000161 ], [ 92.47399902300009, 22.747081757000046 ], [ 92.475845337000067, 22.74865913300016 ], [ 92.477752686000031, 22.750551224000105 ], [ 92.478683472000171, 22.751474380000104 ], [ 92.479354859000182, 22.753921510000112 ], [ 92.478302002000191, 22.754087448000121 ], [ 92.476989746000186, 22.754293442000119 ], [ 92.476104737000014, 22.756811143000164 ], [ 92.476371764000191, 22.756988525999986 ], [ 92.477371216000108, 22.757879258000173 ], [ 92.476562501000103, 22.759792328000174 ], [ 92.476234435000094, 22.759859086 ], [ 92.475456239000039, 22.760017395000091 ], [ 92.473770142000035, 22.759552001000088 ], [ 92.474487304000036, 22.761003494000192 ], [ 92.476264954000044, 22.764625549000129 ], [ 92.475257874000022, 22.765201569 ], [ 92.474296570000092, 22.765052796000077 ], [ 92.472976685000049, 22.764848709000148 ], [ 92.472793579000154, 22.765283585000077 ], [ 92.473197938000112, 22.766641616000072 ], [ 92.473739624000189, 22.767757416 ], [ 92.473899841000048, 22.768093109000176 ], [ 92.475601196000014, 22.770887375000086 ], [ 92.47521972800007, 22.773235322000119 ], [ 92.474319458000195, 22.774469374999967 ], [ 92.473571778000178, 22.775501251000094 ], [ 92.472633362000124, 22.77638816800004 ], [ 92.47242736700008, 22.781742096000187 ], [ 92.472000122000168, 22.782724380000104 ], [ 92.471511841000165, 22.783838272000082 ], [ 92.47012329100005, 22.782752991000052 ], [ 92.469322204000093, 22.78212738100018 ], [ 92.469306946000074, 22.787189484000066 ], [ 92.470611572, 22.789518356000031 ], [ 92.47116851800007, 22.794328691000032 ], [ 92.472213745000147, 22.795755387000099 ], [ 92.471206665000125, 22.79807662900015 ], [ 92.470130920000031, 22.798683167000092 ], [ 92.467559814000083, 22.800130845000126 ], [ 92.467453004000163, 22.800294876000123 ], [ 92.465019227000141, 22.804035188000114 ], [ 92.464744567000139, 22.804456711000114 ], [ 92.465255738000053, 22.805261613000084 ], [ 92.466796875000114, 22.807682037000177 ], [ 92.466552734000118, 22.808876038000108 ], [ 92.464614868000183, 22.810935974000188 ], [ 92.46315765300011, 22.811954499000024 ], [ 92.462432861000195, 22.811332703000062 ], [ 92.462646484000174, 22.807613373000152 ], [ 92.461936950000108, 22.80739021300019 ], [ 92.461357116000102, 22.807207107000124 ], [ 92.460281373000157, 22.81274795600018 ], [ 92.458297730000083, 22.817283631000066 ], [ 92.458992005000084, 22.818658829000128 ], [ 92.458641053000179, 22.819198609000011 ], [ 92.458580018000191, 22.819301606000124 ], [ 92.458419800000058, 22.81929016100014 ], [ 92.454200745000094, 22.819005967000066 ], [ 92.454010009000115, 22.82018470800017 ], [ 92.455078124000124, 22.821250915 ], [ 92.45661926300005, 22.822175980999987 ], [ 92.457511903000182, 22.822790147000035 ], [ 92.457489014000146, 22.822988511000062 ], [ 92.458122254000102, 22.823213577000047 ], [ 92.457824708000032, 22.824060439000164 ], [ 92.45576477100019, 22.824951173000102 ], [ 92.455177306000166, 22.825757981000095 ], [ 92.455673217000083, 22.826051712000151 ], [ 92.457275390000063, 22.827001572000029 ], [ 92.45950317400019, 22.828853606000166 ], [ 92.460212707000153, 22.829442979000135 ], [ 92.461807252000199, 22.830770493000045 ], [ 92.46154022200011, 22.831069947000117 ], [ 92.459602356, 22.833276749000106 ], [ 92.457366944000171, 22.837980271000106 ], [ 92.452812195000149, 22.841981889000067 ], [ 92.452636719, 22.842739105000192 ], [ 92.453247071000078, 22.843460083000139 ], [ 92.453918457000043, 22.843202590999965 ], [ 92.455062866000105, 22.842767716000139 ], [ 92.457695007000041, 22.840988160000165 ], [ 92.458320618000187, 22.841028214000119 ], [ 92.457511903000182, 22.841730117 ], [ 92.461250306000125, 22.843391420000046 ], [ 92.46313476600011, 22.84255409300016 ], [ 92.463432313000112, 22.842910766999978 ], [ 92.458320618000187, 22.845436096000128 ], [ 92.459266663000051, 22.846038819000171 ], [ 92.458992005000084, 22.847843171000079 ], [ 92.459968568000136, 22.850551605000192 ], [ 92.456726074000073, 22.850582122000105 ], [ 92.458023072000117, 22.852954865000072 ], [ 92.458702087000063, 22.852779390000023 ], [ 92.459625244000165, 22.85254097100011 ], [ 92.46121215900007, 22.852130890000183 ], [ 92.463233948000095, 22.852920532000155 ], [ 92.463363647000108, 22.853136064000068 ], [ 92.464309692000143, 22.854736329000048 ], [ 92.463081359, 22.856151580000187 ], [ 92.462860108000086, 22.856321336000178 ], [ 92.460083008000197, 22.857748032000075 ], [ 92.459518431999982, 22.858451843000125 ], [ 92.460067748000142, 22.859416961000079 ], [ 92.461654662000171, 22.860805511000024 ], [ 92.46184539800015, 22.860975266000139 ], [ 92.461929322000174, 22.861051560000021 ], [ 92.461158752000188, 22.861684800000035 ], [ 92.460601808000092, 22.861606598000151 ], [ 92.456680299000084, 22.861061096000128 ], [ 92.455940247000171, 22.860958100000119 ], [ 92.453292848000046, 22.861333848000129 ], [ 92.452125548000083, 22.863004683999975 ], [ 92.451904298000102, 22.86507415799997 ], [ 92.453674316000161, 22.867561340000066 ], [ 92.453926087000127, 22.868465425000181 ], [ 92.454956056000185, 22.870157242000118 ], [ 92.456062317000146, 22.870368957000096 ], [ 92.457214356000122, 22.870296478000057 ], [ 92.457458496000072, 22.870468139000138 ], [ 92.458267211000134, 22.871959686000025 ], [ 92.456939696000177, 22.873138429000107 ], [ 92.456298829000161, 22.873376847000145 ], [ 92.451400757000101, 22.875402450000138 ], [ 92.449279785000101, 22.876483918000076 ], [ 92.448211670000092, 22.877027511000051 ], [ 92.448188781000056, 22.877523422000138 ], [ 92.44825744700006, 22.877771378000034 ], [ 92.448379517000035, 22.878213882000068 ], [ 92.448661804000039, 22.882469178000065 ], [ 92.449531554000032, 22.885871888000054 ], [ 92.448371887000121, 22.886690139000166 ], [ 92.44789886500007, 22.890569688000085 ], [ 92.44753265300011, 22.893590927000048 ], [ 92.445526124000082, 22.894893646000071 ], [ 92.445213317000082, 22.895099640000069 ], [ 92.445075988000156, 22.89495658900006 ], [ 92.443237304000093, 22.893070220000027 ], [ 92.441932678000171, 22.89158058300012 ], [ 92.441680909000183, 22.891164781000043 ], [ 92.441131593000193, 22.890270234000184 ], [ 92.440826416000107, 22.889570236000168 ], [ 92.440399171000195, 22.888580322000166 ], [ 92.439407349000192, 22.886890411000024 ], [ 92.438293457000043, 22.886705399000164 ], [ 92.437843324000198, 22.886629106000157 ], [ 92.437652588000049, 22.886671066000076 ], [ 92.437263489000088, 22.886754989 ], [ 92.436492920000035, 22.885898589000192 ], [ 92.436332703000176, 22.885549545000117 ], [ 92.436218263000114, 22.88559723000003 ], [ 92.434181213000159, 22.885667801000125 ], [ 92.434043884000062, 22.885793687000046 ], [ 92.433021545000088, 22.886718750000114 ], [ 92.433044434000124, 22.886873245 ], [ 92.432899475000113, 22.886930465000148 ], [ 92.430717468000182, 22.889720915999987 ], [ 92.430908204000161, 22.893829346000132 ], [ 92.427505492000137, 22.896394731000044 ], [ 92.426414491, 22.897218705000171 ], [ 92.42355346700009, 22.902645111000083 ], [ 92.423416138, 22.90290260400019 ], [ 92.421180725000056, 22.907535553000059 ], [ 92.420928956000125, 22.908063888000186 ], [ 92.420783997000115, 22.90893554600018 ], [ 92.418762207000157, 22.912960052000074 ], [ 92.420379638000099, 22.917190553000125 ], [ 92.420501709000177, 22.917451858000163 ], [ 92.420066833000078, 22.918630600000142 ], [ 92.419273376000092, 22.919355392000057 ], [ 92.418495177000068, 22.918756486000063 ], [ 92.416023254000095, 22.915761948000124 ], [ 92.415084840000077, 22.914628983000057 ], [ 92.412261963, 22.913785934000032 ], [ 92.411682128000109, 22.913887023000143 ], [ 92.409751892000088, 22.915372848000061 ], [ 92.408744813000169, 22.916231156000038 ], [ 92.407150268000123, 22.916059495000127 ], [ 92.405632019000166, 22.91609954900008 ], [ 92.404411315000061, 22.916530610000109 ], [ 92.404045105000137, 22.917026520000093 ], [ 92.403923034000059, 22.917190553000125 ], [ 92.403541564000136, 22.917732239000145 ], [ 92.403457642000092, 22.916971208000177 ], [ 92.403213501000096, 22.914760589000139 ], [ 92.403129577000072, 22.91398239200015 ], [ 92.402595520000034, 22.912288666000165 ], [ 92.401336671000024, 22.911998750000123 ], [ 92.400550842000143, 22.912702560000128 ], [ 92.398544312000183, 22.91451454200012 ], [ 92.397476197000174, 22.917711258000111 ], [ 92.397270203, 22.918334962000188 ], [ 92.39868164100011, 22.920360566000113 ], [ 92.399078370000154, 22.920928956000068 ], [ 92.401145934000169, 22.924024583000119 ], [ 92.400680542000032, 22.92471695100005 ], [ 92.400474548000034, 22.924997329000178 ], [ 92.39991760200013, 22.925762177000024 ], [ 92.397827149000079, 22.9294300090001 ], [ 92.396064759000126, 22.930393219000052 ], [ 92.394989013000099, 22.930658341000139 ], [ 92.393630982000104, 22.930759431000126 ], [ 92.392791748000093, 22.930820464000135 ], [ 92.390785215999983, 22.930589676000011 ], [ 92.389747620000151, 22.930166244000191 ], [ 92.389190674000076, 22.929939270000034 ], [ 92.385765076000098, 22.9294300090001 ], [ 92.385162353000055, 22.929340362000062 ], [ 92.383544922000112, 22.92925453100014 ], [ 92.381446839000148, 22.929145813000048 ], [ 92.380577088000052, 22.929374694000046 ], [ 92.3798675540001, 22.929561615000125 ], [ 92.379302978000112, 22.92942619400003 ], [ 92.376472473000149, 22.928758622000032 ], [ 92.37623596200001, 22.929424286000085 ], [ 92.376205445000096, 22.929515837999986 ], [ 92.376167297000109, 22.930398942000068 ], [ 92.377311707000104, 22.931751251000151 ], [ 92.375778198000148, 22.933761597 ], [ 92.375427246000072, 22.934881210000185 ], [ 92.375411988000053, 22.935266495000178 ], [ 92.374717713000109, 22.935039520000146 ], [ 92.37290954600013, 22.934772492000093 ], [ 92.371971130000134, 22.935890197000106 ], [ 92.371704102000024, 22.936212540000042 ], [ 92.371971130000134, 22.936262132000081 ], [ 92.374778748000097, 22.936775208000086 ], [ 92.375061035000044, 22.936826706000033 ], [ 92.375343323000152, 22.936878205000141 ], [ 92.37532806400003, 22.937311173000069 ], [ 92.375343323000152, 22.937417984000149 ], [ 92.372695923000151, 22.940200806000178 ], [ 92.373168946000078, 22.941106796000156 ], [ 92.373474120000139, 22.941690446000166 ], [ 92.373435973000085, 22.943880081000032 ], [ 92.374580384000183, 22.946353912000177 ], [ 92.374687195000035, 22.947574616999987 ], [ 92.375671386000192, 22.947582245000092 ], [ 92.375823975000117, 22.947149277000165 ], [ 92.376838685000052, 22.947355271000163 ], [ 92.377136231000179, 22.947950364000121 ], [ 92.377410889000146, 22.948501588000056 ], [ 92.376304627000138, 22.949562073000152 ], [ 92.375701904000096, 22.950141907000159 ], [ 92.376327514000138, 22.950607299000126 ], [ 92.377883912000129, 22.951772691000087 ], [ 92.377578735000043, 22.955327988000192 ], [ 92.376701354000147, 22.955821991000107 ], [ 92.376228332000096, 22.955001832 ], [ 92.375457763000043, 22.953670501999966 ], [ 92.374351501000149, 22.953310013000078 ], [ 92.374755860000107, 22.956621171000165 ], [ 92.372787475000052, 22.958538056 ], [ 92.374839782000151, 22.959083556000053 ], [ 92.377136231000179, 22.959693910000112 ], [ 92.376693726000042, 22.960222244000136 ], [ 92.374755860000107, 22.961027145000173 ], [ 92.37397766100014, 22.961349487000064 ], [ 92.373954773000037, 22.962085724000133 ], [ 92.374725340999987, 22.962858200000085 ], [ 92.375381470000036, 22.963521957000182 ], [ 92.374450683000191, 22.96518898 ], [ 92.3748245230002, 22.96674347000004 ], [ 92.374313354000094, 22.970104218000074 ], [ 92.375625611000089, 22.97268295300006 ], [ 92.37730407700019, 22.974281311000141 ], [ 92.377601623000146, 22.975303651000161 ], [ 92.378234863000102, 22.977016449000132 ], [ 92.379150391000053, 22.977108001000033 ], [ 92.379417419000106, 22.975776673000041 ], [ 92.379676818000178, 22.976961136000057 ], [ 92.380126954000104, 22.979623794000133 ], [ 92.379875183000138, 22.979688644000134 ], [ 92.379470826000158, 22.979843139000081 ], [ 92.379112244000169, 22.979890824000165 ], [ 92.379478454000093, 22.981140137000068 ], [ 92.380104066000172, 22.982042312000033 ], [ 92.381118774000072, 22.982650758000091 ], [ 92.383460998000089, 22.985498429000074 ], [ 92.384857178000118, 22.986480713000162 ], [ 92.384735108000143, 22.986885071000074 ], [ 92.384300232000044, 22.987035751000121 ], [ 92.383323669000163, 22.986743927000134 ], [ 92.382553101000042, 22.987123490000158 ], [ 92.38239288300008, 22.987230300000135 ], [ 92.381980896000186, 22.987497330000167 ], [ 92.382171630000187, 22.988391877000026 ], [ 92.382186891000117, 22.988498687000174 ], [ 92.38223266600005, 22.988903046000132 ], [ 92.382316589000141, 22.989704133000089 ], [ 92.382461549000084, 22.990404129000069 ], [ 92.382690429000036, 22.990995407000185 ], [ 92.38308715800008, 22.991352081000173 ], [ 92.383338928000114, 22.991558075000171 ], [ 92.38399505600006, 22.991888046000042 ], [ 92.384147645000155, 22.992042541000103 ], [ 92.384986877000131, 22.992874144999973 ], [ 92.384780885000112, 22.99336624200015 ], [ 92.384094238000102, 22.994338990000131 ], [ 92.38382721, 22.995082856000067 ], [ 92.383262634000175, 22.996656419000146 ], [ 92.382728576000034, 22.997953415000154 ], [ 92.382575989000145, 22.998144149000098 ], [ 92.382164002000081, 22.998624802 ], [ 92.382118225000113, 23.000202180000144 ], [ 92.38187408400006, 23.001131059000159 ], [ 92.382194519, 23.001737595000066 ], [ 92.382400513000164, 23.001781464000089 ], [ 92.382904052000185, 23.001890182000182 ], [ 92.383377074000066, 23.003211976000102 ], [ 92.383674621000068, 23.00416374100007 ], [ 92.38393402000014, 23.005670547000079 ], [ 92.383834838000098, 23.006498338000085 ], [ 92.383789063000165, 23.006845474000045 ], [ 92.383338928000114, 23.008012772000143 ], [ 92.383049011000196, 23.008756639000126 ], [ 92.383438110000156, 23.00895500300004 ], [ 92.384460450000176, 23.009477615000094 ], [ 92.384078980000083, 23.010135651000041 ], [ 92.383132935000049, 23.010433197000111 ], [ 92.382240296000134, 23.010520936000034 ], [ 92.381919861000199, 23.010553360000017 ], [ 92.381217956000114, 23.010622024000043 ], [ 92.380043030000081, 23.010995866000087 ], [ 92.379608155000085, 23.01194000300012 ], [ 92.379577636000135, 23.012016297 ], [ 92.379531861000146, 23.012111664000031 ], [ 92.37961578300019, 23.012210846000073 ], [ 92.380455017000145, 23.013170243000104 ], [ 92.380119324000191, 23.014408111000023 ], [ 92.380088805000071, 23.01451301600008 ], [ 92.380142212000123, 23.016246795000143 ], [ 92.380546569000103, 23.017362595000066 ], [ 92.38168335000006, 23.01945686300013 ], [ 92.381736755000134, 23.020687103000171 ], [ 92.381912231000115, 23.021129609000184 ], [ 92.38239288300008, 23.021913528000141 ], [ 92.383094788000164, 23.022720338000056 ], [ 92.383377074000066, 23.023094178000122 ], [ 92.383544922000112, 23.02332305900012 ], [ 92.383140563000154, 23.024017334000121 ], [ 92.38294219900007, 23.024356842000145 ], [ 92.383010864000141, 23.02452278200019 ], [ 92.383377074000066, 23.025398254000152 ], [ 92.383300781000059, 23.025989534000018 ], [ 92.383239745000139, 23.026416779000101 ], [ 92.383903504000102, 23.026802064000094 ], [ 92.384765624000011, 23.027299880000101 ], [ 92.384193420000088, 23.029266356999983 ], [ 92.383285522000108, 23.030538559000092 ], [ 92.38297271800019, 23.030979157000161 ], [ 92.382980346000124, 23.031995773000062 ], [ 92.382980346000124, 23.032464982000079 ], [ 92.382621766000113, 23.032909393000182 ], [ 92.382270812, 23.033336640000073 ], [ 92.382492065000122, 23.033807755000055 ], [ 92.38294219900007, 23.034761430000174 ], [ 92.38305664100011, 23.036081314000171 ], [ 92.383369446000131, 23.03679466300008 ], [ 92.383537292000199, 23.037857055000075 ], [ 92.386093139000195, 23.039348602000132 ], [ 92.387893676000033, 23.039865494000082 ], [ 92.387496947000159, 23.041202544000043 ], [ 92.387451172000169, 23.04135704100014 ], [ 92.387550355000144, 23.041891099000054 ], [ 92.388084412000183, 23.044698715000038 ], [ 92.389030457000047, 23.04578208900017 ], [ 92.389312745000097, 23.047386169000163 ], [ 92.388954163000108, 23.047874452000144 ], [ 92.388305665000075, 23.048767091000059 ], [ 92.388381959000185, 23.049243926000145 ], [ 92.389076234000186, 23.04920959400016 ], [ 92.390869140000177, 23.049119950000033 ], [ 92.391105651000146, 23.049644470000089 ], [ 92.390975953000066, 23.049821853000083 ], [ 92.389732362000132, 23.051549912000155 ], [ 92.390014648000033, 23.052082062000125 ], [ 92.391044616000158, 23.052022934000036 ], [ 92.391418456000167, 23.052957535000189 ], [ 92.391761780000138, 23.05343437200014 ], [ 92.392105103000063, 23.053903579000121 ], [ 92.39067077600015, 23.054754257000184 ], [ 92.390556336000088, 23.054973602000132 ], [ 92.390365600999985, 23.055345535000072 ], [ 92.390533447000053, 23.055450439000026 ], [ 92.392250060000038, 23.056503296000187 ], [ 92.391563415000178, 23.058082580000132 ], [ 92.390365600999985, 23.060729981000065 ], [ 92.388732909999987, 23.060997009000118 ], [ 92.388275146000126, 23.061069488000157 ], [ 92.387268066000161, 23.062011719000054 ], [ 92.387062072000163, 23.062725068000191 ], [ 92.387977600000056, 23.063924789000055 ], [ 92.388137817000086, 23.064105987000175 ], [ 92.388664245000086, 23.064680099000043 ], [ 92.387779235000039, 23.065307615999984 ], [ 92.38712310700015, 23.065771103000088 ], [ 92.387367249000079, 23.066652299000168 ], [ 92.387443542000085, 23.066923142000121 ], [ 92.387252808000142, 23.067037582000125 ], [ 92.385322570000085, 23.068197251000072 ], [ 92.384887695000089, 23.069591522000053 ], [ 92.384582520000151, 23.069988251000154 ], [ 92.382843017000198, 23.072269440000127 ], [ 92.382804870000143, 23.07304573100015 ], [ 92.384674072000109, 23.07411193900009 ], [ 92.384788513000046, 23.074176789000148 ], [ 92.385131836000141, 23.075897217000033 ], [ 92.38542175300006, 23.076898575000087 ], [ 92.384597779000103, 23.078184127000043 ], [ 92.382843017000198, 23.07953453000016 ], [ 92.381744385000047, 23.080074311000146 ], [ 92.3814849850001, 23.080156327000168 ], [ 92.380981445000032, 23.080318452000142 ], [ 92.380424499000128, 23.081005097000059 ], [ 92.380294800000115, 23.081642152000086 ], [ 92.380622862999985, 23.082529068000099 ], [ 92.379173279000156, 23.083766938000053 ], [ 92.379234315000019, 23.08442688000008 ], [ 92.3798675540001, 23.08498191800004 ], [ 92.380348205000189, 23.085399628000118 ], [ 92.380004883000197, 23.086288452000133 ], [ 92.379104614000084, 23.087112428000069 ], [ 92.377960205000136, 23.08723068300003 ], [ 92.377845765000075, 23.08722686800013 ], [ 92.377052308000088, 23.087188721000075 ], [ 92.376632691000054, 23.086692811000091 ], [ 92.376731873000097, 23.085252761000106 ], [ 92.375755310000045, 23.084609986000146 ], [ 92.375022888000046, 23.084663391000049 ], [ 92.374458314000037, 23.08551406800018 ], [ 92.373893737000117, 23.086433411000144 ], [ 92.373641968000186, 23.086683273000176 ], [ 92.373374938000097, 23.086961746000043 ], [ 92.373298644000158, 23.086954118000108 ], [ 92.372436524000079, 23.086862564000171 ], [ 92.37246704100005, 23.087186814000177 ], [ 92.372566223000035, 23.088163377000058 ], [ 92.3722229010001, 23.088300706000155 ], [ 92.371719360000043, 23.088500976000034 ], [ 92.371231080000143, 23.089021683000055 ], [ 92.370964050000111, 23.089733123000087 ], [ 92.37046051100009, 23.091056823000031 ], [ 92.370407104000037, 23.092147827000076 ], [ 92.370399476000102, 23.092247009000118 ], [ 92.370269775000111, 23.092407226000148 ], [ 92.369758606000175, 23.093042373000173 ], [ 92.369537353000112, 23.09372711300017 ], [ 92.369232179000051, 23.094676972000173 ], [ 92.36903381400009, 23.095193864000123 ], [ 92.369995117000144, 23.096218110000109 ], [ 92.369766236000089, 23.096832276000157 ], [ 92.368820190000179, 23.096597672000087 ], [ 92.366897582000092, 23.096120835000193 ], [ 92.365882874000135, 23.09708976800016 ], [ 92.36503601000004, 23.097902298000065 ], [ 92.364173889000028, 23.09809112500011 ], [ 92.36366272000015, 23.097843171000022 ], [ 92.362976073000084, 23.097515106000174 ], [ 92.362075806000121, 23.098373413000047 ], [ 92.361213683000074, 23.098552704000042 ], [ 92.361656189000087, 23.100173950000055 ], [ 92.36174011300011, 23.100492477000046 ], [ 92.361572265000063, 23.10056114300005 ], [ 92.359703065000133, 23.101327897000033 ], [ 92.360687256000119, 23.101608276999968 ], [ 92.359512328000108, 23.103065491000109 ], [ 92.358139039000037, 23.103038789000038 ], [ 92.35786438100007, 23.103530885000055 ], [ 92.359008790000189, 23.104303361000063 ], [ 92.359169007, 23.104408264000085 ], [ 92.359886169000049, 23.105205535999971 ], [ 92.359901429000047, 23.106246949000081 ], [ 92.358497621000083, 23.105926514000146 ], [ 92.358215332000043, 23.105861664000088 ], [ 92.358268738000049, 23.106042861999981 ], [ 92.358955382000033, 23.108211517000086 ], [ 92.360343932000148, 23.11050033600003 ], [ 92.360946655000191, 23.112520217999986 ], [ 92.360366821000184, 23.112901689000068 ], [ 92.360412598000153, 23.113264084000093 ], [ 92.360504150000111, 23.113363266000135 ], [ 92.362602233000018, 23.115467072000115 ], [ 92.362640380000073, 23.116077423000092 ], [ 92.362907410000162, 23.116922380000119 ], [ 92.362373352000191, 23.117458345000102 ], [ 92.362312317000033, 23.117519378000111 ], [ 92.362380981000058, 23.117782593000129 ], [ 92.362693787000183, 23.11803817700013 ], [ 92.364601134000168, 23.119586945000037 ], [ 92.363777161000087, 23.120344163000141 ], [ 92.364807129000042, 23.120912552 ], [ 92.366447448000145, 23.122560501 ], [ 92.366615296000191, 23.12320327700013 ], [ 92.366210937, 23.123908997000058 ], [ 92.36592102100019, 23.124420166000164 ], [ 92.366218567000146, 23.125116349000109 ], [ 92.36682891900017, 23.125209808000136 ], [ 92.367149354000105, 23.125257493000049 ], [ 92.367904664000093, 23.127103807000083 ], [ 92.368019104000155, 23.127538682000079 ], [ 92.365615844000104, 23.127159119000055 ], [ 92.365501404000042, 23.127197266000053 ], [ 92.36501312300004, 23.128515243000152 ], [ 92.362907410000162, 23.130407334000097 ], [ 92.361846923000087, 23.131252289000145 ], [ 92.362197877000142, 23.130666734000101 ], [ 92.361312865000116, 23.131219865000105 ], [ 92.360221862000174, 23.131690978999984 ], [ 92.358673096000132, 23.133203508000179 ], [ 92.358688355000197, 23.133838655000091 ], [ 92.357673645000091, 23.134582520000095 ], [ 92.356819152000185, 23.134267808000118 ], [ 92.357383728000173, 23.135652542000116 ], [ 92.357170106000069, 23.136114121000048 ], [ 92.357040405000134, 23.136394500000051 ], [ 92.357185364000088, 23.136985780000145 ], [ 92.357444764000093, 23.136981965000075 ], [ 92.357902528000125, 23.136974335000161 ], [ 92.35852050699998, 23.13873863200007 ], [ 92.358726502000081, 23.14049148700002 ], [ 92.358802795000088, 23.141113281000173 ], [ 92.359504700000173, 23.1413555150001 ], [ 92.359825135000108, 23.141468048000092 ], [ 92.359886169000049, 23.142845153999986 ], [ 92.35962677100008, 23.143077850000054 ], [ 92.359405518000131, 23.143266679000135 ], [ 92.359611511000196, 23.144245148000039 ], [ 92.360221862000174, 23.144758224000043 ], [ 92.36083221500013, 23.145265580000057 ], [ 92.36053466900006, 23.146097184000155 ], [ 92.35997009200014, 23.146972656000116 ], [ 92.3587417600001, 23.146348954000189 ], [ 92.358345031000056, 23.14614868200016 ], [ 92.358108520000087, 23.14660835300009 ], [ 92.359367371000076, 23.148115159000042 ], [ 92.359634399000129, 23.148382187000095 ], [ 92.360275269000056, 23.14904022200011 ], [ 92.360221862000174, 23.149684905000072 ], [ 92.359855652000078, 23.14994430500002 ], [ 92.359672546000184, 23.150074006000182 ], [ 92.360305786000197, 23.150617599000157 ], [ 92.360763550000058, 23.151014328000031 ], [ 92.360366821000184, 23.152017594000085 ], [ 92.360206604000155, 23.15241050800006 ], [ 92.360397340000134, 23.153135299000098 ], [ 92.36138153100012, 23.153059006000092 ], [ 92.362052917000085, 23.153007508000087 ], [ 92.361587525000118, 23.153627395000115 ], [ 92.361289979000162, 23.154035569000143 ], [ 92.361587525000118, 23.155567168000118 ], [ 92.361991882000098, 23.155693054000096 ], [ 92.362007140000117, 23.156551362000016 ], [ 92.363456726000152, 23.156555177000087 ], [ 92.36412811200006, 23.156557084000156 ], [ 92.362892152000143, 23.158576966000112 ], [ 92.362579345000086, 23.160348892000172 ], [ 92.361587525000118, 23.161436081000147 ], [ 92.360801696000181, 23.162294388000021 ], [ 92.362358094000172, 23.165050507000103 ], [ 92.361389161000034, 23.166975023000134 ], [ 92.361419678000175, 23.167726518000052 ], [ 92.35871124300013, 23.168836595000187 ], [ 92.358146667000142, 23.170597077000025 ], [ 92.357757569000114, 23.171346665000044 ], [ 92.357521057000099, 23.171787263000056 ], [ 92.35733032100012, 23.174070358000051 ], [ 92.356491089000144, 23.176132202000133 ], [ 92.356491089000144, 23.177106858000116 ], [ 92.356697082000039, 23.177419662000091 ], [ 92.357131957000036, 23.178070068000068 ], [ 92.356163024000068, 23.178333283000086 ], [ 92.354377747000058, 23.178819658000066 ], [ 92.355323792000092, 23.179586411 ], [ 92.355461121000189, 23.179700852000167 ], [ 92.355484009000122, 23.180124284000044 ], [ 92.355491638000103, 23.180253983000171 ], [ 92.357460022000112, 23.179782868000189 ], [ 92.357955933000198, 23.17989158600011 ], [ 92.359527589000038, 23.180234909000035 ], [ 92.359817505000194, 23.180297852000024 ], [ 92.360839843000065, 23.180246351999983 ], [ 92.360633851000046, 23.181158065000034 ], [ 92.361114501000031, 23.182794571000102 ], [ 92.360115052000026, 23.182712555000023 ], [ 92.360328674000129, 23.183815002000017 ], [ 92.359115600000109, 23.184272766000106 ], [ 92.35841369700006, 23.184482575000118 ], [ 92.358283996000068, 23.185161590000064 ], [ 92.357322693000185, 23.185079574000042 ], [ 92.355949401000089, 23.185415269000032 ], [ 92.356063842000026, 23.184951783000031 ], [ 92.35395813000008, 23.184747696000102 ], [ 92.354248047000169, 23.185758591000024 ], [ 92.353317261000086, 23.185855865000065 ], [ 92.353790283000137, 23.187334062000048 ], [ 92.353767394000101, 23.188367843000094 ], [ 92.35312652600004, 23.18898963900017 ], [ 92.354118347999986, 23.190259934000039 ], [ 92.353561402000139, 23.190889358000049 ], [ 92.353424073000042, 23.191553117000183 ], [ 92.352813722000064, 23.192098618000102 ], [ 92.353233337000063, 23.193141937000178 ], [ 92.352943420000145, 23.194244385000104 ], [ 92.352806092000151, 23.194234848000121 ], [ 92.352409363000106, 23.194204331000151 ], [ 92.352546691999976, 23.194597245000182 ], [ 92.352188110000156, 23.194776535000074 ], [ 92.352798461000134, 23.195007324000073 ], [ 92.35274505600006, 23.195907593000072 ], [ 92.352897644000109, 23.196111678000136 ], [ 92.353256225000166, 23.196592331000033 ], [ 92.354270935000102, 23.197227478000116 ], [ 92.354133606, 23.198188783000148 ], [ 92.354644775000111, 23.199253083000087 ], [ 92.353141785000105, 23.199823380000112 ], [ 92.354850770000041, 23.200323105000166 ], [ 92.353622437000126, 23.201822281000034 ], [ 92.353950500000167, 23.202404023000042 ], [ 92.353584290000072, 23.202791214 ], [ 92.353164673000038, 23.203241349000052 ], [ 92.3534851080002, 23.203300477000141 ], [ 92.353996277000135, 23.203393937000044 ], [ 92.354064941000104, 23.204217911 ], [ 92.353401184000177, 23.204345704000048 ], [ 92.35332489100017, 23.204891205000138 ], [ 92.353141785000105, 23.204978944 ], [ 92.352783203000115, 23.205148697000141 ], [ 92.353088380000031, 23.205293656000151 ], [ 92.353408812999987, 23.205442428000026 ], [ 92.353302002000135, 23.205675126000074 ], [ 92.353256225000166, 23.205776216000061 ], [ 92.353347779000103, 23.206163407000076 ], [ 92.35241699300019, 23.206392288000075 ], [ 92.353439331000061, 23.206747056000097 ], [ 92.353622437000126, 23.20724868800005 ], [ 92.354270935000102, 23.20725250300012 ], [ 92.354377747000058, 23.20725250300012 ], [ 92.354553223000039, 23.206613540000092 ], [ 92.355064392000145, 23.206968307000068 ], [ 92.354187011000079, 23.209188461000053 ], [ 92.354042052000068, 23.209545135000099 ], [ 92.353790283000137, 23.210250855000027 ], [ 92.353729247000047, 23.216157913000131 ], [ 92.353332519000105, 23.221324922000179 ], [ 92.35332489100017, 23.223514557000044 ], [ 92.353347779000103, 23.224298477000048 ], [ 92.35312652600004, 23.224735260000045 ], [ 92.351371765000067, 23.228170395000177 ], [ 92.351188661000151, 23.229051589000051 ], [ 92.350837707000096, 23.230781555000192 ], [ 92.350814819000163, 23.231246948999967 ], [ 92.350715636000189, 23.233606338000072 ], [ 92.350685120000151, 23.234252930000082 ], [ 92.350433350000117, 23.234266281000032 ], [ 92.348731995000094, 23.234357834999969 ], [ 92.347381592000033, 23.234821320000037 ], [ 92.346710206000068, 23.23578834500006 ], [ 92.349960328000066, 23.235849380000047 ], [ 92.361259460000042, 23.236040116000027 ], [ 92.361099243000012, 23.237537384000063 ], [ 92.362518311000031, 23.238519668000151 ], [ 92.364372254000045, 23.238418580000143 ], [ 92.367958069000167, 23.238548279000156 ], [ 92.369346619000112, 23.238857269000107 ], [ 92.372642516000042, 23.239585878000128 ], [ 92.373161316000164, 23.239700318000132 ], [ 92.376312256000119, 23.239749908000192 ], [ 92.378219605000083, 23.239971161000085 ], [ 92.383422851000034, 23.239910126000098 ], [ 92.384849548000034, 23.239940644000171 ], [ 92.386207581000065, 23.240022660000022 ], [ 92.386840821000021, 23.240081788000111 ], [ 92.389289856000062, 23.240089416000046 ], [ 92.390296936000084, 23.240409851000152 ], [ 92.391548157000159, 23.240530014000058 ], [ 92.392601014000149, 23.24064254700005 ], [ 92.397560119000048, 23.240600585000152 ], [ 92.398391723000088, 23.24070358300014 ], [ 92.399337769000056, 23.240819931000146 ], [ 92.40022277800017, 23.240940094000052 ], [ 92.403373719000172, 23.241428376000158 ], [ 92.402458191000107, 23.242549897000117 ], [ 92.399581909000176, 23.24189567600007 ], [ 92.396972656000173, 23.249992370000143 ], [ 92.395637511000132, 23.250057221000077 ], [ 92.397430420000035, 23.252504348000173 ], [ 92.398384095000154, 23.255790710000099 ], [ 92.394409179000093, 23.258213043000069 ], [ 92.389518737000117, 23.259492875000092 ], [ 92.389350891000049, 23.262096405000023 ], [ 92.389221191000161, 23.262430191000135 ], [ 92.38834381200013, 23.265499115000182 ], [ 92.388603211000031, 23.266096115000039 ], [ 92.388717652000196, 23.266361237000126 ], [ 92.389472962000127, 23.266141892000178 ], [ 92.390213012000061, 23.265136720000157 ], [ 92.390518189000034, 23.264720918000023 ], [ 92.391845703000058, 23.264160157000106 ], [ 92.393386841000051, 23.263944627000171 ], [ 92.394584657000053, 23.264486312000145 ], [ 92.394233703000111, 23.266391754000097 ], [ 92.393623352000191, 23.267103195000061 ], [ 92.391868592000094, 23.270792008000171 ], [ 92.390098572000056, 23.275009155000134 ], [ 92.389244079000093, 23.277212143000156 ], [ 92.389045715000066, 23.27918052800004 ], [ 92.388526916000046, 23.280338287000177 ], [ 92.387992858000075, 23.281528473000094 ], [ 92.386688232000097, 23.282745362000128 ], [ 92.386032104000037, 23.283353806000036 ], [ 92.384727478000059, 23.283853532000137 ], [ 92.384254455000075, 23.284032823000132 ], [ 92.380928039000196, 23.285280228999966 ], [ 92.381820679000157, 23.288156509000089 ], [ 92.382270812, 23.29075050300014 ], [ 92.382781981000107, 23.291633607000051 ], [ 92.383186340000123, 23.29186630300012 ], [ 92.384376526000153, 23.292352676000121 ], [ 92.384506225000166, 23.292406083000174 ], [ 92.38451385500008, 23.292541504000098 ], [ 92.384529113000099, 23.292669297000089 ], [ 92.382476807000103, 23.296527863000165 ], [ 92.38338470400015, 23.297174454000128 ], [ 92.384407043000124, 23.29846954400017 ], [ 92.382843017000198, 23.301534652999976 ], [ 92.382987976000038, 23.302160263000076 ], [ 92.384826660000101, 23.302516937000121 ], [ 92.385749818000079, 23.30374145400009 ], [ 92.385688782000045, 23.306261061999976 ], [ 92.385116578000122, 23.307138443000042 ], [ 92.383819580000079, 23.308067322000056 ], [ 92.38289642400008, 23.308826447000058 ], [ 92.380615235000107, 23.309980394000092 ], [ 92.376113891000159, 23.313129426000046 ], [ 92.377227783000137, 23.318477632000054 ], [ 92.376884460000042, 23.319145203000119 ], [ 92.376197815000182, 23.319715500000143 ], [ 92.376159668000128, 23.319610595000086 ], [ 92.375579834000121, 23.319009782000023 ], [ 92.37532806400003, 23.318189621000101 ], [ 92.374519349000195, 23.319578171000103 ], [ 92.373809814000197, 23.319166183999982 ], [ 92.373420715000066, 23.318939209000121 ], [ 92.372535706000122, 23.318622589000086 ], [ 92.371902466000108, 23.318138123000097 ], [ 92.371452331000114, 23.318145752000135 ], [ 92.370864868000069, 23.318445206000035 ], [ 92.369682312000123, 23.321395874000132 ], [ 92.369453429000089, 23.321899415000132 ], [ 92.368957519000105, 23.322977066000192 ], [ 92.367843629000106, 23.323162079000156 ], [ 92.367042541000103, 23.322679519000189 ], [ 92.368423461000134, 23.319765092000182 ], [ 92.36872863800005, 23.318681717000175 ], [ 92.368797303000122, 23.318437577000054 ], [ 92.368576050000058, 23.317367555000146 ], [ 92.367950439000083, 23.317295074000072 ], [ 92.366065978, 23.320449829000097 ], [ 92.364433289000033, 23.322639465000066 ], [ 92.364250183000138, 23.323263169000143 ], [ 92.364662170000031, 23.323669433000191 ], [ 92.365646363000053, 23.324222564000024 ], [ 92.368156433000081, 23.325634003 ], [ 92.368408203000115, 23.326198579000049 ], [ 92.368469238000102, 23.326330185000074 ], [ 92.370666504000155, 23.330341340000075 ], [ 92.371994018000066, 23.331806184000129 ], [ 92.372978210000156, 23.333795547000136 ], [ 92.37348938100007, 23.335000991000015 ], [ 92.37448120200014, 23.336883545000035 ], [ 92.374710083000139, 23.33803749100008 ], [ 92.375022888000046, 23.340509415000156 ], [ 92.375114442000154, 23.342679978000092 ], [ 92.375930785000094, 23.346813202000135 ], [ 92.377151490000131, 23.348443986000063 ], [ 92.379432679000104, 23.350015640000038 ], [ 92.380790710000099, 23.35168647800009 ], [ 92.380599976000155, 23.353799820000177 ], [ 92.380424499000128, 23.35573959300018 ], [ 92.380073547000052, 23.356117248000089 ], [ 92.379379272000051, 23.35625267000006 ], [ 92.37767028900015, 23.356777192000152 ], [ 92.376831055000139, 23.356712341 ], [ 92.376327514000138, 23.35675811800013 ], [ 92.376342774000136, 23.357328414999984 ], [ 92.377189637000129, 23.358024598000156 ], [ 92.377662659, 23.358758927000054 ], [ 92.378158570000096, 23.36019516000016 ], [ 92.378746032000038, 23.361383438000075 ], [ 92.379043579000097, 23.362106324000024 ], [ 92.377792358000193, 23.363092423000126 ], [ 92.377502441000104, 23.363187790000154 ], [ 92.377136231000179, 23.363723755000137 ], [ 92.376548767000088, 23.364393234000033 ], [ 92.375854492000087, 23.365100862000133 ], [ 92.375778198000148, 23.365278245000184 ], [ 92.375740051000093, 23.36554908800008 ], [ 92.374847412000065, 23.365661621000072 ], [ 92.373680115000013, 23.365716933000044 ], [ 92.370834351000099, 23.365852357000051 ], [ 92.369384766000167, 23.36709404000004 ], [ 92.367698669, 23.366880418000108 ], [ 92.366401671000176, 23.367380143000162 ], [ 92.365875244000051, 23.367666245000066 ], [ 92.36525726300016, 23.366962434000186 ], [ 92.363899231000062, 23.366256714000031 ], [ 92.361335754000152, 23.366960526000184 ], [ 92.359733581000171, 23.368268968000109 ], [ 92.359336853000059, 23.368700028000035 ], [ 92.358421325000165, 23.369693757000107 ], [ 92.358299256000066, 23.369714738000141 ], [ 92.358139039000037, 23.369739532000096 ], [ 92.356109619, 23.372747422000089 ], [ 92.356170653999982, 23.373325347000048 ], [ 92.357269288000111, 23.374752044000047 ], [ 92.359886169000049, 23.375724792000028 ], [ 92.360984802000075, 23.37711334200003 ], [ 92.361679077000019, 23.377775193000161 ], [ 92.362785339000084, 23.378160476000119 ], [ 92.363822938000055, 23.378473281000026 ], [ 92.364250183000138, 23.379005433000145 ], [ 92.364715577000084, 23.379526138000188 ], [ 92.364883423000151, 23.379713059000096 ], [ 92.364601134000168, 23.380373002000056 ], [ 92.364318848000039, 23.380884171000162 ], [ 92.363708495000083, 23.38109779399997 ], [ 92.363327027000139, 23.381233215000123 ], [ 92.361923219000175, 23.381027223000103 ], [ 92.361366273000101, 23.380945207000082 ], [ 92.360542297000109, 23.380825043000073 ], [ 92.358787537000069, 23.380729676000101 ], [ 92.357154846000071, 23.380262375000086 ], [ 92.356040955000196, 23.379846573000123 ], [ 92.355842591000112, 23.379772187000185 ], [ 92.353721619000112, 23.380096437000191 ], [ 92.352775573000031, 23.380664826000043 ], [ 92.35256195, 23.381196976000012 ], [ 92.352775573000031, 23.382862092000153 ], [ 92.354042052000068, 23.383766174000129 ], [ 92.355400086000031, 23.384469987000045 ], [ 92.356025695000199, 23.384477615000151 ], [ 92.35661316, 23.384880066000107 ], [ 92.356590271000186, 23.385705948000066 ], [ 92.355812073000095, 23.387247085000126 ], [ 92.355781556000125, 23.387826919000133 ], [ 92.356147766000049, 23.388233186000093 ], [ 92.356765747000111, 23.38851165900013 ], [ 92.357078552000132, 23.388713836000079 ], [ 92.357902528000125, 23.38890648 ], [ 92.358375550000176, 23.390031815000157 ], [ 92.35871124300013, 23.390817642000059 ], [ 92.35852050699998, 23.391302109000094 ], [ 92.357948303000114, 23.391788482000095 ], [ 92.357154846000071, 23.391792298000041 ], [ 92.356147766000049, 23.390752792 ], [ 92.355674744000169, 23.389198303000114 ], [ 92.354904175000115, 23.388996124000187 ], [ 92.354789734000121, 23.389101029000074 ], [ 92.354400634000115, 23.389459611000063 ], [ 92.354133606, 23.390562057000125 ], [ 92.353775024000186, 23.39143562300012 ], [ 92.353713989000198, 23.392196656000124 ], [ 92.353492736000135, 23.393671036000057 ], [ 92.353721619000112, 23.394840240000178 ], [ 92.353607177000072, 23.395936967000068 ], [ 92.353553772, 23.396369935000166 ], [ 92.353462220000097, 23.397031783000045 ], [ 92.35317993200016, 23.397640229000103 ], [ 92.352920532000041, 23.399478913000053 ], [ 92.353080749000071, 23.40096283000014 ], [ 92.353057861000082, 23.401937485000076 ], [ 92.352737426000147, 23.403116226000179 ], [ 92.352867127000138, 23.404518129000053 ], [ 92.352943420000145, 23.405399323000154 ], [ 92.35381317100007, 23.406236649000164 ], [ 92.35417175300006, 23.405858994000084 ], [ 92.354331971000192, 23.405195236000054 ], [ 92.354797363000159, 23.404056550000178 ], [ 92.354873658000145, 23.403585434999968 ], [ 92.354957580000189, 23.403078079000124 ], [ 92.355010987000071, 23.401327134000098 ], [ 92.355346680000196, 23.400924683000085 ], [ 92.355819703000179, 23.401247025000146 ], [ 92.356834413000115, 23.403047562000154 ], [ 92.357215881000059, 23.403974533000053 ], [ 92.357803346000082, 23.404476167000155 ], [ 92.358024596000121, 23.405258178999986 ], [ 92.358123778000106, 23.405628204000152 ], [ 92.357810974000188, 23.407159805000163 ], [ 92.357307435000166, 23.410306930000047 ], [ 92.35734558200005, 23.41062164300007 ], [ 92.357170106000069, 23.410888672000056 ], [ 92.355476379000038, 23.412073135000071 ], [ 92.354804993000073, 23.412496568 ], [ 92.354225158000133, 23.413068772000088 ], [ 92.352478026000199, 23.413650512000117 ], [ 92.351509094000107, 23.413419724 ], [ 92.350891114000149, 23.413471221000123 ], [ 92.34839630200014, 23.412769318000187 ], [ 92.347763063000059, 23.412820816000192 ], [ 92.34751892100013, 23.413320541000076 ], [ 92.347854614000084, 23.414949418000106 ], [ 92.348167419000106, 23.418470383 ], [ 92.34803772000015, 23.419712066000159 ], [ 92.347251891000042, 23.421348572000056 ], [ 92.347297668000181, 23.422269821000157 ], [ 92.347671509000122, 23.423105240000098 ], [ 92.347900391000053, 23.423948289000123 ], [ 92.347862243000122, 23.425500870000064 ], [ 92.347557068000185, 23.426370620000057 ], [ 92.347190856000054, 23.426912308000112 ], [ 92.346481323000035, 23.42788124100008 ], [ 92.34630584700011, 23.428600312000185 ], [ 92.346481323000035, 23.429433824000057 ], [ 92.34682464600013, 23.430263520000153 ], [ 92.347480774000076, 23.431150437000042 ], [ 92.347145081000065, 23.432409286000052 ], [ 92.346458434000056, 23.433118821000051 ], [ 92.346260070000142, 23.433410645000038 ], [ 92.345550537000122, 23.433662415000072 ], [ 92.345275879000155, 23.433681488000161 ], [ 92.34455108700007, 23.433729173000074 ], [ 92.344093322999981, 23.433406830000138 ], [ 92.343032836000077, 23.434083939000118 ], [ 92.342330933000198, 23.435005188000048 ], [ 92.342254639000089, 23.435583114999986 ], [ 92.341987610000103, 23.435670853000147 ], [ 92.341590881000059, 23.435718536000081 ], [ 92.34000396700003, 23.434753418000184 ], [ 92.339859010000055, 23.434524537000186 ], [ 92.339469909000115, 23.433897018000039 ], [ 92.33840942400019, 23.432178498000098 ], [ 92.337814331000061, 23.431940079000185 ], [ 92.337463380000088, 23.432094574000132 ], [ 92.337257385000157, 23.43229675300006 ], [ 92.336036683000088, 23.43347358799997 ], [ 92.335594177000019, 23.433629990000156 ], [ 92.335449218000065, 23.433235169000056 ], [ 92.335227966000048, 23.430950165000183 ], [ 92.335350036000193, 23.430328369000051 ], [ 92.335159302000193, 23.429506302000163 ], [ 92.335029601000031, 23.42866516100014 ], [ 92.334640503000173, 23.428400040000156 ], [ 92.333953858000143, 23.428600312000185 ], [ 92.333465575000162, 23.429000854000094 ], [ 92.333023072, 23.429754257000184 ], [ 92.332984925000176, 23.429985047000116 ], [ 92.332817077000129, 23.431032181000035 ], [ 92.333084107, 23.43329811000001 ], [ 92.332382202000133, 23.43649101200009 ], [ 92.332084656000177, 23.437122344000102 ], [ 92.331344604000037, 23.43819999699997 ], [ 92.330619812000123, 23.440095901000177 ], [ 92.331054687000119, 23.441715242000157 ], [ 92.330993652000132, 23.443286896000131 ], [ 92.330802918000188, 23.443784714000117 ], [ 92.330703736000146, 23.444778443000189 ], [ 92.33035278400007, 23.445734025000036 ], [ 92.33037567100007, 23.44598961000014 ], [ 92.329513550000058, 23.44793510400018 ], [ 92.328582764000146, 23.448406220000038 ], [ 92.328102112000181, 23.448520661000032 ], [ 92.327911377000135, 23.448266984000099 ], [ 92.327262879000102, 23.448303223000153 ], [ 92.326995850000117, 23.448554993000187 ], [ 92.327033996000068, 23.449132919000078 ], [ 92.32704925500019, 23.450040817000058 ], [ 92.32826232900004, 23.450021744000139 ], [ 92.328567506000127, 23.450016021000124 ], [ 92.328620911000201, 23.450298309 ], [ 92.329055786000026, 23.452758789000029 ], [ 92.330848693000178, 23.453035355000168 ], [ 92.331398011000147, 23.453464508000081 ], [ 92.33210754400011, 23.454259871999966 ], [ 92.333198548000155, 23.455474854000158 ], [ 92.333259583000142, 23.456497192000029 ], [ 92.332382202000133, 23.457139970000071 ], [ 92.331939697000166, 23.457395554000072 ], [ 92.331573487000071, 23.457317353000121 ], [ 92.331619264000039, 23.455373764000115 ], [ 92.331626892000145, 23.455236435000074 ], [ 92.330619812000123, 23.454137802 ], [ 92.329391479000037, 23.454427720000183 ], [ 92.329177857000104, 23.454513549000126 ], [ 92.329055786000026, 23.454839707000076 ], [ 92.328605652000078, 23.455219270000157 ], [ 92.328323364000198, 23.455810547000112 ], [ 92.327804565000179, 23.456867219000173 ], [ 92.326972961000081, 23.457393647000174 ], [ 92.32569885200013, 23.458818436000058 ], [ 92.325271606000115, 23.459238053000036 ], [ 92.325317383000083, 23.459568024000077 ], [ 92.325866699000073, 23.459873200000118 ], [ 92.327621459000113, 23.460025787000177 ], [ 92.328544617000091, 23.45968055700007 ], [ 92.329391479000037, 23.459484100000054 ], [ 92.330451964000076, 23.459516526000073 ], [ 92.330657959000177, 23.460092545 ], [ 92.330825806000121, 23.460147858000084 ], [ 92.33207702500016, 23.464578628000027 ], [ 92.331680297000048, 23.466352464000067 ], [ 92.330688477000024, 23.467079163000108 ], [ 92.3300476080002, 23.467212677000134 ], [ 92.329154968000068, 23.46681213300019 ], [ 92.328453062999984, 23.466497421000099 ], [ 92.327285766000159, 23.466886521000106 ], [ 92.327102662000073, 23.46715927200006 ], [ 92.326774597000053, 23.467664718000151 ], [ 92.325614930000086, 23.467741014000069 ], [ 92.321090698000035, 23.469631195000034 ], [ 92.319793702000197, 23.469753266000112 ], [ 92.318870544, 23.470277786000167 ], [ 92.318740845000036, 23.470355989000154 ], [ 92.317863464000197, 23.471254349000048 ], [ 92.317016602000081, 23.471813202000192 ], [ 92.317474366000113, 23.472343445000092 ], [ 92.317909241000166, 23.472970962000034 ], [ 92.318962098000156, 23.473176956000032 ], [ 92.318832397000165, 23.474311829000044 ], [ 92.320106507000048, 23.475347520000071 ], [ 92.320198059000177, 23.474710464999987 ], [ 92.320426941999983, 23.47397995100016 ], [ 92.320838929000104, 23.473932267000123 ], [ 92.322029114000031, 23.473760606000042 ], [ 92.322540283000137, 23.473573685000076 ], [ 92.323257447000174, 23.473562242000128 ], [ 92.323410034000119, 23.473638535000134 ], [ 92.323715211000035, 23.473794938000026 ], [ 92.323722839000141, 23.474391938000053 ], [ 92.323684692000086, 23.474668503000089 ], [ 92.323593140000128, 23.475290298000118 ], [ 92.323448181000117, 23.476819992 ], [ 92.323127746000182, 23.477279663000104 ], [ 92.322380066000164, 23.478307724 ], [ 92.322937012000011, 23.479059219000135 ], [ 92.32388305600017, 23.478584290000185 ], [ 92.324546815000076, 23.478248596000071 ], [ 92.325172424000073, 23.478155137000101 ], [ 92.32559204100005, 23.478466034000121 ], [ 92.326148987000124, 23.478881836000085 ], [ 92.325202943000193, 23.479658127000107 ], [ 92.325004579000108, 23.479808807000154 ], [ 92.324317932000099, 23.480316163 ], [ 92.323249817000089, 23.480442047000111 ], [ 92.322746278000068, 23.480436326000074 ], [ 92.322349549000194, 23.48043251100006 ], [ 92.321990967000033, 23.480190277000077 ], [ 92.32090759200014, 23.480621338000105 ], [ 92.320747375000167, 23.480871202 ], [ 92.321846008000193, 23.48217392000015 ], [ 92.321922302000075, 23.482446671000105 ], [ 92.321609497000054, 23.483087540000099 ], [ 92.320541382000044, 23.484022142000128 ], [ 92.319793702000197, 23.484851838000054 ], [ 92.31830597000004, 23.485603333000142 ], [ 92.316955567000093, 23.486137391000113 ], [ 92.316375731999983, 23.486434937000183 ], [ 92.316032411000094, 23.486978531000034 ], [ 92.316307069000118, 23.487403870000151 ], [ 92.317214966000165, 23.488033295000093 ], [ 92.318214416000103, 23.488718032000179 ], [ 92.318817139000146, 23.489328385000135 ], [ 92.319557191000058, 23.489728927000101 ], [ 92.321105956000054, 23.490282058000105 ], [ 92.321807861000138, 23.490228653000031 ], [ 92.321990967000033, 23.491422654000132 ], [ 92.321853638000107, 23.491920472000118 ], [ 92.321235657000045, 23.492055893000042 ], [ 92.320159912000122, 23.492073059000063 ], [ 92.318817139000146, 23.492284774000098 ], [ 92.318077087000177, 23.493139267000174 ], [ 92.317428588999974, 23.494306564 ], [ 92.317428588999974, 23.494554520000122 ], [ 92.317794801000105, 23.494712830000083 ], [ 92.318939209000121, 23.494621276000146 ], [ 92.320381165000015, 23.494504928000083 ], [ 92.320411681000053, 23.495454788000188 ], [ 92.320434570000089, 23.496421815000133 ], [ 92.320449828000108, 23.496875764000151 ], [ 92.320014953000111, 23.498517991000028 ], [ 92.319396973000153, 23.499866487000077 ], [ 92.3191528320001, 23.500391006000029 ], [ 92.319335938000165, 23.500617982000165 ], [ 92.319427490000066, 23.500648499000135 ], [ 92.320152284000187, 23.500869751000096 ], [ 92.322715759000118, 23.501033784000128 ], [ 92.322662354000045, 23.501323700000114 ], [ 92.320426941999983, 23.501525879000042 ], [ 92.318855286000201, 23.503385544000025 ], [ 92.319419860000153, 23.504970551000156 ], [ 92.319061280000142, 23.506587982000099 ], [ 92.318763734000072, 23.508037567000088 ], [ 92.319953919000056, 23.509380340000064 ], [ 92.319717406000109, 23.510953904000019 ], [ 92.31970214800009, 23.512565612000174 ], [ 92.319259644000056, 23.512695313000165 ], [ 92.318954468000015, 23.512680055000146 ], [ 92.318672180000135, 23.512664794000045 ], [ 92.317642211000077, 23.512226106000128 ], [ 92.316062927000132, 23.51196289100011 ], [ 92.315330505000134, 23.513545990000125 ], [ 92.315902710000103, 23.513990403000037 ], [ 92.316169740000191, 23.514089586000125 ], [ 92.318267823000156, 23.514877320000153 ], [ 92.318382263000046, 23.515213013000107 ], [ 92.317962646000012, 23.516069413000082 ], [ 92.317245483000136, 23.517520904000037 ], [ 92.316802979000101, 23.517692567000097 ], [ 92.316078186000084, 23.517250061000084 ], [ 92.315055848000043, 23.515491486000144 ], [ 92.313796996000178, 23.51526260300011 ], [ 92.313529969000172, 23.515350342000033 ], [ 92.313453675000062, 23.516178131 ], [ 92.314186097000118, 23.516908646000161 ], [ 92.31392669700017, 23.517604828 ], [ 92.313606262000178, 23.518449783000051 ], [ 92.313148498000146, 23.519651414000066 ], [ 92.31307220500014, 23.520273208 ], [ 92.313095093000072, 23.520767211000134 ], [ 92.313652039000146, 23.521667481000179 ], [ 92.313743591000105, 23.521734239000182 ], [ 92.31728363000019, 23.524375915000121 ], [ 92.317718505000187, 23.525211334 ], [ 92.317817687000058, 23.526248932999977 ], [ 92.317268371000068, 23.527246475000084 ], [ 92.316093444000103, 23.529392243000189 ], [ 92.314697266000053, 23.529579162000118 ], [ 92.314163208000082, 23.529630661 ], [ 92.313987732000157, 23.529922484999986 ], [ 92.31406402600004, 23.531448364000028 ], [ 92.313789368000073, 23.532403946000045 ], [ 92.313888550000115, 23.532743455000173 ], [ 92.313941955000189, 23.533143996000035 ], [ 92.31376648000014, 23.53332328700003 ], [ 92.313606262000178, 23.533479692000071 ], [ 92.313117982000108, 23.533596040000134 ], [ 92.312980653000011, 23.533542633000025 ], [ 92.310562134, 23.532579422000026 ], [ 92.309577941000043, 23.532413482000152 ], [ 92.30831146200012, 23.532732010000018 ], [ 92.306793213000049, 23.534004212000127 ], [ 92.306159973000035, 23.535171509000179 ], [ 92.306869507000101, 23.536026000999982 ], [ 92.307357787, 23.538290025000094 ], [ 92.307937622000111, 23.541213989000084 ], [ 92.308601380000141, 23.541593552000165 ], [ 92.310020447000056, 23.542402268000103 ], [ 92.3098907480001, 23.543041230000028 ], [ 92.309814452000182, 23.543413162000036 ], [ 92.309837341, 23.544610978000037 ], [ 92.310325623000097, 23.546066284 ], [ 92.310546874000181, 23.546745301000158 ], [ 92.31059265100015, 23.547166826000137 ], [ 92.310493469000107, 23.547496796000075 ], [ 92.310096740000063, 23.548776626000119 ], [ 92.309272767000039, 23.54936981200018 ], [ 92.308624269000177, 23.550041198000088 ], [ 92.308845518999988, 23.551359177000165 ], [ 92.310699463000105, 23.555606841000099 ], [ 92.311103820000085, 23.554807664000123 ], [ 92.311408997, 23.554206848000149 ], [ 92.312553405000187, 23.55315589900016 ], [ 92.312973023000097, 23.553522111000063 ], [ 92.313301086000138, 23.554738998000118 ], [ 92.313247680000188, 23.556697845000144 ], [ 92.312034606000168, 23.558839798000179 ], [ 92.311660766000159, 23.559902192000152 ], [ 92.309761047000109, 23.561792374000049 ], [ 92.307945252000025, 23.562673570000129 ], [ 92.307640075000108, 23.562946320000094 ], [ 92.307060241000102, 23.563463212000045 ], [ 92.306678772000055, 23.564510346000191 ], [ 92.306663514000036, 23.564729691000139 ], [ 92.306610107000154, 23.565725327999985 ], [ 92.306892395000034, 23.56625938500008 ], [ 92.307540893000066, 23.565008164000176 ], [ 92.308029176000048, 23.564960480000138 ], [ 92.308609008000076, 23.566230774000076 ], [ 92.309051514000089, 23.570205688000158 ], [ 92.309013367000034, 23.570407867000085 ], [ 92.308822633000091, 23.571365357000104 ], [ 92.308609008000076, 23.571765901000049 ], [ 92.308074951000037, 23.57188034100011 ], [ 92.30754852300015, 23.571691513000076 ], [ 92.307350159000123, 23.571620942000038 ], [ 92.306732178000061, 23.571878434000041 ], [ 92.306854248000036, 23.571281433000081 ], [ 92.307716369000048, 23.57063484300005 ], [ 92.307960510000044, 23.570453644000054 ], [ 92.308212280000134, 23.569648742000084 ], [ 92.307571412000186, 23.569189073000189 ], [ 92.30658721900005, 23.570146560000069 ], [ 92.306221009000126, 23.571159363000106 ], [ 92.305061340000179, 23.573680878000118 ], [ 92.305496215000176, 23.574224471000036 ], [ 92.306854248000036, 23.575941086000057 ], [ 92.307220458000131, 23.576330185000188 ], [ 92.307365417000142, 23.576866150000058 ], [ 92.308097839000141, 23.577762604000156 ], [ 92.307334901000104, 23.578662872000052 ], [ 92.306610107000154, 23.579521179000096 ], [ 92.306533813000044, 23.580081941000117 ], [ 92.306350706999979, 23.581392289000178 ], [ 92.306289672, 23.581857681000145 ], [ 92.306213378000109, 23.582418443000165 ], [ 92.305824280000081, 23.583044052000162 ], [ 92.305335999000079, 23.583299637000096 ], [ 92.305191040000068, 23.583280563000073 ], [ 92.304794312000126, 23.583227158000057 ], [ 92.304389953000111, 23.582860946000096 ], [ 92.303939819, 23.582950593000135 ], [ 92.30363464300018, 23.583410264000065 ], [ 92.303848267000092, 23.585058212000035 ], [ 92.303779602000191, 23.585258483000132 ], [ 92.303421020000144, 23.586387634000062 ], [ 92.303001403000167, 23.586782455000105 ], [ 92.302116394000052, 23.587606431000097 ], [ 92.301399230000015, 23.588403703000154 ], [ 92.301414491000116, 23.588562013000114 ], [ 92.301292420000095, 23.58871078500016 ], [ 92.299430848000043, 23.590339661000087 ], [ 92.299140930000078, 23.591060638000158 ], [ 92.298080445000153, 23.592153549000102 ], [ 92.297866822000174, 23.591268540000158 ], [ 92.297615051000037, 23.589851379000038 ], [ 92.296737672000177, 23.58814811600007 ], [ 92.296531677000075, 23.58832359400003 ], [ 92.294708252000135, 23.589881897000055 ], [ 92.293945313000108, 23.592365266000115 ], [ 92.293312074000028, 23.593214036000177 ], [ 92.293113709000068, 23.593477248999989 ], [ 92.293090821000135, 23.594278336000116 ], [ 92.293174745000158, 23.594491958000049 ], [ 92.293464661000144, 23.595222473000149 ], [ 92.292900085000156, 23.595170974999974 ], [ 92.292304992000197, 23.595117570000127 ], [ 92.291313172000059, 23.595422745000064 ], [ 92.29093170200008, 23.595897674000184 ], [ 92.289901734000125, 23.597188950000088 ], [ 92.289299011000082, 23.597932815000092 ], [ 92.288864134999983, 23.598270416000048 ], [ 92.288497925000058, 23.597904206000123 ], [ 92.288543700000048, 23.595714568000119 ], [ 92.287994385000161, 23.595310212000072 ], [ 92.287117004000152, 23.596151351000117 ], [ 92.287132264000149, 23.596263886000088 ], [ 92.287696838000159, 23.600767135000126 ], [ 92.287429810000049, 23.602216720000058 ], [ 92.287864685999978, 23.603490830000112 ], [ 92.28738403300008, 23.605522155000074 ], [ 92.288185119000104, 23.60736846900005 ], [ 92.287307740000074, 23.610107423000045 ], [ 92.287895202000016, 23.611312867000095 ], [ 92.287475585000038, 23.612501145000181 ], [ 92.287574768000184, 23.613945007000098 ], [ 92.287406922000116, 23.615390778000119 ], [ 92.287239074000126, 23.616842271000053 ], [ 92.287376403000167, 23.617164611000078 ], [ 92.287521362000177, 23.617498399000112 ], [ 92.28800964300018, 23.61848068300003 ], [ 92.288810730000137, 23.619253159000039 ], [ 92.289718628000116, 23.619890213000133 ], [ 92.290779113000156, 23.619865417000028 ], [ 92.292060852000077, 23.620357513000101 ], [ 92.293190003000177, 23.620668412000157 ], [ 92.29547119199998, 23.620632171000068 ], [ 92.295921326000098, 23.620815277000133 ], [ 92.295845032000045, 23.621477128000095 ], [ 92.295295714000019, 23.622394561000078 ], [ 92.294105531000071, 23.624355316000049 ], [ 92.290588379000042, 23.627733230999979 ], [ 92.289665223000043, 23.628400802000101 ], [ 92.28848266500006, 23.627229689999979 ], [ 92.286552429000039, 23.627830506000123 ], [ 92.285766602000137, 23.627655030000028 ], [ 92.284767151000096, 23.627788544000055 ], [ 92.283798218000129, 23.628089905000024 ], [ 92.283569335000152, 23.628999710000073 ], [ 92.281448365000131, 23.630006790000095 ], [ 92.281349183000088, 23.629995347000147 ], [ 92.280601501000092, 23.630702973000041 ], [ 92.280311585000049, 23.630506516000025 ], [ 92.279647826000144, 23.630056382000134 ], [ 92.279067994000116, 23.629257202000076 ], [ 92.27907562200005, 23.628330231000177 ], [ 92.279930114000194, 23.626565934000155 ], [ 92.279991150000114, 23.625961303000111 ], [ 92.279861451000102, 23.625513077000164 ], [ 92.279777527000078, 23.62523841899997 ], [ 92.278770447000113, 23.624948501000176 ], [ 92.278266906000056, 23.625741958000162 ], [ 92.278205871000068, 23.627601625000125 ], [ 92.278045654000096, 23.628183365000098 ], [ 92.276977538000153, 23.629768372000058 ], [ 92.276634217000094, 23.630659103000141 ], [ 92.276428223000096, 23.63160324200004 ], [ 92.276687622000168, 23.632184982000183 ], [ 92.27711486700008, 23.632772445000057 ], [ 92.27731323200004, 23.63304329000016 ], [ 92.278182983000136, 23.634317397000132 ], [ 92.279335021000065, 23.634918213000105 ], [ 92.279571533000137, 23.635591507000072 ], [ 92.279342652000082, 23.636306763000107 ], [ 92.279571533000137, 23.636749268000187 ], [ 92.280136109000125, 23.636756897 ], [ 92.280929566000111, 23.636272431000066 ], [ 92.281387330000143, 23.636768342000153 ], [ 92.281539917000089, 23.637790680000023 ], [ 92.281715393000013, 23.63869667 ], [ 92.281410218000076, 23.638776779000182 ], [ 92.279754638000099, 23.639207841000143 ], [ 92.277755737000177, 23.640495301000101 ], [ 92.277122498000097, 23.641166688000112 ], [ 92.275077819000103, 23.642124176000095 ], [ 92.273323059, 23.641557694000142 ], [ 92.27293395900017, 23.641729355000052 ], [ 92.273025513000107, 23.642801285000075 ], [ 92.273361206000061, 23.643953324000108 ], [ 92.2735977170002, 23.64439964200011 ], [ 92.274841308000134, 23.646820068000181 ], [ 92.274330139000028, 23.647703172000035 ], [ 92.275047303000065, 23.650121690000162 ], [ 92.276374817000089, 23.65206527600003 ], [ 92.277481079000154, 23.653055190000032 ], [ 92.277908325000169, 23.653421402000106 ], [ 92.27805328400018, 23.653831482000157 ], [ 92.27835846, 23.654405594000025 ], [ 92.27855682500018, 23.655433653999978 ], [ 92.278396607000047, 23.656303405000131 ], [ 92.280227661000026, 23.658298493000189 ], [ 92.280883789000143, 23.659898758000168 ], [ 92.281082153000057, 23.66101074300002 ], [ 92.281410218000076, 23.66141891500007 ], [ 92.282043458000089, 23.661714554000127 ], [ 92.28284454300001, 23.661684037000157 ], [ 92.283294677000129, 23.661703110000019 ], [ 92.283432006000055, 23.661931991000074 ], [ 92.283561707000047, 23.664068221000093 ], [ 92.284294129000045, 23.664676667000151 ], [ 92.284729004000098, 23.665578842000116 ], [ 92.284690857000044, 23.666105271000049 ], [ 92.284576417000153, 23.667604447000087 ], [ 92.285102844000107, 23.66962051400003 ], [ 92.285293578000051, 23.670194626000068 ], [ 92.285995483000136, 23.67173767100013 ], [ 92.286308287999987, 23.673103332000039 ], [ 92.286804199000073, 23.673946381000064 ], [ 92.288375855000083, 23.676548004000153 ], [ 92.288429260000157, 23.677042007000068 ], [ 92.288757325000063, 23.677698135000185 ], [ 92.288948059000177, 23.678356171000075 ], [ 92.288978576000147, 23.680089952000117 ], [ 92.289588929000104, 23.681236268000077 ], [ 92.290229797, 23.681188583000164 ], [ 92.291023254000038, 23.681131363000191 ], [ 92.291336059000059, 23.681291581000153 ], [ 92.291389466000112, 23.681703568000046 ], [ 92.29093170200008, 23.682250976000034 ], [ 92.290695191000168, 23.682828903000143 ], [ 92.290939330000185, 23.684022904000074 ], [ 92.290641784000115, 23.684978486000091 ], [ 92.289550782000049, 23.686359406000122 ], [ 92.289573669000106, 23.687515260000055 ], [ 92.290847778000057, 23.690963746000079 ], [ 92.289535522000051, 23.692554474000076 ], [ 92.289848327000072, 23.694904328000177 ], [ 92.289146423000091, 23.695699691000186 ], [ 92.289352418000192, 23.69817352400014 ], [ 92.289375304000089, 23.698505402000023 ], [ 92.289344788000051, 23.698625565000157 ], [ 92.289207459000181, 23.699127197000053 ], [ 92.289405823000038, 23.699441908999972 ], [ 92.289764405000085, 23.700027466000051 ], [ 92.289375304000089, 23.700046540000187 ], [ 92.288551331000065, 23.700088501000039 ], [ 92.289016723000032, 23.700616836000108 ], [ 92.288795472000118, 23.70095062200005 ], [ 92.289039611000135, 23.701492310000106 ], [ 92.289260864000028, 23.701976777000141 ], [ 92.288856507000105, 23.701765060000128 ], [ 92.288490295000145, 23.701576234000129 ], [ 92.288002015000075, 23.701789856 ], [ 92.287017822000109, 23.701807022000025 ], [ 92.287132264000149, 23.702529908000145 ], [ 92.287170411000034, 23.702795029000129 ], [ 92.286804199000073, 23.702829360000067 ], [ 92.28609466600011, 23.702894211000171 ], [ 92.285385131999988, 23.703319550000117 ], [ 92.285354614000141, 23.703981399000099 ], [ 92.284866333000139, 23.704319 ], [ 92.284698485000149, 23.704900742 ], [ 92.284362792000138, 23.706062317000146 ], [ 92.284515381000062, 23.707092285000101 ], [ 92.28463745200014, 23.707416535000107 ], [ 92.283531188000097, 23.70710754300012 ], [ 92.283210755000141, 23.706865311000115 ], [ 92.282943725000052, 23.707117080999978 ], [ 92.282501220000142, 23.707414627000105 ], [ 92.281791687000123, 23.70759010300003 ], [ 92.28063964800009, 23.708477020000146 ], [ 92.280693055000199, 23.70853424000012 ], [ 92.281280517000141, 23.709167480000076 ], [ 92.280204772, 23.709102631000121 ], [ 92.279411315000175, 23.709775925000088 ], [ 92.278739929000039, 23.709926605000135 ], [ 92.278427124000189, 23.709999084000174 ], [ 92.278305053000111, 23.710744858000055 ], [ 92.278129577000186, 23.711118698000064 ], [ 92.278274536000197, 23.711378098000012 ], [ 92.278503417000195, 23.711814881 ], [ 92.278778075, 23.711935044000086 ], [ 92.278785706000178, 23.712430955 ], [ 92.279197692000196, 23.712671280999984 ], [ 92.278450012000121, 23.713468551000062 ], [ 92.278594971000132, 23.714084625000055 ], [ 92.278419494000104, 23.714460373000065 ], [ 92.278610230000083, 23.71503448500016 ], [ 92.279418945000089, 23.715269088000127 ], [ 92.279655456000057, 23.71568107700017 ], [ 92.276702881000062, 23.721061707000047 ], [ 92.276260377000085, 23.721870422000052 ], [ 92.269180297999981, 23.728111267000145 ], [ 92.268501281000056, 23.728610993000075 ], [ 92.268486023000037, 23.728696822000188 ], [ 92.26647949200003, 23.738708496000072 ], [ 92.268241882000154, 23.756404878000183 ], [ 92.268249512000068, 23.756517411000175 ], [ 92.267112731000111, 23.761899948000121 ], [ 92.267280579000101, 23.762733460000163 ], [ 92.268028259000175, 23.766508101999989 ], [ 92.26779937800012, 23.769971849000171 ], [ 92.263740540000072, 23.79168891900008 ], [ 92.263488769000105, 23.799682618000077 ], [ 92.262329102000137, 23.804870606000122 ], [ 92.260681152000018, 23.807128907000049 ], [ 92.2593994140002, 23.814990998000155 ], [ 92.259536743000126, 23.815029144999983 ], [ 92.269477844000107, 23.817779541 ], [ 92.276657104000094, 23.815208435999978 ], [ 92.279113769000048, 23.81671142600004 ], [ 92.280845642000088, 23.815158844000166 ], [ 92.283744813000112, 23.816234589000089 ], [ 92.28588867100018, 23.815673828000115 ], [ 92.286811828999987, 23.816761016000044 ], [ 92.285682679000047, 23.822631836000141 ], [ 92.283462525000175, 23.823499680000168 ], [ 92.283668517000194, 23.824186324000152 ], [ 92.281593322000163, 23.826160432000052 ], [ 92.281608581000057, 23.826301576 ], [ 92.282104491000098, 23.8308715820001 ], [ 92.277130128000181, 23.836612702000139 ], [ 92.277046204000158, 23.836709976 ], [ 92.275878907000106, 23.839904786000034 ], [ 92.273933411000087, 23.841697692000082 ], [ 92.274139405000085, 23.843610764000061 ], [ 92.274749756000062, 23.849058152000111 ], [ 92.276527405000138, 23.852886199000068 ], [ 92.285301208000192, 23.857471466000106 ], [ 92.285926818000064, 23.858865739000066 ], [ 92.287902833000032, 23.863098145000151 ], [ 92.287902833000032, 23.86688232500012 ], [ 92.292015076000041, 23.871408462000034 ], [ 92.29338073700012, 23.871347427000046 ], [ 92.293884278000121, 23.871276856000179 ], [ 92.295143127000131, 23.870109559000127 ], [ 92.295104980000076, 23.865478516000053 ], [ 92.300682069000118, 23.866460800000141 ], [ 92.304260254000155, 23.863864899000191 ], [ 92.304321290000019, 23.863822937000066 ], [ 92.307312012000068, 23.863891602000024 ], [ 92.309875488000046, 23.86267089800009 ], [ 92.315528870000094, 23.863525390000063 ], [ 92.315666199000191, 23.863546371000098 ], [ 92.319549561000144, 23.865247726000121 ], [ 92.319686890000071, 23.865308761000108 ], [ 92.320220947000109, 23.86581039500004 ], [ 92.320312499000067, 23.865905762000011 ], [ 92.31824493400012, 23.867139817000066 ], [ 92.318458557000099, 23.867994309000096 ], [ 92.321983337000063, 23.869825363000075 ], [ 92.322082519000105, 23.869873047000112 ], [ 92.322090150000122, 23.87379074100005 ], [ 92.322090150000122, 23.873903274000043 ], [ 92.321983337000063, 23.874158859000147 ], [ 92.320411681000053, 23.878009796000185 ], [ 92.319091797000112, 23.87768554600018 ], [ 92.317108154000039, 23.879180909000183 ], [ 92.317123412000058, 23.879264832000104 ], [ 92.317474366000113, 23.881385804000104 ], [ 92.31750488199998, 23.881530761000079 ], [ 92.316711425000165, 23.881713867000144 ], [ 92.316284180000082, 23.883300782000106 ], [ 92.316421509000179, 23.883438110999975 ], [ 92.317131042000142, 23.884088516000077 ], [ 92.319328308000081, 23.883724214000154 ], [ 92.319526672000109, 23.886100770000155 ], [ 92.318328858000143, 23.887931824000134 ], [ 92.319023133000144, 23.889154434000034 ], [ 92.318496704000154, 23.890489579000075 ], [ 92.31863403300008, 23.890539169000078 ], [ 92.319198609000068, 23.890668869000024 ], [ 92.319274903000178, 23.890686035000158 ], [ 92.319885254000155, 23.889892578000172 ], [ 92.320678711000141, 23.891296387000068 ], [ 92.321578979000037, 23.891454696000096 ], [ 92.32171630900018, 23.89147949200003 ], [ 92.323150635000047, 23.904266357000097 ], [ 92.323310852000077, 23.904413224000052 ], [ 92.323600768000063, 23.904678345999969 ], [ 92.323722839000141, 23.90466880800011 ], [ 92.325790406000067, 23.904495240000131 ], [ 92.325927735000107, 23.904479981000179 ], [ 92.327781677000075, 23.906219483000029 ], [ 92.329895020000038, 23.905517578000172 ], [ 92.330482483000026, 23.907596588000047 ], [ 92.330513000000167, 23.907714843000122 ], [ 92.33052826, 23.907831191000184 ], [ 92.331146239000077, 23.911802292 ], [ 92.329391479000037, 23.918859483000119 ], [ 92.330657959000177, 23.921449662000157 ], [ 92.329711914000143, 23.923095704000104 ], [ 92.327865600000166, 23.924016952000102 ], [ 92.321289062000119, 23.926074981000113 ], [ 92.321166992000144, 23.926111221000099 ], [ 92.318077087000177, 23.930351257000098 ], [ 92.313476563000052, 23.934509277000075 ], [ 92.312683106000179, 23.941284179000149 ], [ 92.313476563000052, 23.943298341 ], [ 92.311233521000077, 23.94568443300011 ], [ 92.312652588000162, 23.957506179000177 ], [ 92.311447144000056, 23.960582732999967 ], [ 92.311553956000182, 23.960605622 ], [ 92.313339232000146, 23.960969926000132 ], [ 92.313331604000041, 23.96108818200014 ], [ 92.312698365000131, 23.970230103000119 ], [ 92.313606262000178, 23.970491410000136 ], [ 92.31530761700003, 23.970886231 ], [ 92.315139771000133, 23.972166061000053 ], [ 92.317680358000132, 23.97210121300003 ], [ 92.319641113000102, 23.975320816000021 ], [ 92.322082519000105, 23.975280762000125 ], [ 92.322746278000068, 23.979810714000109 ], [ 92.322853088000045, 23.979785919999983 ], [ 92.324096679000149, 23.979492187000119 ], [ 92.325523376000149, 23.983261108000136 ], [ 92.326148987000124, 23.983659745000182 ], [ 92.32778930700016, 23.984701156000085 ], [ 92.327697755000031, 23.985717774000022 ], [ 92.327369690000182, 23.986045839000042 ], [ 92.325798034000172, 23.987470628000096 ], [ 92.325897215999987, 23.987535476000119 ], [ 92.329055786000026, 23.989650727000082 ], [ 92.32727050800014, 24.00189208900008 ], [ 92.327461242000084, 24.004209518000039 ], [ 92.324707032000106, 24.006530761000192 ], [ 92.317138673000159, 24.017612458000031 ], [ 92.31750488199998, 24.018920899000022 ], [ 92.318908691000047, 24.019287109000118 ], [ 92.320922852000194, 24.017883301000154 ], [ 92.321655274000193, 24.018844606000187 ], [ 92.32171630900018, 24.018920899000022 ], [ 92.318481446000135, 24.022705079000104 ], [ 92.319091797000112, 24.025512696000192 ], [ 92.316696167000146, 24.027971268000044 ], [ 92.316757202000133, 24.028024673000118 ], [ 92.319274903000178, 24.030273439000155 ], [ 92.319274903000178, 24.031311035000044 ], [ 92.314132690000065, 24.034711837000032 ], [ 92.315063476000148, 24.035558701000127 ], [ 92.317199708000146, 24.037500382000133 ], [ 92.317543029000035, 24.039520264000089 ], [ 92.315490723000039, 24.044921875000171 ], [ 92.315269470000146, 24.04869079700012 ], [ 92.316825866000102, 24.051351547000138 ], [ 92.319046020000144, 24.050119401000188 ], [ 92.320289613000114, 24.051162720000093 ], [ 92.319999693999989, 24.052316667000071 ], [ 92.31871032700019, 24.057350160000055 ], [ 92.321769715000187, 24.05866050700007 ], [ 92.319091797000112, 24.061279297 ], [ 92.318801881000127, 24.062021256000037 ], [ 92.316886901000089, 24.066898345000084 ], [ 92.318237304000036, 24.069044113000132 ], [ 92.318283081000175, 24.069124222000141 ], [ 92.319274903000178, 24.069519043000184 ], [ 92.321289062000119, 24.068481446000021 ], [ 92.323303222000163, 24.069702149000079 ], [ 92.322937012000011, 24.071800232000044 ], [ 92.322921754, 24.071874618000152 ], [ 92.32369232200017, 24.073263168000096 ], [ 92.32727050800014, 24.074523925000051 ], [ 92.327087402000075, 24.076477050999983 ], [ 92.322875977000024, 24.076959609000141 ], [ 92.32284546000011, 24.077266693000126 ], [ 92.322822571000074, 24.077480316000162 ], [ 92.328056335000042, 24.080627441000047 ], [ 92.328140258000133, 24.0806808480001 ], [ 92.329048156000113, 24.082256317000144 ], [ 92.3281173700002, 24.085020066000141 ], [ 92.328140258000133, 24.085155488000169 ], [ 92.32878112800006, 24.089120864000165 ], [ 92.327949524000189, 24.093702316000133 ], [ 92.330146790000072, 24.096023560000162 ], [ 92.330276489000084, 24.096153259000175 ], [ 92.33068084700011, 24.096973419000165 ], [ 92.331428527000185, 24.098745347000033 ], [ 92.328346253000063, 24.098598480000078 ], [ 92.329673768000191, 24.101093292000087 ], [ 92.329681396000126, 24.101324081000087 ], [ 92.329505920000145, 24.102930069000081 ], [ 92.332275390000177, 24.105285644000048 ], [ 92.332290650000175, 24.106809615000088 ], [ 92.332290650000175, 24.106887816999972 ], [ 92.329376221000189, 24.110366822000174 ], [ 92.331886291000046, 24.111761092000052 ], [ 92.331871033000198, 24.111873627000023 ], [ 92.331741332000036, 24.113145829000132 ], [ 92.328674316000104, 24.115905762000182 ], [ 92.328323364000198, 24.124683380000079 ], [ 92.331016541000167, 24.127990723000096 ], [ 92.331115723000039, 24.128112793000071 ], [ 92.328880310000102, 24.129646301000093 ], [ 92.32878112800006, 24.12972068900001 ], [ 92.329216004000159, 24.131626130000029 ], [ 92.328163147000168, 24.135169984000186 ], [ 92.328300476000095, 24.138620376000176 ], [ 92.329284667000081, 24.139892578000115 ], [ 92.332275390000177, 24.140502929000093 ], [ 92.332275390000177, 24.144029617 ], [ 92.332969665000121, 24.144193649999977 ], [ 92.333534241000109, 24.144268036000142 ], [ 92.33367920000012, 24.144287109000174 ], [ 92.33532714800009, 24.143676758000026 ], [ 92.336273194000171, 24.144323348000057 ], [ 92.336883545000148, 24.146778108000149 ], [ 92.336914062000119, 24.146911622000175 ], [ 92.334472657000163, 24.150878906000173 ], [ 92.331909180000082, 24.163696289000086 ], [ 92.32946777300009, 24.164520264000146 ], [ 92.32855987500011, 24.166112899000041 ], [ 92.329933167000092, 24.174650192000058 ], [ 92.330024719, 24.180049897000174 ], [ 92.330024719, 24.180137634000062 ], [ 92.33087158100011, 24.182128907000049 ], [ 92.330406189000144, 24.184831619000192 ], [ 92.327087402000075, 24.186096191000047 ], [ 92.329582214000084, 24.188188553000145 ], [ 92.329711914000143, 24.188293458000032 ], [ 92.328910827000016, 24.189111709000144 ], [ 92.329490662000126, 24.191141129000187 ], [ 92.32476043700018, 24.194761277000055 ], [ 92.324707032000106, 24.196289063000165 ], [ 92.325576783000031, 24.19753646900017 ], [ 92.32510376100015, 24.198999405000052 ], [ 92.325065612000117, 24.199083329000075 ], [ 92.320312499000067, 24.202697754000098 ], [ 92.320312499000067, 24.204309464 ], [ 92.324806214000148, 24.204704285000105 ], [ 92.324890136000192, 24.204711915000189 ], [ 92.324707032000106, 24.205871582000157 ], [ 92.319091797000112, 24.209106446000078 ], [ 92.316101074000187, 24.213317871000129 ], [ 92.312652588000162, 24.211097717000087 ], [ 92.30974578900009, 24.214799880999976 ], [ 92.309669495000151, 24.216121675000124 ], [ 92.313598632000094, 24.221130372 ], [ 92.313751221000189, 24.2228832240001 ], [ 92.310836792000032, 24.222539901 ], [ 92.303535461000138, 24.221635818000095 ], [ 92.303421020000144, 24.221652984000116 ], [ 92.300880431000166, 24.222040177000054 ], [ 92.301139831000171, 24.22448158200018 ], [ 92.301879883000083, 24.225097656000173 ], [ 92.301055909000127, 24.225534439000171 ], [ 92.297698974000127, 24.227317810000045 ], [ 92.29920959500015, 24.229341507000072 ], [ 92.29931640500007, 24.229492187000062 ], [ 92.299468995000097, 24.231620789000146 ], [ 92.296325683000077, 24.233886720000157 ], [ 92.296325683000077, 24.236083985000164 ], [ 92.296875001000046, 24.238098144999981 ], [ 92.294921874000181, 24.240722656000173 ], [ 92.294128417000195, 24.244323731000122 ], [ 92.295318603000055, 24.248069764000036 ], [ 92.297096253000063, 24.249540329000126 ], [ 92.296684264000191, 24.251741409000147 ], [ 92.303497314000083, 24.252691269000024 ], [ 92.310501099000021, 24.251348496000048 ], [ 92.314071656000124, 24.252601624000192 ], [ 92.376525878000052, 24.251310349 ], [ 92.395706177000136, 24.25252914400005 ], [ 92.406837463000102, 24.251939773000061 ], [ 92.416450500999986, 24.253429413 ], [ 92.422378539000022, 24.253110886000059 ], [ 92.422531129000049, 24.248170852000044 ], [ 92.420051575000059, 24.235202789000084 ], [ 92.418518066000104, 24.221649169000045 ], [ 92.420181274000072, 24.217889785000011 ], [ 92.418220519000101, 24.210910798000157 ], [ 92.419715882000105, 24.202470780000112 ], [ 92.418975830000136, 24.19436073300011 ], [ 92.422149658000194, 24.188529969000115 ], [ 92.433212280000191, 24.183269501000098 ], [ 92.434196473000156, 24.181381225000166 ], [ 92.434455872000058, 24.174140930000192 ], [ 92.437751770000091, 24.170499802 ], [ 92.438140870000097, 24.169130326000015 ], [ 92.435226441000111, 24.16257858299997 ], [ 92.436569214000087, 24.152429581000149 ], [ 92.437431335000099, 24.151350022000088 ], [ 92.43875884900018, 24.151250840000046 ], [ 92.441825865999988, 24.152851105000025 ], [ 92.443885802000125, 24.153099059999988 ], [ 92.450630188000162, 24.143690108999976 ], [ 92.45722198500016, 24.143501282000102 ], [ 92.463066100999981, 24.13636970500005 ], [ 92.464836121000076, 24.136631013000169 ], [ 92.465972900000054, 24.134750367000152 ], [ 92.466827392000084, 24.135040283000023 ], [ 92.468589782000038, 24.138000489000149 ], [ 92.473350525000058, 24.139961244000119 ], [ 92.473320007000041, 24.142030716000079 ], [ 92.474822999000196, 24.142910004000044 ], [ 92.47960662800017, 24.140899658000137 ], [ 92.480873108000139, 24.141321182000183 ], [ 92.481498717000136, 24.142940521000128 ], [ 92.478752136000139, 24.148710251000068 ], [ 92.480628965999983, 24.150110244000132 ], [ 92.48065948500016, 24.152299882000136 ], [ 92.482933044000049, 24.152719499000114 ], [ 92.483558654000092, 24.153930664000086 ], [ 92.481185913000161, 24.157079696000039 ], [ 92.482643128000063, 24.157091141000024 ], [ 92.483963013000107, 24.158140183000114 ], [ 92.484901429000104, 24.159309388000111 ], [ 92.484939576000158, 24.161380768000072 ], [ 92.485862732000157, 24.162200928000118 ], [ 92.4880828860002, 24.162218094000082 ], [ 92.494758606000062, 24.159940720000122 ], [ 92.500137328000164, 24.160520554000129 ], [ 92.502456664000192, 24.162111282000126 ], [ 92.503257752000025, 24.166669845000115 ], [ 92.504882813000108, 24.167310715000042 ], [ 92.506782531999988, 24.166820527000141 ], [ 92.509536743000069, 24.16288948100015 ], [ 92.512832643000081, 24.16257858299997 ], [ 92.51200103900004, 24.164819718000047 ], [ 92.508636474000127, 24.16920089700011 ], [ 92.513732910000101, 24.169260024000096 ], [ 92.514793397000176, 24.170200348000094 ], [ 92.513572693000071, 24.173580169000047 ], [ 92.51512909000013, 24.175487518000068 ], [ 92.51759338300019, 24.176210405000063 ], [ 92.521759034000183, 24.172929764000173 ], [ 92.525398253999981, 24.172929764000173 ], [ 92.529663086000085, 24.174800874000084 ], [ 92.529907226000034, 24.176410674000067 ], [ 92.531517028000167, 24.177419662000034 ], [ 92.532890320000149, 24.18053054700016 ], [ 92.533462524000015, 24.180831909 ], [ 92.531478882000044, 24.183460237000077 ], [ 92.53781890900018, 24.196470261000059 ], [ 92.536399842000094, 24.199899675000097 ], [ 92.53726959300019, 24.201931 ], [ 92.541473390000078, 24.206228256000145 ], [ 92.542427062000115, 24.210620880000192 ], [ 92.542236328000172, 24.214178086000175 ], [ 92.545745850000117, 24.219900132000191 ], [ 92.547386169000049, 24.224409103000141 ], [ 92.547782898000094, 24.231889724000098 ], [ 92.546936035999977, 24.234760284000117 ], [ 92.547096253, 24.237699509000038 ], [ 92.548828125000171, 24.243230820000065 ], [ 92.550636292000092, 24.2458992 ], [ 92.558937073000095, 24.247890473000041 ], [ 92.56455993700007, 24.250089646000163 ], [ 92.581840514000191, 24.245359420000113 ], [ 92.588012696000192, 24.244861604000164 ], [ 92.591400147000058, 24.245981217000121 ], [ 92.593566894, 24.248588562000123 ], [ 92.595962523000082, 24.249309540000127 ], [ 92.605957031000116, 24.249200820000169 ], [ 92.607955933000142, 24.25008010900018 ], [ 92.611587525000061, 24.253349304000039 ], [ 92.613082886000086, 24.255838394000136 ], [ 92.61550903400007, 24.263620376000063 ], [ 92.615768434000017, 24.27053070200003 ], [ 92.616821288000097, 24.275310516000104 ], [ 92.619041442000139, 24.281320573000073 ], [ 92.619400024000129, 24.286779404000129 ], [ 92.619056703000069, 24.287870407000071 ], [ 92.617233277000196, 24.289060593000102 ], [ 92.616783142000145, 24.291231155000105 ], [ 92.618309020000083, 24.299709320000034 ], [ 92.618026734000182, 24.30435943700013 ], [ 92.619636535000097, 24.308460237000133 ], [ 92.619438171000184, 24.311508180000146 ], [ 92.623100280000074, 24.320289611000135 ], [ 92.62335205100004, 24.33077049200017 ], [ 92.624282838, 24.332651138000188 ], [ 92.626167298000155, 24.334472656000059 ], [ 92.630638123000153, 24.333370209000066 ], [ 92.635902405000138, 24.335741043000155 ], [ 92.637718200000052, 24.335519790000035 ], [ 92.638236999000071, 24.334430694000162 ], [ 92.636543275000065, 24.334238052000046 ], [ 92.636688232000097, 24.332691192000141 ], [ 92.639259339000091, 24.331750871000054 ], [ 92.639839172, 24.329730988000165 ], [ 92.640991211000198, 24.32871055600009 ], [ 92.645011902000078, 24.327671052000085 ], [ 92.645942688000162, 24.329231263000111 ], [ 92.645248413000047, 24.33180999800004 ], [ 92.649040223000043, 24.328750610000043 ], [ 92.649780272999976, 24.329221725000025 ], [ 92.649398804000157, 24.330820085000141 ], [ 92.651840209000113, 24.330339432000073 ], [ 92.652038574000073, 24.332860948000132 ], [ 92.652397155000187, 24.335290909000037 ], [ 92.656455993000066, 24.339120866000087 ], [ 92.657592774000079, 24.341550827000162 ], [ 92.65751648000014, 24.343509674000131 ], [ 92.658470155000089, 24.343460082000149 ], [ 92.660720825000169, 24.345149994000167 ], [ 92.66224670400004, 24.343439103000094 ], [ 92.663230895000197, 24.34379959100005 ], [ 92.664108276000036, 24.346740723000039 ], [ 92.665252685000155, 24.345211029000154 ], [ 92.666999817000089, 24.345609665000097 ], [ 92.674781799000073, 24.349800109000057 ], [ 92.679641724000078, 24.347780227000101 ], [ 92.683799744000055, 24.347480772999972 ], [ 92.684020997000175, 24.349889756000096 ], [ 92.687995911000087, 24.352010728000096 ], [ 92.690666199000191, 24.354801178000059 ], [ 92.69167327800011, 24.356420517000174 ], [ 92.691772460000152, 24.362169266000024 ], [ 92.693916321000188, 24.363630295000064 ], [ 92.694206237000174, 24.36495971700009 ], [ 92.693252564000034, 24.367820741000173 ], [ 92.69500732400013, 24.369569778000027 ], [ 92.696876527000143, 24.374000550000176 ], [ 92.698272705000193, 24.374961853000059 ], [ 92.702407836000134, 24.375232696000182 ], [ 92.7041091910001, 24.376220702000012 ], [ 92.703437805000192, 24.383800507000046 ], [ 92.707450867000034, 24.38701057500009 ], [ 92.707420349000188, 24.39241027800017 ], [ 92.714218140000128, 24.405321121000043 ], [ 92.714126588000056, 24.407779694000169 ], [ 92.715087890000177, 24.408769607000067 ], [ 92.714202881000062, 24.41036987300015 ], [ 92.714118957000039, 24.412960053000063 ], [ 92.715118409000127, 24.414520264000089 ], [ 92.71813964800009, 24.41621971100011 ], [ 92.723762512000064, 24.435949326000184 ], [ 92.730537414000196, 24.452751161000094 ], [ 92.743606567000199, 24.474628449000136 ], [ 92.748840332000043, 24.488540650000061 ], [ 92.750778197999978, 24.491491318000101 ], [ 92.751327514000138, 24.494369506000055 ], [ 92.754501342000196, 24.501119615000164 ], [ 92.753646850000052, 24.507041932000163 ], [ 92.759185792000039, 24.511760711000079 ], [ 92.764511109000182, 24.518831252000041 ], [ 92.765197754000098, 24.520849229000135 ], [ 92.779136657000095, 24.486499787000014 ], [ 92.782226562000062, 24.474800109000114 ], [ 92.784378052000079, 24.471202850000111 ], [ 92.786247253000113, 24.463739396000051 ], [ 92.789878845000032, 24.456079484000043 ], [ 92.793907166000167, 24.444040298000118 ], [ 92.797782898000037, 24.434709550000093 ], [ 92.800315857000101, 24.431970597000031 ], [ 92.802848815000061, 24.427280427000085 ], [ 92.804252624000128, 24.422990799000104 ], [ 92.803817748000199, 24.421722412000065 ], [ 92.800048829000048, 24.421461105 ], [ 92.800796509000065, 24.419050217000176 ], [ 92.803703308000138, 24.418790817000058 ], [ 92.807159425, 24.419862747000082 ], [ 92.809486389000199, 24.419300081000074 ], [ 92.808876038000051, 24.416891098000178 ], [ 92.80944061200006, 24.41523170500011 ], [ 92.811401366000098, 24.41537284900005 ], [ 92.81114959700011, 24.41364288300008 ], [ 92.816452025000103, 24.412250518000064 ], [ 92.8183288580002, 24.412729263000131 ], [ 92.821128845000146, 24.406780244000061 ], [ 92.824790954000036, 24.404180527000165 ], [ 92.830329895000091, 24.401750566000089 ], [ 92.831367492000084, 24.40050125200014 ], [ 92.831672668000124, 24.399341583000023 ], [ 92.826599121000186, 24.39355278000005 ], [ 92.825042725000174, 24.39049148600003 ], [ 92.825416565000182, 24.388429642000176 ], [ 92.828262329000097, 24.385578156000122 ], [ 92.828163147000055, 24.37931060700015 ], [ 92.828987122000115, 24.377769470000089 ], [ 92.832702637000125, 24.376369476999969 ], [ 92.839622498000097, 24.380800247000138 ], [ 92.844276429000161, 24.379869461000055 ], [ 92.846908570000039, 24.382299424000109 ], [ 92.849090577000197, 24.386131287000183 ], [ 92.851646424000194, 24.392370224000047 ], [ 92.854476928999986, 24.394001007999975 ], [ 92.859062194000046, 24.398410797000111 ], [ 92.862899779000031, 24.399499893000154 ], [ 92.871788026000161, 24.397050858000114 ], [ 92.873863220000089, 24.397251130000143 ], [ 92.878196716000161, 24.398889542000177 ], [ 92.884246827000084, 24.403039932000013 ], [ 92.888008118000187, 24.401630403000013 ], [ 92.890777588000162, 24.402290344 ], [ 92.891731263000111, 24.401790620000043 ], [ 92.894386292000149, 24.395309448999967 ], [ 92.896362305000139, 24.394300462000103 ], [ 92.900978088000045, 24.393430711000178 ], [ 92.905166625000106, 24.394451141000047 ], [ 92.905876160000105, 24.395370484000182 ], [ 92.905731201000094, 24.399059295000086 ], [ 92.909309387000064, 24.403169632000129 ], [ 92.911537171000191, 24.412900926000077 ], [ 92.923393249000071, 24.405719757000156 ], [ 92.922599792000028, 24.40415954600013 ], [ 92.923660279000103, 24.402610779000156 ], [ 92.925376892000145, 24.402219773000127 ], [ 92.927650451000034, 24.39862823500016 ], [ 92.93570709300019, 24.395540237000091 ], [ 92.937736511000026, 24.396709442000088 ], [ 92.938552857000104, 24.399021148000031 ], [ 92.940551758000197, 24.40105056800013 ], [ 92.944152832000043, 24.401832580000132 ], [ 92.951248169000166, 24.404830932999971 ], [ 92.953887940000129, 24.404621125000062 ], [ 92.954696656000124, 24.403881073000093 ], [ 92.958137512000064, 24.398050308 ], [ 92.960327149000136, 24.39588165300006 ], [ 92.970832824000126, 24.401212693000105 ], [ 92.975646972000163, 24.407760620000033 ], [ 92.980262756000172, 24.409690858000033 ], [ 92.985427856000115, 24.407560348000118 ], [ 92.988327027000139, 24.407649994999986 ], [ 92.991920470000139, 24.405492784000103 ], [ 92.995346070000096, 24.401950835999969 ], [ 92.998046875000171, 24.401571275000094 ], [ 93.000495912000019, 24.403270722000116 ], [ 93.024353027000188, 24.390470505000167 ], [ 93.017097471999989, 24.379961015000163 ], [ 93.022087096, 24.374219896000056 ], [ 93.020111084000121, 24.365972519000024 ], [ 93.019332885000154, 24.358848573000159 ], [ 93.021568299000194, 24.346820832 ], [ 93.031761169000106, 24.34449005100015 ], [ 93.043373108000139, 24.343389511000055 ], [ 93.035232544, 24.318399430000113 ], [ 93.023918152000192, 24.300741195000057 ], [ 93.018218995000154, 24.29315948500016 ], [ 93.011077880000016, 24.288080214999979 ], [ 93.008216858000083, 24.280479431000117 ], [ 93.013916016000053, 24.271669388000078 ], [ 93.006736755000134, 24.262790679999966 ], [ 93.006706238000163, 24.25395965600012 ], [ 93.018035889000089, 24.236370086000079 ], [ 93.026588440000126, 24.232631684000069 ], [ 93.019409180000139, 24.228849411000169 ], [ 93.019401550000055, 24.225088120000123 ], [ 93.023681641000053, 24.217569351000179 ], [ 93.022293091000108, 24.210060121000026 ], [ 93.017997742000091, 24.207548141000018 ], [ 93.016616822, 24.200031281000179 ], [ 93.012367248000146, 24.197540284000013 ], [ 93.003036499000189, 24.197521211000151 ], [ 93.003097534000176, 24.194311143000107 ], [ 93.010917662999987, 24.182212829000036 ], [ 93.003311156000109, 24.174049378000063 ], [ 93.005500794000056, 24.163211823000154 ], [ 93.005447389000039, 24.160610199000189 ], [ 93.000671387000068, 24.156730652000078 ], [ 92.993080139000085, 24.153179168000065 ], [ 92.991127015000131, 24.150329590000183 ], [ 92.990921021000133, 24.146869660000107 ], [ 92.992866517000039, 24.1403903960001 ], [ 92.989410400000111, 24.131780625000147 ], [ 92.986068726000042, 24.128879547000054 ], [ 92.977561950000165, 24.126390458000117 ], [ 92.973602294000102, 24.123880387000156 ], [ 92.974868774000072, 24.117019654000103 ], [ 92.976379394, 24.114820481000152 ], [ 92.984779358000139, 24.114820481000152 ], [ 92.989295960000106, 24.116331101000071 ], [ 92.996421814000087, 24.116729737000014 ], [ 93.00068664600019, 24.115192413000045 ], [ 93.009681702000137, 24.109952927000109 ], [ 93.014106750000167, 24.104530336000039 ], [ 93.021492003000105, 24.101451874000077 ], [ 93.027297973000145, 24.103639602000101 ], [ 93.030296326000155, 24.100830078000172 ], [ 93.034698487000128, 24.09924125800012 ], [ 93.037696838000159, 24.095180513000173 ], [ 93.053688049000186, 24.090690613000106 ], [ 93.065193176000093, 24.094270704999985 ], [ 93.073776246000023, 24.100490569000044 ], [ 93.079490661000079, 24.102970123000034 ], [ 93.085227967000151, 24.090351104000149 ], [ 93.08950805600017, 24.08405113200007 ], [ 93.095207215000187, 24.080280303999984 ], [ 93.102348327000072, 24.074010849000047 ], [ 93.100906372, 24.066450119000081 ], [ 93.102340699000138, 24.062692643000048 ], [ 93.100929261000033, 24.056390763000024 ], [ 93.103767396000137, 24.052629471000046 ], [ 93.099510194000118, 24.048839569000165 ], [ 93.100921630000016, 24.045089723000046 ], [ 93.106628418000071, 24.048860550000029 ], [ 93.110877992000155, 24.050149918000102 ], [ 93.112312317000089, 24.055191041000057 ], [ 93.119407654000156, 24.056472779000046 ], [ 93.120819092000033, 24.060260774000028 ], [ 93.12937164300007, 24.06408119300005 ], [ 93.135078431000068, 24.072919845 ], [ 93.135086059000173, 24.079210282000133 ], [ 93.142196655000191, 24.08678817700013 ], [ 93.147911072000056, 24.08809089600004 ], [ 93.158462524000186, 24.083818435000069 ], [ 93.161315918000184, 24.077560425000115 ], [ 93.169876099000135, 24.075061798000036 ], [ 93.16986846900005, 24.071279525000023 ], [ 93.166976928000167, 24.061218261000135 ], [ 93.16983795200008, 24.05495262300002 ], [ 93.175521851000099, 24.05369949400017 ], [ 93.178382873000032, 24.054096223000045 ], [ 93.194007874000079, 24.056270600000119 ] ] ] ] } }
]
}
