{
"type": "FeatureCollection",
"name": "Tripura",
"crs": { "type": "name", "properties": { "name": "urn:ogc:def:crs:OGC:1.3:CRS84" } },
"features": [
{ "type": "Feature", "properties": { "GID_1": "IND.33_1", "GID_0": "IND", "COUNTRY": "India", "NAME_1": "Tripura", "VARNAME_1": "NA", "NL_NAME_1": "NA", "TYPE_1": "State", "ENGTYPE_1": "State", "CC_1": "NA", "HASC_1": "IN.TR", "ISO_1": "IN-TR" }, "geometry": { "type": "MultiPolygon", "coordinates": [ [ [ [ 91.389618, 23.177336 ], [ 91.389549331000183, 23.177397733000134 ], [ 91.38951892800003, 23.177425141000072 ], [ 91.389513280000131, 23.177435909000053 ], [ 91.389465001000133, 23.177527999000063 ], [ 91.389347888000088, 23.177676587000121 ], [ 91.389304999000046, 23.177731 ], [ 91.389260350000143, 23.177796848000185 ], [ 91.389206000000115, 23.177877 ], [ 91.389137, 23.177949999000134 ], [ 91.389076000000159, 23.178096999000047 ], [ 91.389035431000082, 23.178174448000163 ], [ 91.388977050000165, 23.178285598000116 ], [ 91.388948089000166, 23.178336278000074 ], [ 91.388885001000119, 23.178446 ], [ 91.388855001000081, 23.178576998999972 ], [ 91.388809, 23.178680001000146 ], [ 91.388750576000064, 23.178801342000156 ], [ 91.388718, 23.178869 ], [ 91.388671999000053, 23.179014000000166 ], [ 91.388663212000154, 23.179034060000049 ], [ 91.388626, 23.179119000000185 ], [ 91.388640999000131, 23.179308001000095 ], [ 91.388771001000066, 23.179393999000069 ], [ 91.38884987900019, 23.179427805000046 ], [ 91.388863776000051, 23.17940969600005 ], [ 91.38983052500015, 23.177173099000186 ], [ 91.389687, 23.177263001000142 ], [ 91.389618, 23.177336 ] ] ], [ [ [ 91.371468, 23.069653999000025 ], [ 91.371204589000058, 23.069802768000159 ], [ 91.370780945000149, 23.070041656 ], [ 91.370593621000125, 23.070136098000035 ], [ 91.370323, 23.070272 ], [ 91.3697200000002, 23.070522000000153 ], [ 91.369362, 23.071077 ], [ 91.369240000000104, 23.071263000000158 ], [ 91.369015157000092, 23.071606776000181 ], [ 91.368583679000096, 23.072265625000114 ], [ 91.368049622000058, 23.073080063000134 ], [ 91.36773681699998, 23.073551178000116 ], [ 91.367147005000049, 23.074416662000147 ], [ 91.366683266000109, 23.075097098000128 ], [ 91.366567, 23.075271000000157 ], [ 91.36633699700019, 23.075615590000041 ], [ 91.366012574000081, 23.076101304000133 ], [ 91.364974975000109, 23.077615738000191 ], [ 91.364501953000058, 23.078311921000136 ], [ 91.364478293000047, 23.078346872999987 ], [ 91.364364, 23.078515000000152 ], [ 91.363910154, 23.079185647000145 ], [ 91.3636130000001, 23.079622 ], [ 91.363563602000113, 23.079694591000134 ], [ 91.363449096000068, 23.079862596000112 ], [ 91.362815856000054, 23.080778121000094 ], [ 91.362680935000185, 23.080976287000169 ], [ 91.36244, 23.08133 ], [ 91.362022, 23.081944000000192 ], [ 91.360579810000161, 23.084044279000125 ], [ 91.36039554700011, 23.084313697000084 ], [ 91.359298999000146, 23.085917001000041 ], [ 91.358353000000136, 23.087317000000155 ], [ 91.358109000000184, 23.087784 ], [ 91.357722000000138, 23.088351 ], [ 91.357498, 23.088680000000124 ], [ 91.356964000000119, 23.08946200000014 ], [ 91.356262000000129, 23.090551000000175 ], [ 91.355778, 23.09125900000015 ], [ 91.35532400000011, 23.091925000000174 ], [ 91.354607000000158, 23.092985000000169 ], [ 91.353987687000142, 23.09391593099997 ], [ 91.353762, 23.094248 ], [ 91.353462, 23.094690000000185 ], [ 91.353214117999983, 23.095060218000071 ], [ 91.352843999000186, 23.095613000000185 ], [ 91.352343875000031, 23.096350954000116 ], [ 91.352333068000121, 23.096366881999984 ], [ 91.351432800000055, 23.097702027000082 ], [ 91.350097656000059, 23.099124908000135 ], [ 91.348854065000126, 23.100450516000024 ], [ 91.348388673000159, 23.100948334000179 ], [ 91.348354779000033, 23.100983970000129 ], [ 91.347313, 23.102079000000117 ], [ 91.347258000000124, 23.102132 ], [ 91.347207115000117, 23.102182264000135 ], [ 91.347175598000035, 23.102212906000034 ], [ 91.347041536000177, 23.102340068000046 ], [ 91.346976, 23.102402 ], [ 91.346916, 23.102459000000124 ], [ 91.346934000000147, 23.103047000000117 ], [ 91.346944072999975, 23.103371841000069 ], [ 91.346969604000094, 23.104207992000056 ], [ 91.346980114000075, 23.104586371000039 ], [ 91.346992000000171, 23.10503100000011 ], [ 91.347, 23.105307 ], [ 91.347038, 23.106716000000119 ], [ 91.347076000000186, 23.107866 ], [ 91.347099000000128, 23.10854 ], [ 91.347105770000155, 23.108764271000041 ], [ 91.347114999000098, 23.109069999000099 ], [ 91.34713, 23.109497001000079 ], [ 91.347140000000138, 23.109744000000148 ], [ 91.347159995000084, 23.110225879000154 ], [ 91.347160531000156, 23.110247940000136 ], [ 91.347183000000143, 23.111177 ], [ 91.347169, 23.11180000000013 ], [ 91.347168000000124, 23.111856000000103 ], [ 91.347191, 23.112873 ], [ 91.347260000000119, 23.114183 ], [ 91.347298, 23.115551000000153 ], [ 91.347435000000189, 23.116743000000156 ], [ 91.347449937000135, 23.116881404000083 ], [ 91.347427, 23.117149 ], [ 91.347501658000056, 23.118113051000137 ], [ 91.347564697, 23.118930817000091 ], [ 91.3472900390002, 23.118886947000192 ], [ 91.346786500000178, 23.118808746000013 ], [ 91.345581054000093, 23.118600846000049 ], [ 91.345120732000055, 23.118520765000085 ], [ 91.344101, 23.118343 ], [ 91.343876010000088, 23.118304880000096 ], [ 91.342773000000136, 23.118118 ], [ 91.342762295000057, 23.118116231000045 ], [ 91.341804854000145, 23.117958636000026 ], [ 91.34174374600002, 23.118222935000119 ], [ 91.341682000000105, 23.118490000000122 ], [ 91.341690000000199, 23.119549000000177 ], [ 91.341690000000199, 23.120377000000133 ], [ 91.341691000000139, 23.120637000000158 ], [ 91.341695059000187, 23.121334493 ], [ 91.341697692000139, 23.121839523000062 ], [ 91.341699273000188, 23.122195087000023 ], [ 91.341701, 23.122677000000181 ], [ 91.341705, 23.123556 ], [ 91.341727999000057, 23.124943068000107 ], [ 91.341715813000121, 23.125725417000069 ], [ 91.341712952000137, 23.125905991000081 ], [ 91.341709884000068, 23.126080512000044 ], [ 91.341682000000105, 23.127642 ], [ 91.341671, 23.128247 ], [ 91.341666036, 23.128539430000103 ], [ 91.341659545000084, 23.128894806 ], [ 91.341334627000037, 23.129055802000039 ], [ 91.341142000000161, 23.129151 ], [ 91.340813000000139, 23.129314 ], [ 91.340187000000185, 23.129624000000149 ], [ 91.3393432310001, 23.130041932000097 ], [ 91.339330220000193, 23.130048378000083 ], [ 91.33874800000018, 23.130337000000168 ], [ 91.338234, 23.130592 ], [ 91.33727387600004, 23.131070882000131 ], [ 91.337013000000127, 23.131201 ], [ 91.336903, 23.131761 ], [ 91.336867825000127, 23.13194047200011 ], [ 91.336814880000077, 23.132209779000107 ], [ 91.336689044000138, 23.132837535000192 ], [ 91.33648317300009, 23.133863216000066 ], [ 91.336479000000168, 23.133884 ], [ 91.336246, 23.135231 ], [ 91.336190081000154, 23.135554822000074 ], [ 91.336135864000198, 23.135868073000097 ], [ 91.336032645000103, 23.136449716000186 ], [ 91.335754, 23.138018000000102 ], [ 91.335550763000185, 23.139157327000135 ], [ 91.335517882000033, 23.139341355000113 ], [ 91.335244674000194, 23.140628857000024 ], [ 91.335060000000169, 23.141499000000181 ], [ 91.33497100000011, 23.142135 ], [ 91.3348313300001, 23.143138743000065 ], [ 91.3347778320001, 23.143522264000069 ], [ 91.334510803000114, 23.144985200000121 ], [ 91.334289550000051, 23.146175385000106 ], [ 91.334243775000061, 23.146406174000106 ], [ 91.334098816000051, 23.14713668800016 ], [ 91.333831788000168, 23.148666382000101 ], [ 91.333782817000099, 23.148942315000113 ], [ 91.333632999000145, 23.149783999000078 ], [ 91.333526521000067, 23.150364032000027 ], [ 91.333480834000113, 23.15061187800012 ], [ 91.333297730000197, 23.151664735000111 ], [ 91.333053588999974, 23.153017043999967 ], [ 91.332829013000094, 23.153148632000068 ], [ 91.332331000000181, 23.15344000000016 ], [ 91.331588140000179, 23.153875460000165 ], [ 91.331019012000127, 23.154179640000109 ], [ 91.330413818000181, 23.154502868000179 ], [ 91.32901001, 23.155250549000129 ], [ 91.328109740000116, 23.155723573000046 ], [ 91.327201843000068, 23.156192780000026 ], [ 91.326095581000175, 23.156824112000038 ], [ 91.326035352000076, 23.156854324000051 ], [ 91.325812, 23.156966 ], [ 91.324920999000142, 23.15741299900003 ], [ 91.323317999000039, 23.15822 ], [ 91.323722564000036, 23.159136087000093 ], [ 91.324134826000034, 23.160070419000135 ], [ 91.324195862000124, 23.161399842000094 ], [ 91.324264527000196, 23.162664413000186 ], [ 91.324288828000192, 23.163051211000038 ], [ 91.324293000000182, 23.163119 ], [ 91.324310000000139, 23.163393000000156 ], [ 91.324316000000124, 23.163493 ], [ 91.324321322, 23.163570705000041 ], [ 91.324325562000183, 23.163639069000169 ], [ 91.324350885000058, 23.164030529000058 ], [ 91.324370985000144, 23.164346764000015 ], [ 91.324455, 23.165646 ], [ 91.324539, 23.166882 ], [ 91.324556824000126, 23.16714112000011 ], [ 91.324592590000066, 23.167667390000133 ], [ 91.324668884000175, 23.168775559000096 ], [ 91.32463073700012, 23.16971778900006 ], [ 91.324592590000066, 23.171363831 ], [ 91.324575650000099, 23.171924976000184 ], [ 91.324566000000175, 23.172237 ], [ 91.324562, 23.172375000000102 ], [ 91.324543, 23.173046 ], [ 91.324534288000052, 23.173355511000125 ], [ 91.324523925000165, 23.173721314000147 ], [ 91.324522202000139, 23.173766085000182 ], [ 91.32451, 23.174072 ], [ 91.324432000000115, 23.176100000000133 ], [ 91.324394000000154, 23.177145 ], [ 91.324364000000173, 23.177992000000188 ], [ 91.324345, 23.178512 ], [ 91.324333, 23.17885200000012 ], [ 91.324302503000126, 23.179942907000054 ], [ 91.324272, 23.181034000000182 ], [ 91.324188000000163, 23.183369 ], [ 91.324164534000033, 23.183988788000192 ], [ 91.324119993000124, 23.185165209000104 ], [ 91.32408180200008, 23.186244439000063 ], [ 91.324066, 23.186690999000064 ], [ 91.324035571000081, 23.187508580000099 ], [ 91.324005000000113, 23.18833 ], [ 91.323944, 23.190176000000179 ], [ 91.323928791000128, 23.190544192000118 ], [ 91.323853000000156, 23.192379 ], [ 91.323843, 23.193782000000112 ], [ 91.323837297000011, 23.194586123000136 ], [ 91.32383699899998, 23.194628001000069 ], [ 91.323825651000107, 23.195492002000037 ], [ 91.32381398900003, 23.196380068000167 ], [ 91.323809620000134, 23.196781963000092 ], [ 91.323806763000164, 23.197023391000187 ], [ 91.323768616000109, 23.198556900000142 ], [ 91.323745728000176, 23.199335099000166 ], [ 91.323722839000141, 23.200963973000114 ], [ 91.323719508000124, 23.201297957000179 ], [ 91.32371499900006, 23.201729 ], [ 91.323738, 23.203365 ], [ 91.32374, 23.203720000000146 ], [ 91.323745940000038, 23.20470802300008 ], [ 91.323708, 23.205629000000158 ], [ 91.323718, 23.206472 ], [ 91.323730000000126, 23.207407 ], [ 91.323730000000126, 23.208498 ], [ 91.323738, 23.210016 ], [ 91.32374, 23.210322000000133 ], [ 91.3237459300002, 23.211180796000178 ], [ 91.323746000000199, 23.211191 ], [ 91.323749, 23.21139 ], [ 91.323753, 23.211647 ], [ 91.323753, 23.211872000000142 ], [ 91.323753, 23.213314 ], [ 91.323730381000075, 23.214655384000025 ], [ 91.323730000000126, 23.21467799900006 ], [ 91.32371499900006, 23.215793999000027 ], [ 91.323702672000195, 23.216947007000044 ], [ 91.323700000000144, 23.217197 ], [ 91.323684999000022, 23.218142999000065 ], [ 91.323673310000061, 23.218850997000175 ], [ 91.323662000000184, 23.219536000000119 ], [ 91.323661983000079, 23.220271378 ], [ 91.323657763000085, 23.221069164000141 ], [ 91.323653973000148, 23.221786162000114 ], [ 91.323652, 23.222160000000144 ], [ 91.323651313000084, 23.222297165000043 ], [ 91.323646546000134, 23.223157883 ], [ 91.323617927000157, 23.22498588000019 ], [ 91.323616000000129, 23.225107 ], [ 91.323616000000129, 23.226082000000133 ], [ 91.323611966000101, 23.226476275000152 ], [ 91.323608000000149, 23.226864000000148 ], [ 91.323608000000149, 23.228174 ], [ 91.323616000000129, 23.228537000000188 ], [ 91.323608000000149, 23.230017 ], [ 91.323603586000161, 23.230821515000116 ], [ 91.32360100000011, 23.231293000000164 ], [ 91.323600795000175, 23.231337592000102 ], [ 91.323595977000139, 23.232377952000036 ], [ 91.323592999000084, 23.233021001000054 ], [ 91.323592996000173, 23.234741910000082 ], [ 91.323591000000192, 23.235153000000139 ], [ 91.323588604000122, 23.235846746000163 ], [ 91.323585511000147, 23.236600876000011 ], [ 91.323585511000147, 23.237010957000109 ], [ 91.323585511000147, 23.237606050000068 ], [ 91.322288512000057, 23.238265991000048 ], [ 91.320146974000124, 23.239351684999974 ], [ 91.32009556800017, 23.239377758000103 ], [ 91.3188629670002, 23.240009192000116 ], [ 91.318848562000198, 23.240312528000175 ], [ 91.318817, 23.240975999000113 ], [ 91.318814399000075, 23.241042383000092 ], [ 91.318748000000198, 23.242737 ], [ 91.318675223000128, 23.244373518000089 ], [ 91.318672000000106, 23.244445999000163 ], [ 91.318648999000118, 23.24515 ], [ 91.318637214000091, 23.245391367000025 ], [ 91.318626, 23.245621000000142 ], [ 91.320312000000115, 23.246037 ], [ 91.321793, 23.246391 ], [ 91.322120394000194, 23.246468774999983 ], [ 91.322235107000154, 23.246496201000127 ], [ 91.323088166000105, 23.246710435000125 ], [ 91.323911905000159, 23.246917473000167 ], [ 91.324097000000108, 23.246964 ], [ 91.324562, 23.24708 ], [ 91.324728267000012, 23.247119734000137 ], [ 91.325424000000112, 23.247286001000134 ], [ 91.325498, 23.247634 ], [ 91.325600000000122, 23.248108000000173 ], [ 91.325690000000122, 23.248508 ], [ 91.325752, 23.248781000000122 ], [ 91.325830883000151, 23.249135776000116 ], [ 91.325950622000164, 23.249675751000154 ], [ 91.326232910000101, 23.25100135800011 ], [ 91.326545715000123, 23.252437592000149 ], [ 91.324905395000144, 23.252559663 ], [ 91.32449159100014, 23.252585664000151 ], [ 91.324164000000167, 23.252606 ], [ 91.323478395000166, 23.252649049000127 ], [ 91.323209635000126, 23.252670550000062 ], [ 91.322753907000106, 23.252706527999976 ], [ 91.321525574000134, 23.252801895000175 ], [ 91.321098327000072, 23.252830506000123 ], [ 91.320602416000156, 23.252864838000107 ], [ 91.320398606000197, 23.252879630000109 ], [ 91.319893001000196, 23.252915999000038 ], [ 91.31823381200013, 23.253029010000034 ], [ 91.318024571000137, 23.253043262000176 ], [ 91.317955000000154, 23.253048 ], [ 91.317907654000123, 23.253184488000102 ], [ 91.31781, 23.253466000000117 ], [ 91.317574, 23.254145000000165 ], [ 91.31710500000014, 23.255515 ], [ 91.316833, 23.25631 ], [ 91.316754675000197, 23.256513128 ], [ 91.316741943000068, 23.256546020000087 ], [ 91.316482543000063, 23.257205963000047 ], [ 91.316285050000147, 23.257824776000177 ], [ 91.316213, 23.25805 ], [ 91.316139000000135, 23.258281999000076 ], [ 91.315681, 23.25951999900019 ], [ 91.315423600000145, 23.260253372000022 ], [ 91.315323000000149, 23.260540000000105 ], [ 91.315194000000133, 23.260925 ], [ 91.314903, 23.261795 ], [ 91.314796, 23.262104 ], [ 91.31459, 23.262691000000132 ], [ 91.314323000000172, 23.263442 ], [ 91.314056000000107, 23.264193 ], [ 91.313947117000055, 23.264501226000164 ], [ 91.313530000000128, 23.26568200000014 ], [ 91.313280787, 23.266411879000032 ], [ 91.3130949990001, 23.266956 ], [ 91.312908507000145, 23.267479384000183 ], [ 91.312629700000059, 23.268260956000177 ], [ 91.312507629000152, 23.268602372000032 ], [ 91.312415144000056, 23.268858634000082 ], [ 91.312381, 23.268953 ], [ 91.312141000000111, 23.269617 ], [ 91.3119650000001, 23.270144000000187 ], [ 91.311889999000073, 23.27037 ], [ 91.311623008000083, 23.271150478000152 ], [ 91.311356, 23.271931000000109 ], [ 91.310921, 23.273170000000107 ], [ 91.310768, 23.2736230000001 ], [ 91.310326, 23.274837 ], [ 91.309723, 23.27651 ], [ 91.310504, 23.276919000000134 ], [ 91.311024014000054, 23.277191248000122 ], [ 91.311035000000118, 23.277197001000161 ], [ 91.311485038, 23.277434520000156 ], [ 91.311935000000119, 23.277672000000109 ], [ 91.312032558000055, 23.277721218000067 ], [ 91.312156677000075, 23.277784348000182 ], [ 91.312965393000013, 23.278198242000144 ], [ 91.31301864500017, 23.278227138000034 ], [ 91.313636998999982, 23.278563000000133 ], [ 91.314574999000172, 23.279026 ], [ 91.314994695000053, 23.27923442000008 ], [ 91.31516265800019, 23.279317857000137 ], [ 91.315689088000056, 23.279573441000139 ], [ 91.315739784000186, 23.27966374600004 ], [ 91.315810999000121, 23.279791001000035 ], [ 91.316284, 23.280640001000108 ], [ 91.316673, 23.28133200100018 ], [ 91.316718999000102, 23.281413999 ], [ 91.316693981000185, 23.28156689900004 ], [ 91.316619874000139, 23.282018661000109 ], [ 91.315750121000065, 23.282289506000041 ], [ 91.315028868000127, 23.282513196000082 ], [ 91.314267000000143, 23.282749 ], [ 91.314133, 23.282791 ], [ 91.312607000000128, 23.283264 ], [ 91.31242, 23.283322 ], [ 91.31157700000017, 23.283584999000027 ], [ 91.310325999000156, 23.283977999000058 ], [ 91.3096214790001, 23.284199509000075 ], [ 91.308952, 23.28441 ], [ 91.308234762000041, 23.284561082000096 ], [ 91.308205854000107, 23.284570929000097 ], [ 91.308143615000063, 23.284591674000126 ], [ 91.307144165000125, 23.284917832000133 ], [ 91.306816102000084, 23.285024642000053 ], [ 91.303947448000031, 23.285949708000032 ], [ 91.303710188000139, 23.286027525000179 ], [ 91.303388, 23.28613300000012 ], [ 91.3022840000001, 23.286495 ], [ 91.301726999000095, 23.288147001000027 ], [ 91.301445000000115, 23.28894 ], [ 91.301225, 23.289557 ], [ 91.301018000000113, 23.290138000000184 ], [ 91.300959776000127, 23.29030081500008 ], [ 91.300797000000159, 23.290756000000158 ], [ 91.300194000000147, 23.292421000000104 ], [ 91.300162250000199, 23.292550505000065 ], [ 91.300156, 23.292576000000111 ], [ 91.300262, 23.292687 ], [ 91.300307964000183, 23.29273396300016 ], [ 91.301147000000128, 23.293612 ], [ 91.301881105000064, 23.294354408000174 ], [ 91.302207946000181, 23.294685365000134 ], [ 91.303573608000193, 23.296148301000187 ], [ 91.304263339000158, 23.296867470000109 ], [ 91.304507696000201, 23.297122506000051 ], [ 91.304595000000177, 23.297213000000113 ], [ 91.304718, 23.297340000000133 ], [ 91.305191126000068, 23.29784348000004 ], [ 91.305434999000113, 23.298103 ], [ 91.305724998000017, 23.298420498000155 ], [ 91.306015, 23.298738000000128 ], [ 91.306870000000117, 23.299622000000113 ], [ 91.306908, 23.299662 ], [ 91.306946000000153, 23.299702000000138 ], [ 91.306976000000134, 23.299733 ], [ 91.307152000000144, 23.299913 ], [ 91.307744000000127, 23.29965 ], [ 91.308097657000133, 23.299492153000131 ], [ 91.308746, 23.299225000000149 ], [ 91.309288000000151, 23.298998000000154 ], [ 91.309433, 23.298941 ], [ 91.309636024000156, 23.298860789000116 ], [ 91.310043336000092, 23.29870033300017 ], [ 91.310812789000067, 23.29840210500015 ], [ 91.31086902200002, 23.29838032400005 ], [ 91.311179902000163, 23.298259907000102 ], [ 91.312500001000046, 23.299499513000171 ], [ 91.314414978000173, 23.299583434000112 ], [ 91.313980103000119, 23.301795960000049 ], [ 91.313903809000067, 23.30216789300016 ], [ 91.313629151000043, 23.303575516000024 ], [ 91.31329345600011, 23.305383683000173 ], [ 91.313194276000047, 23.305889130000139 ], [ 91.313079833000074, 23.306480408000027 ], [ 91.312377930000196, 23.307939531000045 ], [ 91.311943055000199, 23.308837890000063 ], [ 91.311737060000098, 23.309288024000182 ], [ 91.311622620000037, 23.309551239000029 ], [ 91.311058044000049, 23.310792922000132 ], [ 91.310447693000071, 23.311969757000099 ], [ 91.309471129000087, 23.314001085000143 ], [ 91.309204102000137, 23.313995362000071 ], [ 91.307441712000127, 23.313957215000073 ], [ 91.305236816000161, 23.313907623000034 ], [ 91.303909300999976, 23.313854218000131 ], [ 91.303657532000045, 23.313844680000045 ], [ 91.302268982000101, 23.313789367000027 ], [ 91.30206298700017, 23.313783645000058 ], [ 91.301452636000192, 23.313768387000039 ], [ 91.301231383000129, 23.313756943000158 ], [ 91.300758361000078, 23.313735962000123 ], [ 91.2999572760001, 23.313697816000172 ], [ 91.29959869400011, 23.313680650000151 ], [ 91.298835754000038, 23.313648223000087 ], [ 91.296463012000174, 23.313562394000144 ], [ 91.29612731900005, 23.313573837000149 ], [ 91.295471191000104, 23.314115524999977 ], [ 91.293472290000182, 23.315721513000028 ], [ 91.293067933000032, 23.316045761 ], [ 91.292564392000031, 23.316453935000027 ], [ 91.290733338000052, 23.317943572000104 ], [ 91.289794922000056, 23.318658828000139 ], [ 91.289894104000041, 23.318891526000186 ], [ 91.290084838000041, 23.319358826000155 ], [ 91.290687561000084, 23.320848466000086 ], [ 91.291404725000064, 23.322607041000026 ], [ 91.291664124000135, 23.323247910000021 ], [ 91.291831969999976, 23.323667526000122 ], [ 91.292297364000149, 23.324798583000188 ], [ 91.292556762000117, 23.325988769000048 ], [ 91.292785645000151, 23.326950074000138 ], [ 91.293006898000044, 23.327907562000121 ], [ 91.293563844000118, 23.330236435000188 ], [ 91.293998719000115, 23.332075119000081 ], [ 91.294250488000102, 23.333150864000174 ], [ 91.294685364000031, 23.335094453000124 ], [ 91.294937133000133, 23.336137772000029 ], [ 91.29513549800015, 23.336957931000143 ], [ 91.295410155000013, 23.338090896000153 ], [ 91.295738221000192, 23.33944893000006 ], [ 91.296112061000031, 23.340995790000022 ], [ 91.296913148000158, 23.341037749000179 ], [ 91.299789428000111, 23.34193420400004 ], [ 91.303176879000148, 23.342981338000129 ], [ 91.305053712000074, 23.343545914000117 ], [ 91.305473327000072, 23.343473436000181 ], [ 91.307823182000106, 23.343067169000051 ], [ 91.31049347000004, 23.34260749800012 ], [ 91.310729981000179, 23.342565536000052 ], [ 91.310432434000177, 23.344074249000073 ], [ 91.310310363999974, 23.344665527000132 ], [ 91.310050964000197, 23.345949174000054 ], [ 91.310455322999985, 23.348844528000143 ], [ 91.310775758000148, 23.35121727100011 ], [ 91.310935975000177, 23.352416992000144 ], [ 91.310966492000091, 23.352621079000073 ], [ 91.311004639000146, 23.352825163999967 ], [ 91.311218261000079, 23.352872849000107 ], [ 91.31134796200007, 23.352903365000145 ], [ 91.311538696000184, 23.353115083000091 ], [ 91.3115081790001, 23.35330009400019 ], [ 91.311492919000045, 23.353380202999972 ], [ 91.311515808000081, 23.353496551000035 ], [ 91.311637878000056, 23.353578567000056 ], [ 91.311782837000067, 23.353607178000061 ], [ 91.312019347999978, 23.35363578700003 ], [ 91.312149047000162, 23.353773118000106 ], [ 91.312271118000069, 23.354000092000035 ], [ 91.312515259000065, 23.354053497000109 ], [ 91.312805175000108, 23.354047776000073 ], [ 91.313110352000194, 23.353982926000015 ], [ 91.313331605000144, 23.353715896000153 ], [ 91.313552856000058, 23.353216172000032 ], [ 91.313835144000166, 23.352993012000184 ], [ 91.314216614000088, 23.352794648000156 ], [ 91.314361573000099, 23.352779389000034 ], [ 91.314727783000194, 23.352745056000117 ], [ 91.3150787350001, 23.352867126000092 ], [ 91.315437315999986, 23.352994919000082 ], [ 91.315780640000185, 23.353269577000106 ], [ 91.31588745200014, 23.353246689000116 ], [ 91.316177368000126, 23.353395463000027 ], [ 91.316604614000141, 23.353200911999977 ], [ 91.317100524000125, 23.353010178000034 ], [ 91.317382812000062, 23.352954865000129 ], [ 91.317634582000096, 23.353008270000032 ], [ 91.317901612000185, 23.353103637 ], [ 91.318153381000116, 23.353342056000145 ], [ 91.318168639000135, 23.3534488680001 ], [ 91.318199158000084, 23.353639602000044 ], [ 91.31863403300008, 23.355205536000142 ], [ 91.319046019999973, 23.356698990000041 ], [ 91.319198608000193, 23.357250214000032 ], [ 91.319664002000138, 23.358942033000119 ], [ 91.320022583000082, 23.360237121000125 ], [ 91.318374634000065, 23.360500335999973 ], [ 91.318130493000183, 23.360540391000029 ], [ 91.316635132000158, 23.359966279000105 ], [ 91.316543578000051, 23.359905243000071 ], [ 91.316184999000143, 23.359701156000142 ], [ 91.312324523000143, 23.357473374000165 ], [ 91.312248229000033, 23.357431412000096 ], [ 91.309326172000112, 23.355285644000162 ], [ 91.30694580100004, 23.354690552000136 ], [ 91.304718017000141, 23.354249954000124 ], [ 91.304252625000174, 23.353933334000033 ], [ 91.304054260000157, 23.353801727000075 ], [ 91.30311584400016, 23.353166580000163 ], [ 91.300949097, 23.351697921000095 ], [ 91.300849915000185, 23.351690293000161 ], [ 91.2999572760001, 23.351615905000017 ], [ 91.298866272000112, 23.351514817000179 ], [ 91.297615051000037, 23.351390839000089 ], [ 91.296203613000159, 23.351285933999975 ], [ 91.29572296200007, 23.351247788000023 ], [ 91.295051574000126, 23.351194383000177 ], [ 91.294570923000038, 23.351154328000121 ], [ 91.293373107000036, 23.35102653500013 ], [ 91.292259215000115, 23.350940706000017 ], [ 91.291625976000034, 23.350891113000102 ], [ 91.290992736000192, 23.350790024000162 ], [ 91.291152953000051, 23.351333619000116 ], [ 91.29125976600011, 23.351531983000029 ], [ 91.291564942000093, 23.352373123000177 ], [ 91.292259215000115, 23.354301453000176 ], [ 91.29238891600005, 23.354665756000031 ], [ 91.292564392000031, 23.355188370000121 ], [ 91.292907715000126, 23.356206895000128 ], [ 91.293487548000201, 23.357845307000161 ], [ 91.29450988800005, 23.360746383 ], [ 91.29483795100009, 23.361335755000084 ], [ 91.29293823200004, 23.361776351000117 ], [ 91.29087829600013, 23.362232208000137 ], [ 91.289962768000066, 23.362424851000128 ], [ 91.288482666000164, 23.362756729000068 ], [ 91.287925720000089, 23.362880708000148 ], [ 91.286926269999981, 23.363103866000131 ], [ 91.286552430000143, 23.363185882000153 ], [ 91.286117555000146, 23.363281249000124 ], [ 91.285835267000039, 23.36437225300017 ], [ 91.285354614000141, 23.36654472400005 ], [ 91.284904480000023, 23.368398666000132 ], [ 91.284469605000197, 23.370193481000058 ], [ 91.284423828000058, 23.370384217000037 ], [ 91.284362793000071, 23.370639801000038 ], [ 91.284202575000165, 23.371299745000101 ], [ 91.285163880000198, 23.371309280000105 ], [ 91.286201476000087, 23.371318818000191 ], [ 91.287986755000077, 23.371353150000175 ], [ 91.291114807000099, 23.371387481999989 ], [ 91.290924073000099, 23.371812821000105 ], [ 91.293815613000106, 23.372161865000066 ], [ 91.293930053000111, 23.372894287000065 ], [ 91.294303894000052, 23.374847413 ], [ 91.29370880100015, 23.375347137000176 ], [ 91.293472290000182, 23.375617982000108 ], [ 91.293350219000104, 23.375825882000072 ], [ 91.293312072000049, 23.376169205000167 ], [ 91.293235778000167, 23.376438141 ], [ 91.293205262000129, 23.376834869000163 ], [ 91.293220520000148, 23.377239228000121 ], [ 91.293258667000032, 23.377452851000101 ], [ 91.291320801000097, 23.37689208900008 ], [ 91.290473939000151, 23.377088546000095 ], [ 91.29013061500018, 23.376550676000022 ], [ 91.289733887000068, 23.376111985000023 ], [ 91.289657593000129, 23.376020431000086 ], [ 91.289451599000131, 23.375957488000097 ], [ 91.289085389000036, 23.375902176000181 ], [ 91.288772581999979, 23.375711441000078 ], [ 91.288581848000035, 23.375597001000074 ], [ 91.288482666000164, 23.375543594000135 ], [ 91.288368225, 23.375549316000104 ], [ 91.288192749000075, 23.375612259000093 ], [ 91.288108826000155, 23.375711441000078 ], [ 91.287834168000131, 23.375928879000128 ], [ 91.287628173000087, 23.376096725000025 ], [ 91.287483216000055, 23.376228333000086 ], [ 91.287269592000143, 23.376228333000086 ], [ 91.287132263000103, 23.376186371000131 ], [ 91.286949159000187, 23.376062392999984 ], [ 91.286415101000046, 23.376268386999982 ], [ 91.28578949000007, 23.376480103000119 ], [ 91.285697938000169, 23.376520157000073 ], [ 91.28543090800008, 23.376771926000174 ], [ 91.285110473000145, 23.377172470000119 ], [ 91.284072876000153, 23.377080918000161 ], [ 91.283767700000112, 23.376913070000114 ], [ 91.282783509000126, 23.376659393000182 ], [ 91.282630921000134, 23.376508714000067 ], [ 91.282157897000104, 23.376039505000051 ], [ 91.282051087000127, 23.375999450000052 ], [ 91.281929016000049, 23.376043320000122 ], [ 91.28171539300007, 23.376115798000058 ], [ 91.28105163500004, 23.376388551000161 ], [ 91.280868531000181, 23.376586915000075 ], [ 91.280662537000183, 23.376741410000136 ], [ 91.280494689000136, 23.376747132000105 ], [ 91.280456542000081, 23.37658119200006 ], [ 91.280281066000157, 23.37678527900016 ], [ 91.280097961000195, 23.376720429000102 ], [ 91.279693604000045, 23.376777649000019 ], [ 91.279617310000106, 23.377811432000044 ], [ 91.279541016000167, 23.378784180000082 ], [ 91.279502870000044, 23.379222871000024 ], [ 91.279396056999985, 23.380716324000048 ], [ 91.279365539000139, 23.381111145000148 ], [ 91.279335022, 23.381439210000167 ], [ 91.279235840000183, 23.382562638000024 ], [ 91.279205323000042, 23.382909774000154 ], [ 91.279144288000055, 23.383806228000083 ], [ 91.279052734000118, 23.384998322000115 ], [ 91.278938293000124, 23.386421203000168 ], [ 91.278823853000063, 23.387914658000057 ], [ 91.278648377000138, 23.389949799000135 ], [ 91.278610230000083, 23.390420913000185 ], [ 91.278518676000147, 23.391498566000109 ], [ 91.278488160000109, 23.391822814000079 ], [ 91.278427124000018, 23.392492295000181 ], [ 91.278350831000012, 23.393793106000032 ], [ 91.278312684000184, 23.394224167000118 ], [ 91.27824401800018, 23.395050050000123 ], [ 91.278121948000035, 23.396495820000041 ], [ 91.278038024000182, 23.397611618000155 ], [ 91.278015137000125, 23.397857666999982 ], [ 91.277946472000053, 23.398763657000188 ], [ 91.277900695000085, 23.399456024000187 ], [ 91.277763365999988, 23.400627137000185 ], [ 91.277595520000148, 23.402402877000043 ], [ 91.277458191000051, 23.40373039200017 ], [ 91.27738952600015, 23.404504776000124 ], [ 91.277252197000053, 23.405714035000074 ], [ 91.277153015000067, 23.406852723000156 ], [ 91.277061463000109, 23.407846450000022 ], [ 91.276969909000172, 23.408737184000188 ], [ 91.276855468, 23.409843446000082 ], [ 91.276718139000138, 23.411174774000074 ], [ 91.276634216, 23.411979676000044 ], [ 91.276466370000151, 23.413864137000132 ], [ 91.276374816000043, 23.414827347000028 ], [ 91.274917603000176, 23.41579437200005 ], [ 91.274406433000138, 23.416137696000192 ], [ 91.273490906000177, 23.416763305000188 ], [ 91.272781372000111, 23.417242050000084 ], [ 91.271652222000114, 23.418043137000041 ], [ 91.271118164000143, 23.418424606000031 ], [ 91.270706177000079, 23.418710709000038 ], [ 91.269691468000019, 23.419416427000158 ], [ 91.269256592000147, 23.419715881000059 ], [ 91.268959046000191, 23.419948577000127 ], [ 91.268112183000198, 23.420545578000031 ], [ 91.26762390100015, 23.420886993000124 ], [ 91.266593933000195, 23.42160034200009 ], [ 91.266113282000106, 23.421937943000046 ], [ 91.265609741000105, 23.422294617000091 ], [ 91.265228271000126, 23.422557832000109 ], [ 91.264488221000192, 23.423063277999972 ], [ 91.264038085000095, 23.423376083000051 ], [ 91.263954164000154, 23.423433305000117 ], [ 91.263389587000063, 23.423851013000046 ], [ 91.264236450000055, 23.424514771000077 ], [ 91.264808654000149, 23.425003050999976 ], [ 91.265922546000127, 23.425945283000146 ], [ 91.266876221000075, 23.426761626000086 ], [ 91.267372131000059, 23.427181244000167 ], [ 91.267791748000093, 23.42753982500011 ], [ 91.268516540000178, 23.428152084000033 ], [ 91.269081116000166, 23.428634644000169 ], [ 91.269538880000198, 23.429031372000168 ], [ 91.269935609000072, 23.429372788000137 ], [ 91.270606995000037, 23.429935455000077 ], [ 91.269126891000155, 23.431209565000131 ], [ 91.268943787000069, 23.431369782000161 ], [ 91.268547059000127, 23.431718826000122 ], [ 91.268280029000039, 23.431959152000104 ], [ 91.267883300000165, 23.43231010400018 ], [ 91.267807007000158, 23.432384492000097 ], [ 91.266761780000138, 23.43333244400003 ], [ 91.26636505200014, 23.43364715600012 ], [ 91.266151429000161, 23.433815002000188 ], [ 91.265441894000162, 23.434379578000176 ], [ 91.264541626000096, 23.435140609000143 ], [ 91.263465881000172, 23.436086655000111 ], [ 91.262626649000197, 23.436794281 ], [ 91.262084961000141, 23.437229157000104 ], [ 91.261642456, 23.437597274000098 ], [ 91.260925292000195, 23.438209535000055 ], [ 91.259475709000071, 23.439165115000094 ], [ 91.259414673000151, 23.439205169000047 ], [ 91.258728027000188, 23.439651490000074 ], [ 91.257804871000189, 23.440431594000131 ], [ 91.2570114130001, 23.441143035000152 ], [ 91.256591796000123, 23.44151687700014 ], [ 91.256401062000123, 23.441694261000066 ], [ 91.256370544000106, 23.442377090000036 ], [ 91.256286622000061, 23.444089890000157 ], [ 91.256271361000131, 23.444274902000188 ], [ 91.256240845000093, 23.444955826000012 ], [ 91.255920410000158, 23.446596146000047 ], [ 91.255722046000074, 23.44751358100018 ], [ 91.255363464000084, 23.447978973000147 ], [ 91.254745483000193, 23.448810577000017 ], [ 91.254516602000194, 23.449100495000039 ], [ 91.254104615000131, 23.449678420000168 ], [ 91.253715514000135, 23.450210572000117 ], [ 91.253265381000119, 23.450927734000174 ], [ 91.252937317000146, 23.451440810000122 ], [ 91.252708434000112, 23.451805115000184 ], [ 91.251678465999987, 23.453447342000061 ], [ 91.25148010200013, 23.453777314000035 ], [ 91.251968384000179, 23.454849243000183 ], [ 91.252006531000063, 23.454936981000117 ], [ 91.252799988000049, 23.456714630000079 ], [ 91.253417968000065, 23.458145142000092 ], [ 91.253379821000181, 23.459333420000178 ], [ 91.253356934000124, 23.460605622000116 ], [ 91.253349304000039, 23.461542131000044 ], [ 91.252517700000169, 23.461891175000176 ], [ 91.251739502000078, 23.462291718000188 ], [ 91.251121520000083, 23.462827684000104 ], [ 91.251029968000182, 23.462907792000181 ], [ 91.250953675000176, 23.463407516000132 ], [ 91.250823974000184, 23.463872910000077 ], [ 91.250755309999988, 23.464483261000055 ], [ 91.251052857000047, 23.465009689000112 ], [ 91.251380920000088, 23.46552658000013 ], [ 91.251533509000183, 23.466133118000073 ], [ 91.251586914000086, 23.466810228000099 ], [ 91.251556396000012, 23.46723938000008 ], [ 91.251602172999981, 23.467809677000105 ], [ 91.251602172999981, 23.467882155999973 ], [ 91.251579284000172, 23.468143463000047 ], [ 91.251449585000159, 23.468647004000047 ], [ 91.251358031000052, 23.469017029000042 ], [ 91.251319884000168, 23.46907806400003 ], [ 91.251129150000054, 23.469427108000104 ], [ 91.250724792000142, 23.469768524000131 ], [ 91.250946044000159, 23.47058296199998 ], [ 91.251037598000096, 23.47099113400003 ], [ 91.251159667000138, 23.471525192000172 ], [ 91.25148010200013, 23.472892761000082 ], [ 91.251586914000086, 23.474069596000163 ], [ 91.251632691000054, 23.474615096000036 ], [ 91.251815795000084, 23.476907731000097 ], [ 91.25183868400012, 23.477195740000184 ], [ 91.251930238000057, 23.478302002000078 ], [ 91.251968384000179, 23.478771211000094 ], [ 91.252029420000099, 23.479486467000129 ], [ 91.252059936000137, 23.479827880000187 ], [ 91.252151488000038, 23.480909348000182 ], [ 91.252174377000074, 23.481145859000094 ], [ 91.251907349000192, 23.481803894999985 ], [ 91.251556396000012, 23.482673646000137 ], [ 91.251197816, 23.4835739130001 ], [ 91.251007080000079, 23.48407363900003 ], [ 91.250503541000057, 23.485383988000024 ], [ 91.250099182000099, 23.486391068000046 ], [ 91.249816894000162, 23.487653732000069 ], [ 91.249519348000035, 23.489080429000069 ], [ 91.249366760000044, 23.489795685000104 ], [ 91.249259948000088, 23.490312577000054 ], [ 91.243659973000092, 23.490354539000123 ], [ 91.241218566000157, 23.49044799800015 ], [ 91.240692139000032, 23.490388870000061 ], [ 91.23965454000006, 23.490110397000024 ], [ 91.238761901000032, 23.489854813000022 ], [ 91.236305236000078, 23.489145279000127 ], [ 91.236595154000099, 23.491228104000015 ], [ 91.236785888000043, 23.492637635000051 ], [ 91.237152100000174, 23.495277404000035 ], [ 91.236206054000036, 23.495622635000132 ], [ 91.235733032000155, 23.495790481000142 ], [ 91.234764099000188, 23.496131897000168 ], [ 91.234359742000038, 23.496273041000109 ], [ 91.234397889000093, 23.496438981000153 ], [ 91.234481812000183, 23.496822357000099 ], [ 91.234809876000156, 23.498434067 ], [ 91.234909058000198, 23.498937606000027 ], [ 91.235160827000129, 23.500129699000183 ], [ 91.235511781000071, 23.501918793000073 ], [ 91.235412599000199, 23.501873016000104 ], [ 91.232353210000099, 23.500482558000158 ], [ 91.232086181000113, 23.500360490000162 ], [ 91.23076629600007, 23.499757767000119 ], [ 91.230155945000092, 23.499473571000067 ], [ 91.229629516000159, 23.499227524000048 ], [ 91.229011536000201, 23.499042511000084 ], [ 91.227912903000174, 23.498729706000063 ], [ 91.22757720900006, 23.498630524000191 ], [ 91.226058960000159, 23.498186111000109 ], [ 91.225151063000055, 23.497934341000075 ], [ 91.223548888000096, 23.497501374000024 ], [ 91.223358154000152, 23.497447968000074 ], [ 91.222969056000125, 23.497432708000019 ], [ 91.222618102000183, 23.497425080000141 ], [ 91.221481323000035, 23.497962952000023 ], [ 91.219940186000144, 23.498697282000023 ], [ 91.219238281000059, 23.499027252000189 ], [ 91.218368530000134, 23.499439239000083 ], [ 91.217926025, 23.499647141000025 ], [ 91.218315125000061, 23.500604629 ], [ 91.218605041000046, 23.501371385000084 ], [ 91.218933106000122, 23.502275467000061 ], [ 91.219306946000131, 23.503276824000068 ], [ 91.219757080000079, 23.5044689180001 ], [ 91.220710755000198, 23.506988526000043 ], [ 91.221168519000059, 23.508224488000167 ], [ 91.221702576000098, 23.509527207000019 ], [ 91.221893310000098, 23.510021210000161 ], [ 91.222221375000117, 23.510868072000051 ], [ 91.222595216000059, 23.511819840000101 ], [ 91.223411559000056, 23.513927461000151 ], [ 91.22290039000012, 23.513916015000063 ], [ 91.218086242000197, 23.51342392000015 ], [ 91.217964171000176, 23.513381958000025 ], [ 91.215515137000182, 23.5125122070001 ], [ 91.212356568000075, 23.513494493 ], [ 91.212020875000121, 23.513402939000059 ], [ 91.211257935000049, 23.513187409000182 ], [ 91.209922790000121, 23.512815476000071 ], [ 91.207756043000188, 23.512212753000028 ], [ 91.206016541000167, 23.514177322000137 ], [ 91.20521545400004, 23.515081405000046 ], [ 91.205039978000059, 23.515274049000027 ], [ 91.204795837000063, 23.515552522000064 ], [ 91.20400238000019, 23.516447067000058 ], [ 91.203903198000148, 23.516559601000154 ], [ 91.20347595200019, 23.517034530999979 ], [ 91.202423096000075, 23.518228532000137 ], [ 91.201110839000137, 23.519701004000069 ], [ 91.200706482000157, 23.520162583000172 ], [ 91.200706482000157, 23.520261765000043 ], [ 91.200691224000138, 23.520872116000191 ], [ 91.200683594000054, 23.521081924000157 ], [ 91.200653075000105, 23.522174835000044 ], [ 91.200630189000151, 23.52314567500008 ], [ 91.201248168000063, 23.524610519000134 ], [ 91.201995850000117, 23.526371002000076 ], [ 91.203079224000192, 23.528963090000104 ], [ 91.203689575000169, 23.530410766000159 ], [ 91.203918458000032, 23.530967712000063 ], [ 91.204246521000073, 23.531709671000101 ], [ 91.204513551000105, 23.532363892000149 ], [ 91.204803467000147, 23.533058167000092 ], [ 91.205192565000175, 23.533987046000163 ], [ 91.205589294000049, 23.535209656000063 ], [ 91.205780030000199, 23.535820006999984 ], [ 91.20631408800017, 23.537561416000131 ], [ 91.206748963000166, 23.53894615300004 ], [ 91.206893920000198, 23.539365768000039 ], [ 91.207466125000167, 23.54123306300005 ], [ 91.207878113000163, 23.542516708000164 ], [ 91.208030701000155, 23.542970657000126 ], [ 91.208099366000056, 23.543188095000176 ], [ 91.210357665000174, 23.544160843000043 ], [ 91.212310791000107, 23.545011520000173 ], [ 91.212966919000053, 23.545282365000105 ], [ 91.212959289000139, 23.545688629000153 ], [ 91.212936400999979, 23.548027039000146 ], [ 91.212936400999979, 23.548145294000108 ], [ 91.212844849000078, 23.548112870000068 ], [ 91.212303161000193, 23.547821044000102 ], [ 91.210899353, 23.546894073000033 ], [ 91.210327148000033, 23.546894073000033 ], [ 91.210418700000162, 23.546659470000066 ], [ 91.209648132000154, 23.54649925200016 ], [ 91.20939636200012, 23.546136857000079 ], [ 91.20909118600008, 23.546020507000037 ], [ 91.208618163000097, 23.545873643000164 ], [ 91.208274842000037, 23.545791626000039 ], [ 91.208061217000193, 23.545948029000101 ], [ 91.207794190000072, 23.546035767999967 ], [ 91.207427978000112, 23.54550361600019 ], [ 91.20713043100011, 23.545469284000035 ], [ 91.206649781000124, 23.545679093000047 ], [ 91.206367493000073, 23.545698167000012 ], [ 91.205749511000079, 23.545532227000137 ], [ 91.205276489000198, 23.545404433000044 ], [ 91.20416259700005, 23.54699897800009 ], [ 91.203620911000144, 23.547765731000027 ], [ 91.202278136000189, 23.547449112000038 ], [ 91.202194215000077, 23.547468185000128 ], [ 91.199523925000108, 23.548095704000048 ], [ 91.199249267000141, 23.548355104000052 ], [ 91.198905945000149, 23.548063278000029 ], [ 91.198974609000118, 23.547472000000141 ], [ 91.198013306000064, 23.547435761000088 ], [ 91.195861816000047, 23.547369003000085 ], [ 91.194381713999974, 23.547323228000096 ], [ 91.194404602000134, 23.547685623000177 ], [ 91.194419861000199, 23.548023224000133 ], [ 91.194625855000197, 23.551645278000137 ], [ 91.194831847000046, 23.555282593000072 ], [ 91.195022584000071, 23.558610917000124 ], [ 91.195075989000145, 23.559604646000025 ], [ 91.195159913000168, 23.561141968000015 ], [ 91.195205688000158, 23.561929703000089 ], [ 91.195220948000156, 23.562139512000158 ], [ 91.195098877000078, 23.56261062700014 ], [ 91.195022584000071, 23.562715530000048 ], [ 91.194847108000147, 23.562946320000094 ], [ 91.193946838000045, 23.564149857000132 ], [ 91.192947387000061, 23.565490722000163 ], [ 91.191703796000127, 23.567173003000164 ], [ 91.190475463000155, 23.568834306000042 ], [ 91.189407347999975, 23.570289612000181 ], [ 91.189048766000155, 23.570789338000168 ], [ 91.188446045000148, 23.571599961000175 ], [ 91.187393189000034, 23.573024750000172 ], [ 91.187210083000195, 23.573266984000156 ], [ 91.187217713000109, 23.573392867000166 ], [ 91.187095642000031, 23.573532104000037 ], [ 91.187110901000153, 23.573633194000081 ], [ 91.187118531000067, 23.573873520000063 ], [ 91.187133789000086, 23.574409485000103 ], [ 91.187240601000042, 23.577659607000044 ], [ 91.186714172000109, 23.577674865000063 ], [ 91.185913087000131, 23.577697754000098 ], [ 91.184089661000087, 23.579425812000125 ], [ 91.183975219000047, 23.579536438 ], [ 91.182312011000079, 23.580652237000038 ], [ 91.181365966000044, 23.581279754000036 ], [ 91.181129455000132, 23.581438064000167 ], [ 91.180366517000039, 23.582185745000118 ], [ 91.180198669000049, 23.582353592000061 ], [ 91.180061340000123, 23.582527160000041 ], [ 91.178001404000042, 23.584102631000064 ], [ 91.176811218000125, 23.584161758999983 ], [ 91.175720214000137, 23.585140228000057 ], [ 91.175178529000164, 23.585628510000106 ], [ 91.175148010000044, 23.585805894000032 ], [ 91.175079346000189, 23.586303712000017 ], [ 91.175331116000052, 23.586719514000151 ], [ 91.176483155000085, 23.587823868000044 ], [ 91.176223755000137, 23.588708877000158 ], [ 91.176071168000192, 23.588937760000192 ], [ 91.176383973000043, 23.589462280000077 ], [ 91.176948547000052, 23.590013504000012 ], [ 91.178016662000061, 23.591884614000151 ], [ 91.177047729000094, 23.593326569000169 ], [ 91.176681519000169, 23.593345642000031 ], [ 91.174919128999989, 23.593448639000144 ], [ 91.174247742000148, 23.593479156000058 ], [ 91.172241211000141, 23.593296052000028 ], [ 91.171684265000067, 23.593261718 ], [ 91.16914367600009, 23.593023300000027 ], [ 91.168663026000104, 23.592733383000109 ], [ 91.167358398000147, 23.593271256000094 ], [ 91.163574218000065, 23.594863891000159 ], [ 91.162727356000119, 23.595209122000028 ], [ 91.1624374390002, 23.595195771000078 ], [ 91.16249847500012, 23.595922470000062 ], [ 91.162513733000139, 23.596179962000065 ], [ 91.162513733000139, 23.596981050000124 ], [ 91.162483216000169, 23.597526551000044 ], [ 91.162406921000184, 23.597530366000058 ], [ 91.16207885700004, 23.597551347000149 ], [ 91.162086488000057, 23.597953796000127 ], [ 91.162101746000076, 23.598819734000188 ], [ 91.163299560000041, 23.600608825000165 ], [ 91.163681030000191, 23.601171494000084 ], [ 91.16207885700004, 23.604892731000064 ], [ 91.161102294000159, 23.607559203000051 ], [ 91.160476685000162, 23.609167099000047 ], [ 91.159606934000067, 23.611442565000175 ], [ 91.160453796000127, 23.613096238000139 ], [ 91.160942077000129, 23.614063263000105 ], [ 91.160636902000192, 23.61454773000014 ], [ 91.160774231000119, 23.614603043000045 ], [ 91.160766600999978, 23.61509704600013 ], [ 91.160362244, 23.615934373000073 ], [ 91.159347534000062, 23.617082597000035 ], [ 91.159225464000087, 23.61705970800017 ], [ 91.159072876000096, 23.617338181000036 ], [ 91.158821105000129, 23.619457246000138 ], [ 91.15847778400007, 23.619451523000066 ], [ 91.158554077000076, 23.620294570000112 ], [ 91.15844726500012, 23.620988845000113 ], [ 91.158042908000141, 23.621921539000027 ], [ 91.158065797000177, 23.624217987000122 ], [ 91.158149719, 23.624858856000117 ], [ 91.158309936000194, 23.626087189000032 ], [ 91.159141540000121, 23.626136779000092 ], [ 91.158653259000118, 23.62905311600008 ], [ 91.160949707000043, 23.631355286000087 ], [ 91.159675598000035, 23.634805680000113 ], [ 91.159622192000086, 23.636020660000099 ], [ 91.159133912000186, 23.637077331000057 ], [ 91.158935548000102, 23.64004516600005 ], [ 91.158973694000053, 23.640966416000083 ], [ 91.158859254, 23.64146232700017 ], [ 91.158638001000099, 23.641492843000037 ], [ 91.158958436000034, 23.642004012000143 ], [ 91.159317016000045, 23.642332078000095 ], [ 91.159706116000109, 23.643373489000169 ], [ 91.159858703, 23.645566941000141 ], [ 91.159629823000103, 23.645706176000033 ], [ 91.159980774000076, 23.64634704600013 ], [ 91.160392761000139, 23.647590637000064 ], [ 91.16056823700012, 23.648199082000019 ], [ 91.160774231000119, 23.648166656 ], [ 91.160957337000127, 23.64891052300004 ], [ 91.160972596000079, 23.649904252000113 ], [ 91.160964965000062, 23.651844026000163 ], [ 91.160774231000119, 23.651819230000058 ], [ 91.160766600999978, 23.652181626000072 ], [ 91.1607589730001, 23.65246772800009 ], [ 91.160957337000127, 23.652494431000093 ], [ 91.161216737000132, 23.654045104000033 ], [ 91.161315917000138, 23.654457093000133 ], [ 91.161018373000047, 23.655069352000055 ], [ 91.159950255000126, 23.657234191000043 ], [ 91.159904480000137, 23.657436371000074 ], [ 91.159751891000042, 23.65739822400019 ], [ 91.159713743999987, 23.658481597000048 ], [ 91.159545899000079, 23.659381867000093 ], [ 91.158592224000131, 23.662561418000166 ], [ 91.158515930000192, 23.662797929000135 ], [ 91.157615661000079, 23.66523742600009 ], [ 91.156944274000182, 23.66704368600017 ], [ 91.156974793000131, 23.66712379400019 ], [ 91.156761169000049, 23.668516160000138 ], [ 91.156432940000172, 23.669300138000153 ], [ 91.156324515000165, 23.669550871000183 ], [ 91.156272888000046, 23.669670106000012 ], [ 91.156341553000175, 23.670499802000109 ], [ 91.156257630000027, 23.670845031000169 ], [ 91.157341003000056, 23.670188903000053 ], [ 91.157424927000079, 23.670133591000081 ], [ 91.157485962000067, 23.670093536000081 ], [ 91.157947401000172, 23.669764055000087 ], [ 91.158546447000163, 23.669336318000148 ], [ 91.159431458000086, 23.668460847000063 ], [ 91.159660339000141, 23.667882920000125 ], [ 91.159927369000172, 23.667589189000068 ], [ 91.160103892000166, 23.667530630000101 ], [ 91.160324, 23.667458000000124 ], [ 91.160433168000054, 23.667438703000073 ], [ 91.160521916999983, 23.66742334200012 ], [ 91.160362000000191, 23.668081 ], [ 91.161270000000172, 23.670603000000142 ], [ 91.161293255000032, 23.670659621000084 ], [ 91.161315917000138, 23.670715333000089 ], [ 91.163261331000172, 23.668313381000132 ], [ 91.163307000000145, 23.668257000000153 ], [ 91.163383484000065, 23.66817283600011 ], [ 91.16491699300019, 23.665283203000058 ], [ 91.166320846000076, 23.664738374000024 ], [ 91.168121338000049, 23.664039612000124 ], [ 91.171638133000158, 23.662349871000174 ], [ 91.171747917000175, 23.662243920000037 ], [ 91.172210692000192, 23.661796570000149 ], [ 91.17230987500011, 23.661687852 ], [ 91.173777466000161, 23.660047197000097 ], [ 91.173927308000088, 23.659879685000078 ], [ 91.175176366000073, 23.6583751390001 ], [ 91.175437932000193, 23.658060081000144 ], [ 91.175605774000076, 23.658304214 ], [ 91.175689698000099, 23.658485412000061 ], [ 91.175716010000144, 23.658524883000041 ], [ 91.175735, 23.658554 ], [ 91.175776376000158, 23.65871184100007 ], [ 91.175788880000141, 23.658760070000085 ], [ 91.175811627000144, 23.658853496000177 ], [ 91.175842, 23.658979 ], [ 91.175838771000087, 23.65906111400011 ], [ 91.175834655000074, 23.659156799000129 ], [ 91.175857543, 23.659564973000158 ], [ 91.176011045000109, 23.659727610000175 ], [ 91.176072084000111, 23.659656260000133 ], [ 91.17608642600004, 23.659635544000025 ], [ 91.1761322010002, 23.659496307000154 ], [ 91.17611614700013, 23.659416035000106 ], [ 91.176064000000167, 23.659153 ], [ 91.176003, 23.658895 ], [ 91.175992505000181, 23.658786766000162 ], [ 91.175987244000169, 23.658729554000047 ], [ 91.175984128000096, 23.658682823000163 ], [ 91.17598, 23.658615000000168 ], [ 91.176004594, 23.658421528000133 ], [ 91.176010133000034, 23.658378602000141 ], [ 91.176048279000156, 23.658123017000037 ], [ 91.176087217000031, 23.658069801000067 ], [ 91.176163000000145, 23.657967 ], [ 91.176270000000159, 23.657898000000159 ], [ 91.176445, 23.65780100000012 ], [ 91.176513191000083, 23.657793656000024 ], [ 91.176574707000043, 23.657787324000083 ], [ 91.176673889000085, 23.657827377999979 ], [ 91.177013313000089, 23.658015947000081 ], [ 91.177147, 23.658133 ], [ 91.177194965000183, 23.65819261900009 ], [ 91.177253723000092, 23.65826606700017 ], [ 91.177253723000092, 23.65839004500009 ], [ 91.177314759000183, 23.658594132000189 ], [ 91.177357280000194, 23.658643741000105 ], [ 91.177383223000163, 23.658674008000048 ], [ 91.177518098000178, 23.658679050000103 ], [ 91.17770385700004, 23.658685684000147 ], [ 91.177787781000063, 23.658618928000124 ], [ 91.17783568100009, 23.658538695000118 ], [ 91.177864075000116, 23.658491135000133 ], [ 91.1780624390002, 23.658155442000123 ], [ 91.178169251000156, 23.657981873000097 ], [ 91.178321838999977, 23.657852172999981 ], [ 91.178459168000074, 23.657747270000129 ], [ 91.178589712000019, 23.657685105000041 ], [ 91.178780000000131, 23.657595000000128 ], [ 91.179083552000066, 23.657506437000166 ], [ 91.179252625000117, 23.657457352000108 ], [ 91.179435731000126, 23.657394409000119 ], [ 91.179710389000149, 23.657310487000132 ], [ 91.17981719900007, 23.657258987000148 ], [ 91.179851441000096, 23.657236911000098 ], [ 91.17996215800008, 23.657165528000121 ], [ 91.180041070000073, 23.657110728000191 ], [ 91.180168152000078, 23.657022476000179 ], [ 91.180337835000159, 23.656939403000138 ], [ 91.180351, 23.656933 ], [ 91.180664, 23.656775000000152 ], [ 91.18084, 23.656670000000133 ], [ 91.181015000000173, 23.656563000000176 ], [ 91.1811298880001, 23.656537793000155 ], [ 91.18125152600004, 23.656511307000073 ], [ 91.181541442000196, 23.656492234000041 ], [ 91.181665973000122, 23.656497024000032 ], [ 91.181740000000104, 23.656500000000108 ], [ 91.182289, 23.656641 ], [ 91.182309924000037, 23.656647645000191 ], [ 91.18264770400009, 23.656755448000126 ], [ 91.182709866000039, 23.656846100000166 ], [ 91.18273900000014, 23.656889000000149 ], [ 91.18278498900014, 23.657077955000091 ], [ 91.182779829000083, 23.657096660000093 ], [ 91.182739057000106, 23.657243793000134 ], [ 91.1826019290001, 23.657287598000096 ], [ 91.182395935000102, 23.657283783000025 ], [ 91.182331436000197, 23.657273775000135 ], [ 91.182174682000039, 23.657249452000144 ], [ 91.182023607000019, 23.657258613000124 ], [ 91.18193817100007, 23.657306672000061 ], [ 91.181953431000068, 23.657434463000072 ], [ 91.181989098000088, 23.657525689000181 ], [ 91.18205261300011, 23.65768814200004 ], [ 91.182357788000047, 23.658378602000141 ], [ 91.182383208000033, 23.658501991000151 ], [ 91.182449000000133, 23.658823000000154 ], [ 91.182495, 23.659163 ], [ 91.182472, 23.659393 ], [ 91.182373, 23.65966 ], [ 91.182395935000102, 23.659767152000086 ], [ 91.182479858000022, 23.659830093000039 ], [ 91.182544633000134, 23.659822422000047 ], [ 91.182769775000111, 23.659795761000055 ], [ 91.182892875, 23.659663295000087 ], [ 91.182945251000092, 23.65960693400018 ], [ 91.183006286000079, 23.659391404000075 ], [ 91.183124962000136, 23.659118244000069 ], [ 91.183228, 23.658882 ], [ 91.183266, 23.658686000000159 ], [ 91.183380000000113, 23.65858500000013 ], [ 91.183563665000122, 23.658421057000169 ], [ 91.183677672000044, 23.658319474000052 ], [ 91.183681542000159, 23.658274976000087 ], [ 91.183685293000053, 23.658231845000159 ], [ 91.18377166200014, 23.658186157000102 ], [ 91.183822631000055, 23.658159257000023 ], [ 91.183945000000108, 23.658024000000125 ], [ 91.184082000000103, 23.657946 ], [ 91.18413541100017, 23.657903096000041 ], [ 91.184204102000081, 23.657848357000034 ], [ 91.184264011000153, 23.657760158000144 ], [ 91.184273, 23.657747 ], [ 91.184350831000017, 23.657634279000092 ], [ 91.184417724000127, 23.657537460000185 ], [ 91.184516906000169, 23.657318115000066 ], [ 91.184608460000106, 23.657175063000125 ], [ 91.184842929000069, 23.656903018000094 ], [ 91.184906, 23.65683 ], [ 91.185028, 23.656767000000173 ], [ 91.185062302000176, 23.656745172000171 ], [ 91.18512725800008, 23.656703949000018 ], [ 91.185153418000084, 23.656697074000078 ], [ 91.185722350999981, 23.656547546000127 ], [ 91.186851500999978, 23.656236649000107 ], [ 91.187248230000023, 23.656127929000149 ], [ 91.187261580000097, 23.656124238000132 ], [ 91.188255309000169, 23.655849456000112 ], [ 91.1889827870001, 23.655648064000161 ], [ 91.189605712000059, 23.655475616000103 ], [ 91.191177368000069, 23.655044556000121 ], [ 91.191841262000139, 23.654858319000084 ], [ 91.192489625, 23.654676438000081 ], [ 91.192886353000176, 23.654561995999984 ], [ 91.192245484000182, 23.652376176000132 ], [ 91.191813291000187, 23.650897112000166 ], [ 91.191559, 23.650026 ], [ 91.191343427000049, 23.649279786000136 ], [ 91.190948486000138, 23.647911072 ], [ 91.190704368000183, 23.647092891000113 ], [ 91.191077095000196, 23.646981938000067 ], [ 91.191909790000125, 23.646734239000068 ], [ 91.1922534200001, 23.646632132000093 ], [ 91.193244933000187, 23.646337510000023 ], [ 91.1936296720001, 23.646223463000069 ], [ 91.193778993000137, 23.646179200000063 ], [ 91.19643402000014, 23.646450043000186 ], [ 91.196492461000105, 23.64645575000003 ], [ 91.1969220000002, 23.646498000000179 ], [ 91.197975, 23.646603000000141 ], [ 91.199356000000137, 23.646742 ], [ 91.199377110000114, 23.646990736000078 ], [ 91.199401856000065, 23.647283555000058 ], [ 91.19943267900004, 23.647638016000144 ], [ 91.199478150000118, 23.648160936000068 ], [ 91.199638331000187, 23.649818047000167 ], [ 91.201400757000158, 23.650068283000053 ], [ 91.201652527000192, 23.650108337000177 ], [ 91.20236428200019, 23.650210557000094 ], [ 91.202728, 23.650263000000109 ], [ 91.204536000000132, 23.650528000000179 ], [ 91.204057838000153, 23.651343461000067 ], [ 91.203666686000133, 23.652009964000058 ], [ 91.202896118000126, 23.653333663000069 ], [ 91.202834996000092, 23.653435533000163 ], [ 91.202461242000027, 23.65405845700019 ], [ 91.202904439000065, 23.654050427000016 ], [ 91.202988000000119, 23.654049 ], [ 91.20507, 23.654053000000147 ], [ 91.204948038000111, 23.655126669000083 ], [ 91.204231263000054, 23.655305863000024 ], [ 91.203506291999986, 23.655490925000038 ], [ 91.203458178000119, 23.655504654000026 ], [ 91.201400757000158, 23.656091690000096 ], [ 91.201408583999978, 23.656099797000138 ], [ 91.201507568000181, 23.656202317000123 ], [ 91.202598571000124, 23.657339096000101 ], [ 91.203628540000182, 23.658411026000124 ], [ 91.203279221000116, 23.659672228000034 ], [ 91.202972, 23.66078 ], [ 91.202717595000195, 23.661684552000111 ], [ 91.202476501000149, 23.662540437000132 ], [ 91.202342122000118, 23.662975490000179 ], [ 91.202323913000157, 23.663034440000047 ], [ 91.202529908000031, 23.664453507000133 ], [ 91.202534624000066, 23.664490727000043 ], [ 91.202583313000105, 23.664875031 ], [ 91.202888490000078, 23.666872025000089 ], [ 91.203039379000188, 23.667883461000088 ], [ 91.203132629000095, 23.668508529000121 ], [ 91.203232867000054, 23.669171462000179 ], [ 91.203384400000061, 23.670173645000034 ], [ 91.20347912200009, 23.670756451000102 ], [ 91.203521729000158, 23.671018602000061 ], [ 91.203655019000166, 23.671880715000043 ], [ 91.203819000000124, 23.672943 ], [ 91.203891115000147, 23.673415643000055 ], [ 91.204040527000075, 23.674398423000184 ], [ 91.20426631800018, 23.675869512000133 ], [ 91.204414000000156, 23.676834 ], [ 91.204582000000187, 23.677841000000171 ], [ 91.204910000000154, 23.67991400000011 ], [ 91.204594919000101, 23.679976008000096 ], [ 91.204284668000128, 23.680036545000064 ], [ 91.204084058000035, 23.680075553000052 ], [ 91.2039410000001, 23.680103000000145 ], [ 91.203589162000128, 23.680169564000096 ], [ 91.203201294000166, 23.680242539 ], [ 91.203275642000108, 23.680370958000083 ], [ 91.20328521800019, 23.680387498000016 ], [ 91.203399659000183, 23.68059539799998 ], [ 91.203513997000186, 23.680946037000126 ], [ 91.203506469000104, 23.681039811000119 ], [ 91.203536988000053, 23.681127548000177 ], [ 91.20359802300004, 23.681283951000069 ], [ 91.203619766000145, 23.681304211000111 ], [ 91.203681947000064, 23.68136215200019 ], [ 91.20376052600011, 23.681429090000051 ], [ 91.203887939000083, 23.681537628000171 ], [ 91.204025268000123, 23.681762695000032 ], [ 91.204161168000041, 23.681868018000159 ], [ 91.204177855000069, 23.681880951000039 ], [ 91.204284982000161, 23.681930992000048 ], [ 91.204391, 23.682083000000148 ], [ 91.204437, 23.682251 ], [ 91.204443224999977, 23.682286796000142 ], [ 91.204452515000071, 23.682342530000142 ], [ 91.204528809000124, 23.682474136 ], [ 91.204795837000063, 23.682512283000051 ], [ 91.204869889000122, 23.682530796000094 ], [ 91.204910279000103, 23.682540894000056 ], [ 91.204948426000158, 23.682647705000079 ], [ 91.205055236000078, 23.682689666000101 ], [ 91.205263679000041, 23.682655220000072 ], [ 91.205505370000196, 23.682615280000164 ], [ 91.205617073000155, 23.682620729000178 ], [ 91.205818000000136, 23.682631 ], [ 91.205925, 23.682705000000112 ], [ 91.205929268000091, 23.682716968000022 ], [ 91.20607757700003, 23.683134080000116 ], [ 91.206115722999982, 23.683229447000087 ], [ 91.206180995000068, 23.683393986999988 ], [ 91.206207000000177, 23.68346 ], [ 91.206306, 23.683661 ], [ 91.20631652700007, 23.683780090000084 ], [ 91.206321716000105, 23.683841705000134 ], [ 91.206411820000085, 23.684162267000147 ], [ 91.206420883000192, 23.684194583000192 ], [ 91.206358421000175, 23.68427526500011 ], [ 91.206329346000189, 23.684312820000116 ], [ 91.206282266000187, 23.684435565000058 ], [ 91.206275941000115, 23.684452057000158 ], [ 91.206297796000058, 23.684568437 ], [ 91.206352222000135, 23.68485825900018 ], [ 91.206358842000157, 23.684865982000019 ], [ 91.206436156000109, 23.684955597000055 ], [ 91.206537764000188, 23.684975651000116 ], [ 91.20658111500012, 23.684984207000127 ], [ 91.206901550000111, 23.684961320000127 ], [ 91.207267760000036, 23.684978486000091 ], [ 91.207618714000091, 23.685022355000115 ], [ 91.207837991000019, 23.685460910000074 ], [ 91.207855000000109, 23.685495 ], [ 91.207885139000041, 23.685571044000085 ], [ 91.207984808, 23.685823147000121 ], [ 91.207955830000117, 23.685845261000168 ], [ 91.207908630000134, 23.685880661000056 ], [ 91.207923888000153, 23.68606567400019 ], [ 91.208083566000198, 23.6861840790001 ], [ 91.208374024000079, 23.686399460000075 ], [ 91.208465505999982, 23.68657289600003 ], [ 91.206978, 23.686260000000118 ], [ 91.206285715000035, 23.686119098000177 ], [ 91.20482635500008, 23.685821533000137 ], [ 91.204040527000075, 23.685657501000094 ], [ 91.203738324000199, 23.685588696000138 ], [ 91.203613281000059, 23.685560226000121 ], [ 91.203407287000061, 23.685827256000152 ], [ 91.202769002000139, 23.686664697000083 ], [ 91.202423096000075, 23.687118531000181 ], [ 91.202103970000167, 23.687548124000102 ], [ 91.202026238000144, 23.687652679000109 ], [ 91.20124172800007, 23.688204093000081 ], [ 91.199638367000148, 23.689331055000082 ], [ 91.199088026000197, 23.689719697999976 ], [ 91.198898315000065, 23.689853669000172 ], [ 91.19800567600015, 23.690486909000128 ], [ 91.196372987000188, 23.691646576000096 ], [ 91.196090699000081, 23.691848755000024 ], [ 91.195480347000057, 23.692281723000178 ], [ 91.195285639000076, 23.692028014000016 ], [ 91.195229, 23.691954000000123 ], [ 91.194812649000198, 23.691409884000052 ], [ 91.194763184000124, 23.691345215000126 ], [ 91.19445800699998, 23.690938950000145 ], [ 91.194407266000155, 23.6908735720001 ], [ 91.193763732000036, 23.690044403000115 ], [ 91.192047119000165, 23.690006257000164 ], [ 91.190989743000102, 23.689978911000026 ], [ 91.19071960500014, 23.689971925000179 ], [ 91.188949584000113, 23.689933778000125 ], [ 91.186996460000159, 23.689888001000156 ], [ 91.186602930000106, 23.689878751000094 ], [ 91.18521118100017, 23.689846039000088 ], [ 91.184005737000064, 23.689819336000085 ], [ 91.182373046000066, 23.68978118900003 ], [ 91.180297851000091, 23.68973541400004 ], [ 91.179512024000132, 23.689716340000075 ], [ 91.177848816000051, 23.689682007000158 ], [ 91.177806994000093, 23.689680603000056 ], [ 91.177337647000115, 23.689664840999967 ], [ 91.176826475999974, 23.689643860000103 ], [ 91.176601578000032, 23.689634391000141 ], [ 91.176101685000162, 23.68961334300019 ], [ 91.175694297000177, 23.689600381000162 ], [ 91.175262450000105, 23.689586640000186 ], [ 91.174988444000121, 23.689579122000112 ], [ 91.174636841000108, 23.689569474000166 ], [ 91.173400506, 23.689541214000144 ], [ 91.17330169600001, 23.689538955000046 ], [ 91.172653198000035, 23.689525604000096 ], [ 91.171524048000038, 23.689498901000093 ], [ 91.171127167000122, 23.6894898810001 ], [ 91.170349000000158, 23.689472000000137 ], [ 91.168434000000161, 23.689432000000181 ], [ 91.167894079000177, 23.689401500000145 ], [ 91.166114807000042, 23.689300538000111 ], [ 91.164113554000096, 23.689180929000088 ], [ 91.163498000000118, 23.689144000000169 ], [ 91.161003000000107, 23.688997 ], [ 91.158272, 23.688831 ], [ 91.156891, 23.688734000000181 ], [ 91.156766678000054, 23.688725049000027 ], [ 91.155891418000124, 23.688661576000186 ], [ 91.155075074000081, 23.688600541000028 ], [ 91.154182072000083, 23.688538005 ], [ 91.154101990000015, 23.688627696000083 ], [ 91.153991699000073, 23.688751220000142 ], [ 91.153761938000116, 23.689015113000039 ], [ 91.153465271000186, 23.689355851000187 ], [ 91.153442383000083, 23.689596177000169 ], [ 91.153334674000121, 23.690720662000047 ], [ 91.153251649000083, 23.691587448000178 ], [ 91.153129578000062, 23.692579270000181 ], [ 91.153068543000074, 23.693099976000099 ], [ 91.152900695000199, 23.694879532000073 ], [ 91.152336121000189, 23.697141648000184 ], [ 91.152099610000107, 23.698072434000096 ], [ 91.152091980000193, 23.699102403000154 ], [ 91.152069091000158, 23.699607849000074 ], [ 91.152091980000193, 23.700309754000102 ], [ 91.152091980000193, 23.700824738000108 ], [ 91.152114868000126, 23.701660155000013 ], [ 91.151962281000181, 23.702041626000096 ], [ 91.151840210000103, 23.702383042000065 ], [ 91.151809692000086, 23.702836990000151 ], [ 91.151626588000056, 23.704092027000172 ], [ 91.151603699000191, 23.704467774000079 ], [ 91.151496887000064, 23.70479965200019 ], [ 91.151565552000136, 23.705104829000106 ], [ 91.151550294000117, 23.705579759000159 ], [ 91.150711060000106, 23.705932618000134 ], [ 91.150482177000129, 23.706991195000057 ], [ 91.150268554000093, 23.707933427000057 ], [ 91.149955749000071, 23.709377289000145 ], [ 91.149864197000113, 23.709831238000106 ], [ 91.150070190000065, 23.710458755000104 ], [ 91.149635315000012, 23.710989000000154 ], [ 91.14912414500003, 23.711668014000054 ], [ 91.14970398000014, 23.712905885000055 ], [ 91.150138855000137, 23.713817597000173 ], [ 91.150260925999987, 23.714338301999987 ], [ 91.150451660000158, 23.715148925 ], [ 91.150657655000089, 23.716087341000048 ], [ 91.150932313000055, 23.717350006000174 ], [ 91.151123047, 23.717702867000128 ], [ 91.151863099000138, 23.719072341000128 ], [ 91.152793885000051, 23.721220017000178 ], [ 91.152961730000186, 23.722961426000097 ], [ 91.152870178000057, 23.724180223000133 ], [ 91.152824401000089, 23.724710465000157 ], [ 91.153236387999982, 23.725749969000162 ], [ 91.153816223000092, 23.727210997999975 ], [ 91.154060364000145, 23.727817536000089 ], [ 91.154830933000198, 23.729776383000058 ], [ 91.155181884000058, 23.730646133999983 ], [ 91.154991150000058, 23.731864930000143 ], [ 91.1550903320001, 23.732606888000078 ], [ 91.155990600000166, 23.734815599000115 ], [ 91.156211853000059, 23.735555649000048 ], [ 91.156158447000109, 23.735952377 ], [ 91.15614318900009, 23.736104965000038 ], [ 91.156280518000187, 23.736494065000045 ], [ 91.157257079000033, 23.738115311000115 ], [ 91.157295226000087, 23.738178254000047 ], [ 91.158020020000038, 23.739385605000052 ], [ 91.157417297000165, 23.739578247000168 ], [ 91.1563797, 23.739910125000108 ], [ 91.156654358000196, 23.740911484000094 ], [ 91.157028198000035, 23.742153168000129 ], [ 91.158470153000053, 23.741851806000057 ], [ 91.158782958000074, 23.74178505000009 ], [ 91.160148620000086, 23.743276596000044 ], [ 91.160591125000053, 23.743747712000072 ], [ 91.160850525000171, 23.744020463000027 ], [ 91.161605835000159, 23.744819640000173 ], [ 91.16175079400017, 23.745004654000184 ], [ 91.162399291999975, 23.745706559000098 ], [ 91.162857056, 23.746202470000185 ], [ 91.163322447999974, 23.746683120000171 ], [ 91.163589478000063, 23.746976853000035 ], [ 91.164215088000105, 23.747678757000187 ], [ 91.165008545000148, 23.748302461000094 ], [ 91.16577148500005, 23.748901367000087 ], [ 91.166137695000145, 23.749109269000087 ], [ 91.167099000000178, 23.749532701000135 ], [ 91.167594909000115, 23.749782563000167 ], [ 91.168197632000158, 23.749797821000186 ], [ 91.168746948000091, 23.749851226000089 ], [ 91.169013977000077, 23.749834060000069 ], [ 91.169998169000166, 23.749767304000045 ], [ 91.170097351000038, 23.750049590000174 ], [ 91.17019653300008, 23.750162125000145 ], [ 91.170326234000015, 23.750246049000168 ], [ 91.170433044000163, 23.750314713000137 ], [ 91.170516968000186, 23.750366210000038 ], [ 91.170623780000142, 23.750448227 ], [ 91.170753479000155, 23.750505447000137 ], [ 91.17086029100011, 23.75057220500014 ], [ 91.171081542000195, 23.75068283000013 ], [ 91.171157838000113, 23.750747681000121 ], [ 91.171211243000187, 23.750820161000036 ], [ 91.171150208000199, 23.750921249000044 ], [ 91.17110443100006, 23.750995637000187 ], [ 91.171058656000071, 23.751153947000148 ], [ 91.171180724000067, 23.751232148000099 ], [ 91.171287537000069, 23.751298904000123 ], [ 91.171386719000111, 23.751361847000112 ], [ 91.17239379800003, 23.752014160000158 ], [ 91.172477722000053, 23.752006532000053 ], [ 91.178100586000085, 23.75170898500005 ], [ 91.183105468000122, 23.751281738000159 ], [ 91.187683105000076, 23.751281738000159 ], [ 91.189270019000105, 23.75170898500005 ], [ 91.194869994000044, 23.753160476000176 ], [ 91.195495606000122, 23.753295900000182 ], [ 91.199363709000181, 23.753141403000086 ], [ 91.200073243000077, 23.753112794000117 ], [ 91.205467223000142, 23.752229690000036 ], [ 91.210388184000124, 23.751621246000184 ], [ 91.210929871000076, 23.751605988000165 ], [ 91.21429443400018, 23.750122071000192 ], [ 91.214965821000021, 23.748670578000088 ], [ 91.215835571000071, 23.746994019 ], [ 91.215873718000125, 23.746885299999974 ], [ 91.217086792000146, 23.74368095400007 ], [ 91.21996307500018, 23.741189957000131 ], [ 91.220527649000132, 23.740924835000044 ], [ 91.221176147000165, 23.742631913000082 ], [ 91.221832275000111, 23.744340898000132 ], [ 91.22241211000005, 23.745857239000088 ], [ 91.223236083000074, 23.747001648000037 ], [ 91.224235535000162, 23.748399735000135 ], [ 91.225395202000129, 23.749998093000045 ], [ 91.225616455000193, 23.750301362000187 ], [ 91.225997925000172, 23.750844955000161 ], [ 91.226295472000174, 23.75126266500007 ], [ 91.22625732500012, 23.751434327000084 ], [ 91.226051330000018, 23.752447128000085 ], [ 91.225952148000033, 23.752931595000121 ], [ 91.225891113000046, 23.753236772000093 ], [ 91.225799561000088, 23.753660202000106 ], [ 91.225418091000165, 23.755485535000048 ], [ 91.225166321000074, 23.756668091000051 ], [ 91.225997925000172, 23.757946015000073 ], [ 91.226379395000095, 23.758529663000047 ], [ 91.226989747000175, 23.759466171000099 ], [ 91.227630614000134, 23.760448455000187 ], [ 91.228012084999989, 23.76103592000004 ], [ 91.228340150000065, 23.76153564599997 ], [ 91.229385376000039, 23.763164520000089 ], [ 91.229904176000161, 23.763961791999975 ], [ 91.230514527000139, 23.76486396700011 ], [ 91.230644226000095, 23.765060426000105 ], [ 91.230636597000114, 23.76587295600001 ], [ 91.230621337000059, 23.766799927000079 ], [ 91.23058319, 23.769012450999981 ], [ 91.230537415000072, 23.771472932000108 ], [ 91.230499268000187, 23.773513795000099 ], [ 91.230461122000065, 23.776062012000182 ], [ 91.230285644000105, 23.777601241000127 ], [ 91.230064393000191, 23.779382705000046 ], [ 91.23027801600017, 23.782064438000191 ], [ 91.230445861000135, 23.784107209000183 ], [ 91.230476380000084, 23.784534454000095 ], [ 91.230293274000189, 23.784643174 ], [ 91.22991943400018, 23.784824372000116 ], [ 91.228889466000055, 23.785394669000141 ], [ 91.228324889000135, 23.785707474000162 ], [ 91.228652953999983, 23.787191391000079 ], [ 91.228691101000038, 23.787349701000039 ], [ 91.228637696000192, 23.787702560000184 ], [ 91.22856140100015, 23.788253785000052 ], [ 91.228469849000021, 23.788934707000124 ], [ 91.228042603000063, 23.789417267000033 ], [ 91.227096557000095, 23.790212632000078 ], [ 91.22693633900019, 23.790346146000104 ], [ 91.226791382000158, 23.790468217000125 ], [ 91.226600646000179, 23.790731429000061 ], [ 91.226379395000095, 23.791103364000037 ], [ 91.226631165000128, 23.791833878000091 ], [ 91.22711181700015, 23.793226243000106 ], [ 91.227210999000135, 23.793340684000043 ], [ 91.227203369000051, 23.793485641000075 ], [ 91.228309631000116, 23.795291900000052 ], [ 91.22879028300008, 23.795751572000029 ], [ 91.229141235000156, 23.796091080000053 ], [ 91.22969818100006, 23.796550752000087 ], [ 91.230087280000191, 23.796869279000077 ], [ 91.230461122000065, 23.797180176000097 ], [ 91.230804443000125, 23.797443391000115 ], [ 91.231109620000041, 23.797687530000189 ], [ 91.231002807000039, 23.79822158800016 ], [ 91.231277465000176, 23.798271180000143 ], [ 91.231536865000123, 23.798318862000031 ], [ 91.23134613100018, 23.799070358 ], [ 91.231323242000144, 23.799173355000107 ], [ 91.231376647000047, 23.799364091000086 ], [ 91.231719971000189, 23.800575258000038 ], [ 91.232490539000196, 23.80252647400016 ], [ 91.232688904000156, 23.803178787000036 ], [ 91.233146668000188, 23.804645539000092 ], [ 91.233352662000186, 23.805330276000177 ], [ 91.233665467000037, 23.806331635000163 ], [ 91.233802796000134, 23.806789399000024 ], [ 91.233909606000111, 23.807052612 ], [ 91.233779907000098, 23.80725288300016 ], [ 91.233688355000197, 23.807422638999981 ], [ 91.233657837000123, 23.807590484000116 ], [ 91.233749389000081, 23.807779313000026 ], [ 91.233764649000079, 23.807888031000118 ], [ 91.233657837000123, 23.80814743000019 ], [ 91.233650209000018, 23.808322906000171 ], [ 91.233581543000014, 23.808448792000092 ], [ 91.233535766000045, 23.808643341000106 ], [ 91.2335510260001, 23.809396744000026 ], [ 91.233535766000045, 23.810041429000137 ], [ 91.233688355000197, 23.810968400000036 ], [ 91.233970641000099, 23.810977934999983 ], [ 91.234039307000103, 23.811283112000126 ], [ 91.23409271200012, 23.811546327000144 ], [ 91.234359742000038, 23.81166267500015 ], [ 91.23445892400008, 23.811725618000139 ], [ 91.234413147000112, 23.811861039000064 ], [ 91.234512329000154, 23.811931610000102 ], [ 91.234733582000047, 23.811929703000033 ], [ 91.234794617000034, 23.812051773 ], [ 91.234848022000108, 23.812114716000167 ], [ 91.235038757000154, 23.812273026000128 ], [ 91.235282898000037, 23.812410355000054 ], [ 91.235260009000172, 23.812480926000092 ], [ 91.235481262000121, 23.812517167000181 ], [ 91.235649110000111, 23.812519073000146 ], [ 91.235824586000092, 23.812562942000113 ], [ 91.23591613800005, 23.812633515000186 ], [ 91.236175537000065, 23.812688828000091 ], [ 91.236427307000156, 23.812959670999987 ], [ 91.236518861000093, 23.813087464000034 ], [ 91.236679078000066, 23.813148499000192 ], [ 91.236831665000182, 23.813207627000111 ], [ 91.237075807000167, 23.813537598000153 ], [ 91.237335204000033, 23.813741685000082 ], [ 91.237480163000043, 23.813737870000182 ], [ 91.237564087000067, 23.813919068000075 ], [ 91.238601685999981, 23.815736771000104 ], [ 91.239715576000151, 23.817695618000073 ], [ 91.240097046000074, 23.818355561000089 ], [ 91.240638728000135, 23.819276811000066 ], [ 91.240667264000194, 23.819329794000112 ], [ 91.240692139000032, 23.819375991000129 ], [ 91.240872096000089, 23.819687814000076 ], [ 91.241134644000169, 23.820142747000148 ], [ 91.241405640000039, 23.820610263000106 ], [ 91.24221038800016, 23.821998597000061 ], [ 91.242858888000171, 23.823110581000037 ], [ 91.243713378000166, 23.824274063000189 ], [ 91.243843079000158, 23.824464797000189 ], [ 91.244834900000058, 23.825822831000096 ], [ 91.244997008000155, 23.826045449000048 ], [ 91.245933532000038, 23.827331544000117 ], [ 91.247505188000048, 23.829494476000036 ], [ 91.249336244000176, 23.831987382000079 ], [ 91.249626466000052, 23.832308017000059 ], [ 91.250609999000176, 23.833395 ], [ 91.251051116000156, 23.833885926000107 ], [ 91.251716613000042, 23.834627151000063 ], [ 91.252601624000192, 23.83561515700012 ], [ 91.253425598000149, 23.836526870000171 ], [ 91.253990011000042, 23.837154208000186 ], [ 91.254004332000079, 23.83741276700016 ], [ 91.25404357900004, 23.838129043000094 ], [ 91.253250122, 23.839805604 ], [ 91.253013611000085, 23.840301514000032 ], [ 91.252936885000111, 23.840470313000026 ], [ 91.252899171000195, 23.840553284000066 ], [ 91.252836273000128, 23.840691660000118 ], [ 91.252822877000085, 23.84072113100018 ], [ 91.252662636000082, 23.841053061000082 ], [ 91.251937866000162, 23.842592239000112 ], [ 91.251358031000052, 23.843820572000027 ], [ 91.250922873000093, 23.844734642000162 ], [ 91.250656128000173, 23.845294953000064 ], [ 91.250265833000071, 23.846120147000136 ], [ 91.249855041000046, 23.846988678000173 ], [ 91.249588013000164, 23.848014831000057 ], [ 91.249328613000159, 23.848999024000022 ], [ 91.24880981400014, 23.850954056000148 ], [ 91.248715767000078, 23.851082405 ], [ 91.248344000000145, 23.851589001000036 ], [ 91.24810660900016, 23.851910573000168 ], [ 91.248062134000122, 23.851970673000153 ], [ 91.247802104000073, 23.852323794000142 ], [ 91.247108459000174, 23.853265762000092 ], [ 91.246632371000032, 23.853914893000081 ], [ 91.246116638000046, 23.854618072999983 ], [ 91.245208740000066, 23.855857849000074 ], [ 91.244369506000112, 23.856998444000055 ], [ 91.243392945000039, 23.858324051000011 ], [ 91.242019653000114, 23.860198974000184 ], [ 91.241476846000069, 23.86093319600019 ], [ 91.241294862000075, 23.861179353000011 ], [ 91.241167033000067, 23.861353117000192 ], [ 91.240806579000093, 23.861843109000063 ], [ 91.240493774000072, 23.862686158000088 ], [ 91.240346087000034, 23.863082900000052 ], [ 91.240074000000163, 23.863813 ], [ 91.239687422000145, 23.864849652000032 ], [ 91.23918151800018, 23.866205216000139 ], [ 91.238822968000193, 23.867153085000098 ], [ 91.238510132000044, 23.867980957000043 ], [ 91.238555909000013, 23.868070602999978 ], [ 91.238471985000047, 23.868129731000124 ], [ 91.2382736200002, 23.870227814000032 ], [ 91.238197327000194, 23.871093750000114 ], [ 91.23814392200012, 23.871658326000102 ], [ 91.238082886000086, 23.872337341000048 ], [ 91.237983704000044, 23.872573852000187 ], [ 91.237846375000117, 23.872875213000157 ], [ 91.237449647000176, 23.873765945000173 ], [ 91.236633301000097, 23.875583650000181 ], [ 91.236526489000141, 23.875818253000148 ], [ 91.235710143000119, 23.877660752000111 ], [ 91.234420777000196, 23.87784385600014 ], [ 91.233772277000185, 23.877941131000114 ], [ 91.231758118000073, 23.878234864000149 ], [ 91.231330872000058, 23.878711701999976 ], [ 91.230674744000112, 23.879463197000121 ], [ 91.229705810999974, 23.880556106000029 ], [ 91.229545594000172, 23.880739212000094 ], [ 91.229431153000178, 23.882541656000171 ], [ 91.229347229000155, 23.883869171000129 ], [ 91.229248047000112, 23.885459900000058 ], [ 91.229156493000175, 23.886920929000041 ], [ 91.229057311000133, 23.888475419000031 ], [ 91.228973389000146, 23.889768600000025 ], [ 91.228851319000171, 23.891902925000124 ], [ 91.228752137000129, 23.89370346200019 ], [ 91.228668213000105, 23.895259857000099 ], [ 91.228553772000168, 23.896844864000059 ], [ 91.228492737000181, 23.897670745000084 ], [ 91.228431702000194, 23.898778915000094 ], [ 91.228813172000116, 23.898769379000044 ], [ 91.229827880000073, 23.899169923000102 ], [ 91.230003358000033, 23.899238586000024 ], [ 91.23032379100016, 23.899366379000014 ], [ 91.231002807000039, 23.899633407000124 ], [ 91.233253480000144, 23.900520326000048 ], [ 91.23530578600014, 23.901332855000192 ], [ 91.236557007000044, 23.902091980000023 ], [ 91.237380981000172, 23.902593613000079 ], [ 91.238250732000097, 23.90312385600015 ], [ 91.239860535000162, 23.904106139000135 ], [ 91.242279053000061, 23.905578613000159 ], [ 91.244590759, 23.906980514000054 ], [ 91.244812012000125, 23.907115937000128 ], [ 91.244903564000083, 23.907798767000145 ], [ 91.245010376000039, 23.90854454000015 ], [ 91.245155335000049, 23.908864975000085 ], [ 91.245513917000039, 23.910486221000099 ], [ 91.245948792000036, 23.912439347000088 ], [ 91.246124268000187, 23.913225174000161 ], [ 91.246139526000036, 23.913846970000122 ], [ 91.245063781000113, 23.91587829600013 ], [ 91.244064332000107, 23.917779922000079 ], [ 91.243309021000186, 23.919200897000167 ], [ 91.241378784000119, 23.922845840000036 ], [ 91.239692687000115, 23.923690797 ], [ 91.237792968000065, 23.924646377000045 ], [ 91.237236022000161, 23.924924850000082 ], [ 91.236289978000059, 23.925405502000046 ], [ 91.235183716000165, 23.925968170999965 ], [ 91.233917236000195, 23.926610946000153 ], [ 91.232955933000142, 23.927095414000064 ], [ 91.233871459000056, 23.927999496000098 ], [ 91.234603881000055, 23.92792892500006 ], [ 91.234725952000133, 23.927917480000076 ], [ 91.235031128000173, 23.927886963000105 ], [ 91.235603333000142, 23.92783165100019 ], [ 91.235313416000054, 23.928680421000024 ], [ 91.236511230000076, 23.929687500000171 ], [ 91.239204407000045, 23.92952346800007 ], [ 91.239501953000172, 23.929504394000105 ], [ 91.246849060000102, 23.928379059000179 ], [ 91.25183868400012, 23.92898750300003 ], [ 91.254432678000171, 23.927539825000167 ], [ 91.257080079000104, 23.927307129000098 ], [ 91.262329102000194, 23.926513672000112 ], [ 91.267272949000017, 23.927124023000033 ], [ 91.272056579000093, 23.926980973000127 ], [ 91.272476196000071, 23.926973343000043 ], [ 91.272613525000168, 23.926916123000069 ], [ 91.272705079000104, 23.926898957000105 ], [ 91.275306701000034, 23.926418305000084 ], [ 91.274673461000077, 23.929332734000127 ], [ 91.274177551000037, 23.931623459000036 ], [ 91.273712158000194, 23.933786392000172 ], [ 91.273307800000111, 23.935630799000137 ], [ 91.272933960000103, 23.937330246000158 ], [ 91.272827149000079, 23.93778419500012 ], [ 91.271888733000196, 23.938591003000113 ], [ 91.271789550999983, 23.938667298000098 ], [ 91.270828246000121, 23.939395905000083 ], [ 91.269615174000137, 23.940309524999975 ], [ 91.268554687000062, 23.941102983000121 ], [ 91.268142700000169, 23.941402434999986 ], [ 91.26691436800013, 23.942308427000171 ], [ 91.266136169000106, 23.942882539000095 ], [ 91.263931275000118, 23.944370271000082 ], [ 91.264305115000127, 23.945159913000055 ], [ 91.264747619000161, 23.946102142000086 ], [ 91.265037537000183, 23.946716308000134 ], [ 91.265724182000042, 23.948486329000104 ], [ 91.266464234000182, 23.950391770000124 ], [ 91.267417908000027, 23.952810289000126 ], [ 91.267730713000105, 23.953592301000185 ], [ 91.268516540000178, 23.955581666000171 ], [ 91.269622802000072, 23.958330155000112 ], [ 91.270217894999973, 23.959810257000186 ], [ 91.270729064000079, 23.961147309000182 ], [ 91.2714538580002, 23.963047028000062 ], [ 91.271842956000057, 23.963611603000118 ], [ 91.27189636300011, 23.963687896000124 ], [ 91.273315430000025, 23.966674806000185 ], [ 91.275932312, 23.970054627000138 ], [ 91.278686524000193, 23.973876954000104 ], [ 91.279876710000053, 23.976808548000065 ], [ 91.279922485000043, 23.976921081 ], [ 91.281578064000144, 23.980178834000185 ], [ 91.281646728000169, 23.980306625000026 ], [ 91.28367614800004, 23.983102798000175 ], [ 91.285575867000091, 23.983093263000171 ], [ 91.285705566000047, 23.983093263000171 ], [ 91.285415649000129, 23.981967925000163 ], [ 91.285537720000036, 23.982051849000186 ], [ 91.285621644000059, 23.9820594790001 ], [ 91.285720826000102, 23.981985093000162 ], [ 91.285888672000112, 23.981950760000075 ], [ 91.285957337000013, 23.982006072000047 ], [ 91.286064147000161, 23.982154846000071 ], [ 91.286170960000049, 23.98207664500012 ], [ 91.285995484000068, 23.981849670000031 ], [ 91.285934449000081, 23.981731414000024 ], [ 91.285903930000131, 23.981538773000182 ], [ 91.285835267000039, 23.981220245000088 ], [ 91.285781859000053, 23.980949402000192 ], [ 91.285728454000036, 23.980606079000097 ], [ 91.285697938000169, 23.980457307000052 ], [ 91.285621644000059, 23.980403900000169 ], [ 91.285369872, 23.98035812500018 ], [ 91.285224915000185, 23.980293274000076 ], [ 91.285057068000071, 23.980098725000062 ], [ 91.284934997000164, 23.979980469000054 ], [ 91.28488159200009, 23.979738236000173 ], [ 91.284988404000046, 23.979612350000025 ], [ 91.28510284500004, 23.979454040000064 ], [ 91.285179138000046, 23.97938728400004 ], [ 91.285247802000015, 23.979206085999976 ], [ 91.285202027000082, 23.979038238000157 ], [ 91.285079956000175, 23.978757858000051 ], [ 91.284919739000145, 23.97839546300014 ], [ 91.284790040000189, 23.978080750000117 ], [ 91.284782410000048, 23.978006362000031 ], [ 91.284629822000056, 23.977630615000123 ], [ 91.284606934000124, 23.977396011000053 ], [ 91.284690858000147, 23.977289201000133 ], [ 91.284675597000046, 23.977151872000036 ], [ 91.284774780000134, 23.977006913000025 ], [ 91.284873962000177, 23.976892472000031 ], [ 91.285194397000168, 23.976644516000135 ], [ 91.285415649000129, 23.976589203000117 ], [ 91.285545348000142, 23.976562500000114 ], [ 91.285690307000152, 23.97651291000011 ], [ 91.285812378, 23.976322173000028 ], [ 91.285888672000112, 23.976228714 ], [ 91.285987854000155, 23.976140977000114 ], [ 91.286193848000153, 23.976060868000161 ], [ 91.286361694000163, 23.976055146000078 ], [ 91.286575317000199, 23.976121904000081 ], [ 91.286621094000168, 23.976064681000025 ], [ 91.28665924000012, 23.975873947000082 ], [ 91.286567688000162, 23.975528718000191 ], [ 91.286529542000039, 23.975254058000189 ], [ 91.286506653000174, 23.974994659000174 ], [ 91.286521911000193, 23.974893571000109 ], [ 91.286560058000077, 23.974794389000124 ], [ 91.286651612000185, 23.974685669000166 ], [ 91.286766053000179, 23.974618911000164 ], [ 91.286979675000055, 23.974451065000096 ], [ 91.287010192000196, 23.974367142000176 ], [ 91.287010192000196, 23.974227905000134 ], [ 91.28700256400009, 23.97402000500017 ], [ 91.287117004000152, 23.973882676000073 ], [ 91.28722381700004, 23.973802567000121 ], [ 91.287391662000118, 23.973972321000133 ], [ 91.287513733000196, 23.97410965 ], [ 91.287513733000196, 23.974184036000111 ], [ 91.287590026000032, 23.974170685 ], [ 91.287651062000123, 23.974117280000144 ], [ 91.287673950000055, 23.974040986000034 ], [ 91.287612915000068, 23.973865508000074 ], [ 91.287483216000055, 23.973636627000076 ], [ 91.287399292000032, 23.973464967000041 ], [ 91.287361145000034, 23.973331451000035 ], [ 91.287315369000112, 23.973081589000117 ], [ 91.287231445000089, 23.972854615000188 ], [ 91.287071227000183, 23.972774507000111 ], [ 91.286903382000048, 23.972690583000087 ], [ 91.286727906000124, 23.972570420000011 ], [ 91.286689759000069, 23.972438813000053 ], [ 91.286727906000124, 23.972343444000103 ], [ 91.286827088000166, 23.972187042000087 ], [ 91.286987305000139, 23.972026825000057 ], [ 91.287071227000183, 23.971904754000036 ], [ 91.287124634000065, 23.971782685000107 ], [ 91.287124634000065, 23.971551895000061 ], [ 91.287170409000055, 23.971319199000163 ], [ 91.287338257000044, 23.971008302000087 ], [ 91.287506103000112, 23.970838546000095 ], [ 91.28771209700011, 23.970703125000171 ], [ 91.287918092000155, 23.970455171000083 ], [ 91.287841796000066, 23.970373154000129 ], [ 91.287658692000036, 23.970308304000071 ], [ 91.287567138000099, 23.970220565000034 ], [ 91.287513733000196, 23.970125198000062 ], [ 91.287460328000122, 23.969934464000062 ], [ 91.287345887000185, 23.969717026000183 ], [ 91.287025452000194, 23.969455719000166 ], [ 91.286994934000177, 23.969377518000158 ], [ 91.286972045000141, 23.969266892000064 ], [ 91.286979675000055, 23.969190599000058 ], [ 91.287040711000145, 23.969032287000118 ], [ 91.28716278100012, 23.968856810999966 ], [ 91.287338257000044, 23.968635560000052 ], [ 91.287361145000034, 23.968519210000011 ], [ 91.287429809000173, 23.968313218000048 ], [ 91.287605285000154, 23.968172074000108 ], [ 91.287704467000196, 23.968145370000173 ], [ 91.287788391, 23.968181609000055 ], [ 91.28784942599998, 23.968252182000128 ], [ 91.287902831000054, 23.968345642000031 ], [ 91.288017274000197, 23.968534471000112 ], [ 91.288177491000056, 23.968587876000186 ], [ 91.288330078000172, 23.968614579000189 ], [ 91.2885742200001, 23.968589783000084 ], [ 91.28878021200012, 23.968587876000186 ], [ 91.288978576000147, 23.968547821000186 ], [ 91.289070128000105, 23.968467713000109 ], [ 91.289321900000175, 23.968433381000125 ], [ 91.28939056300004, 23.968355180000117 ], [ 91.289482116999977, 23.968200683000077 ], [ 91.289489746000186, 23.968078614000149 ], [ 91.290573121000193, 23.968502044000047 ], [ 91.293090819000156, 23.969482423000045 ], [ 91.29422760000017, 23.970220565000034 ], [ 91.294303894000052, 23.970281600000192 ], [ 91.295944213000155, 23.971570968000094 ], [ 91.296096802000079, 23.971618653000064 ], [ 91.299468993000119, 23.972650529000191 ], [ 91.298355103000176, 23.974502563000101 ], [ 91.298103332000039, 23.974918365000065 ], [ 91.297576904000152, 23.975786210000024 ], [ 91.297447206000072, 23.975997925 ], [ 91.297210692000078, 23.976387024000132 ], [ 91.298019410000165, 23.977861405 ], [ 91.298194886000147, 23.978183746000127 ], [ 91.298492432000046, 23.978734971000165 ], [ 91.298988343000133, 23.97964096100003 ], [ 91.299736023000037, 23.981033325999988 ], [ 91.300727844000107, 23.982870102000106 ], [ 91.300758361000078, 23.983274459000086 ], [ 91.300765991000162, 23.983346940000104 ], [ 91.301017761000196, 23.983741761000033 ], [ 91.301925658000073, 23.985019683000075 ], [ 91.302307129000098, 23.985839844000168 ], [ 91.302688599000078, 23.986574174000168 ], [ 91.303421021000077, 23.987957001000098 ], [ 91.30330658000014, 23.988019944000087 ], [ 91.303161621000129, 23.988113403000057 ], [ 91.302955627000131, 23.988832474000162 ], [ 91.302810669000053, 23.989139556000168 ], [ 91.302688599000078, 23.989240646000155 ], [ 91.30259704700012, 23.989231110000105 ], [ 91.302505493000183, 23.989221573000123 ], [ 91.302375794000056, 23.989246369 ], [ 91.302230835000046, 23.989360809000061 ], [ 91.30228424000012, 23.989566804000162 ], [ 91.302291870000033, 23.989707948000103 ], [ 91.302177430000143, 23.989950179000175 ], [ 91.302192688000162, 23.990234375000057 ], [ 91.302192688000162, 23.990306854000096 ], [ 91.302047729000151, 23.990644455000051 ], [ 91.302177430000143, 23.990749359 ], [ 91.302246093000065, 23.990827560000184 ], [ 91.302139283000088, 23.990922928000089 ], [ 91.302001954, 23.99096107400004 ], [ 91.301948547000109, 23.991037370000129 ], [ 91.301887512000121, 23.991147995000176 ], [ 91.301887512000121, 23.991237640000179 ], [ 91.301948547000109, 23.991411209999967 ], [ 91.301979065000182, 23.991598129000067 ], [ 91.30206298700017, 23.991764069000169 ], [ 91.302192688000162, 23.991832733000138 ], [ 91.30223846500013, 23.991966248999972 ], [ 91.302215577000197, 23.992179871000076 ], [ 91.302116394000052, 23.992473603000064 ], [ 91.302108764000138, 23.992593766000141 ], [ 91.30201721200001, 23.992811203000088 ], [ 91.301864625000121, 23.993190766000168 ], [ 91.301689147000161, 23.993309022000176 ], [ 91.301597595000032, 23.993379593000043 ], [ 91.3015747070001, 23.993482590000156 ], [ 91.301528930000131, 23.993673324000099 ], [ 91.30137634200014, 23.993776321000041 ], [ 91.301338196000131, 23.993850707000149 ], [ 91.3013839730001, 23.993940354000188 ], [ 91.301467896000077, 23.993968963000157 ], [ 91.30151367100018, 23.994125367000095 ], [ 91.301567079000165, 23.994285585000057 ], [ 91.301620484000068, 23.994453430000192 ], [ 91.301750183000024, 23.99455642800018 ], [ 91.30179596, 23.994623184000034 ], [ 91.301818848000153, 23.994768142999988 ], [ 91.301948547000109, 23.994894028000033 ], [ 91.301986694000163, 23.994976045000158 ], [ 91.302009582000096, 23.995080947000133 ], [ 91.302024840000115, 23.995357513000101 ], [ 91.3020782480001, 23.995517730000131 ], [ 91.302482604000147, 23.995681763000107 ], [ 91.302558898000086, 23.995756149000044 ], [ 91.302513123000097, 23.995994568000128 ], [ 91.302581787000122, 23.996049880000101 ], [ 91.302658080000128, 23.996114731000034 ], [ 91.302757262000171, 23.996145249000108 ], [ 91.302902221000181, 23.996192932000042 ], [ 91.302970887000129, 23.996295929000098 ], [ 91.302909852000141, 23.996427536000112 ], [ 91.30294799800015, 23.996574402000135 ], [ 91.303222656000116, 23.996622087000105 ], [ 91.303428718000134, 23.996721275000141 ], [ 91.303491093000048, 23.996727272000044 ], [ 91.303527937000069, 23.996730993000085 ], [ 91.303540423000186, 23.996753738000052 ], [ 91.303581000000122, 23.996828001000097 ], [ 91.303642000000195, 23.997009001000151 ], [ 91.303467, 23.997053000000165 ], [ 91.303421612000079, 23.997028559000171 ], [ 91.303337097000053, 23.996982574000185 ], [ 91.303300928, 23.996964489 ], [ 91.303261072000112, 23.996944103000089 ], [ 91.303184510000165, 23.996900558000164 ], [ 91.303047181000068, 23.996902465000062 ], [ 91.303054809000173, 23.997009278000064 ], [ 91.303130800000133, 23.997068180000156 ], [ 91.303283692000036, 23.997213364000118 ], [ 91.303271969000036, 23.997245602000078 ], [ 91.303253000000154, 23.997296999000184 ], [ 91.303209708000111, 23.997311051999986 ], [ 91.303138921000198, 23.997333748000131 ], [ 91.303375244000108, 23.997610093000162 ], [ 91.303497314000083, 23.997917175000168 ], [ 91.303516305000187, 23.997947087000114 ], [ 91.303532916000052, 23.997973249000154 ], [ 91.303573608000193, 23.998037338000074 ], [ 91.303825379000159, 23.998056412000039 ], [ 91.303947448000031, 23.998140336000063 ], [ 91.304054260000157, 23.99799346900005 ], [ 91.30399322500017, 23.997505188000105 ], [ 91.304145812000115, 23.997335435000139 ], [ 91.304206848000035, 23.997253419000117 ], [ 91.304344177000075, 23.99712944099997 ], [ 91.304588318000128, 23.996770859000151 ], [ 91.304444374000127, 23.996605748000093 ], [ 91.304329005000056, 23.996473006000144 ], [ 91.304458883000166, 23.996012415000109 ], [ 91.304659828000183, 23.996006144000035 ], [ 91.304801940000061, 23.996002198000042 ], [ 91.304924011000082, 23.995840073000068 ], [ 91.304936071000043, 23.995823993000158 ], [ 91.305014801000141, 23.995719588000156 ], [ 91.305094815000189, 23.995664660000045 ], [ 91.30511394600012, 23.995651738000049 ], [ 91.305137999000067, 23.995396 ], [ 91.30520808100016, 23.995374746000039 ], [ 91.305229274000055, 23.995368454000015 ], [ 91.305259704000093, 23.99535942000017 ], [ 91.305401774000131, 23.995501490000038 ], [ 91.305442096000093, 23.99554181200017 ], [ 91.305458069000053, 23.99555778500013 ], [ 91.305503231000046, 23.995553551000171 ], [ 91.305545112000061, 23.995549625000024 ], [ 91.305580139000199, 23.995546341000079 ], [ 91.305626462000077, 23.995477821000122 ], [ 91.305672, 23.995411001000093 ], [ 91.305721888000107, 23.995380117000025 ], [ 91.30575561500018, 23.99535942000017 ], [ 91.305931091000105, 23.995260238000128 ], [ 91.306053162000183, 23.995174409000072 ], [ 91.306365966000158, 23.995275499000059 ], [ 91.306915284000127, 23.995098113000154 ], [ 91.307052613, 23.994991303000177 ], [ 91.307556152000188, 23.994892121000134 ], [ 91.307632446000127, 23.994848251000064 ], [ 91.307594342000186, 23.994613911000044 ], [ 91.307755000000157, 23.994572 ], [ 91.307861035000087, 23.994510873000024 ], [ 91.307922364000149, 23.994287490000147 ], [ 91.307975339000166, 23.994253056000105 ], [ 91.307998944000076, 23.994238035000024 ], [ 91.308197000000121, 23.994217000000162 ], [ 91.308224256000074, 23.994215348000182 ], [ 91.3083953860002, 23.994205476000104 ], [ 91.308586120000143, 23.99415016100005 ], [ 91.308662414000082, 23.994092941000076 ], [ 91.308815003000177, 23.993940354000188 ], [ 91.308952332000104, 23.993877411000028 ], [ 91.309085192000055, 23.993795247000151 ], [ 91.3090954500002, 23.993788904000098 ], [ 91.309116062000101, 23.993668089000096 ], [ 91.309127997000132, 23.993593027000145 ], [ 91.309211732000051, 23.993509293000102 ], [ 91.309249348000151, 23.993491008000149 ], [ 91.309277925000117, 23.993477116000065 ], [ 91.309349061000148, 23.993442535000099 ], [ 91.309455871000068, 23.99333381800011 ], [ 91.309631095000043, 23.993274776000192 ], [ 91.30966843300007, 23.993188468000142 ], [ 91.309707857000149, 23.993097330000069 ], [ 91.309814314000164, 23.993108736000124 ], [ 91.309862391000138, 23.993113887000106 ], [ 91.310028000999978, 23.993132 ], [ 91.310226187000069, 23.993306981999979 ], [ 91.310256538000147, 23.993303641000182 ], [ 91.310325622, 23.99329566900002 ], [ 91.310256958000195, 23.993061065000177 ], [ 91.310228726000162, 23.993024853000179 ], [ 91.310192323000081, 23.992978162000156 ], [ 91.310081483000147, 23.992835999000192 ], [ 91.310097891999987, 23.992822780000097 ], [ 91.310126721000188, 23.992799556000136 ], [ 91.310149938000052, 23.992781051000065 ], [ 91.310225705, 23.992788242000074 ], [ 91.310264587, 23.992792130000055 ], [ 91.310328606999974, 23.992793908000181 ], [ 91.310364818000039, 23.992794914000058 ], [ 91.310401916000103, 23.992795945000069 ], [ 91.310531616, 23.992712021000045 ], [ 91.310630798000034, 23.992588043000126 ], [ 91.310647357000107, 23.992582442000071 ], [ 91.310890198000038, 23.992500306000068 ], [ 91.310951233000196, 23.992446899000129 ], [ 91.310886996000079, 23.992361661000189 ], [ 91.310852159000149, 23.992315212000165 ], [ 91.310871836000103, 23.992300454000031 ], [ 91.310882, 23.992293000000132 ], [ 91.310944, 23.992247 ], [ 91.311044923000111, 23.992183303 ], [ 91.311065640000152, 23.992170223000187 ], [ 91.311024930000144, 23.992041988000153 ], [ 91.311019633000171, 23.992025302000172 ], [ 91.310989380000024, 23.991930007000178 ], [ 91.311000621000176, 23.991918766000083 ], [ 91.311018839999974, 23.99190054800016 ], [ 91.311066000000153, 23.991854 ], [ 91.311210165000091, 23.991923283000176 ], [ 91.311271712000121, 23.99195289000005 ], [ 91.311310306000109, 23.991946952000092 ], [ 91.311328989000174, 23.991944077000142 ], [ 91.311470033000091, 23.991922379000073 ], [ 91.311623660000123, 23.991818575000025 ], [ 91.311678416000063, 23.991781577000154 ], [ 91.311751485000116, 23.991732348000085 ], [ 91.312027000000114, 23.991791001000081 ], [ 91.312172001000135, 23.991608001000031 ], [ 91.312378001000127, 23.991591000000142 ], [ 91.312548487000186, 23.991477343000042 ], [ 91.312576220000096, 23.991458942 ], [ 91.312746386000128, 23.991414369000154 ], [ 91.313224793000188, 23.991289139000116 ], [ 91.313263246000076, 23.991287536000073 ], [ 91.313407899000026, 23.991281509000032 ], [ 91.31354522700002, 23.991218566000043 ], [ 91.313865662000183, 23.99121284600011 ], [ 91.313922016000049, 23.991228499000044 ], [ 91.314071797999986, 23.991269997000131 ], [ 91.314155924000033, 23.991131124000106 ], [ 91.314192379000133, 23.991162264000025 ], [ 91.314219757000103, 23.991185649000045 ], [ 91.314247131000059, 23.991209031000039 ], [ 91.314259788000129, 23.991215847999968 ], [ 91.314270662000126, 23.991221703 ], [ 91.314346313000044, 23.991262436000113 ], [ 91.314460857000142, 23.991140186000109 ], [ 91.314544999000191, 23.990902000000119 ], [ 91.314648201000182, 23.990790459000038 ], [ 91.314743041000042, 23.990688324000018 ], [ 91.314880264000124, 23.990572066000027 ], [ 91.315155030000085, 23.990640641000084 ], [ 91.315345764000085, 23.990701674999968 ], [ 91.315582572000153, 23.990694974000064 ], [ 91.31560635600016, 23.990694301000076 ], [ 91.315750121000065, 23.990690231000087 ], [ 91.315925599000195, 23.990671158000055 ], [ 91.315971048000108, 23.990675289000137 ], [ 91.316009662000113, 23.990678967000065 ], [ 91.31616982100013, 23.990880920000166 ], [ 91.316248753000082, 23.990837801000055 ], [ 91.316317284000149, 23.990800363000176 ], [ 91.316375733000143, 23.990768433000028 ], [ 91.316416235000077, 23.990742556999976 ], [ 91.316444111000067, 23.990724748000048 ], [ 91.316512759000091, 23.990681153000082 ], [ 91.316734000000167, 23.990698000000123 ], [ 91.316781551000133, 23.990763470000047 ], [ 91.316802978000055, 23.990793229000133 ], [ 91.316886902000022, 23.990852356000119 ], [ 91.316993713999977, 23.991014481000093 ], [ 91.317214967000098, 23.991432191000058 ], [ 91.317504657000086, 23.991615833000139 ], [ 91.317642, 23.991703000000143 ], [ 91.317787, 23.991933998999968 ], [ 91.31803100000019, 23.992104 ], [ 91.318159509999987, 23.992216692 ], [ 91.318260193000071, 23.992256165000185 ], [ 91.318389892000084, 23.992359162000071 ], [ 91.318404862000079, 23.992365150000069 ], [ 91.318448299000181, 23.99238252400005 ], [ 91.318504001000179, 23.992405000000133 ], [ 91.318687001000058, 23.992548 ], [ 91.319084, 23.992613000000119 ], [ 91.319190374000016, 23.992770823000114 ], [ 91.319231886000068, 23.992832493000094 ], [ 91.319243928000049, 23.99284415700015 ], [ 91.31925742500016, 23.992852326000047 ], [ 91.319526673000041, 23.993015290000187 ], [ 91.31964075500008, 23.993065448000095 ], [ 91.319747926000161, 23.99311256500016 ], [ 91.319894694000027, 23.993103707000159 ], [ 91.319938155000159, 23.993101083999989 ], [ 91.319969176000143, 23.993099212000061 ], [ 91.320228576000147, 23.993267060000051 ], [ 91.320381079000072, 23.993366185000184 ], [ 91.320518494000169, 23.993684769000083 ], [ 91.320756054000071, 23.993732611000155 ], [ 91.320788874000129, 23.993739219000133 ], [ 91.320800792000057, 23.993784488000074 ], [ 91.320823669000106, 23.993917465000152 ], [ 91.321278733000099, 23.993815205000033 ], [ 91.321503, 23.993765 ], [ 91.321739, 23.99380700100005 ], [ 91.322197000000131, 23.994122000000118 ], [ 91.322520273000123, 23.994216813000037 ], [ 91.322642099000063, 23.99425270800009 ], [ 91.322837830000196, 23.994310379000126 ], [ 91.32305908100011, 23.994453430000192 ], [ 91.323257054000067, 23.99446104499998 ], [ 91.323463440000069, 23.994634629000132 ], [ 91.32363891600005, 23.994615555000166 ], [ 91.323852538000153, 23.994279862000042 ], [ 91.323891801000116, 23.994244525000056 ], [ 91.323923037000043, 23.994216412000128 ], [ 91.324012789000165, 23.994217245000073 ], [ 91.324089855000125, 23.994222797000191 ], [ 91.32437896800019, 23.994243623000159 ], [ 91.324447631000055, 23.994123460000026 ], [ 91.324386596000068, 23.993988038000055 ], [ 91.324645995000139, 23.993772506000141 ], [ 91.324729919000163, 23.993541718000074 ], [ 91.325019067000085, 23.993535889000043 ], [ 91.325088460000075, 23.993534490000172 ], [ 91.325202941000043, 23.993532182000138 ], [ 91.325668336000092, 23.992620469000144 ], [ 91.325699530000179, 23.992561200000125 ], [ 91.325705031000041, 23.992550749000031 ], [ 91.325745, 23.992475999000078 ], [ 91.326042046000111, 23.99250988700004 ], [ 91.326164246000076, 23.992212295000115 ], [ 91.326498321000088, 23.992163469000161 ], [ 91.326621849000048, 23.992145417000074 ], [ 91.326660062000087, 23.992139832000078 ], [ 91.326820320000195, 23.99170508900005 ], [ 91.327445984000121, 23.991878510000106 ], [ 91.327727787000072, 23.991764028000034 ], [ 91.327757492000103, 23.991751960000101 ], [ 91.327994932000024, 23.991655499000046 ], [ 91.32798, 23.991766 ], [ 91.328201, 23.991980000000183 ], [ 91.328392001000111, 23.991898000000106 ], [ 91.32858635600013, 23.991908378000119 ], [ 91.328598023000097, 23.991909026000144 ], [ 91.328849792000085, 23.991971969000133 ], [ 91.329040526000028, 23.992212295000115 ], [ 91.329154969000172, 23.992256165000185 ], [ 91.329176653000047, 23.992273976000149 ], [ 91.329208231000166, 23.992299914000171 ], [ 91.329315186000031, 23.99238777100004 ], [ 91.329538268000192, 23.992391812000108 ], [ 91.329653217000043, 23.992393895000191 ], [ 91.329841614000088, 23.992397309000125 ], [ 91.329986630000178, 23.992616589000136 ], [ 91.330151142000091, 23.992421561000185 ], [ 91.330181249000191, 23.992385870000192 ], [ 91.330223084000181, 23.992336274000138 ], [ 91.330368041000042, 23.992359162000071 ], [ 91.330322266000053, 23.99202918900005 ], [ 91.33041097600011, 23.992013583000187 ], [ 91.330524412000102, 23.991993628000046 ], [ 91.330734253000116, 23.991956711000114 ], [ 91.330978394000169, 23.992013931000031 ], [ 91.331192017000149, 23.992095947000053 ], [ 91.331321716000161, 23.992021561000115 ], [ 91.331340026000078, 23.991952900000058 ], [ 91.331352234000178, 23.991907121000054 ], [ 91.331413270000098, 23.991817474000015 ], [ 91.331352235999987, 23.991607675000182 ], [ 91.331400316000099, 23.991542017000086 ], [ 91.331451417000153, 23.991472245000182 ], [ 91.331535289000158, 23.991352155000186 ], [ 91.331600656000148, 23.991387320000172 ], [ 91.331825257000162, 23.991508485000111 ], [ 91.331859446000067, 23.991492102000109 ], [ 91.331877, 23.991484000000128 ], [ 91.331917, 23.991465000000176 ], [ 91.331978000000106, 23.991282000000126 ], [ 91.332245000000171, 23.991072 ], [ 91.332479961000161, 23.991178750000131 ], [ 91.332583927000201, 23.991226092000147 ], [ 91.332672119000051, 23.991266251000184 ], [ 91.332756043000074, 23.991039276000151 ], [ 91.33294918900009, 23.991086326000129 ], [ 91.333018355000092, 23.991103174000102 ], [ 91.333053588999974, 23.991111756000066 ], [ 91.333343596000077, 23.990707419000103 ], [ 91.333717346000128, 23.990793229000133 ], [ 91.333740234000061, 23.990577699000028 ], [ 91.333748894000053, 23.990528448000134 ], [ 91.333754000000113, 23.990500000000111 ], [ 91.333770984000125, 23.990404089000037 ], [ 91.333885193000071, 23.990385055000104 ], [ 91.333898577000127, 23.990387237000107 ], [ 91.333983585000055, 23.990401098000063 ], [ 91.334060669, 23.990413666000052 ], [ 91.334136913000123, 23.990369391000058 ], [ 91.33413632800017, 23.990342309000084 ], [ 91.334129334000124, 23.990018845000179 ], [ 91.333953975000043, 23.990001691000145 ], [ 91.333946144000038, 23.989906705000124 ], [ 91.33392334600012, 23.989626012000087 ], [ 91.333981981000079, 23.989627886000051 ], [ 91.334087275000059, 23.989631324000186 ], [ 91.334266626999977, 23.989636988000086 ], [ 91.33426262800009, 23.989596008000092 ], [ 91.33425903300008, 23.989559174000078 ], [ 91.334257373000128, 23.98950313000006 ], [ 91.334244003000094, 23.989044081000145 ], [ 91.334510803000114, 23.988916398000185 ], [ 91.334688442000186, 23.988772066000138 ], [ 91.334744000000171, 23.988727 ], [ 91.33475495800019, 23.988718034000101 ], [ 91.334991027000058, 23.988718034000101 ], [ 91.335037232000104, 23.98877716200019 ], [ 91.335098267000092, 23.988870621 ], [ 91.335212708000199, 23.988933564000149 ], [ 91.335556, 23.988790525000127 ], [ 91.335571290000019, 23.98858642600004 ], [ 91.335708693000129, 23.988550123000152 ], [ 91.335735275, 23.988527528000134 ], [ 91.335767113000145, 23.988500383000087 ], [ 91.335784826000122, 23.988485150000031 ], [ 91.335708619000116, 23.988319398000158 ], [ 91.335663879000151, 23.988249707000136 ], [ 91.335652923000112, 23.988232640999968 ], [ 91.335609436000198, 23.98816490300004 ], [ 91.335670472000061, 23.987989425000137 ], [ 91.335778951000066, 23.98793857600009 ], [ 91.335791191, 23.987932839000052 ], [ 91.335824573000139, 23.98788247400006 ], [ 91.335844274000067, 23.987851885999987 ], [ 91.335874855000043, 23.987804403999974 ], [ 91.335937975000093, 23.98770703800011 ], [ 91.336010045000194, 23.987691723000182 ], [ 91.336090089000038, 23.987674713 ], [ 91.33623504600007, 23.987243652000132 ], [ 91.336402894000116, 23.987115859000141 ], [ 91.336448669000049, 23.987012864000064 ], [ 91.336435062000078, 23.986990508000133 ], [ 91.336405259, 23.986941546000025 ], [ 91.336288453000122, 23.986749649000046 ], [ 91.336307203999979, 23.986635268000043 ], [ 91.336326937000138, 23.98651737299997 ], [ 91.336532789000103, 23.986574085000086 ], [ 91.336692810000102, 23.986501695000129 ], [ 91.337058770000169, 23.986381614000038 ], [ 91.336995808000154, 23.986276276000012 ], [ 91.336955144000115, 23.986208404000081 ], [ 91.336921693000136, 23.986152649000189 ], [ 91.336914964000187, 23.986142318000134 ], [ 91.336900126000046, 23.986119530000053 ], [ 91.336868286000083, 23.986070633000168 ], [ 91.336874224000042, 23.985917715000141 ], [ 91.336876000000188, 23.985874004000152 ], [ 91.336881, 23.985796000000107 ], [ 91.33689117199998, 23.985639608000099 ], [ 91.336895272000163, 23.985630253000124 ], [ 91.337051392000092, 23.98527526800018 ], [ 91.337219239000035, 23.984737397000174 ], [ 91.337287248000109, 23.984649384000079 ], [ 91.337347863000048, 23.984571461000087 ], [ 91.337578000000178, 23.984528000000125 ], [ 91.33778400000017, 23.984585001000141 ], [ 91.33791386200005, 23.984413183000129 ], [ 91.338089137000111, 23.984430445000157 ], [ 91.338152446000095, 23.984436679000169 ], [ 91.33816513000005, 23.984437927000045 ], [ 91.338187173000051, 23.98442559800003 ], [ 91.338223649000042, 23.984405112000104 ], [ 91.338377982000111, 23.984318571000131 ], [ 91.33852320900013, 23.98439463800014 ], [ 91.338551777000191, 23.984409853000045 ], [ 91.338790893000066, 23.984365463000131 ], [ 91.338881773000139, 23.984370403000185 ], [ 91.338958979000097, 23.984374600000081 ], [ 91.339025707000133, 23.984360166000101 ], [ 91.339063433000035, 23.984350734000031 ], [ 91.33912658600002, 23.98433494600016 ], [ 91.339271088000089, 23.984192635 ], [ 91.339318965000075, 23.984145484000123 ], [ 91.33937835800009, 23.984086990000094 ], [ 91.339340229000015, 23.983846785000026 ], [ 91.33940900000016, 23.983782 ], [ 91.339592, 23.983740001000058 ], [ 91.339576981999983, 23.983483804000059 ], [ 91.33957039600017, 23.983405995000112 ], [ 91.33956146200012, 23.98329544000012 ], [ 91.33970642100013, 23.983116149000125 ], [ 91.339876567000033, 23.982958411000027 ], [ 91.339889631, 23.982946341000115 ], [ 91.340080261000139, 23.982845306000172 ], [ 91.340232730000082, 23.982762014000059 ], [ 91.340252578000104, 23.982751171000132 ], [ 91.340286255000137, 23.982732773 ], [ 91.340312421000192, 23.982710205000103 ], [ 91.340438903000177, 23.982601088000081 ], [ 91.34050799900001, 23.982420000000161 ], [ 91.340568883000117, 23.982246331999988 ], [ 91.340632352000114, 23.982233831000144 ], [ 91.340745552000044, 23.982211534000157 ], [ 91.340820313000108, 23.982196808000026 ], [ 91.340972274000137, 23.982165571000166 ], [ 91.341106388000071, 23.982138002000113 ], [ 91.341163634000168, 23.982126235000123 ], [ 91.341407776000153, 23.982254029000046 ], [ 91.341590882, 23.98229408300017 ], [ 91.341619083000126, 23.982294434999972 ], [ 91.341719645000069, 23.982295692000037 ], [ 91.341742999000076, 23.982296 ], [ 91.341889141000081, 23.982341327000142 ], [ 91.342117164000058, 23.982412295000131 ], [ 91.342262268000127, 23.982671738000022 ], [ 91.34230560400016, 23.982693405000134 ], [ 91.342316695000136, 23.982698951000089 ], [ 91.342399597000053, 23.982740402000047 ], [ 91.342552939000143, 23.982749165000143 ], [ 91.34266675900011, 23.982755986000086 ], [ 91.342717775000096, 23.982882252000024 ], [ 91.34277842500012, 23.983032361000141 ], [ 91.342819118000193, 23.983133077000105 ], [ 91.34284219500006, 23.983148463000134 ], [ 91.34286765000013, 23.983165240000176 ], [ 91.342903138000054, 23.983188629999972 ], [ 91.343154908000088, 23.983129502000054 ], [ 91.343528762000119, 23.983056809000175 ], [ 91.343772889000149, 23.983009338999977 ], [ 91.344131471000139, 23.982929230000025 ], [ 91.34446716400015, 23.982870102000106 ], [ 91.344558716000051, 23.98289108300014 ], [ 91.344985961000191, 23.983324051000125 ], [ 91.345550537000179, 23.983156204000181 ], [ 91.345672608000029, 23.983333587000175 ], [ 91.345687549000104, 23.983354754000061 ], [ 91.345741499000155, 23.983431184000153 ], [ 91.345993043000192, 23.983787538000172 ], [ 91.34616823600004, 23.983777923000162 ], [ 91.346188762000111, 23.983776795999972 ], [ 91.346305848000043, 23.983770370000173 ], [ 91.34652710000006, 23.983974457000102 ], [ 91.346624849000079, 23.984012470000152 ], [ 91.346761488000084, 23.984065608000094 ], [ 91.346869927000057, 23.984107972000061 ], [ 91.346878488000186, 23.984113684000135 ], [ 91.347206050000068, 23.984333008000192 ], [ 91.347226277000061, 23.984333779000167 ], [ 91.347465515000181, 23.984342576000074 ], [ 91.347770691000164, 23.984090805000108 ], [ 91.347880961000044, 23.984095670999977 ], [ 91.34796606499998, 23.984099425000124 ], [ 91.348030091000169, 23.984102250000092 ], [ 91.348209101000066, 23.984067603000142 ], [ 91.348483226000099, 23.984014547000015 ], [ 91.348739624000132, 23.983964921 ], [ 91.349143981000111, 23.983804704000192 ], [ 91.349403381000116, 23.983745576000047 ], [ 91.34969329900008, 23.983579636 ], [ 91.349944874000016, 23.98337570800004 ], [ 91.349926016000097, 23.983332037000025 ], [ 91.349907, 23.983288 ], [ 91.349854000000164, 23.983166000999972 ], [ 91.349930001000132, 23.98308 ], [ 91.349951624000084, 23.983083379000107 ], [ 91.350090000000137, 23.983105001000069 ], [ 91.350132004000045, 23.983085998000035 ], [ 91.350174000000152, 23.98306699900013 ], [ 91.350248691000047, 23.983000312000058 ], [ 91.350257916000032, 23.982992085000149 ], [ 91.350258, 23.982777554999984 ], [ 91.350464042000169, 23.982807088000072 ], [ 91.350502001000052, 23.982813000000192 ], [ 91.35053421300006, 23.982778565999979 ], [ 91.350575382000159, 23.982734688000107 ], [ 91.350646973000153, 23.982658387000072 ], [ 91.350790528, 23.982648133000112 ], [ 91.350802059000159, 23.982647309000072 ], [ 91.350845334000098, 23.982707971000082 ], [ 91.351524352000183, 23.982641220000176 ], [ 91.351582950000022, 23.982658417000096 ], [ 91.351659270000141, 23.982680816000084 ], [ 91.351699828000108, 23.982692719000113 ], [ 91.35189803999998, 23.982587897000144 ], [ 91.351917647000107, 23.982536749000133 ], [ 91.351943920000053, 23.982468212000072 ], [ 91.352101702000141, 23.982436104999977 ], [ 91.352210999000022, 23.982414246000076 ], [ 91.352500916000167, 23.982330322000053 ], [ 91.352553145000115, 23.98229426000006 ], [ 91.352589863000105, 23.982268908000094 ], [ 91.352661049000176, 23.98221975600012 ], [ 91.35267751900011, 23.982135486000061 ], [ 91.352729839000176, 23.981867828000134 ], [ 91.352865024000096, 23.981935498000041 ], [ 91.353004, 23.982006000000183 ], [ 91.35321, 23.98209 ], [ 91.353282501000081, 23.982151001000034 ], [ 91.353354999000032, 23.982212000000175 ], [ 91.353405684000052, 23.982227535000163 ], [ 91.353506810000056, 23.982258652000155 ], [ 91.353553772000055, 23.982273102000079 ], [ 91.353736878000063, 23.982376099000192 ], [ 91.353990834000115, 23.982549108 ], [ 91.354034671000136, 23.982578970000191 ], [ 91.354080200000055, 23.982833863000053 ], [ 91.354286194000053, 23.982921600000111 ], [ 91.354240417000085, 23.983160019000024 ], [ 91.354317108000146, 23.98326178200017 ], [ 91.354335842000069, 23.983286577 ], [ 91.35494232200017, 23.983577728000057 ], [ 91.355026246000193, 23.983726502000081 ], [ 91.355541067000047, 23.98393467000011 ], [ 91.355707672000108, 23.984002036000163 ], [ 91.355903625000053, 23.984081269000058 ], [ 91.355983209000044, 23.984094202000165 ], [ 91.356108368000037, 23.984114540000064 ], [ 91.356361389000085, 23.984155655000166 ], [ 91.356718763000174, 23.984124873000098 ], [ 91.356848489000072, 23.98411369900009 ], [ 91.357269287000065, 23.984077454000158 ], [ 91.358515838000073, 23.98436636800011 ], [ 91.358733875000098, 23.984416971000087 ], [ 91.35880978300014, 23.984669138000129 ], [ 91.359054565000179, 23.985485077000192 ], [ 91.359701342000108, 23.985803216000136 ], [ 91.359789118000094, 23.985846392000155 ], [ 91.36022949300019, 23.98606300400013 ], [ 91.361000061000198, 23.986255646000075 ], [ 91.361579896000137, 23.986398698000016 ], [ 91.362457275000168, 23.985515594000162 ], [ 91.362762450999981, 23.985290528000178 ], [ 91.363392851000128, 23.984933915000056 ], [ 91.363557174000107, 23.98484095800012 ], [ 91.363807678000057, 23.984699250000119 ], [ 91.364128113, 23.984516145000157 ], [ 91.364873961000114, 23.984094910000181 ], [ 91.365507730000047, 23.98373697500017 ], [ 91.36580657900015, 23.983568193000053 ], [ 91.367422341000065, 23.982430595000096 ], [ 91.368085350000172, 23.981963796000059 ], [ 91.369750976000091, 23.980791092000061 ], [ 91.370105645000081, 23.980546334000053 ], [ 91.370480103000148, 23.980287998000165 ], [ 91.373108, 23.978516 ], [ 91.3731415150001, 23.978501381000058 ], [ 91.374855056000172, 23.977754049 ], [ 91.375488280000184, 23.977478027000075 ], [ 91.378234864000035, 23.976957320999986 ], [ 91.378637592000189, 23.977837320000049 ], [ 91.379026977000137, 23.978688761000114 ], [ 91.379008778000127, 23.97879736200008 ], [ 91.378997802000129, 23.978857040000094 ], [ 91.378948357000013, 23.979128997000089 ], [ 91.378929139000036, 23.979234695000116 ], [ 91.379015091000042, 23.979212259000064 ], [ 91.379194243000143, 23.979165495000075 ], [ 91.379447938000055, 23.979099273000145 ], [ 91.37959273600012, 23.979156431000035 ], [ 91.37948136000017, 23.979338474000087 ], [ 91.379450741000198, 23.979388431000075 ], [ 91.379441532000044, 23.979398342000081 ], [ 91.379333000000145, 23.979488001000163 ], [ 91.379162499000188, 23.979628414000103 ], [ 91.379122962000167, 23.979660792000118 ], [ 91.379112243000066, 23.979669570000169 ], [ 91.3790761570001, 23.979699855999968 ], [ 91.379005432000042, 23.979759217000037 ], [ 91.379050945000188, 23.980184492000149 ], [ 91.37876892100013, 23.980117798000094 ], [ 91.378593446000082, 23.979915619000167 ], [ 91.378482911000049, 23.979891671000132 ], [ 91.378411937000067, 23.979876294 ], [ 91.378364753000085, 23.979866070000071 ], [ 91.378303527000128, 23.979982377000169 ], [ 91.378307207000091, 23.980095544000051 ], [ 91.378309279000064, 23.980159240000148 ], [ 91.378311000000167, 23.980217000000152 ], [ 91.3782652390002, 23.980283652000139 ], [ 91.377964404000068, 23.98010659900018 ], [ 91.377908203000118, 23.980073522000168 ], [ 91.377899171000081, 23.980068206000112 ], [ 91.377810240000088, 23.980063606000044 ], [ 91.377797501000032, 23.980062947000079 ], [ 91.377677918000188, 23.980056763000107 ], [ 91.377685546000066, 23.980264663000071 ], [ 91.37846374500009, 23.980970383000056 ], [ 91.378623911000034, 23.980886487000191 ], [ 91.37859068500012, 23.981068298000082 ], [ 91.378303545000165, 23.982637312 ], [ 91.378283520000195, 23.98265105500019 ], [ 91.378150149000078, 23.982742564000034 ], [ 91.377983092000193, 23.982852937000189 ], [ 91.377906799000186, 23.982879637999986 ], [ 91.377874721000182, 23.98288052900017 ], [ 91.377846182000042, 23.982881322000139 ], [ 91.377769, 23.982882999000026 ], [ 91.377516351000054, 23.982884195000111 ], [ 91.377353607000089, 23.98280495500012 ], [ 91.377336669999977, 23.982796656000062 ], [ 91.377326966000055, 23.982791901000098 ], [ 91.377273559000173, 23.982978820000028 ], [ 91.37736511300011, 23.983110429000192 ], [ 91.377456665000068, 23.983245850000117 ], [ 91.377517673000114, 23.983465095000042 ], [ 91.377235412000118, 23.98354721200019 ], [ 91.377151488000152, 23.983572006000088 ], [ 91.377181251000195, 23.983691053000086 ], [ 91.377273559000173, 23.984031677000189 ], [ 91.377225744000043, 23.984115352000117 ], [ 91.377219252000032, 23.984126712000148 ], [ 91.377174377000131, 23.984205245000169 ], [ 91.377138463000051, 23.984269094000069 ], [ 91.377117874000191, 23.984305697000138 ], [ 91.377105713000162, 23.984327316000076 ], [ 91.37726595800018, 23.984582934000059 ], [ 91.377654491000101, 23.98467107099998 ], [ 91.377777, 23.984776 ], [ 91.377853, 23.984953000000132 ], [ 91.377769, 23.98525 ], [ 91.377699000000121, 23.985469 ], [ 91.377693162000185, 23.985487349000039 ], [ 91.377677918000188, 23.985534668000128 ], [ 91.37757686600014, 23.98549756400007 ], [ 91.377496988000132, 23.985468234000166 ], [ 91.377434, 23.985445 ], [ 91.377396001000193, 23.985348000000158 ], [ 91.377471920000175, 23.985040895000054 ], [ 91.377410888000099, 23.984960556000033 ], [ 91.377299982000181, 23.984979040000155 ], [ 91.377250716000162, 23.984987251000064 ], [ 91.377143860000047, 23.985095977000185 ], [ 91.377139096000178, 23.985109077000175 ], [ 91.377129356000069, 23.98513586100006 ], [ 91.377090455000143, 23.98524284400014 ], [ 91.37708418700015, 23.985364022000056 ], [ 91.377078597000036, 23.985472082000115 ], [ 91.377067570000122, 23.985685261000071 ], [ 91.376961000000165, 23.98574999900012 ], [ 91.376915490000158, 23.985768682000128 ], [ 91.376731873000153, 23.985843659000011 ], [ 91.376675209000041, 23.985911655000166 ], [ 91.376617001000056, 23.985981 ], [ 91.376597999000069, 23.986104003000094 ], [ 91.376578999000117, 23.986227 ], [ 91.376567501000011, 23.986421478000125 ], [ 91.376556, 23.986616 ], [ 91.376349000000175, 23.986711000000128 ], [ 91.376239210000165, 23.986761752000064 ], [ 91.376136780000195, 23.986808777000135 ], [ 91.376174927000079, 23.986938476000091 ], [ 91.376182054000196, 23.986972336000065 ], [ 91.376190185999974, 23.987010956000063 ], [ 91.376253309000163, 23.987093244000107 ], [ 91.376281612000071, 23.987130138000168 ], [ 91.376403808000077, 23.9872894290001 ], [ 91.37664794900013, 23.987457275000111 ], [ 91.376762276000079, 23.987535400000127 ], [ 91.376772533000121, 23.987550185000032 ], [ 91.376838684000177, 23.987646104000021 ], [ 91.376655578000111, 23.987962724000113 ], [ 91.376527124000177, 23.988180827000122 ], [ 91.376472474000082, 23.988273621000189 ], [ 91.376493319000133, 23.988366381000048 ], [ 91.376499023000065, 23.988391767000167 ], [ 91.376510620000033, 23.988443374000099 ], [ 91.376602172000162, 23.988430023000149 ], [ 91.376703424000198, 23.988364298000135 ], [ 91.376761000000158, 23.988327 ], [ 91.377034686000059, 23.988149501 ], [ 91.376892000000169, 23.990112000000124 ], [ 91.376906519000045, 23.990275853000128 ], [ 91.376733887000114, 23.990223215000185 ], [ 91.376636255000051, 23.990193380000107 ], [ 91.376602188000163, 23.990182970000149 ], [ 91.37664794900013, 23.990476609000041 ], [ 91.376663208000025, 23.990591049000102 ], [ 91.376708985, 23.990722656000059 ], [ 91.376953124000067, 23.99086761500007 ], [ 91.37704215600013, 23.992012556000191 ], [ 91.377094997000142, 23.992692091000038 ], [ 91.377143825000132, 23.993320015000108 ], [ 91.377126196000177, 23.993321548000154 ], [ 91.377052113000161, 23.993327990000125 ], [ 91.376914977000183, 23.993253709000101 ], [ 91.37684631400009, 23.99315834000015 ], [ 91.376579114000037, 23.992794155000126 ], [ 91.376529735000133, 23.992828225999972 ], [ 91.376521427000114, 23.992833959000052 ], [ 91.376388550000058, 23.992925644000081 ], [ 91.376251221000132, 23.993152634000182 ], [ 91.376239275000046, 23.993252662000145 ], [ 91.376230691000046, 23.993324553000093 ], [ 91.376220702000012, 23.993408204000048 ], [ 91.376270717000182, 23.993486796000127 ], [ 91.376278533000118, 23.993498233000082 ], [ 91.376464786000156, 23.993755261000047 ], [ 91.37639600000017, 23.99383900000015 ], [ 91.376186988000086, 23.993888583000057 ], [ 91.376121999000134, 23.993904 ], [ 91.375967000000173, 23.993882000000156 ], [ 91.37588646800009, 23.993870664000099 ], [ 91.37562560900011, 23.993833541000129 ], [ 91.375236511000026, 23.993770601000051 ], [ 91.375068665000185, 23.993875503000027 ], [ 91.37494659500004, 23.993953705000138 ], [ 91.375022888000046, 23.994113922000167 ], [ 91.375045777000082, 23.994319916000165 ], [ 91.375044120000041, 23.994353463000152 ], [ 91.37504138800017, 23.994408777000103 ], [ 91.375037999000142, 23.994474001000185 ], [ 91.374939, 23.99472400000019 ], [ 91.374767705000181, 23.994815 ], [ 91.374618530000134, 23.994894028000033 ], [ 91.374463937000087, 23.994973901000151 ], [ 91.37439, 23.995011999000099 ], [ 91.374290339000083, 23.995054845000084 ], [ 91.374176030000115, 23.995103913000094 ], [ 91.374176647000127, 23.995121238000024 ], [ 91.374183654000035, 23.995317459000148 ], [ 91.374282776000086, 23.995433735000177 ], [ 91.374299240000198, 23.995439649000161 ], [ 91.374329258000046, 23.995450338000069 ], [ 91.374534608000147, 23.995523453000146 ], [ 91.374759865000044, 23.995541051000032 ], [ 91.374970566000172, 23.995557512000062 ], [ 91.375267029999975, 23.99558067300012 ], [ 91.37541824200008, 23.995517667000058 ], [ 91.375854492000087, 23.995193482000104 ], [ 91.375917866000179, 23.995213190000129 ], [ 91.376009024000098, 23.995241538000187 ], [ 91.376166663999982, 23.995290896000029 ], [ 91.376197503000128, 23.995362508000085 ], [ 91.376227880999977, 23.995434230000171 ], [ 91.376142395000045, 23.995599955000102 ], [ 91.376118830000109, 23.995645513000113 ], [ 91.376113892000092, 23.995655059000057 ], [ 91.376052857000104, 23.99576568700013 ], [ 91.375991821000184, 23.99595260600006 ], [ 91.375083955000036, 23.996694540000135 ], [ 91.375077440000098, 23.996628959000134 ], [ 91.375068999000064, 23.996543999000039 ], [ 91.37513070100016, 23.996501666000029 ], [ 91.375173105000101, 23.996472807000032 ], [ 91.375205994000112, 23.996450424000045 ], [ 91.375240774000133, 23.996425306000106 ], [ 91.375249734000136, 23.996418835000156 ], [ 91.37527465800008, 23.996400833999985 ], [ 91.375294598000153, 23.996334369000124 ], [ 91.375304105000112, 23.996302677000131 ], [ 91.375320435000049, 23.996248245000061 ], [ 91.375352028000123, 23.996195213000135 ], [ 91.375358169000151, 23.99618490600011 ], [ 91.375373662000129, 23.996158900000069 ], [ 91.375225793000027, 23.996114538000143 ], [ 91.375213693000092, 23.996110937000083 ], [ 91.375129701000105, 23.996095657000069 ], [ 91.375098052000055, 23.996089465000068 ], [ 91.375041667000062, 23.99607843400014 ], [ 91.374954223000145, 23.996061326000188 ], [ 91.374717824000186, 23.996223374000067 ], [ 91.374656676000143, 23.996505737000064 ], [ 91.374633931000119, 23.996608903000094 ], [ 91.37487, 23.99687200000011 ], [ 91.374329, 23.997314 ], [ 91.374183835000167, 23.99732205100014 ], [ 91.374034558000176, 23.997394767000117 ], [ 91.373904484000036, 23.997458180000081 ], [ 91.37387848000003, 23.997470857000167 ], [ 91.373695374000135, 23.997766495000121 ], [ 91.37371139000004, 23.997971514000142 ], [ 91.373722054000041, 23.998108013000149 ], [ 91.373733520000144, 23.998254776000124 ], [ 91.373742951999986, 23.998376592000056 ], [ 91.373746119000032, 23.998417502000052 ], [ 91.373756409000123, 23.998550415000125 ], [ 91.373764033000043, 23.998701021000159 ], [ 91.374137879000102, 23.998941421000154 ], [ 91.374335929000154, 23.999079855000048 ], [ 91.374463214000116, 23.99916882500014 ], [ 91.374511719000111, 23.999202728 ], [ 91.374649048000038, 23.999181747000137 ], [ 91.374819125000158, 23.999079925000103 ], [ 91.374938965000126, 23.999008178999986 ], [ 91.374966240000163, 23.998984314000097 ], [ 91.375030597000034, 23.998928349000153 ], [ 91.375122070000089, 23.999252320000039 ], [ 91.375167847000057, 23.99941063000017 ], [ 91.375091552000015, 23.999719620000178 ], [ 91.374839849000068, 24.000036157000125 ], [ 91.374542236000082, 24.000291824000101 ], [ 91.374275208000199, 24.00049209600013 ], [ 91.373931934000041, 24.000757181000097 ], [ 91.373908397000093, 24.000933320000058 ], [ 91.373903120000136, 24.000972458999968 ], [ 91.373886108000136, 24.001098634000016 ], [ 91.373890050000114, 24.001152106 ], [ 91.373894822000125, 24.001216823000163 ], [ 91.373916626000153, 24.001512527999978 ], [ 91.373943479000161, 24.001550170000087 ], [ 91.374130249000189, 24.001811982000106 ], [ 91.374257757000066, 24.001872837000064 ], [ 91.374278963000052, 24.001882958000124 ], [ 91.374298097, 24.00189208900008 ], [ 91.374323195000159, 24.001904116000048 ], [ 91.374481000000173, 24.001980001000049 ], [ 91.374756000000161, 24.002024 ], [ 91.374880253000072, 24.002112753000176 ], [ 91.374917705000144, 24.002139565000107 ], [ 91.374900863000164, 24.00231708900003 ], [ 91.374861886000019, 24.002342309000028 ], [ 91.374679999000193, 24.002459999000166 ], [ 91.374469793, 24.002501829000039 ], [ 91.374282836000077, 24.002538682000022 ], [ 91.374079343000062, 24.002478904000043 ], [ 91.374018971, 24.002461169000071 ], [ 91.373977662000073, 24.002449035000154 ], [ 91.373390197000049, 24.00228119000019 ], [ 91.373370489000195, 24.002299761000017 ], [ 91.373337835000143, 24.002330530000165 ], [ 91.373290734000079, 24.002377064000143 ], [ 91.373287418000132, 24.002405527000064 ], [ 91.373268128000177, 24.002571106000175 ], [ 91.373265697000022, 24.002608185000156 ], [ 91.373260756000093, 24.00268352500018 ], [ 91.373252935000039, 24.002803896000103 ], [ 91.373258889, 24.002812342000084 ], [ 91.373265009000193, 24.002821025000173 ], [ 91.373580933000198, 24.003269196000019 ], [ 91.373742514000128, 24.003364556000122 ], [ 91.373772, 24.003382000000158 ], [ 91.374046, 24.003544 ], [ 91.374094903000071, 24.003572818000123 ], [ 91.374214000000109, 24.003643001000171 ], [ 91.374338391000151, 24.003816288 ], [ 91.374356578000175, 24.003841655000087 ], [ 91.37433396300014, 24.003905616000111 ], [ 91.374320983000132, 24.003936767000141 ], [ 91.374099732000047, 24.004381180000053 ], [ 91.374173633000055, 24.004425060000131 ], [ 91.374221999000099, 24.004454001000113 ], [ 91.375900000000115, 24.006634 ], [ 91.377716000000134, 24.008982001000106 ], [ 91.37773667600004, 24.009008793000191 ], [ 91.37898, 24.010620000000188 ], [ 91.379124326000124, 24.01080700600005 ], [ 91.379493713000045, 24.011285782000073 ], [ 91.381263733000139, 24.013566971000046 ], [ 91.38215874399998, 24.014722709000125 ], [ 91.383063999000058, 24.015892000000122 ], [ 91.383071197999982, 24.015901303000135 ], [ 91.384107236000091, 24.017240119000064 ], [ 91.384443011000087, 24.017674126000145 ], [ 91.384857177000072, 24.018209458000058 ], [ 91.386184692000029, 24.019931794000058 ], [ 91.386863744000095, 24.020809218000011 ], [ 91.387298584000177, 24.021381379000047 ], [ 91.387565613000163, 24.021717073000104 ], [ 91.389236450000112, 24.023883819000162 ], [ 91.390808106000122, 24.025911332000135 ], [ 91.390747070000089, 24.027914048000071 ], [ 91.391090394000059, 24.028787614000066 ], [ 91.391487122000171, 24.029819487999987 ], [ 91.394180298000094, 24.036788941000168 ], [ 91.394882202000076, 24.038585663000106 ], [ 91.395675659000119, 24.040641785000048 ], [ 91.396385192000082, 24.042470933000061 ], [ 91.396392822, 24.043014526000036 ], [ 91.396438599000135, 24.045322419000115 ], [ 91.396492004000038, 24.047859193000193 ], [ 91.396499635000055, 24.048337938000145 ], [ 91.396537781000177, 24.049753189000057 ], [ 91.39628601000004, 24.050142288000188 ], [ 91.39488983200016, 24.052310944000055 ], [ 91.393211365000127, 24.054912568000191 ], [ 91.392074585000046, 24.056694032000166 ], [ 91.390602111000078, 24.058977127000162 ], [ 91.389533996000068, 24.06064033399997 ], [ 91.388366699000187, 24.062452317000066 ], [ 91.387222290000125, 24.06423187300004 ], [ 91.385528565000186, 24.066856385000165 ], [ 91.384719847999975, 24.068107604000033 ], [ 91.383506776000161, 24.069999695000149 ], [ 91.38229370200014, 24.071878433000165 ], [ 91.381378174000076, 24.073308945000065 ], [ 91.380989075000116, 24.073913574000073 ], [ 91.379661561000091, 24.075963974999979 ], [ 91.378494263000107, 24.077892303000056 ], [ 91.3784179700001, 24.078023911000116 ], [ 91.377593994000165, 24.079181671000129 ], [ 91.377235412000118, 24.079740524000101 ], [ 91.377075195000145, 24.079992294000135 ], [ 91.376945496000133, 24.081186295000066 ], [ 91.376831055000196, 24.082321168000135 ], [ 91.37656402600004, 24.084840776000021 ], [ 91.376312256000119, 24.087215424000078 ], [ 91.376052857000104, 24.089719772000137 ], [ 91.375930786000197, 24.09084320200003 ], [ 91.375915528000178, 24.091016770000181 ], [ 91.375900269000056, 24.091123580000101 ], [ 91.375877381000123, 24.091346741 ], [ 91.37582397400007, 24.09189033600012 ], [ 91.375816345000032, 24.091976165000062 ], [ 91.375785827000186, 24.092203141000027 ], [ 91.375778199000081, 24.09231185900012 ], [ 91.375518799000133, 24.094781876000127 ], [ 91.375320435000049, 24.096677780000107 ], [ 91.375007630000198, 24.09964943000017 ], [ 91.374740600000109, 24.102188111000146 ], [ 91.374526978000063, 24.104179382000154 ], [ 91.37439727900005, 24.105381013 ], [ 91.374343872000168, 24.105934144000059 ], [ 91.374320983000132, 24.106136321000179 ], [ 91.374481201000094, 24.107435227000167 ], [ 91.374534608000147, 24.107898712000065 ], [ 91.374816894000048, 24.107603073000178 ], [ 91.374900818000071, 24.107526779000125 ], [ 91.375289916000099, 24.107282640000051 ], [ 91.375473022000165, 24.107242585000051 ], [ 91.375488280000184, 24.107482910000101 ], [ 91.378021241000056, 24.109500886000092 ], [ 91.383560181000064, 24.108959198000036 ], [ 91.384498597000061, 24.1088867200001 ], [ 91.386291503999985, 24.1088867200001 ], [ 91.387695312000176, 24.109313965000183 ], [ 91.389411925000161, 24.109886169000106 ], [ 91.389526368000134, 24.109884262000037 ], [ 91.391616821000184, 24.109859466000103 ], [ 91.391708375000121, 24.109855653000068 ], [ 91.394897460000095, 24.109313965000183 ], [ 91.396186828, 24.109235764000175 ], [ 91.396659852000084, 24.109355927000081 ], [ 91.39694976800007, 24.109477998000159 ], [ 91.397506714000144, 24.109708786000056 ], [ 91.39772033700018, 24.109670639 ], [ 91.39804840000005, 24.109613419000084 ], [ 91.398193359000061, 24.109683990000178 ], [ 91.398506164000082, 24.109840392000137 ], [ 91.399108887000125, 24.110353471000053 ], [ 91.399307251000039, 24.110525132000134 ], [ 91.399894714000197, 24.111251831000118 ], [ 91.400131225000166, 24.111476899000081 ], [ 91.401115418000131, 24.111568451000039 ], [ 91.401466370000037, 24.111602783000023 ], [ 91.401092530000199, 24.11100387700003 ], [ 91.401062011000079, 24.110853195000175 ], [ 91.401069641000163, 24.110767365000186 ], [ 91.401313783000148, 24.109762191000129 ], [ 91.402000427000075, 24.109523773000149 ], [ 91.402267455000185, 24.109577180000031 ], [ 91.402877808000142, 24.109537124999974 ], [ 91.40294647200011, 24.109495163000076 ], [ 91.403068543000188, 24.109420777000139 ], [ 91.403739929000153, 24.109207153000057 ], [ 91.404380799000023, 24.109245300000111 ], [ 91.404930115000184, 24.10928726200018 ], [ 91.405654906000052, 24.109344482000154 ], [ 91.406501771000194, 24.109405517000141 ], [ 91.406707763000043, 24.10941887000007 ], [ 91.40745544300006, 24.109401704000049 ], [ 91.408432007000044, 24.109327316000133 ], [ 91.40894317600015, 24.109365463000188 ], [ 91.409744263000107, 24.109388351000121 ], [ 91.410079956000061, 24.109519960000057 ], [ 91.410308837000059, 24.109708786000056 ], [ 91.41067504900019, 24.110006333000115 ], [ 91.410858155000085, 24.110103607000156 ], [ 91.411026001000096, 24.110139846000038 ], [ 91.412498474000131, 24.110084534000066 ], [ 91.413726807000103, 24.109863281000173 ], [ 91.414375305000078, 24.109680177000087 ], [ 91.41521453900009, 24.109285354 ], [ 91.416244507000044, 24.108808519000092 ], [ 91.416687011000079, 24.108573913000043 ], [ 91.416778565000186, 24.108522415000039 ], [ 91.417144775000111, 24.108314513000096 ], [ 91.417701721000185, 24.108442307000189 ], [ 91.418228150000118, 24.108564377000164 ], [ 91.418487548000087, 24.108621598000184 ], [ 91.418830871000182, 24.108646394000118 ], [ 91.419143676000033, 24.108669282000051 ], [ 91.41975402900016, 24.10860061700015 ], [ 91.420150758000034, 24.108558655000024 ], [ 91.420578003000116, 24.108459472999982 ], [ 91.420944213000041, 24.108375549000186 ], [ 91.422233581000171, 24.107965469000135 ], [ 91.423545837000177, 24.107551575 ], [ 91.425117493000187, 24.107383727000183 ], [ 91.425575257000048, 24.107030868000038 ], [ 91.425712586000145, 24.107950211000116 ], [ 91.426452636000079, 24.107963562000066 ], [ 91.426544190000016, 24.107965469000135 ], [ 91.42694091900006, 24.108140945000116 ], [ 91.427177430000199, 24.108243942 ], [ 91.427497865000134, 24.108442307000189 ], [ 91.427787781000177, 24.108539581000059 ], [ 91.428054809000059, 24.108587266000029 ], [ 91.4283599850001, 24.108482361000142 ], [ 91.428565980000144, 24.108352662000129 ], [ 91.428649902000188, 24.108173371000134 ], [ 91.428581238000163, 24.10797500700005 ], [ 91.428855896000186, 24.107927323000183 ], [ 91.428947448000088, 24.107900619000134 ], [ 91.429054, 24.10788 ], [ 91.429150687000117, 24.107860287000165 ], [ 91.430496003000087, 24.107585966000102 ], [ 91.430609454000148, 24.106482460000109 ], [ 91.430840001000092, 24.104240001000107 ], [ 91.43084634600018, 24.104226967000102 ], [ 91.431605656000158, 24.102667341000029 ], [ 91.431784647000086, 24.102299818000063 ], [ 91.431877110000016, 24.102109963000089 ], [ 91.431946, 24.102087 ], [ 91.432166000000109, 24.102011000000175 ], [ 91.432497931000171, 24.101896176000082 ], [ 91.433700561000194, 24.101480483000046 ], [ 91.433761773000072, 24.101594916000181 ], [ 91.433785787000147, 24.10159348600007 ], [ 91.433872343000189, 24.101588333000109 ], [ 91.434242248000146, 24.101566315000071 ], [ 91.434305022, 24.101357065000116 ], [ 91.434311033000085, 24.101337029999968 ], [ 91.434333800000104, 24.101261140000133 ], [ 91.434337944000049, 24.101247328000056 ], [ 91.434349298000143, 24.101209483 ], [ 91.434402466000108, 24.101032257000099 ], [ 91.434425181000108, 24.100986826000167 ], [ 91.434441, 24.100956001000156 ], [ 91.434493935000091, 24.100942632000056 ], [ 91.434529351000037, 24.100933778000183 ], [ 91.434539795000148, 24.100931167000056 ], [ 91.434776306000117, 24.100950241000078 ], [ 91.435066222000103, 24.10096931400011 ], [ 91.435144495000088, 24.101004810000063 ], [ 91.435340208000071, 24.101093563000177 ], [ 91.435394, 24.101118000000156 ], [ 91.435730000000149, 24.101313000000118 ], [ 91.436123627000143, 24.101675323000165 ], [ 91.436408997000115, 24.101938247000078 ], [ 91.436775207000039, 24.102451324000185 ], [ 91.436890653000148, 24.102596943000037 ], [ 91.436939393000102, 24.102658422000104 ], [ 91.436948870000094, 24.102668602000051 ], [ 91.437025482000024, 24.102741883000135 ], [ 91.437118531000181, 24.102830886000163 ], [ 91.437240686000109, 24.10287093300019 ], [ 91.437797547000059, 24.102813721000075 ], [ 91.437894678000191, 24.102760740000178 ], [ 91.437932304000128, 24.102740216000086 ], [ 91.437965347999977, 24.102722192000044 ], [ 91.438043380000067, 24.102765409000142 ], [ 91.43873596200018, 24.103149414000029 ], [ 91.440536498000085, 24.103092194000112 ], [ 91.440673827000182, 24.103088379000042 ], [ 91.440943177000122, 24.102666785000167 ], [ 91.442032893000032, 24.100961581000092 ], [ 91.442078, 24.100891 ], [ 91.442991242000176, 24.099585475000083 ], [ 91.444122298000138, 24.09796907700013 ], [ 91.444259643000066, 24.098005295000121 ], [ 91.444296026000131, 24.098184183000171 ], [ 91.444328308000138, 24.098342896000077 ], [ 91.444450379000045, 24.09853363000019 ], [ 91.444831916000055, 24.098733946999971 ], [ 91.445060730000193, 24.098884584000132 ], [ 91.445411682000099, 24.099132538000049 ], [ 91.445633709000049, 24.099122969 ], [ 91.445652544000097, 24.099122157000124 ], [ 91.44585418700018, 24.09911346500013 ], [ 91.446134507000124, 24.099261099000103 ], [ 91.446426001000077, 24.099415001000011 ], [ 91.446625, 24.099331001 ], [ 91.446799923000071, 24.09939997000015 ], [ 91.44660186800013, 24.099658965000174 ], [ 91.446618167000167, 24.09966697100009 ], [ 91.446815490000063, 24.099763870000061 ], [ 91.446914672000105, 24.099748612000042 ], [ 91.447013854000147, 24.099603653000031 ], [ 91.447047700999974, 24.099535962000175 ], [ 91.447060084000043, 24.099511196000094 ], [ 91.44706719300018, 24.099496978000161 ], [ 91.447252849000108, 24.099476492000065 ], [ 91.447502137000129, 24.099449158000084 ], [ 91.447700538999982, 24.099559773000124 ], [ 91.447790938000139, 24.099535292000155 ], [ 91.447959765000121, 24.099683793000054 ], [ 91.44760133900013, 24.099767801000098 ], [ 91.447623978000138, 24.099912864000089 ], [ 91.447494506999988, 24.100038528000027 ], [ 91.447448730000019, 24.100131990000136 ], [ 91.447466399000177, 24.100137051000104 ], [ 91.447604229000035, 24.100176532999967 ], [ 91.447815001000038, 24.100237000000106 ], [ 91.447922743000106, 24.100294401000156 ], [ 91.44816588700013, 24.100423941000031 ], [ 91.448150635000104, 24.100761414000146 ], [ 91.448208461000092, 24.100794727000164 ], [ 91.448243266000077, 24.100814778000142 ], [ 91.448326111000085, 24.10086250400019 ], [ 91.448369796000065, 24.100754332000122 ], [ 91.44839639200012, 24.100688474000151 ], [ 91.448486152999976, 24.10046620900016 ], [ 91.448545562000049, 24.100547221999989 ], [ 91.448562622, 24.100570678000167 ], [ 91.448661873000162, 24.100835822000079 ], [ 91.448686546000147, 24.100843146000159 ], [ 91.448741080000048, 24.100859335000166 ], [ 91.448783888000037, 24.100872006000088 ], [ 91.448802555000043, 24.100823336000133 ], [ 91.448823702000141, 24.100768199000072 ], [ 91.448837195000067, 24.100733022000099 ], [ 91.448900148000064, 24.100740139000095 ], [ 91.448951720000082, 24.100746156000127 ], [ 91.449011216000031, 24.100814324000112 ], [ 91.449018392000085, 24.100822548000053 ], [ 91.449043117000087, 24.10085088000011 ], [ 91.449188146000097, 24.100702375000139 ], [ 91.449249267000084, 24.10085868900012 ], [ 91.44933966200017, 24.100926485000059 ], [ 91.449381999000025, 24.100958238000089 ], [ 91.449508533000198, 24.101053137000065 ], [ 91.449444, 24.101072000000102 ], [ 91.449381373000165, 24.101090849000116 ], [ 91.449340821000192, 24.101102830000173 ], [ 91.449440003000063, 24.101564407000069 ], [ 91.449514827000201, 24.101587431000041 ], [ 91.449533864000102, 24.101593288000061 ], [ 91.4497796550001, 24.101293376000115 ], [ 91.449735384000064, 24.101245079000137 ], [ 91.449699402000078, 24.101205825000079 ], [ 91.449735664000059, 24.101157909000165 ], [ 91.449776, 24.101105000000132 ], [ 91.449859687000128, 24.100994413000137 ], [ 91.44987199000019, 24.101049781000143 ], [ 91.449883451000119, 24.101101357000118 ], [ 91.449905355000169, 24.101199930000178 ], [ 91.450076369000101, 24.101166338000098 ], [ 91.450129070000116, 24.101155958000106 ], [ 91.450194544000055, 24.101143090000107 ], [ 91.450279067, 24.101319992000185 ], [ 91.450297181999986, 24.101317686000186 ], [ 91.450334279000117, 24.101312761000031 ], [ 91.450363135000032, 24.10130882600015 ], [ 91.450431824000134, 24.101215363000165 ], [ 91.45055536600006, 24.101220608000119 ], [ 91.450608237000097, 24.101222852000149 ], [ 91.450835795000046, 24.101232513000127 ], [ 91.450729402000036, 24.100978925000106 ], [ 91.450950624000086, 24.100976944000024 ], [ 91.450922602000048, 24.10083684500006 ], [ 91.450918280000053, 24.100818576000108 ], [ 91.450874328000168, 24.100679398000125 ], [ 91.451118469, 24.100646974000085 ], [ 91.45114503700006, 24.100490884000124 ], [ 91.451148938000131, 24.100467964000188 ], [ 91.451003320000154, 24.100383068000099 ], [ 91.450890001000118, 24.100316999000086 ], [ 91.450894812000058, 24.100264752999976 ], [ 91.450896065000109, 24.100252222000108 ], [ 91.450897199000167, 24.100240878000079 ], [ 91.450978954000107, 24.100190697000073 ], [ 91.451072363000094, 24.100133546000052 ], [ 91.451187135000168, 24.100063324000132 ], [ 91.451206878000107, 24.100029870000185 ], [ 91.451228503000038, 24.099993227000084 ], [ 91.45125211900006, 24.099938961000021 ], [ 91.451242341000125, 24.099917658000152 ], [ 91.451202393000187, 24.099830628000063 ], [ 91.45110332500019, 24.09962106100005 ], [ 91.45155300000016, 24.099705000000142 ], [ 91.451972562000094, 24.099451985000087 ], [ 91.451911999000117, 24.099312000000111 ], [ 91.451897, 24.099205001000087 ], [ 91.451789999000141, 24.098984 ], [ 91.452109985000163, 24.098697963000063 ], [ 91.452015383000173, 24.098455647000037 ], [ 91.451996, 24.098406000000125 ], [ 91.4524, 24.098265 ], [ 91.452553000000137, 24.098206000000118 ], [ 91.452670647, 24.098245091000024 ], [ 91.452865601000155, 24.098310472000037 ], [ 91.453007961000196, 24.098379778000094 ], [ 91.453102354000123, 24.098425731000077 ], [ 91.453155517000141, 24.098451614000169 ], [ 91.453254699000183, 24.098384858000145 ], [ 91.453233589000035, 24.098219922000169 ], [ 91.453226402000098, 24.098163778000185 ], [ 91.453224183000145, 24.098146439000061 ], [ 91.453339213000106, 24.098144384000136 ], [ 91.453389037000136, 24.098143495000159 ], [ 91.453437805000078, 24.098142624 ], [ 91.453636170000038, 24.098037719000104 ], [ 91.453468322, 24.098501206000037 ], [ 91.453468322, 24.098630905000164 ], [ 91.453511856000091, 24.098653882 ], [ 91.453605651000089, 24.098703385000135 ], [ 91.453796387000068, 24.098688125000137 ], [ 91.453806542000109, 24.098690875000159 ], [ 91.453818358000035, 24.098694075000083 ], [ 91.453887939000197, 24.098712921000015 ], [ 91.453994751000153, 24.098762513000054 ], [ 91.454128342000104, 24.098779830000126 ], [ 91.454161828, 24.098784171000091 ], [ 91.454200744000048, 24.098789215000124 ], [ 91.455200195000032, 24.098030091 ], [ 91.45532226600011, 24.098030091 ], [ 91.457946777000132, 24.098049165000191 ], [ 91.459049182000115, 24.098066311000025 ], [ 91.46010418700007, 24.098082719000104 ], [ 91.461257934000059, 24.098100662000093 ], [ 91.461904753000056, 24.097972925000079 ], [ 91.462576108000064, 24.097840343000144 ], [ 91.463836670000092, 24.097591401000159 ], [ 91.463874817000146, 24.097654344000091 ], [ 91.463907804000144, 24.097676335000074 ], [ 91.463922352000054, 24.097686033000173 ], [ 91.463942830000178, 24.097699887000033 ], [ 91.464054915000133, 24.097880038000142 ], [ 91.464126586000077, 24.097995757000035 ], [ 91.464142968000033, 24.098006678000104 ], [ 91.464286804000039, 24.098102570000094 ], [ 91.464805603000059, 24.098453521000067 ], [ 91.465408325, 24.098772049000104 ], [ 91.465455461000033, 24.098779443000012 ], [ 91.46579706700004, 24.098833029000048 ], [ 91.465942384000073, 24.09889602700008 ], [ 91.466069953000044, 24.098927182000068 ], [ 91.466179859000079, 24.09895402300009 ], [ 91.467262268000184, 24.099218369000084 ], [ 91.467690904000165, 24.099298456000099 ], [ 91.467893097000058, 24.099336235000067 ], [ 91.467987060000155, 24.099353791000112 ], [ 91.468047863000095, 24.09935953300004 ], [ 91.468174213000054, 24.099371465000161 ], [ 91.468330383000193, 24.099386215000152 ], [ 91.468397277000065, 24.099368508000168 ], [ 91.468429974000173, 24.099359853000067 ], [ 91.468460000000164, 24.099351999000135 ], [ 91.468536782000115, 24.099331875000075 ], [ 91.468632416000048, 24.099306927000157 ], [ 91.468811036000091, 24.099260331000039 ], [ 91.469143855000198, 24.099156324000035 ], [ 91.469213695000121, 24.099134498000183 ], [ 91.469238281000173, 24.099126814999977 ], [ 91.469425903000058, 24.099065301000053 ], [ 91.469439462000025, 24.099060855000062 ], [ 91.469703675000119, 24.098974228000088 ], [ 91.46972193400012, 24.098968294000088 ], [ 91.469769997000128, 24.098952673000156 ], [ 91.469933000000196, 24.098899999000082 ], [ 91.470240548000049, 24.098845380000057 ], [ 91.470558167000149, 24.098789215000124 ], [ 91.470657350000067, 24.098808288000043 ], [ 91.470679140000129, 24.098812428000031 ], [ 91.470716762000052, 24.098819576000039 ], [ 91.470847587000094, 24.098844921000136 ], [ 91.471057122000104, 24.098888795 ], [ 91.47123, 24.098925 ], [ 91.471411335000198, 24.099034519000156 ], [ 91.471633993000182, 24.099168997000106 ], [ 91.471671344000129, 24.099267192000127 ], [ 91.471870422000109, 24.09979057400011 ], [ 91.471954346000132, 24.099939346000156 ], [ 91.472506397000075, 24.100883481000039 ], [ 91.472557126000083, 24.100970238 ], [ 91.472625860000051, 24.101087786000164 ], [ 91.473106384000062, 24.101907730000164 ], [ 91.473159790000182, 24.10185051000019 ], [ 91.473358154000096, 24.101713181000093 ], [ 91.473648072000117, 24.101665497000056 ], [ 91.473136900999975, 24.10084533800017 ], [ 91.473083390000113, 24.100606524000113 ], [ 91.473045349000074, 24.10046386800002 ], [ 91.473320261000083, 24.100121904000162 ], [ 91.473358001000179, 24.100074999000128 ], [ 91.473436520000178, 24.100080645000048 ], [ 91.473510806000093, 24.100086213000168 ], [ 91.473640441999976, 24.100086213000168 ], [ 91.473754882000037, 24.100086213000168 ], [ 91.473892211000134, 24.100088120000066 ], [ 91.473968505000073, 24.100088120000066 ], [ 91.474411011000086, 24.10009193500008 ], [ 91.474510193000128, 24.100229264000177 ], [ 91.474861144000101, 24.100345612000012 ], [ 91.475006104000045, 24.100240707000125 ], [ 91.475151063, 24.100519180000163 ], [ 91.475440979000041, 24.100446702000056 ], [ 91.475753784000062, 24.100658417000091 ], [ 91.475807191000115, 24.100505830000145 ], [ 91.476066588000037, 24.10051345800008 ], [ 91.476127624000071, 24.100055694000048 ], [ 91.476181031000181, 24.099782944000026 ], [ 91.476348877000191, 24.099821090000148 ], [ 91.476287841000101, 24.099563598000145 ], [ 91.476707458000078, 24.099267959000144 ], [ 91.476783752000188, 24.099212647000172 ], [ 91.477890014000081, 24.098434447999978 ], [ 91.478073120000147, 24.098308564000035 ], [ 91.478141785000048, 24.09821510300003 ], [ 91.478210449000187, 24.098173141000132 ], [ 91.478706360000103, 24.09807777400016 ], [ 91.479354858000136, 24.098169328000097 ], [ 91.479629517000035, 24.09820556700015 ], [ 91.480216980000023, 24.098281861000089 ], [ 91.480476380000198, 24.098306656999966 ], [ 91.480606078999983, 24.098325730000056 ], [ 91.480873108000139, 24.098243714000034 ], [ 91.481201171, 24.098100662000093 ], [ 91.481498718000068, 24.098052980000034 ], [ 91.481758117000084, 24.098161698000183 ], [ 91.481956482000101, 24.097980499000187 ], [ 91.48280334400016, 24.097969056000011 ], [ 91.482841491000045, 24.09783363400004 ], [ 91.483070374000079, 24.097654344000091 ], [ 91.483489991000056, 24.097599029000037 ], [ 91.483299255000077, 24.097166061000109 ], [ 91.483413697000117, 24.096866607000038 ], [ 91.483596801000033, 24.096658707000074 ], [ 91.48368835500014, 24.096532821000153 ], [ 91.484214783000141, 24.096580506000066 ], [ 91.484916688000055, 24.09655761700003 ], [ 91.48511505200014, 24.096477509000181 ], [ 91.485923768000077, 24.096145630000137 ], [ 91.486717225000064, 24.096006394000028 ], [ 91.487304687, 24.095834733000117 ], [ 91.487274171000138, 24.095464706000143 ], [ 91.487281799000073, 24.095392228000151 ], [ 91.487358093000182, 24.095390320000035 ], [ 91.487556457000096, 24.095605850000084 ], [ 91.48789215000005, 24.095560073000115 ], [ 91.48847198500016, 24.095836639000083 ], [ 91.488845825000169, 24.095590592000065 ], [ 91.489036561000148, 24.095577241000115 ], [ 91.489196778000178, 24.095661163000102 ], [ 91.489006042000199, 24.095869065000102 ], [ 91.48934936600017, 24.096118927000191 ], [ 91.489738464000027, 24.096296310000184 ], [ 91.490486144000101, 24.096343995000154 ], [ 91.491371155000024, 24.096525193000048 ], [ 91.491271972999982, 24.096799851000185 ], [ 91.49155426100009, 24.097087860000158 ], [ 91.491683960000103, 24.097221376000164 ], [ 91.492111205000185, 24.097185134000028 ], [ 91.492675781000173, 24.096847534000119 ], [ 91.493293763000111, 24.096509933 ], [ 91.49356079100005, 24.096366883000087 ], [ 91.494934082000043, 24.095649720000154 ], [ 91.494621278000125, 24.09504890400018 ], [ 91.494438172000059, 24.094678879000014 ], [ 91.493759155000077, 24.093530655000052 ], [ 91.493286133000197, 24.092624665000073 ], [ 91.493087768000066, 24.092243195000094 ], [ 91.493392945000153, 24.090578080000114 ], [ 91.494071960000156, 24.090263367000091 ], [ 91.494606017000194, 24.090015411000024 ], [ 91.49542999300013, 24.089511872000173 ], [ 91.495880127000078, 24.089181899000152 ], [ 91.496475220000036, 24.088737488000049 ], [ 91.496650695000085, 24.088603974000023 ], [ 91.497573853000063, 24.087434770000073 ], [ 91.500198364000084, 24.087265014000081 ], [ 91.502052306000166, 24.087032318000183 ], [ 91.502891540000121, 24.087175370000125 ], [ 91.504074096000124, 24.087127686000088 ], [ 91.504653930000131, 24.087106705000053 ], [ 91.505821228000059, 24.087070465000068 ], [ 91.506362915000011, 24.087007522000079 ], [ 91.507408142000088, 24.086679459000038 ], [ 91.508567811000034, 24.086578370000097 ], [ 91.509826659999987, 24.086185456000123 ], [ 91.512367249000192, 24.085395814000151 ], [ 91.513153076000094, 24.085163116000047 ], [ 91.514625550000062, 24.084758759000067 ], [ 91.515571594000164, 24.084449768000184 ], [ 91.51642608700007, 24.084125519999986 ], [ 91.517547607000154, 24.083700180000164 ], [ 91.518218994, 24.083484650000116 ], [ 91.520576477000134, 24.082733155000028 ], [ 91.523376465000183, 24.081809999000029 ], [ 91.525306700999977, 24.081260681 ], [ 91.527580262000072, 24.080541612000104 ], [ 91.528816223000092, 24.080101014000093 ], [ 91.529769897000165, 24.079883576000043 ], [ 91.530792235000035, 24.079553605000172 ], [ 91.533699036000087, 24.078784942000084 ], [ 91.534881592000033, 24.078365327000085 ], [ 91.536598205000075, 24.077854156000171 ], [ 91.538795470000082, 24.076803207000182 ], [ 91.540390015000128, 24.076276779000125 ], [ 91.540870667000092, 24.076204301000189 ], [ 91.541679383000201, 24.076089858000046 ], [ 91.542831422000063, 24.076120377000166 ], [ 91.543327332000047, 24.076131820000114 ], [ 91.544158936000088, 24.076076507999971 ], [ 91.544731141000113, 24.07579231200009 ], [ 91.545036315000118, 24.074869156000091 ], [ 91.545211791000099, 24.074344636000035 ], [ 91.545639038000161, 24.074440003 ], [ 91.548179627000138, 24.074996949000081 ], [ 91.548484802000075, 24.075063705000105 ], [ 91.548446655000021, 24.075204849000102 ], [ 91.548698424000179, 24.075500488000102 ], [ 91.548965454000097, 24.075843812000073 ], [ 91.549087525000118, 24.076017380000053 ], [ 91.549194335000095, 24.076129913000045 ], [ 91.549224854000045, 24.076251983000191 ], [ 91.549140930000192, 24.076356888000078 ], [ 91.549049378000063, 24.076471329000071 ], [ 91.548912049000194, 24.076591492000148 ], [ 91.548843384000122, 24.076663970000084 ], [ 91.548728943000128, 24.07684516900008 ], [ 91.548706055000196, 24.076967239000055 ], [ 91.548728943000128, 24.077077867000128 ], [ 91.548820495000086, 24.077201843000125 ], [ 91.548889161000091, 24.077333451000186 ], [ 91.548950196000078, 24.077472688000057 ], [ 91.548980713000162, 24.077596664000168 ], [ 91.549018859000114, 24.077693939000142 ], [ 91.549087525000118, 24.077827454000101 ], [ 91.549178947000087, 24.07795316 ], [ 91.549821179000105, 24.077917578000097 ], [ 91.550720214000137, 24.0778675090001 ], [ 91.552292028000181, 24.077012331000049 ], [ 91.553100586000085, 24.076572418000183 ], [ 91.555084228000055, 24.076509476000126 ], [ 91.555183411000201, 24.076530456000057 ], [ 91.557136535000154, 24.078491211000028 ], [ 91.558624255000154, 24.078727698000137 ], [ 91.559776306000174, 24.078910828 ], [ 91.563522339000031, 24.078540803000067 ], [ 91.567642212000123, 24.078340530999981 ], [ 91.57094000800015, 24.078368301000182 ], [ 91.571266122000111, 24.078371048000122 ], [ 91.571983000000102, 24.07865 ], [ 91.572807, 24.078974 ], [ 91.572914, 24.079247000000123 ], [ 91.573242, 24.079239 ], [ 91.573395, 24.079205 ], [ 91.573692000000108, 24.079321 ], [ 91.573776000000123, 24.079359000000181 ], [ 91.573989821000168, 24.079372404000026 ], [ 91.573951520000094, 24.079459046000068 ], [ 91.573783875000174, 24.079837799000074 ], [ 91.574035644000162, 24.079967500000066 ], [ 91.574142056000085, 24.080091012000139 ], [ 91.574318783000194, 24.080129076000105 ], [ 91.574401856000065, 24.080146791000061 ], [ 91.575241088000041, 24.079589845000157 ], [ 91.575842619000184, 24.079693727000063 ], [ 91.576400757000158, 24.07979011600014 ], [ 91.578010801000175, 24.079778199000089 ], [ 91.578720093000015, 24.079772949000017 ], [ 91.5810394290001, 24.078531265000152 ], [ 91.583769205000181, 24.076680791000172 ], [ 91.58461, 24.076111 ], [ 91.585946370000102, 24.076501803000099 ], [ 91.587478639000153, 24.076950074000138 ], [ 91.588417053000171, 24.077230454000073 ], [ 91.590225024000119, 24.077995925999971 ], [ 91.592201000000159, 24.078833000000145 ], [ 91.592514000000108, 24.079142000000161 ], [ 91.59267995, 24.079337535000093 ], [ 91.592872619000048, 24.079565049000053 ], [ 91.593116760999976, 24.080015182000068 ], [ 91.593345641000099, 24.080656052000165 ], [ 91.593406677000189, 24.081153870000151 ], [ 91.593627930000082, 24.082254410000075 ], [ 91.593841552000185, 24.082794190000186 ], [ 91.594001770000148, 24.083000184000184 ], [ 91.594314574000066, 24.083145141000159 ], [ 91.59487152000014, 24.083286285000099 ], [ 91.595489502000135, 24.083328247000054 ], [ 91.595748900999979, 24.083309174000135 ], [ 91.596206665000068, 24.083326340000156 ], [ 91.596428648000199, 24.083333643000117 ], [ 91.59649700000017, 24.083336 ], [ 91.597320884000112, 24.08341998800006 ], [ 91.597400492000133, 24.083466095000063 ], [ 91.597778000000119, 24.083685000000173 ], [ 91.597919936000153, 24.083847416000083 ], [ 91.598075866000045, 24.084026337000068 ], [ 91.598255141000095, 24.084316229000081 ], [ 91.598434, 24.084606000000178 ], [ 91.598564000000124, 24.085413000000131 ], [ 91.598593526000116, 24.085610052000106 ], [ 91.598609925000119, 24.085720062000121 ], [ 91.598632812000119, 24.086177825999982 ], [ 91.598635060000163, 24.086230078000085 ], [ 91.59864, 24.086355 ], [ 91.598480000000109, 24.086641000000157 ], [ 91.598405993000142, 24.086742666000191 ], [ 91.598381042000085, 24.086776734000182 ], [ 91.59806060700015, 24.086999894000144 ], [ 91.597713675000193, 24.087154086000112 ], [ 91.597511, 24.087244000000112 ], [ 91.596588, 24.087511000000177 ], [ 91.596445878000054, 24.08757885700004 ], [ 91.596099853000112, 24.087743759000148 ], [ 91.595813726000131, 24.087955278000152 ], [ 91.59539, 24.088268 ], [ 91.59474200000011, 24.088676000000135 ], [ 91.594009000000199, 24.088911 ], [ 91.593858392000186, 24.088960763000159 ], [ 91.5935516360002, 24.089061736000076 ], [ 91.592964173000155, 24.089332581000178 ], [ 91.592947631000015, 24.089363705999972 ], [ 91.592819214000144, 24.089605332000076 ], [ 91.592529298000159, 24.090391158999978 ], [ 91.592391967000083, 24.090702058000034 ], [ 91.592386539000131, 24.090721666999968 ], [ 91.59223900000012, 24.091253000000165 ], [ 91.592055808000055, 24.091501574000119 ], [ 91.591941833000135, 24.091655732000106 ], [ 91.591446229000155, 24.092409572000122 ], [ 91.59121704100005, 24.0927581790001 ], [ 91.591087341000105, 24.093137742000124 ], [ 91.59121704100005, 24.093408585000077 ], [ 91.591498616000138, 24.093570944000135 ], [ 91.591690063999977, 24.093681335000099 ], [ 91.592285157000106, 24.093605042000092 ], [ 91.59276580900007, 24.09329032900007 ], [ 91.593023293000101, 24.093166415000098 ], [ 91.593376, 24.092997 ], [ 91.593658000000119, 24.092936000000179 ], [ 91.593826000000149, 24.092888 ], [ 91.594053286000133, 24.092918196000085 ], [ 91.59438324000007, 24.092962266000029 ], [ 91.594512939000083, 24.093008041000189 ], [ 91.594629902000065, 24.093051902000127 ], [ 91.594741806000059, 24.093093927000155 ], [ 91.594268799000133, 24.09469032200019 ], [ 91.595536334000087, 24.095513171000164 ], [ 91.595649699000148, 24.095586804000106 ], [ 91.595352173000038, 24.095983505000163 ], [ 91.594451903000163, 24.096652984000059 ], [ 91.594466797000166, 24.096657137000136 ], [ 91.594849, 24.096764000000178 ], [ 91.595123000000171, 24.096848 ], [ 91.595404757000153, 24.096987201000047 ], [ 91.595626831, 24.097097398000017 ], [ 91.595845986000143, 24.097125736000066 ], [ 91.595975867000107, 24.096929131000081 ], [ 91.596176, 24.096621 ], [ 91.596399489000191, 24.096548772000119 ], [ 91.596603394000113, 24.096483231000093 ], [ 91.596773659000064, 24.096343613000101 ], [ 91.596794, 24.096327 ], [ 91.597092, 24.09608100000014 ], [ 91.597262306000061, 24.095997243000056 ], [ 91.597274780000021, 24.09599113600018 ], [ 91.597518132000118, 24.096050693000052 ], [ 91.598000000000184, 24.096169000000145 ], [ 91.598210121000079, 24.09624861900005 ], [ 91.598350526000047, 24.096302033000029 ], [ 91.598227379000093, 24.096408712000084 ], [ 91.598022461000198, 24.096586228000035 ], [ 91.598007202000076, 24.096750258999975 ], [ 91.598049895000145, 24.096778721000021 ], [ 91.598121643000013, 24.096826553000085 ], [ 91.598285464000185, 24.096877747000065 ], [ 91.598457336000195, 24.096931457000096 ], [ 91.598577073000058, 24.097018694000099 ], [ 91.598724366000056, 24.097126006999986 ], [ 91.598906308000039, 24.097173805000068 ], [ 91.599174499000128, 24.097244262000117 ], [ 91.599159241000109, 24.096860886000172 ], [ 91.599304198000084, 24.096729278000112 ], [ 91.59928131200013, 24.096401215000071 ], [ 91.599716187000183, 24.09646415800006 ], [ 91.599912530000154, 24.096371245000057 ], [ 91.599929810000162, 24.096363068000187 ], [ 91.599993601000051, 24.096315225000069 ], [ 91.600143378000098, 24.096202891000189 ], [ 91.600180421, 24.096192239000175 ], [ 91.600608548000196, 24.096069130000046 ], [ 91.600120544000163, 24.095705032000126 ], [ 91.600096864000136, 24.095610312000076 ], [ 91.600082397000108, 24.09555244500018 ], [ 91.600186995000058, 24.095497128000147 ], [ 91.600281000000109, 24.095448000000147 ], [ 91.600551379000194, 24.095517075000089 ], [ 91.600952148000033, 24.095687867000038 ], [ 91.601205514000185, 24.095708980000097 ], [ 91.601821899000129, 24.095760345000144 ], [ 91.601989746000072, 24.096080780000136 ], [ 91.601699830000086, 24.096426011000176 ], [ 91.601867676000097, 24.096632002999968 ], [ 91.601935034000178, 24.096686131000183 ], [ 91.602081298000201, 24.096803666000085 ], [ 91.602531434000127, 24.096744538000166 ], [ 91.602861566000115, 24.096574470000121 ], [ 91.603034760000014, 24.096485124000026 ], [ 91.602767945000096, 24.096466065000129 ], [ 91.602462769000056, 24.096324921000132 ], [ 91.602424634000158, 24.096167087000083 ], [ 91.602394103000051, 24.096040726000183 ], [ 91.602399755000135, 24.096021134000182 ], [ 91.602509, 24.095644 ], [ 91.602669000000162, 24.095526 ], [ 91.602742380000166, 24.09550089600009 ], [ 91.602821350000113, 24.095474244 ], [ 91.602831783, 24.095480910000049 ], [ 91.603027343000065, 24.095605850000084 ], [ 91.603115834000164, 24.095602861000089 ], [ 91.603309631000116, 24.09559631500008 ], [ 91.603523253000048, 24.095655442000123 ], [ 91.603904724000074, 24.096143723000068 ], [ 91.603989063000199, 24.096189406000065 ], [ 91.604042053000171, 24.096218109 ], [ 91.604111733000082, 24.096205044000101 ], [ 91.604225159, 24.096183777000192 ], [ 91.604461670000148, 24.095918655000105 ], [ 91.604535765000151, 24.095648205000145 ], [ 91.603966000000185, 24.095243 ], [ 91.603916299000048, 24.095163766000098 ], [ 91.603897096000139, 24.095132828000033 ], [ 91.603752136000082, 24.094890594000049 ], [ 91.603629676000025, 24.094729532000031 ], [ 91.603577000000143, 24.094660000000147 ], [ 91.603470000000186, 24.094551 ], [ 91.603434194000044, 24.094374303000052 ], [ 91.603424071000177, 24.094324112999971 ], [ 91.6035079950002, 24.094217300000139 ], [ 91.603683716000091, 24.094205911000131 ], [ 91.603714, 24.094204000000104 ], [ 91.603739214000029, 24.094210480000072 ], [ 91.603927612000177, 24.094259262000037 ], [ 91.60396156600018, 24.094240620999983 ], [ 91.604317, 24.094046000000162 ], [ 91.604469, 24.094046000000162 ], [ 91.604619209000134, 24.094272208000064 ], [ 91.604637146000073, 24.094299317000093 ], [ 91.604657061000069, 24.09432871600012 ], [ 91.604797363000102, 24.094535828000176 ], [ 91.604838717000177, 24.094532682000079 ], [ 91.604972839000084, 24.094522477000055 ], [ 91.605032511000047, 24.094500597000035 ], [ 91.605087000000196, 24.094481 ], [ 91.605199877000189, 24.094457484000088 ], [ 91.605255127000135, 24.094446183000116 ], [ 91.605342306000182, 24.094426643000133 ], [ 91.605476380000084, 24.094396591000134 ], [ 91.605544469000108, 24.094343203000165 ], [ 91.605644225000049, 24.094264985000052 ], [ 91.60556250400009, 24.094063404000167 ], [ 91.605530000000101, 24.093983 ], [ 91.605545074000077, 24.09392823100012 ], [ 91.605560303000175, 24.093873979000023 ], [ 91.605522157000053, 24.093740463000188 ], [ 91.6054382330002, 24.093479156000171 ], [ 91.605476380000084, 24.093416215 ], [ 91.605621339000095, 24.09343147300001 ], [ 91.605842549999977, 24.093482895000022 ], [ 91.605796815000019, 24.093395234000127 ], [ 91.605805725000039, 24.093335086000138 ], [ 91.605812073000038, 24.093292237000071 ], [ 91.605860645000178, 24.093274023000163 ], [ 91.605904000000123, 24.093258000000162 ], [ 91.6060710000001, 24.093264 ], [ 91.606206813000199, 24.093485435000048 ], [ 91.606279745000052, 24.093474043000185 ], [ 91.606384277000132, 24.093452454000101 ], [ 91.606423509000194, 24.09335143300018 ], [ 91.606461000000195, 24.093256000000167 ], [ 91.606438, 24.092972 ], [ 91.606458738000185, 24.092931446000136 ], [ 91.606483394000065, 24.09288419000012 ], [ 91.606672224000079, 24.092975075000084 ], [ 91.606697081999982, 24.092987060000098 ], [ 91.60672887700008, 24.093005848000075 ], [ 91.606949, 24.093136000000186 ], [ 91.607269, 24.093317 ], [ 91.607290308000074, 24.093379346000063 ], [ 91.607322694000061, 24.09347534300008 ], [ 91.607284547, 24.093688965000183 ], [ 91.60752868600008, 24.093784331999984 ], [ 91.608032227000081, 24.093423843000096 ], [ 91.60809015500007, 24.093367294000132 ], [ 91.608352662000016, 24.093111038000075 ], [ 91.608581543000071, 24.092885970000111 ], [ 91.608645077000176, 24.09277478600012 ], [ 91.608657836000077, 24.092752457000131 ], [ 91.608681, 24.092487000000119 ], [ 91.608727000000101, 24.092274 ], [ 91.608772321, 24.092225347000067 ], [ 91.608795165000117, 24.092201233000026 ], [ 91.608816557000125, 24.092179842000121 ], [ 91.608849, 24.092148000000122 ], [ 91.60890503700017, 24.092153317000168 ], [ 91.6089859020002, 24.092161179000072 ], [ 91.609031677000189, 24.09231185900012 ], [ 91.6091766360002, 24.09280204900017 ], [ 91.609297186000049, 24.092967804000125 ], [ 91.609313965000069, 24.092990875000169 ], [ 91.609436035000044, 24.092910767000092 ], [ 91.609664916000099, 24.092809677000105 ], [ 91.609840233000114, 24.092776400000105 ], [ 91.610076905000142, 24.092731476000097 ], [ 91.610511781000071, 24.092672348000178 ], [ 91.611167906999981, 24.092466355000113 ], [ 91.611267089000194, 24.092302323000013 ], [ 91.611245286000099, 24.092167142000108 ], [ 91.611228942000139, 24.092065812000101 ], [ 91.611122209000143, 24.092038573000082 ], [ 91.610863000000109, 24.091972000000169 ], [ 91.610596, 24.091894 ], [ 91.610573036000062, 24.091812127000139 ], [ 91.610716173000128, 24.091807215000131 ], [ 91.610962, 24.091799 ], [ 91.611198000000115, 24.091816 ], [ 91.61146500000018, 24.09196500000013 ], [ 91.611474771000189, 24.092071868000062 ], [ 91.611480713000105, 24.092140198000038 ], [ 91.611381531000063, 24.092683793000162 ], [ 91.611747740999988, 24.093166351000093 ], [ 91.611900331000186, 24.093288422000171 ], [ 91.612205505000077, 24.093168259000095 ], [ 91.612510682000163, 24.093193055000029 ], [ 91.612770081000065, 24.093145370000059 ], [ 91.613143919000095, 24.093091163000111 ], [ 91.613563538000051, 24.092977524000048 ], [ 91.613727186000119, 24.092933339000183 ], [ 91.613754119000134, 24.092926067000121 ], [ 91.613801537000143, 24.092952739000054 ], [ 91.613929748000146, 24.093025207000153 ], [ 91.614112854000041, 24.09330749500009 ], [ 91.614105787000085, 24.093390530000079 ], [ 91.614082000000167, 24.093666000000155 ], [ 91.614008962000128, 24.093848594000178 ], [ 91.613929748000146, 24.094045640000104 ], [ 91.613906860000043, 24.094373703000031 ], [ 91.61391745800006, 24.094417609000061 ], [ 91.613960267000095, 24.094594955 ], [ 91.614036561000034, 24.094589233000079 ], [ 91.614141890000155, 24.094603174000099 ], [ 91.614296, 24.094624000000181 ], [ 91.614358787000072, 24.094669033000116 ], [ 91.614440917000081, 24.094728469000074 ], [ 91.614576156000169, 24.094829898000171 ], [ 91.614631654000164, 24.094871521000186 ], [ 91.614762236000104, 24.094448546000081 ], [ 91.614807129000042, 24.094303132000107 ], [ 91.614881081000078, 24.094252070000152 ], [ 91.614967, 24.094193 ], [ 91.615065432000165, 24.094287865000183 ], [ 91.615104676000044, 24.09432602000004 ], [ 91.61518096900005, 24.094594955 ], [ 91.615165711000031, 24.095100404000164 ], [ 91.615228874000195, 24.095247257000153 ], [ 91.615242005000141, 24.095277787000043 ], [ 91.615569502000142, 24.09550732800011 ], [ 91.615669250000053, 24.095577241000115 ], [ 91.615804164000167, 24.095563749000064 ], [ 91.615821839000148, 24.095561981000117 ], [ 91.615808735000087, 24.095523490000176 ], [ 91.615791321000074, 24.095472336000057 ], [ 91.615677011000059, 24.095159891000037 ], [ 91.615686646000029, 24.095066755000175 ], [ 91.615692103000072, 24.095014913000114 ], [ 91.616081000000179, 24.094687 ], [ 91.616549611000153, 24.094528088000061 ], [ 91.616599982000139, 24.094511050000108 ], [ 91.61693572900009, 24.094394684000065 ], [ 91.617149354000105, 24.094451904000152 ], [ 91.617225648000044, 24.094623567000099 ], [ 91.617256164000082, 24.094877244000031 ], [ 91.617019653000114, 24.094881059000045 ], [ 91.616813659000115, 24.094989776000091 ], [ 91.616783141999974, 24.095260621000023 ], [ 91.617103577000137, 24.095497132000162 ], [ 91.617622376000156, 24.095642090000069 ], [ 91.617851256999984, 24.095752717000039 ], [ 91.618118287000073, 24.095365524000101 ], [ 91.618438720000199, 24.095111847000169 ], [ 91.618576049000126, 24.095123290000117 ], [ 91.618553162000069, 24.095386505000135 ], [ 91.618667603000063, 24.095680236000192 ], [ 91.618606568000075, 24.095989228000178 ], [ 91.618659973000149, 24.096118927000191 ], [ 91.618888856000126, 24.096157074000018 ], [ 91.619155883000133, 24.096086503000151 ], [ 91.619354248000093, 24.096004486000027 ], [ 91.619499207000104, 24.096000671000127 ], [ 91.619552612000177, 24.096063614000116 ], [ 91.619277953999983, 24.096256256000061 ], [ 91.619316101000038, 24.096456528000147 ], [ 91.619499207000104, 24.096590042000173 ], [ 91.619728088000102, 24.096830368000155 ], [ 91.619857789000093, 24.096786498000085 ], [ 91.620056153000178, 24.096679688000108 ], [ 91.620491028000174, 24.096458434999988 ], [ 91.62084198000008, 24.096546174000082 ], [ 91.620910644999981, 24.096584321000137 ], [ 91.620948792000036, 24.096494674000098 ], [ 91.620933532000038, 24.09610176100017 ], [ 91.621162415000072, 24.095762253000146 ], [ 91.621376037000118, 24.095394135000049 ], [ 91.621467589000076, 24.095415116000083 ], [ 91.621627807000039, 24.095628739000119 ], [ 91.62189483700007, 24.095876693000037 ], [ 91.621917725, 24.095949174000054 ], [ 91.621955872000058, 24.096143723000068 ], [ 91.621772766, 24.096343995000154 ], [ 91.621864318000121, 24.096567155000116 ], [ 91.622375489000035, 24.096647264000069 ], [ 91.622779846000014, 24.096733093000182 ], [ 91.622711182000046, 24.096910476 ], [ 91.622543335000103, 24.097103118000177 ], [ 91.622528076000151, 24.097291947000031 ], [ 91.622566223000035, 24.097370148000039 ], [ 91.622718810000151, 24.097442625999975 ], [ 91.625160217000087, 24.098594665000178 ], [ 91.625701905000142, 24.098800660000109 ], [ 91.625793457000043, 24.098833084000091 ], [ 91.625610351000034, 24.099046707000127 ], [ 91.625549316000047, 24.099168777000102 ], [ 91.625709533000077, 24.09943199200012 ], [ 91.625877381000066, 24.099552155000026 ], [ 91.626113892000035, 24.099552155000026 ], [ 91.626228332000096, 24.099370957000133 ], [ 91.626327514000138, 24.099025726000093 ], [ 91.626983643000131, 24.099262237000175 ], [ 91.627021789000082, 24.099485397000024 ], [ 91.627059936000137, 24.099569321 ], [ 91.627449037000076, 24.099430084000119 ], [ 91.627609252000127, 24.099487305000139 ], [ 91.627655029000096, 24.099607468000045 ], [ 91.627639771000077, 24.099918365000121 ], [ 91.627578735000156, 24.100402832000157 ], [ 91.627731322999978, 24.100559235000048 ], [ 91.627876281999988, 24.10062790000012 ], [ 91.628196717000151, 24.100297927999975 ], [ 91.628562927000075, 24.100919724000107 ], [ 91.628807068000128, 24.101236344000029 ], [ 91.628974914000139, 24.101467132000096 ], [ 91.629173278000053, 24.101606368999967 ], [ 91.629364013999975, 24.101545333999979 ], [ 91.629470824000123, 24.101463317000025 ], [ 91.62940216100003, 24.10130119400003 ], [ 91.629127503000063, 24.10087585500014 ], [ 91.629074096000181, 24.10073089600013 ], [ 91.629196166000156, 24.100688934000175 ], [ 91.629348756000184, 24.100706102000174 ], [ 91.629325867000148, 24.100839615000154 ], [ 91.629371642000081, 24.100940705000141 ], [ 91.629493713000159, 24.101049423000063 ], [ 91.629684449000138, 24.10099983300006 ], [ 91.629844666000167, 24.100791931000117 ], [ 91.630157471000189, 24.100688934000175 ], [ 91.630264282000041, 24.100549697000133 ], [ 91.634078980000197, 24.102569581000125 ], [ 91.637763978000123, 24.105325698000172 ], [ 91.636718749000067, 24.106697083000029 ], [ 91.637039184000173, 24.106922150000059 ], [ 91.638328552000075, 24.10783386300011 ], [ 91.639465331999986, 24.108640671000046 ], [ 91.639701843000125, 24.109289169000078 ], [ 91.640541078000183, 24.11163330100004 ], [ 91.641105652000192, 24.113224031000073 ], [ 91.640617371000189, 24.115739823000183 ], [ 91.640228271000183, 24.117736817000036 ], [ 91.639869689000136, 24.11955261200012 ], [ 91.639831542000138, 24.119832993000102 ], [ 91.639465331999986, 24.122446060000073 ], [ 91.639205933000142, 24.12430954000007 ], [ 91.639053345000093, 24.125356674000159 ], [ 91.638778686000023, 24.127365113000167 ], [ 91.638511658000141, 24.129245759000185 ], [ 91.638442992000137, 24.129735947000029 ], [ 91.637084961000141, 24.132535936000181 ], [ 91.635963441000058, 24.134836196000094 ], [ 91.635452270000144, 24.135892868000099 ], [ 91.634727478000059, 24.137384415000156 ], [ 91.634361268000134, 24.138177871999972 ], [ 91.634757995000143, 24.138814927000055 ], [ 91.636016846000132, 24.14073562700014 ], [ 91.63655090300017, 24.141550063000011 ], [ 91.63732147200011, 24.142723083000078 ], [ 91.639495849000127, 24.146034241000166 ], [ 91.640899657000091, 24.148180009000043 ], [ 91.642318726000042, 24.150335312000152 ], [ 91.643096923000201, 24.151523590000011 ], [ 91.644721984000114, 24.154001237000159 ], [ 91.6455154410001, 24.155216216000042 ], [ 91.645996094000168, 24.155944825000176 ], [ 91.646560670000156, 24.156749725000168 ], [ 91.646347045000198, 24.157833099000129 ], [ 91.646217346000185, 24.158597947000146 ], [ 91.645988463000151, 24.159957886000143 ], [ 91.64576721300017, 24.161256791000028 ], [ 91.6455154410001, 24.162746429000038 ], [ 91.645393372000058, 24.163467408000088 ], [ 91.645271302000083, 24.164197922000142 ], [ 91.645072938000169, 24.165361404000123 ], [ 91.644790649000186, 24.167007446000071 ], [ 91.6445236200002, 24.168588638000131 ], [ 91.644302369000116, 24.169889451000074 ], [ 91.644157410000105, 24.17072868300005 ], [ 91.644256592000147, 24.171016694000173 ], [ 91.644393921000017, 24.171455384000012 ], [ 91.644660951000105, 24.172307969000144 ], [ 91.645187004000036, 24.173996013000192 ], [ 91.645406394000076, 24.174700370000096 ], [ 91.645414839000125, 24.174727507000114 ], [ 91.645637512000178, 24.175443649000044 ], [ 91.645951676000038, 24.176437195 ], [ 91.646050788000082, 24.17675063500019 ], [ 91.64609527600004, 24.176891327000135 ], [ 91.646303239000076, 24.177540658000112 ], [ 91.646414351000033, 24.177887588000033 ], [ 91.646453857000154, 24.178010941000025 ], [ 91.646682817000055, 24.178756687000089 ], [ 91.647270203000176, 24.178548812000031 ], [ 91.648642175000191, 24.178063689000112 ], [ 91.649304636000181, 24.177829446000032 ], [ 91.649497985000096, 24.17776107800006 ], [ 91.649783351999986, 24.177661047000015 ], [ 91.650276097000187, 24.177488323000148 ], [ 91.651641846000132, 24.177009582000039 ], [ 91.653900146000126, 24.176206589000117 ], [ 91.654439879000108, 24.176015684000049 ], [ 91.654696856000101, 24.175924790000181 ], [ 91.654930115000127, 24.175842284999987 ], [ 91.655014038000104, 24.175863266000079 ], [ 91.655240633000062, 24.175919915 ], [ 91.655456131000165, 24.175973789000068 ], [ 91.655874285000095, 24.176078571000176 ], [ 91.656011973000147, 24.176158027000042 ], [ 91.656227, 24.176283000000126 ], [ 91.656166, 24.176548 ], [ 91.656145, 24.176666 ], [ 91.656118422000134, 24.176817256000106 ], [ 91.656089782000095, 24.176979066000172 ], [ 91.655944825000063, 24.177444458000139 ], [ 91.655906894000054, 24.177726899000163 ], [ 91.656102876000091, 24.177851649000161 ], [ 91.656173733, 24.177926230000025 ], [ 91.656211852000069, 24.177967072000058 ], [ 91.65628067300014, 24.178052844000035 ], [ 91.656324041, 24.178036262000091 ], [ 91.656334685, 24.178032192000103 ], [ 91.65641021700003, 24.178003311000111 ], [ 91.656480168000087, 24.17802954300015 ], [ 91.656677419000118, 24.178103513000053 ], [ 91.656699993000018, 24.178111998000134 ], [ 91.65673346900013, 24.178134531000126 ], [ 91.656827341999985, 24.178197895000039 ], [ 91.656852722000167, 24.178215026000146 ], [ 91.656907245000127, 24.17824181800006 ], [ 91.656942, 24.178259 ], [ 91.657074000000193, 24.178324 ], [ 91.657151035000084, 24.178594012000019 ], [ 91.657173000000171, 24.178671001000112 ], [ 91.657267715000103, 24.179083430000048 ], [ 91.657409668000071, 24.179702759 ], [ 91.65735937900007, 24.179712538000047 ], [ 91.657322128000089, 24.179719781000188 ], [ 91.657272339000144, 24.179729462000182 ], [ 91.65710449200003, 24.179904938000163 ], [ 91.657184957000197, 24.179995900000051 ], [ 91.65721764500006, 24.180032851000192 ], [ 91.65727987300005, 24.180103196000061 ], [ 91.657254000000137, 24.180143000000157 ], [ 91.657248356000196, 24.180151708000153 ], [ 91.657218932000092, 24.180196762000151 ], [ 91.657013008000092, 24.18024283900013 ], [ 91.657065403000104, 24.180406143000141 ], [ 91.65697596800004, 24.180353467000032 ], [ 91.656920101000139, 24.180319461000067 ], [ 91.656890869000051, 24.180301667000037 ], [ 91.65679168700018, 24.180360794000023 ], [ 91.656880887000113, 24.180474321000077 ], [ 91.656973279999988, 24.180591913000058 ], [ 91.657043448000138, 24.180681219000178 ], [ 91.657055149000144, 24.180686724000168 ], [ 91.657234, 24.180770999000117 ], [ 91.657297471999982, 24.180758472999969 ], [ 91.657310000000166, 24.180756 ], [ 91.657352002000096, 24.180791002000092 ], [ 91.657393999000078, 24.180826000000138 ], [ 91.657607999000049, 24.18096400100012 ], [ 91.657692000000168, 24.180943 ], [ 91.657913000000121, 24.181843000000129 ], [ 91.658046500000182, 24.1823915 ], [ 91.658179999000083, 24.18294 ], [ 91.658294269000123, 24.183243204000121 ], [ 91.658322704999989, 24.183318929000109 ], [ 91.658355713000105, 24.183406830000024 ], [ 91.658309295000151, 24.183455735000052 ], [ 91.658286916000179, 24.183479314000124 ], [ 91.658248997000157, 24.18351926400004 ], [ 91.658462802000145, 24.183906781000076 ], [ 91.658575759000144, 24.183980195000117 ], [ 91.658454995000113, 24.18399999900015 ], [ 91.658415332000118, 24.18399493700008 ], [ 91.65817260700004, 24.183963776000098 ], [ 91.65811157100012, 24.184034349000115 ], [ 91.658226014000093, 24.184158325000112 ], [ 91.658315059000074, 24.184251081000127 ], [ 91.658381428000155, 24.18432021600006 ], [ 91.65845495800005, 24.184396956000057 ], [ 91.658460211000033, 24.184414552000078 ], [ 91.658492943000056, 24.184524808000106 ], [ 91.658462739000072, 24.184607870999969 ], [ 91.658257000000162, 24.184507 ], [ 91.658154663000118, 24.184479589000034 ], [ 91.658088685, 24.184461594000027 ], [ 91.657417201000044, 24.184827885000061 ], [ 91.65744, 24.184930999000073 ], [ 91.657883001000073, 24.18508 ], [ 91.658081, 24.185202 ], [ 91.658340000000123, 24.185139000000163 ], [ 91.658361924000133, 24.185298651000096 ], [ 91.658378601000038, 24.18542289700008 ], [ 91.658484590000171, 24.185523792000026 ], [ 91.658576942000195, 24.185611945000119 ], [ 91.658523560000049, 24.186120987000152 ], [ 91.658483543000159, 24.18627533800003 ], [ 91.658470000000193, 24.186327 ], [ 91.658401000000197, 24.186466000000166 ], [ 91.658302000000162, 24.186537000000158 ], [ 91.658308423000051, 24.186692763000167 ], [ 91.658309697000163, 24.186725239000054 ], [ 91.658416748000093, 24.186708451000072 ], [ 91.658607482000036, 24.186567307000132 ], [ 91.658714190000182, 24.186485372000163 ], [ 91.658775, 24.186604001000148 ], [ 91.65886304300011, 24.186771663000115 ], [ 91.65887805400007, 24.186800434000133 ], [ 91.658889770000144, 24.186822892 ], [ 91.658828443000118, 24.186915946000113 ], [ 91.658549822000055, 24.186889412000028 ], [ 91.658493042000146, 24.186883927 ], [ 91.658479811000063, 24.186902119000081 ], [ 91.658404692000147, 24.187005408 ], [ 91.658279419000166, 24.187177659000156 ], [ 91.658250346000159, 24.187241137000058 ], [ 91.658219549000194, 24.187308377000136 ], [ 91.658165075000113, 24.187427576000118 ], [ 91.658210498000074, 24.18745312600015 ], [ 91.658232243000157, 24.187465357000178 ], [ 91.658317566000051, 24.18751335200011 ], [ 91.658372244000134, 24.187483878000023 ], [ 91.658562000000188, 24.187382001000174 ], [ 91.658605937000175, 24.187413534000029 ], [ 91.658683778000125, 24.18746948200004 ], [ 91.658699889000161, 24.187539971000092 ], [ 91.658714000000145, 24.187603 ], [ 91.658694824000179, 24.187712510000097 ], [ 91.658668517000194, 24.187860488000069 ], [ 91.658668759000022, 24.18798080900018 ], [ 91.658859254000106, 24.188104630000055 ], [ 91.659118669000122, 24.188140912 ], [ 91.659149736000131, 24.188228569000046 ], [ 91.659171893000121, 24.188291698000057 ], [ 91.659103393000123, 24.188352586000121 ], [ 91.658974014000194, 24.188364953000189 ], [ 91.658960021000155, 24.188366290000033 ], [ 91.658844052000063, 24.188377374000027 ], [ 91.658889916000135, 24.188531934000025 ], [ 91.659170551000159, 24.188598656000067 ], [ 91.659179539000036, 24.188625749000096 ], [ 91.659202575000165, 24.188709260000167 ], [ 91.659133970000084, 24.188842923000095 ], [ 91.659225000000163, 24.189063999000098 ], [ 91.659622000000127, 24.189352 ], [ 91.6595939890002, 24.189452661000075 ], [ 91.659408856000084, 24.189514060000135 ], [ 91.659406556000079, 24.189534370000047 ], [ 91.659400393000169, 24.189588779000189 ], [ 91.659393333000139, 24.189653201000169 ], [ 91.659690858000147, 24.189655304999974 ], [ 91.659277360000033, 24.191228214000034 ], [ 91.659274, 24.191243000000156 ], [ 91.659248000000105, 24.191362 ], [ 91.659084643000199, 24.191396652000094 ], [ 91.65904940900009, 24.191404167000087 ], [ 91.658955487000128, 24.191430694000076 ], [ 91.658851656000195, 24.191459648000148 ], [ 91.658706704000053, 24.19130520300007 ], [ 91.65868591900005, 24.19132492600005 ], [ 91.658634239000037, 24.191373965000082 ], [ 91.658592224000188, 24.191413880000084 ], [ 91.658424378000177, 24.191526413000076 ], [ 91.658389659000022, 24.191571982000028 ], [ 91.658363233000159, 24.191606682000042 ], [ 91.658812596000132, 24.191768855000078 ], [ 91.658782718000168, 24.191802200000097 ], [ 91.658728663000034, 24.191860065000185 ], [ 91.658257420000041, 24.191882765000059 ], [ 91.658210754000095, 24.191884994000191 ], [ 91.658178655000199, 24.191953204000129 ], [ 91.658165028000042, 24.191982167000162 ], [ 91.658324709000169, 24.19212142900011 ], [ 91.658416768000052, 24.192201797 ], [ 91.658439637000072, 24.19241332900009 ], [ 91.658164979000105, 24.192958832000045 ], [ 91.658159933000036, 24.19296913400018 ], [ 91.658154358000047, 24.192980516000034 ], [ 91.658118808000097, 24.193052099 ], [ 91.657991267000114, 24.193117539000127 ], [ 91.65792846700009, 24.193149565999988 ], [ 91.657782226000165, 24.193197826000073 ], [ 91.657739554000159, 24.193211908000023 ], [ 91.657546997000111, 24.193275452000137 ], [ 91.657501250000166, 24.193382197000176 ], [ 91.657691987000078, 24.19347 ], [ 91.657936096000071, 24.19345283500013 ], [ 91.657967409000094, 24.193446269000106 ], [ 91.658047536000083, 24.193429468999966 ], [ 91.65817260700004, 24.193403245000127 ], [ 91.658201398000188, 24.193400281000038 ], [ 91.658267102000138, 24.193393517 ], [ 91.658301999000059, 24.19339 ], [ 91.658393673000035, 24.1935006060001 ], [ 91.657226790000038, 24.194040586000028 ], [ 91.656750369000122, 24.194261052000115 ], [ 91.65465545700016, 24.195230484000035 ], [ 91.654541016, 24.195148467000081 ], [ 91.654426794000187, 24.195230327000104 ], [ 91.654430869000066, 24.195288812000058 ], [ 91.654432, 24.195306 ], [ 91.654434, 24.195334999000067 ], [ 91.653275, 24.19587300000012 ], [ 91.653099, 24.19595500000014 ], [ 91.652808999000172, 24.195898 ], [ 91.652672000000109, 24.195936000000188 ], [ 91.652534, 24.196026000000131 ], [ 91.652521877000197, 24.196180298000115 ], [ 91.652511596000124, 24.196306229000129 ], [ 91.652648925000051, 24.196529389000148 ], [ 91.65289306699998, 24.196678161000023 ], [ 91.653198241000041, 24.196472169 ], [ 91.653510658000016, 24.19657751800014 ], [ 91.653478000000177, 24.196627000000149 ], [ 91.653458719000071, 24.196656292000057 ], [ 91.653373719000172, 24.196784974000082 ], [ 91.653367814000092, 24.196906003000038 ], [ 91.653358000000196, 24.197098 ], [ 91.653137062000042, 24.19729794400007 ], [ 91.653123379000078, 24.197287894000112 ], [ 91.653106224000169, 24.197275295000054 ], [ 91.653015137000182, 24.197208404000094 ], [ 91.652832031000116, 24.197042466000028 ], [ 91.652818333000198, 24.197137668000096 ], [ 91.652803144000131, 24.197243228000161 ], [ 91.652793884000062, 24.197307586000136 ], [ 91.65269470200019, 24.197515488000136 ], [ 91.652656791000197, 24.197589912000069 ], [ 91.652682894000122, 24.197594088000017 ], [ 91.652847061000102, 24.197620357000176 ], [ 91.652852, 24.197649000000126 ], [ 91.652854817000048, 24.197664622 ], [ 91.65286254800003, 24.197710037000149 ], [ 91.652664055000059, 24.19777698200005 ], [ 91.652657819000069, 24.197785867 ], [ 91.652588053000159, 24.197885710000037 ], [ 91.653111811000144, 24.198028405000173 ], [ 91.653099, 24.198142999000083 ], [ 91.653079489000163, 24.198144930000126 ], [ 91.652633667000032, 24.198188782000045 ], [ 91.652648925000051, 24.198326111000142 ], [ 91.652801515000078, 24.198495864000051 ], [ 91.653003816000194, 24.198640154000088 ], [ 91.653060946000153, 24.198680962000083 ], [ 91.65321368400015, 24.199056647000191 ], [ 91.653342360000124, 24.199072213000022 ], [ 91.653450013000054, 24.199085237000077 ], [ 91.653478442000051, 24.199089063000031 ], [ 91.653549195000096, 24.199098587000094 ], [ 91.653724671000077, 24.198972702000049 ], [ 91.653953656000112, 24.198589365000032 ], [ 91.654003527000043, 24.198607497000125 ], [ 91.654037, 24.198620000000176 ], [ 91.653938001000142, 24.198960999000064 ], [ 91.653854000000194, 24.199234001000093 ], [ 91.653857967000079, 24.199397652000073 ], [ 91.653862000000174, 24.199564000000123 ], [ 91.653953552000075, 24.200073243000077 ], [ 91.653930665000075, 24.200250626000127 ], [ 91.653920467000091, 24.200315635000095 ], [ 91.653909499000065, 24.200385551000181 ], [ 91.653900146000126, 24.200445175000141 ], [ 91.653671265000071, 24.200674056000139 ], [ 91.653674620000118, 24.200707186000045 ], [ 91.653676858000097, 24.200729281000179 ], [ 91.653686524000193, 24.200824738000165 ], [ 91.653690222000137, 24.200861726000028 ], [ 91.653692260000128, 24.200882117000049 ], [ 91.65369400100019, 24.200901000000101 ], [ 91.653738438000062, 24.201014211000142 ], [ 91.653777879000188, 24.201114694000182 ], [ 91.653457641000159, 24.201179505000141 ], [ 91.653335572000117, 24.201332092000087 ], [ 91.653457641000159, 24.201667785000041 ], [ 91.653396653000129, 24.201784041000053 ], [ 91.653276354000184, 24.201798586000109 ], [ 91.652999940000029, 24.20183191000001 ], [ 91.653121948000035, 24.202011109000182 ], [ 91.653503418000128, 24.202154160000021 ], [ 91.653572001000043, 24.202179000000172 ], [ 91.653854000000194, 24.202379000000178 ], [ 91.653770000000179, 24.202578999000139 ], [ 91.653690000000154, 24.202549500000089 ], [ 91.653609786000061, 24.20252004800011 ], [ 91.653516085000035, 24.202540544000044 ], [ 91.653450036000152, 24.202554895000048 ], [ 91.653501990000052, 24.202734513 ], [ 91.653624999000158, 24.202927 ], [ 91.653568005000068, 24.203065988000162 ], [ 91.653511, 24.203205000000139 ], [ 91.653430993000086, 24.20321350100005 ], [ 91.653350990000149, 24.203222 ], [ 91.653213828000162, 24.203224120000129 ], [ 91.653209000000118, 24.20327036700013 ], [ 91.653203143000098, 24.203326463000167 ], [ 91.653198, 24.203375000000165 ], [ 91.653380999000035, 24.203516001000025 ], [ 91.65334201200011, 24.203608883000072 ], [ 91.653312743000072, 24.203677992000166 ], [ 91.653168000000107, 24.203674 ], [ 91.653068739000162, 24.20360386200008 ], [ 91.653050031000191, 24.203594622000026 ], [ 91.652923373000192, 24.203532197000129 ], [ 91.652794576000133, 24.20347588900006 ], [ 91.652759997000032, 24.203494279000154 ], [ 91.652687072000106, 24.203533173000039 ], [ 91.65257626000016, 24.203680921000171 ], [ 91.652549743000179, 24.203716279000048 ], [ 91.652595520000148, 24.203998567000156 ], [ 91.652717636000148, 24.204164534000142 ], [ 91.652756821000082, 24.204190397000048 ], [ 91.652824619, 24.204235144999984 ], [ 91.652908325, 24.204290391000143 ], [ 91.65302276500006, 24.204380035000099 ], [ 91.652987742000107, 24.204461759000083 ], [ 91.652966498000126, 24.204511328000024 ], [ 91.652954102000194, 24.204540252000129 ], [ 91.652946401000179, 24.204559503000041 ], [ 91.652940445000183, 24.204574392000097 ], [ 91.652923583000018, 24.204616546000011 ], [ 91.652877826000065, 24.204729040000132 ], [ 91.652603150000061, 24.204725266000139 ], [ 91.652398893000168, 24.204765497000039 ], [ 91.652351285000123, 24.204774941000096 ], [ 91.652278378000062, 24.204839341000081 ], [ 91.652236972000139, 24.204875971000092 ], [ 91.652381898000101, 24.204992294000022 ], [ 91.652552688000185, 24.204998272000182 ], [ 91.652763000000164, 24.205006 ], [ 91.652742346000082, 24.205055571000059 ], [ 91.652736356999981, 24.205069794000053 ], [ 91.652730348000148, 24.205084099000089 ], [ 91.652713481000092, 24.205124393000062 ], [ 91.652664184000173, 24.20524215800009 ], [ 91.652320862000181, 24.205299378000063 ], [ 91.652229308000074, 24.205427169000075 ], [ 91.652328490000116, 24.205541612 ], [ 91.652447993000123, 24.205673917000013 ], [ 91.65245584000013, 24.20568260500005 ], [ 91.652488708000192, 24.205718995000041 ], [ 91.652427673000034, 24.205921174000139 ], [ 91.651916504000098, 24.207511902000135 ], [ 91.651886514000125, 24.207607494000058 ], [ 91.651849496000068, 24.20772548500014 ], [ 91.651794433000077, 24.207901002000028 ], [ 91.651756286000193, 24.20804214400016 ], [ 91.651695251000035, 24.208148956000116 ], [ 91.651692263000143, 24.208248321000042 ], [ 91.651690349000148, 24.208311965000178 ], [ 91.6516876230001, 24.208402633000048 ], [ 91.651504517000035, 24.208639145000063 ], [ 91.651430677000178, 24.208777195000096 ], [ 91.651377150000087, 24.208877267000048 ], [ 91.651329, 24.20896699900004 ], [ 91.651214998000171, 24.208963000000153 ], [ 91.651140010000177, 24.208961530000181 ], [ 91.651062011000192, 24.208959579000123 ], [ 91.651044871000011, 24.208984576000148 ], [ 91.651031274000047, 24.20900440600019 ], [ 91.651016236000032, 24.209026337000125 ], [ 91.651100158000077, 24.209161759000153 ], [ 91.651089594000098, 24.20917967500003 ], [ 91.650953949000154, 24.209409735000065 ], [ 91.650039673000151, 24.210960388 ], [ 91.649253846000079, 24.212324142000057 ], [ 91.649240866000071, 24.2123471270001 ], [ 91.649231258000157, 24.21236414100008 ], [ 91.649162292000142, 24.212486267000031 ], [ 91.649178006, 24.212571712000113 ], [ 91.649181092000106, 24.212588493000169 ], [ 91.649192811000091, 24.212652207000133 ], [ 91.649206670000069, 24.212691185000153 ], [ 91.649222999000074, 24.212737999000126 ], [ 91.64949, 24.212944000000164 ], [ 91.649550982000164, 24.213117949000093 ], [ 91.649541298000031, 24.213126180000131 ], [ 91.649499951999985, 24.213161323000122 ], [ 91.649399000000187, 24.213247 ], [ 91.649307000000192, 24.213144 ], [ 91.649161131000142, 24.213178397000149 ], [ 91.649104999000087, 24.213191494000057 ], [ 91.649074620000192, 24.213200659 ], [ 91.648906034000049, 24.213333343000158 ], [ 91.648872376000156, 24.213359833000027 ], [ 91.648788452000133, 24.213563920000126 ], [ 91.648770988000081, 24.213649062000059 ], [ 91.648764811000035, 24.213679174000106 ], [ 91.648757998000065, 24.213712696000186 ], [ 91.648942703000159, 24.213720845000068 ], [ 91.648982756, 24.21372261200014 ], [ 91.64901733500011, 24.213724137000156 ], [ 91.649050473000045, 24.213725141000054 ], [ 91.649105000000191, 24.213727000000119 ], [ 91.649269, 24.213732 ], [ 91.649307000000192, 24.21399300000013 ], [ 91.649075, 24.214164 ], [ 91.649016562000156, 24.214207125000144 ], [ 91.648887634000175, 24.214302062000115 ], [ 91.648820360000116, 24.21439521200017 ], [ 91.648724324000113, 24.214528185000063 ], [ 91.64868900100015, 24.21457699900003 ], [ 91.648668460000124, 24.214769003000129 ], [ 91.648666000000105, 24.214791999000056 ], [ 91.648579672000096, 24.214857100000188 ], [ 91.648544283000092, 24.21488378700019 ], [ 91.648439141000097, 24.214812696000081 ], [ 91.64826863899998, 24.214697412000135 ], [ 91.648208767000199, 24.214656931000093 ], [ 91.648121154000137, 24.214689629000134 ], [ 91.648064826000109, 24.214710751999974 ], [ 91.647964478000176, 24.214748382999971 ], [ 91.647905580000099, 24.214770470000133 ], [ 91.647889526000142, 24.214776490000077 ], [ 91.647872924000012, 24.214782715000183 ], [ 91.647628846000089, 24.215061119000097 ], [ 91.647346497000115, 24.215209962000074 ], [ 91.647155932000032, 24.215322397000079 ], [ 91.647165350000137, 24.215350050000154 ], [ 91.647186317000148, 24.215411613000185 ], [ 91.647224426000037, 24.215522767000095 ], [ 91.647651815000131, 24.215581946000157 ], [ 91.647662496, 24.215585700000076 ], [ 91.647895335000044, 24.215667767000014 ], [ 91.64818600000018, 24.21571 ], [ 91.648288881000099, 24.215746820999982 ], [ 91.648326121000139, 24.215760227000033 ], [ 91.648376139, 24.215778233000094 ], [ 91.648413587999983, 24.215841459000046 ], [ 91.648452759000122, 24.21590805000011 ], [ 91.648429870000086, 24.216178895000041 ], [ 91.648423895000064, 24.216200875000084 ], [ 91.648418105000133, 24.216222177000077 ], [ 91.648376468000151, 24.216375345000131 ], [ 91.648498536000091, 24.216464996000184 ], [ 91.648719788000108, 24.216590882000105 ], [ 91.648702607000189, 24.216638132000128 ], [ 91.648689079000178, 24.216674788000148 ], [ 91.648483277000196, 24.216655732000163 ], [ 91.64825401000013, 24.216513006000071 ], [ 91.648094177000132, 24.216648102000079 ], [ 91.648262025000179, 24.216836929000124 ], [ 91.648605346000068, 24.217046738000192 ], [ 91.648826604000078, 24.217191731000185 ], [ 91.648841798000092, 24.217318996000131 ], [ 91.648571215000175, 24.217313473000161 ], [ 91.648514712, 24.217312218000131 ], [ 91.648498536000091, 24.217311859000176 ], [ 91.648399189000145, 24.217357913000058 ], [ 91.648346003000199, 24.217447188000108 ], [ 91.648597718000133, 24.217836380000165 ], [ 91.648566783000149, 24.217886218 ], [ 91.648528990000159, 24.217947004000052 ], [ 91.648507126000084, 24.217955373000109 ], [ 91.648292564000144, 24.218037414000094 ], [ 91.648239023000031, 24.21805799100008 ], [ 91.648169999000174, 24.218296001000056 ], [ 91.64811897900006, 24.218329902000107 ], [ 91.648017999000047, 24.218397000000152 ], [ 91.647742999000059, 24.218483000000163 ], [ 91.647683105000056, 24.218595696000079 ], [ 91.64766693200005, 24.218626022000137 ], [ 91.64775085500014, 24.21871948200004 ], [ 91.647891539000057, 24.218814175000148 ], [ 91.647909000000197, 24.218826000000149 ], [ 91.647949, 24.218853 ], [ 91.647988198000178, 24.218899014000158 ], [ 91.648012915000152, 24.218928193000181 ], [ 91.648086549000197, 24.219015121000041 ], [ 91.648040772000058, 24.219301224000048 ], [ 91.648169677000169, 24.219456218000062 ], [ 91.648195851000196, 24.219487688000186 ], [ 91.648483277000196, 24.219596863000049 ], [ 91.648585145000084, 24.219655901000124 ], [ 91.648620427000139, 24.219676349000054 ], [ 91.648651107000035, 24.219694128000185 ], [ 91.64870854600008, 24.219762838 ], [ 91.648757935000162, 24.219821931000013 ], [ 91.648761321000109, 24.219834571000035 ], [ 91.648772058000191, 24.219874658000037 ], [ 91.648872335000021, 24.22024902600009 ], [ 91.648910538000109, 24.220252211000115 ], [ 91.648954287000095, 24.220255691000034 ], [ 91.649040221000064, 24.220262527000045 ], [ 91.649551391999978, 24.219991684000149 ], [ 91.649597167000138, 24.220067978000031 ], [ 91.649597167000138, 24.220441818000097 ], [ 91.649681091000161, 24.220590592000121 ], [ 91.649856567000143, 24.220397950000176 ], [ 91.649899503000142, 24.220189233000042 ], [ 91.64991571000013, 24.220110448000185 ], [ 91.649925232000044, 24.220064163000188 ], [ 91.650169372000164, 24.219844819000173 ], [ 91.650061176000065, 24.219748067000126 ], [ 91.650045361000082, 24.219733924000138 ], [ 91.649971006999976, 24.219667436000123 ], [ 91.649890789000096, 24.219667 ], [ 91.649802476000161, 24.219666520000033 ], [ 91.649620056000174, 24.219665528000121 ], [ 91.649609928000075, 24.219642318000183 ], [ 91.649582506000115, 24.219579473000067 ], [ 91.64952900100019, 24.219456 ], [ 91.649605448000045, 24.219319694000149 ], [ 91.649635314000193, 24.219266892 ], [ 91.649673467000071, 24.219232317000092 ], [ 91.649696, 24.219212 ], [ 91.6502, 24.219100999000091 ], [ 91.650222160000055, 24.219094956 ], [ 91.650299073000156, 24.219074249000187 ], [ 91.650390731000073, 24.219049250000126 ], [ 91.650474547999977, 24.218885422000085 ], [ 91.650596619000055, 24.218681335000156 ], [ 91.650617612000133, 24.218648720000033 ], [ 91.650656554000136, 24.218588220000186 ], [ 91.650703429000032, 24.21851539700009 ], [ 91.65084801900008, 24.218502078000142 ], [ 91.650894, 24.218693000000144 ], [ 91.650724718000106, 24.218927509000082 ], [ 91.650632990000133, 24.219106948000103 ], [ 91.650589093000178, 24.21919256100017 ], [ 91.651054383000087, 24.219449996000094 ], [ 91.651216194000085, 24.219529822000084 ], [ 91.651363735000132, 24.219602609000162 ], [ 91.65162658700018, 24.219732284000145 ], [ 91.65195465000005, 24.219821931000013 ], [ 91.651975596000057, 24.219918801000063 ], [ 91.651985, 24.219963 ], [ 91.651924, 24.220121000000177 ], [ 91.65192234400007, 24.220152703000053 ], [ 91.651920027000131, 24.220193247 ], [ 91.651916504000098, 24.220254899000167 ], [ 91.651985169, 24.220325470000034 ], [ 91.652175962000115, 24.220327125999972 ], [ 91.652198525000074, 24.220224170000165 ], [ 91.652176000000111, 24.219843 ], [ 91.652278987000159, 24.21975605199998 ], [ 91.652297999000155, 24.219740001000162 ], [ 91.652310643000135, 24.219760750000034 ], [ 91.652442933000088, 24.219978333000029 ], [ 91.652443755000149, 24.219989332000125 ], [ 91.652448479000157, 24.220052501000112 ], [ 91.65245800100007, 24.220182 ], [ 91.652336082000033, 24.220296918000145 ], [ 91.652252197000109, 24.220420837 ], [ 91.652251042000103, 24.220434411000099 ], [ 91.652249767000058, 24.220449397000095 ], [ 91.652244569000175, 24.220510483000169 ], [ 91.652281637000044, 24.220493494000095 ], [ 91.652336001000094, 24.220469001000083 ], [ 91.652534819000039, 24.220393646000161 ], [ 91.652679000000148, 24.220338998999978 ], [ 91.652760788000137, 24.220349668000097 ], [ 91.652786045000198, 24.220353036000176 ], [ 91.652961730000072, 24.22049522500015 ], [ 91.652961730000072, 24.220825195000089 ], [ 91.653042807000134, 24.220967078000172 ], [ 91.653051327000128, 24.220981989000109 ], [ 91.653089961000148, 24.221014133999972 ], [ 91.653222841000115, 24.221118530000126 ], [ 91.653488, 24.221327000000144 ], [ 91.65358300000014, 24.221430038000108 ], [ 91.653617858000189, 24.221467973000131 ], [ 91.653663774999984, 24.221637702000066 ], [ 91.653766706000056, 24.221619688000033 ], [ 91.653792625000165, 24.22161515199997 ], [ 91.653816222999978, 24.221611022000161 ], [ 91.653894304000175, 24.221581979000177 ], [ 91.654129, 24.221495001000108 ], [ 91.654179983000063, 24.221568379000132 ], [ 91.654235840000183, 24.221649169000045 ], [ 91.654273986000135, 24.22206115400013 ], [ 91.654251, 24.222317000000146 ], [ 91.654068001000041, 24.222988069000166 ], [ 91.65407562200005, 24.223157882000066 ], [ 91.654150887000185, 24.223248380000143 ], [ 91.654163180000182, 24.22326316200008 ], [ 91.654235840000183, 24.223350526000047 ], [ 91.654601989000184, 24.223264710000024 ], [ 91.65459442100007, 24.223047257000076 ], [ 91.655074801000069, 24.22313117900012 ], [ 91.655227194000133, 24.223157858000093 ], [ 91.655289551000067, 24.223216089 ], [ 91.65538800000013, 24.223309000000143 ], [ 91.655479000000184, 24.223524000000168 ], [ 91.655692026000054, 24.224007579000158 ], [ 91.655711901000188, 24.224052777000168 ], [ 91.655715942000086, 24.224061967000182 ], [ 91.655761719000054, 24.224351883000054 ], [ 91.655772007000166, 24.224359278000179 ], [ 91.655795408000074, 24.224376098000164 ], [ 91.655883937, 24.224439955000037 ], [ 91.655921873000125, 24.224525310000104 ], [ 91.655982928000128, 24.224662839000189 ], [ 91.655921936000084, 24.224744797000028 ], [ 91.655906678000065, 24.224964142000147 ], [ 91.655916201000196, 24.224986760000093 ], [ 91.65592625000005, 24.225010628000064 ], [ 91.655952453000168, 24.225072862000104 ], [ 91.656074523000143, 24.225160599000162 ], [ 91.656211713000118, 24.225155556000175 ], [ 91.656301499000108, 24.225152255000182 ], [ 91.656333923000147, 24.225151063000055 ], [ 91.656349238000075, 24.225164022000172 ], [ 91.656389000000161, 24.225198000000148 ], [ 91.656630999000186, 24.225402999000153 ], [ 91.656456, 24.225519 ], [ 91.656441409000138, 24.225551508000081 ], [ 91.656414492000124, 24.225611175000154 ], [ 91.656341553000061, 24.225772856999981 ], [ 91.656211852000069, 24.225980759000151 ], [ 91.656187714, 24.226071276000084 ], [ 91.656176404000178, 24.226113693000116 ], [ 91.65616610100011, 24.226152336000041 ], [ 91.656176085000197, 24.226172435000024 ], [ 91.656183427000087, 24.226187120000077 ], [ 91.656204224000135, 24.226228714000172 ], [ 91.656539917000146, 24.226121903000092 ], [ 91.656567101000064, 24.226112842000134 ], [ 91.656685397000103, 24.226073410000083 ], [ 91.656929016000049, 24.225992203000033 ], [ 91.657024344000149, 24.226050458000145 ], [ 91.657055287000105, 24.22606936800014 ], [ 91.657066345000146, 24.226076126000123 ], [ 91.656951904000039, 24.226318360000107 ], [ 91.656837464000148, 24.226568222000026 ], [ 91.656761170000038, 24.226781845000176 ], [ 91.656738307000182, 24.226915209000026 ], [ 91.656997681000178, 24.22696113600017 ], [ 91.657051238000065, 24.226976158000184 ], [ 91.657142169000053, 24.227001663000067 ], [ 91.657310001000042, 24.227049 ], [ 91.657377644000064, 24.227122368000039 ], [ 91.65744, 24.227190001 ], [ 91.657453740000165, 24.227276433000043 ], [ 91.657470704000104, 24.227384568000048 ], [ 91.657432633999974, 24.227452140000139 ], [ 91.657426944000065, 24.227462240000079 ], [ 91.657394410000052, 24.227519989000143 ], [ 91.657460645000072, 24.22756205800016 ], [ 91.657497117999981, 24.227585223000062 ], [ 91.657676696000124, 24.227699280000138 ], [ 91.65770975300012, 24.227784280000094 ], [ 91.657721650000099, 24.227814874000103 ], [ 91.657730103000176, 24.227836609000065 ], [ 91.657867275000172, 24.227949014000046 ], [ 91.657895110000084, 24.227950429000032 ], [ 91.65792575100005, 24.227951920000066 ], [ 91.65802765, 24.227956772000141 ], [ 91.658114210000065, 24.227951886000085 ], [ 91.658142788000134, 24.227950273000033 ], [ 91.658264161000147, 24.227943421000191 ], [ 91.658409013000039, 24.228031095000176 ], [ 91.658427985, 24.228166373000136 ], [ 91.658432006000112, 24.228195191000054 ], [ 91.658440346000077, 24.228223183000068 ], [ 91.658485250000069, 24.228373932000181 ], [ 91.65857332700017, 24.228350409000086 ], [ 91.65864585300011, 24.228331038000192 ], [ 91.658851445000039, 24.228268889000105 ], [ 91.659119001000192, 24.228188000999978 ], [ 91.659216350000122, 24.228275203000123 ], [ 91.659271448000084, 24.228324629000099 ], [ 91.65937805100009, 24.228420259000188 ], [ 91.659599019000098, 24.228405018000103 ], [ 91.659611065000036, 24.228416366000147 ], [ 91.65966794000019, 24.22846994300005 ], [ 91.659625433000144, 24.228603255000053 ], [ 91.659622013000046, 24.228613979000045 ], [ 91.659584045000088, 24.228733063000163 ], [ 91.659586155000113, 24.228745723000145 ], [ 91.659594768000034, 24.228797401000122 ], [ 91.659614564000037, 24.228916169 ], [ 91.660140991000162, 24.228775025000061 ], [ 91.660423279000099, 24.228851319000171 ], [ 91.660552978000055, 24.228832246000081 ], [ 91.660585818000129, 24.228811073000031 ], [ 91.660622072000081, 24.228787698000133 ], [ 91.660698000000195, 24.228739000000189 ], [ 91.660749541000087, 24.228747817000112 ], [ 91.660762422000175, 24.228750070000046 ], [ 91.660774132000086, 24.228752119000148 ], [ 91.660874799000169, 24.228842908000104 ], [ 91.660987858000169, 24.228944873000103 ], [ 91.660989472000153, 24.228976352000132 ], [ 91.660994988000027, 24.229093741000156 ], [ 91.660789422999983, 24.229171840000106 ], [ 91.660758315000123, 24.22921183700015 ], [ 91.660732057000075, 24.229245598000034 ], [ 91.660682679000047, 24.229309083000032 ], [ 91.66084595500007, 24.229424119000157 ], [ 91.660906676000195, 24.229466900000034 ], [ 91.661102294000045, 24.22960472200009 ], [ 91.661333542000193, 24.229478979000078 ], [ 91.661398054000188, 24.229443902000071 ], [ 91.661407062000023, 24.229439004000028 ], [ 91.661686, 24.229458 ], [ 91.661767383000097, 24.229463453 ], [ 91.661880123000174, 24.229471182000054 ], [ 91.661964000000125, 24.229595005000078 ], [ 91.661959450000097, 24.229695743000036 ], [ 91.66195768700004, 24.229731449000155 ], [ 91.661956787000122, 24.229749679000065 ], [ 91.662033080000128, 24.229961396000078 ], [ 91.662246705000143, 24.230113983000024 ], [ 91.66271209700011, 24.230228424000131 ], [ 91.662714160000178, 24.23007120800014 ], [ 91.662720000000149, 24.22964700000017 ], [ 91.663001371000064, 24.229599109000048 ], [ 91.663013830000125, 24.229592364000098 ], [ 91.663029746000177, 24.229583747 ], [ 91.663192749000075, 24.229494094000131 ], [ 91.66321062600008, 24.22944748700013 ], [ 91.663229165000075, 24.229399154000134 ], [ 91.663246154000149, 24.229354858000193 ], [ 91.663260199000149, 24.229318575000093 ], [ 91.663291630000174, 24.229237948000105 ], [ 91.663428000000124, 24.229303000000129 ], [ 91.663492757000199, 24.229334063000124 ], [ 91.663551331000065, 24.229362488000106 ], [ 91.663574101, 24.229372451000131 ], [ 91.663593116000072, 24.229380770000034 ], [ 91.663642883000193, 24.229402542000059 ], [ 91.663749695000149, 24.229263306000064 ], [ 91.663856678000059, 24.229124132000095 ], [ 91.663955688000044, 24.229160309000179 ], [ 91.664114895000182, 24.229216032000068 ], [ 91.664146000000187, 24.229227 ], [ 91.664206420000198, 24.22939436200005 ], [ 91.664227020000112, 24.229451804 ], [ 91.664245606000065, 24.229503632000046 ], [ 91.66405496800013, 24.229854839000041 ], [ 91.66425092500009, 24.230262682000159 ], [ 91.664131001000101, 24.230541001000176 ], [ 91.66384852200008, 24.231080937000058 ], [ 91.663842467, 24.231161825000186 ], [ 91.663818359000174, 24.23148727500012 ], [ 91.663830051000048, 24.231498686000123 ], [ 91.663883559000055, 24.231550907000042 ], [ 91.664214846, 24.231874230000074 ], [ 91.664108, 24.232035 ], [ 91.664114349000158, 24.232123501 ], [ 91.664118575000145, 24.232185303000165 ], [ 91.664123534999987, 24.232257844 ], [ 91.66444397000015, 24.232597352000028 ], [ 91.6646881100001, 24.23272323599997 ], [ 91.664817810000159, 24.232868195000151 ], [ 91.664862229, 24.232882608000011 ], [ 91.664927129000034, 24.23290366599997 ], [ 91.665175125000133, 24.232984715000043 ], [ 91.665175999000041, 24.233143 ], [ 91.665073006000114, 24.23320499600004 ], [ 91.664970001000029, 24.233267 ], [ 91.66489409400009, 24.233482172000095 ], [ 91.665084838000041, 24.233652114000108 ], [ 91.66524327000019, 24.233654444000138 ], [ 91.665329576000033, 24.233655714000065 ], [ 91.6653440770001, 24.233655928000076 ], [ 91.665565491000109, 24.233448028999987 ], [ 91.665668769000149, 24.233272458000158 ], [ 91.665685000000167, 24.233245000000181 ], [ 91.665717999000151, 24.233189001000085 ], [ 91.66585000300006, 24.233170882000081 ], [ 91.665870999000163, 24.233168 ], [ 91.66590899300013, 24.233156166000128 ], [ 91.665992999000139, 24.233130001000177 ], [ 91.666119384000012, 24.233159250000028 ], [ 91.666222000000175, 24.233182999000121 ], [ 91.66638199900018, 24.23306299900014 ], [ 91.666360775000044, 24.23301755000017 ], [ 91.666354363000039, 24.233003791000044 ], [ 91.666290282000148, 24.232866287000036 ], [ 91.666294034000089, 24.232842374000086 ], [ 91.666296690000138, 24.232825443000024 ], [ 91.666305994000197, 24.232769039000118 ], [ 91.666308275000119, 24.232756261000134 ], [ 91.666321, 24.232685 ], [ 91.666504, 24.232468 ], [ 91.666594147000126, 24.232345826000028 ], [ 91.666656494000051, 24.232261659000073 ], [ 91.666740418000074, 24.231983186000036 ], [ 91.666854858000136, 24.231817246000162 ], [ 91.667083739000134, 24.231754303 ], [ 91.667373658000088, 24.231813430000045 ], [ 91.667417923000073, 24.231801904000122 ], [ 91.667469363000066, 24.231788509000182 ], [ 91.667556764000096, 24.231765748000157 ], [ 91.66764042200009, 24.231695452000054 ], [ 91.667718999000158, 24.231629425000165 ], [ 91.66783142200012, 24.231534957000179 ], [ 91.66793823200004, 24.231412887000033 ], [ 91.667961099000081, 24.23132060800009 ], [ 91.667991639000149, 24.231197357000099 ], [ 91.667941643000063, 24.231087992000027 ], [ 91.667907458000172, 24.231013213000153 ], [ 91.667900036000106, 24.230997061000096 ], [ 91.667641000000174, 24.231050001000028 ], [ 91.667427, 24.231031000000144 ], [ 91.667379449000123, 24.230999908000058 ], [ 91.667297364000149, 24.230945587000065 ], [ 91.66719232600019, 24.230726321000077 ], [ 91.667145001000051, 24.230627001000187 ], [ 91.667257923000193, 24.230519454000103 ], [ 91.667312999000103, 24.230467 ], [ 91.667374941999981, 24.230359511000074 ], [ 91.667380295000157, 24.230350293000186 ], [ 91.667526, 24.230400000000145 ], [ 91.667721012000015, 24.229889173000061 ], [ 91.668203810000193, 24.228623593000179 ], [ 91.668746947000102, 24.227199554000038 ], [ 91.668746126000144, 24.22714186900015 ], [ 91.668737484000133, 24.226534788000095 ], [ 91.668724063000184, 24.225591659000088 ], [ 91.668670654000096, 24.221569060999968 ], [ 91.669090271000073, 24.218751908000058 ], [ 91.667633057000103, 24.215797425000119 ], [ 91.667465209999989, 24.215692520000061 ], [ 91.667129516000102, 24.215595245000088 ], [ 91.667228698000145, 24.215234756000029 ], [ 91.667182922000109, 24.214982987000042 ], [ 91.666847228000051, 24.214906693000103 ], [ 91.666839600000117, 24.214778900000113 ], [ 91.666999818000022, 24.214574815000049 ], [ 91.666839600000117, 24.21451568700013 ], [ 91.666709899000125, 24.214378358000033 ], [ 91.66692352400014, 24.214273453000146 ], [ 91.667053223000096, 24.214191437000125 ], [ 91.667289734000065, 24.214122772 ], [ 91.667350769000052, 24.21399307300004 ], [ 91.66710662800017, 24.213716507000072 ], [ 91.667198182000106, 24.213142395000148 ], [ 91.666862489000152, 24.213211059000173 ], [ 91.666793823000148, 24.213031770000157 ], [ 91.666793823000148, 24.212690354000131 ], [ 91.666603088999977, 24.212324142000057 ], [ 91.666595459000064, 24.212022781000087 ], [ 91.666732788000161, 24.212024688000156 ], [ 91.667182922000109, 24.212497710000036 ], [ 91.667358399000136, 24.212356568000075 ], [ 91.667144775000054, 24.212181091000048 ], [ 91.667099, 24.211740495000186 ], [ 91.667213440000126, 24.21137237500011 ], [ 91.667091370000151, 24.211038589000168 ], [ 91.666969299000073, 24.210886002000052 ], [ 91.666908264000085, 24.210660934000089 ], [ 91.667556764000096, 24.210561752000046 ], [ 91.667778014000135, 24.21046066200006 ], [ 91.667915343000061, 24.210395814000037 ], [ 91.668029785999977, 24.210208893000072 ], [ 91.668067933000032, 24.209993363000024 ], [ 91.66809844900007, 24.209775925000145 ], [ 91.668113708000192, 24.209692001000121 ], [ 91.66835021900016, 24.209909439000171 ], [ 91.668464661000201, 24.209897996000052 ], [ 91.668411254000148, 24.209693909000123 ], [ 91.668853760000161, 24.209297180000078 ], [ 91.669067382000037, 24.209390640000152 ], [ 91.669059754000159, 24.209115982000185 ], [ 91.669013977000191, 24.208951951000188 ], [ 91.669166564000079, 24.208915710000099 ], [ 91.669235230000083, 24.208953857000154 ], [ 91.669601440000179, 24.209150314000169 ], [ 91.6696167, 24.209011079000106 ], [ 91.66950988800005, 24.20884323100006 ], [ 91.669418336000149, 24.208787919000144 ], [ 91.669334412000126, 24.208732606000069 ], [ 91.669235230000083, 24.208652497000116 ], [ 91.669319154000107, 24.208438873000034 ], [ 91.669456483000033, 24.208372117000181 ], [ 91.669570923000038, 24.20836830200011 ], [ 91.669830323000042, 24.208480835000103 ], [ 91.669944763000103, 24.208372117000181 ], [ 91.670730590000176, 24.207611084000177 ], [ 91.673637391000057, 24.20421981800007 ], [ 91.67379760700004, 24.202756881000084 ], [ 91.674041748000036, 24.202520370000173 ], [ 91.67409515300011, 24.202329636000172 ], [ 91.674057006000055, 24.202136994000057 ], [ 91.673904419000166, 24.201749802000165 ], [ 91.674209594999979, 24.201751709000064 ], [ 91.674415588000102, 24.202003479000098 ], [ 91.674591064000197, 24.202236176999975 ], [ 91.674705506000066, 24.202198028000112 ], [ 91.674568177000197, 24.201742173000127 ], [ 91.674575805000075, 24.201459885000077 ], [ 91.67446136500007, 24.201433182000073 ], [ 91.674087525, 24.201484681000181 ], [ 91.673950196000135, 24.201339722000171 ], [ 91.673858642000198, 24.201246263000144 ], [ 91.673965454000154, 24.201156616000105 ], [ 91.674583435000045, 24.201065063999977 ], [ 91.67475891100014, 24.201049804000149 ], [ 91.675003053000125, 24.201274872000113 ], [ 91.675277710000159, 24.201454163000108 ], [ 91.676040649000129, 24.201299668000047 ], [ 91.676322937000066, 24.201168060000157 ], [ 91.676490783000077, 24.20103073100006 ], [ 91.676620483000193, 24.200757980000162 ], [ 91.67665863000002, 24.200431825000067 ], [ 91.676361084000121, 24.200201034000088 ], [ 91.675964355000076, 24.200229645000036 ], [ 91.675712586000088, 24.20012664800015 ], [ 91.675621032000151, 24.199989319000053 ], [ 91.675636291999979, 24.199802398000145 ], [ 91.675506591000044, 24.19962310700015 ], [ 91.675491333000195, 24.199478150000118 ], [ 91.675682067000139, 24.199321748000159 ], [ 91.675781249000181, 24.1994457240001 ], [ 91.67597198500016, 24.199726104000035 ], [ 91.676193238000053, 24.199831009000093 ], [ 91.676353454000036, 24.199653626000099 ], [ 91.676345826000102, 24.19929504400011 ], [ 91.676269532000163, 24.199125290999973 ], [ 91.676986693000117, 24.198650361000148 ], [ 91.677093506000119, 24.197486877000131 ], [ 91.677169799000126, 24.196638107000069 ], [ 91.677291870000033, 24.196884156000124 ], [ 91.677360535000105, 24.196939469000142 ], [ 91.677612305000139, 24.196905137000158 ], [ 91.677886963000162, 24.196866990000103 ], [ 91.677780151000036, 24.196405411000171 ], [ 91.677764892000084, 24.196325302000048 ], [ 91.677627562999987, 24.196058273000062 ], [ 91.67723846500013, 24.195859908000102 ], [ 91.677131653000174, 24.195802688000128 ], [ 91.676940918000128, 24.195615769000028 ], [ 91.676948547000109, 24.19540977500003 ], [ 91.677116394000052, 24.195222856000157 ], [ 91.677230835000046, 24.195100785000079 ], [ 91.677223207000111, 24.194437027000049 ], [ 91.677482603999977, 24.194471360000136 ], [ 91.67745971800008, 24.19466590900015 ], [ 91.677558900000122, 24.194837570000061 ], [ 91.677612305000139, 24.194950103000053 ], [ 91.678001403000053, 24.1946792600001 ], [ 91.678314208000074, 24.194602967000094 ], [ 91.678466797000169, 24.19452476500004 ], [ 91.678314208000074, 24.194257736000054 ], [ 91.678352357000108, 24.194124222000028 ], [ 91.678977966000105, 24.193996431000187 ], [ 91.67913818400001, 24.193929673000184 ], [ 91.679351807000046, 24.193841934000091 ], [ 91.679534912000179, 24.193622588000039 ], [ 91.679603576000147, 24.193275452000137 ], [ 91.679557801000044, 24.192440033000025 ], [ 91.679527282000095, 24.192235946000096 ], [ 91.679550171000074, 24.192037582000182 ], [ 91.679481507000105, 24.191749573000095 ], [ 91.679595948000042, 24.191625595000119 ], [ 91.680046082, 24.191610336 ], [ 91.680198669000106, 24.19153976500013 ], [ 91.680091859000129, 24.191270827999972 ], [ 91.68006134, 24.19109726 ], [ 91.680023193000181, 24.19079971300016 ], [ 91.679832459000181, 24.190267563000191 ], [ 91.680000305000021, 24.189817430000176 ], [ 91.680412293000188, 24.189414978000116 ], [ 91.680526734000182, 24.189193726000099 ], [ 91.680511476000163, 24.188936234000096 ], [ 91.680366516000049, 24.188808440000173 ], [ 91.680107116999977, 24.188682557000163 ], [ 91.67990875300012, 24.188842774000022 ], [ 91.680107116999977, 24.187040330000059 ], [ 91.682319641000106, 24.182149888000083 ], [ 91.682571410000037, 24.177141191000032 ], [ 91.68422699000007, 24.171461105000049 ], [ 91.68493652300009, 24.169370652 ], [ 91.688369751000096, 24.165279388000101 ], [ 91.690437316000043, 24.162740708000172 ], [ 91.69159698500016, 24.160722732000181 ], [ 91.691825866000158, 24.160833359000037 ], [ 91.69195556700015, 24.160608291000017 ], [ 91.69228363000019, 24.160411835000104 ], [ 91.692337035000094, 24.160314560000188 ], [ 91.692405701000098, 24.160118103000173 ], [ 91.692222595000032, 24.160026551000044 ], [ 91.69195556700015, 24.160053253000115 ], [ 91.692031861000089, 24.159923554000159 ], [ 91.692108154000096, 24.159801483000081 ], [ 91.692306519000056, 24.15978241 ], [ 91.692588807000163, 24.159914016000073 ], [ 91.692779541000107, 24.159912109000174 ], [ 91.692825318000075, 24.160070419000135 ], [ 91.693038940000179, 24.1600666060001 ], [ 91.693206788, 24.16001510600006 ], [ 91.693252563000158, 24.160337448000121 ], [ 91.693374634000065, 24.160341264000067 ], [ 91.693458557000156, 24.16022300800006 ], [ 91.693603517000099, 24.160039902000165 ], [ 91.693664550000051, 24.159957886000143 ], [ 91.693855286000201, 24.159919739000088 ], [ 91.694107055000188, 24.15986061100017 ], [ 91.694351197000117, 24.159822464000115 ], [ 91.69456481900005, 24.159769059000041 ], [ 91.694900513000107, 24.159669877 ], [ 91.695075988000156, 24.159711839000124 ], [ 91.695022583000082, 24.159818649000101 ], [ 91.694885254000155, 24.159994125000026 ], [ 91.695022583000082, 24.160217285000044 ], [ 91.6952819830002, 24.160139084000036 ], [ 91.695274353000116, 24.160442353000178 ], [ 91.695381165000072, 24.160499573000095 ], [ 91.695640565000019, 24.160457612000073 ], [ 91.695777894000116, 24.1605510710001 ], [ 91.69583129900019, 24.160720826000045 ], [ 91.695747375000167, 24.160850525000171 ], [ 91.695693970000093, 24.160968781 ], [ 91.695579529000156, 24.161106110000105 ], [ 91.695449829000097, 24.161239623000029 ], [ 91.695510864000084, 24.161392213000056 ], [ 91.695632934000059, 24.161319732000038 ], [ 91.695770263000099, 24.161243439000032 ], [ 91.695800782000049, 24.161346436000088 ], [ 91.695793152000135, 24.161645889999988 ], [ 91.695991516000049, 24.161640167000144 ], [ 91.696418761000132, 24.161546708000174 ], [ 91.696578979000037, 24.161521912000069 ], [ 91.69666290300006, 24.161619186000109 ], [ 91.69666290300006, 24.161867143000109 ], [ 91.696929932000046, 24.162046433 ], [ 91.697021484000174, 24.1621685020001 ], [ 91.696907044000113, 24.162248611000052 ], [ 91.696563721000018, 24.16230011000016 ], [ 91.696586609000178, 24.162490845000036 ], [ 91.696739196000067, 24.1626720430001 ], [ 91.696876525000164, 24.162641526000129 ], [ 91.6968994140002, 24.162473679000186 ], [ 91.696968079000101, 24.162374497000144 ], [ 91.697128297000063, 24.162328720000176 ], [ 91.697357178000061, 24.162515641000141 ], [ 91.697494507000158, 24.162652970000181 ], [ 91.697570800000165, 24.162763595 ], [ 91.697486877000017, 24.162824629999989 ], [ 91.697235107000154, 24.162935258000118 ], [ 91.697128297000063, 24.16304779100011 ], [ 91.697067261000143, 24.163419723000118 ], [ 91.697250365000173, 24.163625718000048 ], [ 91.697364808000145, 24.163799286000028 ], [ 91.697624207000047, 24.163888932000134 ], [ 91.697692871000015, 24.163709641000139 ], [ 91.697616577000133, 24.163484574000108 ], [ 91.697647094000047, 24.163387299000135 ], [ 91.697975159000123, 24.16351890500016 ], [ 91.69821929800014, 24.16352272000006 ], [ 91.698547363000046, 24.16337585600013 ], [ 91.698707581000122, 24.163322449000077 ], [ 91.698875427000189, 24.16339302200015 ], [ 91.699043274000132, 24.163412095000012 ], [ 91.699234008000076, 24.163431168000102 ], [ 91.699440003000177, 24.163595199000099 ], [ 91.699317932000099, 24.163761139000144 ], [ 91.699279785000044, 24.164003373000128 ], [ 91.699432373000093, 24.164062500000114 ], [ 91.699569702000133, 24.163955688000158 ], [ 91.699668884000175, 24.163858414000117 ], [ 91.69979095400015, 24.163654327000188 ], [ 91.699913025000058, 24.163524628 ], [ 91.700004577000186, 24.163516998000091 ], [ 91.700187683000024, 24.163509369999986 ], [ 91.700660705000075, 24.16402626100006 ], [ 91.700759887000117, 24.164031982000097 ], [ 91.700836181000057, 24.163845063000167 ], [ 91.700904846000128, 24.163673402000086 ], [ 91.701026917000036, 24.163492204000192 ], [ 91.70106506400009, 24.163427353000031 ], [ 91.701148988000114, 24.163270951000072 ], [ 91.70122528100012, 24.163272858000141 ], [ 91.701301575000173, 24.163272858000141 ], [ 91.701522828000122, 24.163236619000088 ], [ 91.70160675000011, 24.163486481000177 ], [ 91.701858521000077, 24.163602829000183 ], [ 91.701988220000089, 24.163818359000061 ], [ 91.7021331790001, 24.16402244600016 ], [ 91.702278138000054, 24.164056777999974 ], [ 91.702308655000195, 24.16388511700012 ], [ 91.702224731000172, 24.163568497000028 ], [ 91.702331543000128, 24.163484574000108 ], [ 91.70249176100009, 24.163465500000086 ], [ 91.702735900000107, 24.163627625000117 ], [ 91.70304107700008, 24.163761139000144 ], [ 91.703285218000076, 24.163679123000122 ], [ 91.703422547000173, 24.163574220000044 ], [ 91.703567503999977, 24.163305283000057 ], [ 91.703414917000089, 24.163314820000096 ], [ 91.703247071000021, 24.163484574000108 ], [ 91.703063965000183, 24.163429261000033 ], [ 91.703048707000164, 24.163284302000022 ], [ 91.703033446000063, 24.163125992000062 ], [ 91.703224183000088, 24.163002014000142 ], [ 91.703239441000107, 24.162904739000169 ], [ 91.703285218000076, 24.162750244000051 ], [ 91.70336914000012, 24.162700654000048 ], [ 91.703559876000099, 24.162839891000147 ], [ 91.703681946000074, 24.162776948000158 ], [ 91.703796387000182, 24.162630080999975 ], [ 91.703781129000163, 24.162546157000179 ], [ 91.703712462999988, 24.162483216000169 ], [ 91.703491210000095, 24.162569045999987 ], [ 91.70348358200016, 24.162406921000184 ], [ 91.703491210000095, 24.162240983000117 ], [ 91.703651428, 24.16221237200017 ], [ 91.703933716000108, 24.16230964600004 ], [ 91.70400237900003, 24.162267684000142 ], [ 91.704078675000119, 24.162218094000082 ], [ 91.704055787000186, 24.162111282000126 ], [ 91.704010010000047, 24.161991119000049 ], [ 91.703941346000192, 24.161895752000078 ], [ 91.703857422000169, 24.16180420000012 ], [ 91.703689575000055, 24.161626816000023 ], [ 91.70388793900014, 24.161417007000182 ], [ 91.704048156000169, 24.16141319400009 ], [ 91.70403289800015, 24.161504746000048 ], [ 91.704216003999989, 24.161617279000041 ], [ 91.704277038999976, 24.161672593000162 ], [ 91.704505920000031, 24.161745072000031 ], [ 91.704635621000193, 24.161727906000067 ], [ 91.70455169700017, 24.16157341100012 ], [ 91.704360961000191, 24.161430360000111 ], [ 91.704345703000172, 24.161336898 ], [ 91.704429627000195, 24.161163330000022 ], [ 91.704689026000096, 24.16124153100003 ], [ 91.704841614000088, 24.161216737000132 ], [ 91.704727173000094, 24.161014557999977 ], [ 91.704689026000096, 24.160888672000056 ], [ 91.704559325000105, 24.160707473000059 ], [ 91.70487976000004, 24.160367965000034 ], [ 91.704986573000099, 24.160253524999973 ], [ 91.705680848000043, 24.159521103000145 ], [ 91.705757141000049, 24.158351898000149 ], [ 91.70576477100019, 24.158275604000039 ], [ 91.706153870000151, 24.158018112000036 ], [ 91.706336976000159, 24.157882691000111 ], [ 91.706314087000123, 24.157775879000155 ], [ 91.706115723000096, 24.157649995000043 ], [ 91.70600891100014, 24.157552720000069 ], [ 91.706314087000123, 24.156986237000183 ], [ 91.706306457000039, 24.15673256000008 ], [ 91.706275941000172, 24.156433106000179 ], [ 91.706268309999984, 24.156316758000116 ], [ 91.706336976000159, 24.156145097000035 ], [ 91.706344604000094, 24.156066896000084 ], [ 91.706367492000197, 24.155937195000092 ], [ 91.706314087000123, 24.155487061000144 ], [ 91.706138612000132, 24.155000686000164 ], [ 91.706100465000077, 24.154806137000094 ], [ 91.70593261700003, 24.154556275000061 ], [ 91.70600891100014, 24.15441322300012 ], [ 91.706161498000029, 24.15441322300012 ], [ 91.706443786000136, 24.154493332000072 ], [ 91.706909180000082, 24.1546287540001 ], [ 91.707603455000083, 24.154861450000169 ], [ 91.707725526000161, 24.154895783000086 ], [ 91.707969665000178, 24.154884338000102 ], [ 91.708183288000157, 24.154800414000078 ], [ 91.708686828999987, 24.15445709300019 ], [ 91.709152221000124, 24.154115677 ], [ 91.709411620000196, 24.15424347000004 ], [ 91.709831237000174, 24.154317856000148 ], [ 91.710174560999974, 24.154245378000155 ], [ 91.71083068900009, 24.154178620000152 ], [ 91.711189271000137, 24.154090881000116 ], [ 91.711563111000146, 24.153919220000034 ], [ 91.711883546000081, 24.153768540000158 ], [ 91.7120895380001, 24.153627396000047 ], [ 91.7120895380001, 24.153490067000121 ], [ 91.712142945000153, 24.153354644 ], [ 91.712181092000037, 24.153236387999982 ], [ 91.712303161000079, 24.153226853000035 ], [ 91.712547302000132, 24.153232575000118 ], [ 91.712814332, 24.153232575000118 ], [ 91.713142395000091, 24.153152467000098 ], [ 91.71331024300008, 24.15301704500007 ], [ 91.713485718000129, 24.153068543000074 ], [ 91.713745118000134, 24.153436660000068 ], [ 91.714027404000035, 24.153800965000073 ], [ 91.714172363000046, 24.153850555000076 ], [ 91.714347839000141, 24.153905869000084 ], [ 91.714614869000059, 24.153821946000107 ], [ 91.714797973000088, 24.153585435000025 ], [ 91.714904785000044, 24.153432846999976 ], [ 91.715019226000038, 24.153272630000174 ], [ 91.715301514000089, 24.153100967000057 ], [ 91.715515136000192, 24.153095246000021 ], [ 91.715644837000184, 24.153249741000138 ], [ 91.715705872000171, 24.153324127000076 ], [ 91.716308593, 24.15321541000003 ], [ 91.716583251000031, 24.153108596999971 ], [ 91.716499329000158, 24.153011323000101 ], [ 91.716407776000153, 24.152971268000101 ], [ 91.716194153000174, 24.152873994000061 ], [ 91.716033935000041, 24.152690888000166 ], [ 91.716094971000132, 24.152589798000122 ], [ 91.716377259000183, 24.152305602000069 ], [ 91.716529846000128, 24.152170181000145 ], [ 91.716720580000072, 24.152128219000076 ], [ 91.716926575000173, 24.152208328000029 ], [ 91.717140197000106, 24.152278901000102 ], [ 91.717262268000127, 24.152334213000074 ], [ 91.717414855000072, 24.152402879000022 ], [ 91.717361450000169, 24.152576447 ], [ 91.717376708000188, 24.152732850000064 ], [ 91.717514037000115, 24.152751923000153 ], [ 91.717819214000031, 24.152547836000053 ], [ 91.71789550800014, 24.152399064000178 ], [ 91.717941285000109, 24.152305602000069 ], [ 91.718093872000054, 24.152397156000177 ], [ 91.718299866000052, 24.152515412000014 ], [ 91.718513489000031, 24.152404785000044 ], [ 91.718696595000097, 24.152244569000118 ], [ 91.718971253000063, 24.152111053000056 ], [ 91.719047547000173, 24.152091979999966 ], [ 91.719200134000062, 24.152055740000037 ], [ 91.71932220500014, 24.152204515000165 ], [ 91.719238281000116, 24.152372360000072 ], [ 91.719184876000043, 24.152469635000045 ], [ 91.719329835000053, 24.152618409000127 ], [ 91.719459533000133, 24.152610779000042 ], [ 91.719642639000199, 24.152379990000043 ], [ 91.719818115000123, 24.152257920000068 ], [ 91.720138550000115, 24.152296067000066 ], [ 91.720352173000094, 24.152189254000064 ], [ 91.720993043000192, 24.152683258000081 ], [ 91.721099853000169, 24.152873994000061 ], [ 91.721221924000019, 24.152788162000036 ], [ 91.721267700999988, 24.152624130000163 ], [ 91.721481323000091, 24.152618409000127 ], [ 91.721694946000071, 24.152618409000127 ], [ 91.721794128000113, 24.152486801000066 ], [ 91.721740723000039, 24.152383804000181 ], [ 91.721580505000134, 24.152273178000087 ], [ 91.721633910000037, 24.152206420000027 ], [ 91.721977234000178, 24.152120591000141 ], [ 91.722167968000178, 24.151851653999984 ], [ 91.722091674000069, 24.15158653300017 ], [ 91.722259522000115, 24.151485444000059 ], [ 91.722320557000103, 24.151369096000053 ], [ 91.722099305000086, 24.15122413600011 ], [ 91.722351074000187, 24.150775910000164 ], [ 91.722549438000101, 24.150745392000147 ], [ 91.722801208000135, 24.150798799000029 ], [ 91.722930909000127, 24.150774003000095 ], [ 91.722908020000091, 24.150690079000071 ], [ 91.722862243000122, 24.150516511000092 ], [ 91.7229843140002, 24.150091171000099 ], [ 91.722938537000061, 24.149919510000188 ], [ 91.722969055000078, 24.149719238000159 ], [ 91.723320007000154, 24.149208069000053 ], [ 91.723373414000037, 24.149072648000129 ], [ 91.723236083000131, 24.148881912000149 ], [ 91.723175050000179, 24.148731232000102 ], [ 91.723258972000167, 24.14847755500017 ], [ 91.723564148000037, 24.148077011000055 ], [ 91.723907472000178, 24.147748945999979 ], [ 91.724281312000016, 24.147617340000124 ], [ 91.724617005000198, 24.147430421000024 ], [ 91.7246017450002, 24.147331239000152 ], [ 91.724548339000194, 24.147104263000017 ], [ 91.724655152000082, 24.146959304000063 ], [ 91.724746703999983, 24.146907807000105 ], [ 91.724967957000104, 24.146835328000066 ], [ 91.725364685000045, 24.146776200000147 ], [ 91.72554779100011, 24.146697999000025 ], [ 91.725654601000087, 24.146650315000159 ], [ 91.725936889000138, 24.146736146000023 ], [ 91.726127624000014, 24.146747589000029 ], [ 91.726364137000132, 24.146831513000052 ], [ 91.726608276000036, 24.146749496999973 ], [ 91.726783752000131, 24.146568298000034 ], [ 91.726760863000095, 24.146181107000018 ], [ 91.726806640000063, 24.146045684000114 ], [ 91.726936341000055, 24.145967483000106 ], [ 91.727203369000165, 24.145917893000103 ], [ 91.727378845000089, 24.145847322000066 ], [ 91.727592467000193, 24.145471572000019 ], [ 91.727775573000031, 24.145177841000191 ], [ 91.728103638000107, 24.145050050000179 ], [ 91.728332519000105, 24.144960403000141 ], [ 91.728446960000099, 24.144851685000162 ], [ 91.728477478000116, 24.144777299000054 ], [ 91.728385924000179, 24.144601821000094 ], [ 91.728187560000151, 24.144401551000044 ], [ 91.727745057, 24.144340516000057 ], [ 91.727500915000064, 24.144346237000093 ], [ 91.727378845000089, 24.144348144000162 ], [ 91.727210999000079, 24.144302369 ], [ 91.727340698000035, 24.144163133000063 ], [ 91.727432252000142, 24.144065856000111 ], [ 91.727630616000056, 24.14390564100006 ], [ 91.727745057, 24.143833160000042 ], [ 91.727920532000041, 24.143722535 ], [ 91.728332519000105, 24.143407823000075 ], [ 91.728836060000162, 24.143674850000082 ], [ 91.729049683000142, 24.143737793000014 ], [ 91.72927856400014, 24.143791198000088 ], [ 91.729499817000089, 24.143842698000071 ], [ 91.729827882000109, 24.143978119 ], [ 91.730400086000031, 24.143817902000023 ], [ 91.730674744000055, 24.143737793000014 ], [ 91.730987549000076, 24.14376068200005 ], [ 91.731224059999988, 24.143917084 ], [ 91.731338500000049, 24.144378663000111 ], [ 91.731460571000127, 24.144594192999989 ], [ 91.731422424000073, 24.144933702000117 ], [ 91.731651307000106, 24.145479202000161 ], [ 91.732124329000158, 24.145812988000046 ], [ 91.732368469000107, 24.145898819000138 ], [ 91.732536316000051, 24.145610809000118 ], [ 91.732681275000061, 24.145339966000165 ], [ 91.73289489800004, 24.14497375600007 ], [ 91.73310089000006, 24.144680023000035 ], [ 91.733451844000115, 24.144390106000117 ], [ 91.733787537000126, 24.144153595000148 ], [ 91.73403930700016, 24.143863679000162 ], [ 91.73418426600017, 24.143831253000144 ], [ 91.734336853000059, 24.143949508000048 ], [ 91.734451294000053, 24.144227981000085 ], [ 91.734580994000112, 24.144515992000038 ], [ 91.734664916000156, 24.144739150000191 ], [ 91.734779359000129, 24.144886016999976 ], [ 91.734840394000116, 24.144962311000086 ], [ 91.735069275000114, 24.14514732400005 ], [ 91.735305786000026, 24.14525413399997 ], [ 91.735549927000079, 24.145338058 ], [ 91.736122132000105, 24.14572715900016 ], [ 91.736335753999981, 24.145856857000012 ], [ 91.73663330100004, 24.146038056000179 ], [ 91.737167358000079, 24.145299911000166 ], [ 91.737495423000098, 24.145130158000029 ], [ 91.738021851000155, 24.144725800000174 ], [ 91.738044739000088, 24.144653321000135 ], [ 91.737930299000027, 24.144340516000057 ], [ 91.737922669000113, 24.144247055000051 ], [ 91.738227845000154, 24.143964769000149 ], [ 91.738166810000166, 24.143608094000058 ], [ 91.738014221000071, 24.143398284999989 ], [ 91.737953185000151, 24.14324760500017 ], [ 91.738441468000133, 24.143421173000149 ], [ 91.738578797000059, 24.143259048000118 ], [ 91.738662721000082, 24.143295288000104 ], [ 91.738731384000175, 24.14321136600006 ], [ 91.738677979000101, 24.143144608000057 ], [ 91.738899131000096, 24.142887236000092 ], [ 91.739814756999976, 24.141811371000131 ], [ 91.739893686000073, 24.142004138 ], [ 91.739913887000057, 24.142053722000071 ], [ 91.739904596000088, 24.142074628000159 ], [ 91.739883422999981, 24.142122270000016 ], [ 91.739799499000185, 24.142305374000102 ], [ 91.73992920000012, 24.142518998000185 ], [ 91.740173339000194, 24.142608643000017 ], [ 91.740351778000104, 24.142633425000156 ], [ 91.740516663000164, 24.142656327000054 ], [ 91.740722657000163, 24.14286995000009 ], [ 91.740759091000143, 24.14289077 ], [ 91.74082946700014, 24.142930985000078 ], [ 91.741218568000079, 24.142932893000022 ], [ 91.741523742000084, 24.142808915000103 ], [ 91.741760163000038, 24.142646852000098 ], [ 91.741874792000033, 24.14250928000007 ], [ 91.741814001000023, 24.142086001000166 ], [ 91.741791, 24.141721999000026 ], [ 91.741857542000162, 24.14158818500016 ], [ 91.741882196000063, 24.141538874000105 ], [ 91.742020001000014, 24.141450999000028 ], [ 91.742065338000145, 24.1414556900001 ], [ 91.742309568999985, 24.141481400000146 ], [ 91.742483841000023, 24.141532436000091 ], [ 91.742576599000074, 24.141559601000097 ], [ 91.742752075000055, 24.141614914000172 ], [ 91.742822558000114, 24.141613152 ], [ 91.742980958000032, 24.1416091910001 ], [ 91.743057252000142, 24.141527177000114 ], [ 91.743103027000132, 24.141464234000125 ], [ 91.74316006000015, 24.141375515000163 ], [ 91.743172, 24.141356999000038 ], [ 91.743286001000172, 24.141186001000108 ], [ 91.743402997000089, 24.141180891000033 ], [ 91.743515015000071, 24.141176223000173 ], [ 91.743606567000199, 24.141242981 ], [ 91.743850709000185, 24.141429902000141 ], [ 91.744079590000183, 24.141582490000133 ], [ 91.744181679000178, 24.141608011000187 ], [ 91.744209, 24.141615000000172 ], [ 91.74459800000011, 24.142138000000102 ], [ 91.744392000000119, 24.142564999000172 ], [ 91.744429420000188, 24.14261766400017 ], [ 91.744445802000087, 24.142641067000056 ], [ 91.744575500000167, 24.142824173000122 ], [ 91.744636536000087, 24.142992021000168 ], [ 91.744728087999988, 24.143173219000062 ], [ 91.744902094, 24.143167543000118 ], [ 91.745079041000167, 24.143161774000077 ], [ 91.745219997000106, 24.143129179000141 ], [ 91.745384216000105, 24.143091202999983 ], [ 91.745517740000139, 24.143083665000063 ], [ 91.745620727000073, 24.143077850000054 ], [ 91.745750328000042, 24.14311978000012 ], [ 91.74587249800004, 24.142984390000152 ], [ 91.74549102800006, 24.142375947000176 ], [ 91.745552063000048, 24.142164230000105 ], [ 91.745616770000197, 24.14212874500015 ], [ 91.74578857500012, 24.142034531000149 ], [ 91.745899717000043, 24.141928944000028 ], [ 91.745979309000063, 24.141853332000153 ], [ 91.746086121000189, 24.141695023000125 ], [ 91.746162415000128, 24.141405106000036 ], [ 91.746194391000074, 24.141324023000152 ], [ 91.746216001000107, 24.141269999000144 ], [ 91.7463052290002, 24.141309918000161 ], [ 91.746330072000035, 24.141321098000162 ], [ 91.746444703, 24.141477593000047 ], [ 91.746421823999981, 24.1416854040001 ], [ 91.746417573000087, 24.141695134000031 ], [ 91.746345521000194, 24.141859055 ], [ 91.74627685500019, 24.141942979000191 ], [ 91.746444703, 24.142023087999974 ], [ 91.746726989000138, 24.14196205200011 ], [ 91.74675563500017, 24.141957854000111 ], [ 91.746948, 24.141929999000183 ], [ 91.74753688300018, 24.142127973000072 ], [ 91.747650147000115, 24.142166137 ], [ 91.747749329000158, 24.142124175000106 ], [ 91.7478714, 24.1418170930001 ], [ 91.747899127000096, 24.141626467000151 ], [ 91.747901958000057, 24.141607282000052 ], [ 91.748056240000039, 24.141595542000175 ], [ 91.748076999000091, 24.141594 ], [ 91.748272047000057, 24.141629980000175 ], [ 91.748283387000129, 24.141632080000136 ], [ 91.748497009000175, 24.141670226000087 ], [ 91.748559500000113, 24.141650139000149 ], [ 91.748710999000139, 24.141601999000045 ], [ 91.749237, 24.14178500100013 ], [ 91.749298000000124, 24.141898999000148 ], [ 91.74938964800009, 24.14201927300013 ], [ 91.749473706000117, 24.142131794000136 ], [ 91.749606998000104, 24.142119741000101 ], [ 91.749832154000103, 24.14209938099998 ], [ 91.75007629300012, 24.142078400000116 ], [ 91.750259751000044, 24.14214198600007 ], [ 91.750412, 24.142195000000186 ], [ 91.750534, 24.142237001000183 ], [ 91.750550036000163, 24.142333914000119 ], [ 91.750556946000188, 24.142375947000176 ], [ 91.750579907000031, 24.142480871000146 ], [ 91.750601332000144, 24.142487464000055 ], [ 91.750679016000163, 24.1425113680001 ], [ 91.750881746000061, 24.142443005000189 ], [ 91.751007001000062, 24.142401000000177 ], [ 91.751083946999984, 24.142425873000036 ], [ 91.751106262000178, 24.142433167000092 ], [ 91.75165568500006, 24.14272298700007 ], [ 91.751731873000153, 24.142652512000041 ], [ 91.751800537000122, 24.142583847000139 ], [ 91.751868065000053, 24.142379862000041 ], [ 91.751892091000059, 24.142307281000171 ], [ 91.751980847000141, 24.142174145000126 ], [ 91.751998970000159, 24.142147046000105 ], [ 91.752517700000055, 24.14201927300013 ], [ 91.75269629200011, 24.14197526200013 ], [ 91.753051999000149, 24.141888 ], [ 91.753203999000107, 24.141905001000111 ], [ 91.753266696000026, 24.141933038 ], [ 91.753364562000172, 24.141977311 ], [ 91.753457240000159, 24.142004187000111 ], [ 91.753555298000094, 24.142032623000148 ], [ 91.753829956000118, 24.142055512000184 ], [ 91.753940749000151, 24.142064743000162 ], [ 91.75417327800011, 24.142080308000118 ], [ 91.754234148000137, 24.142108713000084 ], [ 91.754287999000098, 24.142134000000112 ], [ 91.754478001000166, 24.142323999000098 ], [ 91.754608053000084, 24.14245405000014 ], [ 91.754776001000153, 24.142395020000038 ], [ 91.754789727, 24.142384481000136 ], [ 91.754883000000177, 24.142313000000172 ], [ 91.75505100100014, 24.142159 ], [ 91.755173001000117, 24.142031001000191 ], [ 91.755333000000121, 24.142110999000067 ], [ 91.755397611000035, 24.142182295000111 ], [ 91.75547790600001, 24.142271042000061 ], [ 91.75555420000012, 24.142303466000101 ], [ 91.755824752000137, 24.142128735000142 ], [ 91.756142, 24.14190700100005 ], [ 91.756243817000097, 24.141855659999976 ], [ 91.756378174000076, 24.141788482000152 ], [ 91.75659179600018, 24.141672134000089 ], [ 91.756805421000195, 24.141569139000183 ], [ 91.757016521000082, 24.141531440000165 ], [ 91.757293745000084, 24.141466096000102 ], [ 91.757339637000143, 24.141416760000084 ], [ 91.757369994999976, 24.141384125000172 ], [ 91.757431030000191, 24.141340256000149 ], [ 91.757706342, 24.141362665000145 ], [ 91.757758999000032, 24.141367001000162 ], [ 91.757988, 24.141413000000171 ], [ 91.756172000000106, 24.142708 ], [ 91.759514001000127, 24.141959999 ], [ 91.759636001000104, 24.142175999000131 ], [ 91.759735, 24.142320999000049 ], [ 91.759720001000119, 24.142450001000043 ], [ 91.759682, 24.142614 ], [ 91.759605001000182, 24.142745999000056 ], [ 91.759491, 24.143057000999988 ], [ 91.759483001000035, 24.143221000000153 ], [ 91.75946800000014, 24.143427000000145 ], [ 91.759491, 24.143561999000042 ], [ 91.75953699900009, 24.143692 ], [ 91.759575001000201, 24.143797 ], [ 91.759621, 24.14388999900018 ], [ 91.759644000000151, 24.143988001000139 ], [ 91.759644000000151, 24.144098 ], [ 91.75965899900001, 24.144215 ], [ 91.759674000000132, 24.144361000000174 ], [ 91.759644000000151, 24.144592001000035 ], [ 91.759674000000132, 24.144724000000167 ], [ 91.759697001000177, 24.144836001000101 ], [ 91.759749999000121, 24.145520999000155 ], [ 91.759552000000156, 24.146116 ], [ 91.759383999000192, 24.146584001000178 ], [ 91.759025999000073, 24.147379000000115 ], [ 91.758759001000158, 24.149294001000044 ], [ 91.758476000000144, 24.151277999000058 ], [ 91.75844599900006, 24.151510000000144 ], [ 91.75808, 24.154093001000092 ], [ 91.757950000000108, 24.155035000000112 ], [ 91.757721000000174, 24.15664100000015 ], [ 91.757446000000186, 24.158651000000191 ], [ 91.757370001000197, 24.159189001000186 ], [ 91.75675200000012, 24.163506 ], [ 91.756370999000126, 24.166218001 ], [ 91.755997, 24.168877 ], [ 91.755858999000054, 24.169876000000102 ], [ 91.75576799900017, 24.170520999000075 ], [ 91.755431999000052, 24.172895000000153 ], [ 91.75529500000016, 24.173859000000107 ], [ 91.754898001000129, 24.176706001000071 ], [ 91.754524000000174, 24.179367 ], [ 91.754021001000183, 24.182955000999982 ], [ 91.753525, 24.186483001000056 ], [ 91.753059001000167, 24.189766001000066 ], [ 91.752739, 24.192066 ], [ 91.7526170000001, 24.192924999000184 ], [ 91.752258, 24.195458999000039 ], [ 91.752121001000035, 24.196400001000086 ], [ 91.751686000000177, 24.199507001000143 ], [ 91.751259000000175, 24.202511 ], [ 91.751090999000041, 24.203739 ], [ 91.750786000000119, 24.205868001000113 ], [ 91.750426999000183, 24.208455999000023 ], [ 91.750037999000142, 24.211161000000118 ], [ 91.749885999000185, 24.212240000000179 ], [ 91.749489, 24.215046 ], [ 91.749329, 24.216205999000181 ], [ 91.749031, 24.218327001000148 ], [ 91.748710999000139, 24.220495001000131 ], [ 91.748299, 24.223492000000192 ], [ 91.747826, 24.226830001000053 ], [ 91.747604001000184, 24.228446999000084 ], [ 91.74729199900014, 24.230614 ], [ 91.746735000000172, 24.234587 ], [ 91.746307001000162, 24.237642000000164 ], [ 91.746085999000172, 24.239212 ], [ 91.745865, 24.240761001000067 ], [ 91.745604999000193, 24.242619 ], [ 91.745116921000147, 24.2460858070001 ], [ 91.745088536000196, 24.24628743400018 ], [ 91.745070983000062, 24.246412115999988 ], [ 91.74504406900013, 24.246595350000064 ], [ 91.745377, 24.246855001000142 ], [ 91.746155001000034, 24.246408 ], [ 91.749084, 24.244724000000133 ], [ 91.752151001000186, 24.24296600100007 ], [ 91.753601001000106, 24.24213 ], [ 91.757064999000193, 24.240139 ], [ 91.759491, 24.238745000000165 ], [ 91.760948, 24.23790600000018 ], [ 91.76377100000019, 24.236216000000127 ], [ 91.764587000000176, 24.235754001000032 ], [ 91.766403000000196, 24.234721999000101 ], [ 91.769417000000146, 24.233015001000069 ], [ 91.772766000000161, 24.231115001000035 ], [ 91.774086000000125, 24.230368000000169 ], [ 91.776000999000189, 24.229284000000177 ], [ 91.778083999000046, 24.228106 ], [ 91.780944999000155, 24.226482000000146 ], [ 91.78334000000018, 24.225122 ], [ 91.784288823000054, 24.224583874000132 ], [ 91.784576001000062, 24.224421000000177 ], [ 91.785963601999981, 24.223641142000133 ], [ 91.787567000000138, 24.222740000000158 ], [ 91.787848999000119, 24.222584 ], [ 91.787979001000053, 24.222512999000116 ], [ 91.788333608000187, 24.222313020000172 ], [ 91.788628000000188, 24.222146999000188 ], [ 91.788695999000026, 24.222113000000149 ], [ 91.791106999000021, 24.220963 ], [ 91.792968703000099, 24.220835020000095 ], [ 91.792963256000064, 24.22086838700011 ], [ 91.792953264000118, 24.220927990000177 ], [ 91.793121000000156, 24.220922001000076 ], [ 91.793304, 24.220966 ], [ 91.793449100000146, 24.220810079000103 ], [ 91.793493333000129, 24.220845080000061 ], [ 91.793563843000129, 24.220901489000028 ], [ 91.793601990000184, 24.22096443200013 ], [ 91.793659931000093, 24.221007887000098 ], [ 91.793700999000066, 24.221039001000179 ], [ 91.79374698100014, 24.221025935000171 ], [ 91.793883999000116, 24.220987 ], [ 91.793983001000129, 24.220790999000087 ], [ 91.793813709000176, 24.220575748000158 ], [ 91.793761999000139, 24.22051 ], [ 91.79369400000013, 24.220383 ], [ 91.793900350000172, 24.220275310000147 ], [ 91.793991089000087, 24.220228195000061 ], [ 91.794044494000161, 24.220094681000035 ], [ 91.794006347000106, 24.219934464000175 ], [ 91.794052124000075, 24.219772339000031 ], [ 91.794242858000075, 24.219648361000054 ], [ 91.794448852000073, 24.219652176000125 ], [ 91.794471717000079, 24.219708194000134 ], [ 91.794486999000128, 24.219746001000146 ], [ 91.794502000000193, 24.219851 ], [ 91.794581665000123, 24.219903089000184 ], [ 91.794632, 24.219936000000132 ], [ 91.794742381000106, 24.219999469000129 ], [ 91.794792001000133, 24.220028000000127 ], [ 91.794863782000107, 24.220049180999979 ], [ 91.795036315000061, 24.22010040400005 ], [ 91.795145616000184, 24.220155834000025 ], [ 91.795302999000114, 24.220236000000114 ], [ 91.795219001000078, 24.220463001000155 ], [ 91.795471, 24.220543 ], [ 91.795539999000198, 24.220566 ], [ 91.795592216000159, 24.220585085000096 ], [ 91.795685, 24.220619001000102 ], [ 91.795695394000177, 24.220609125000124 ], [ 91.795844970000132, 24.220466853000119 ], [ 91.79584006400006, 24.220443641000145 ], [ 91.795830000000137, 24.220395999000118 ], [ 91.795816786999978, 24.220337608000136 ], [ 91.795799256000066, 24.220258714000181 ], [ 91.795837402000188, 24.220085143000119 ], [ 91.795915024000067, 24.219950797000024 ], [ 91.795936777000179, 24.219913383000119 ], [ 91.796124973000076, 24.219815925000091 ], [ 91.796150001000058, 24.219803001000059 ], [ 91.796233999000037, 24.21979000000016 ], [ 91.796417060000181, 24.21990198400016 ], [ 91.796449064000171, 24.219893614000171 ], [ 91.796547001000192, 24.21986800000019 ], [ 91.796559212000034, 24.219836250000071 ], [ 91.796577331000037, 24.219789821000063 ], [ 91.796669001000168, 24.219740001000162 ], [ 91.796696081000107, 24.219732263000083 ], [ 91.79684448200004, 24.219690322000076 ], [ 91.796981811000137, 24.219671249000157 ], [ 91.797256241000071, 24.219770349000044 ], [ 91.797285459000193, 24.219812468000043 ], [ 91.797333000000151, 24.219881 ], [ 91.797439897000174, 24.219920962000117 ], [ 91.797600001000092, 24.21978200000018 ], [ 91.79782100000017, 24.219679001000088 ], [ 91.797866500000055, 24.219695355000056 ], [ 91.79797363300014, 24.219734192000146 ], [ 91.798042445000135, 24.219768598000144 ], [ 91.798065000000122, 24.219780000000185 ], [ 91.798172001000182, 24.219823999000027 ], [ 91.798181631000091, 24.219858893000094 ], [ 91.798241000000132, 24.220074001000114 ], [ 91.798251862000143, 24.220086532000153 ], [ 91.798332000000187, 24.220179 ], [ 91.798377999000195, 24.220238000000109 ], [ 91.798477001000037, 24.220364000000188 ], [ 91.798454810000067, 24.220473205000076 ], [ 91.798439040000176, 24.220550799000137 ], [ 91.798501243000089, 24.220618975000093 ], [ 91.798515320000092, 24.220634461000088 ], [ 91.798713685000052, 24.22059631400009 ], [ 91.798747130000095, 24.220640911000089 ], [ 91.798759000000189, 24.220657000000131 ], [ 91.798721, 24.220877 ], [ 91.798852674000102, 24.220888187000128 ], [ 91.798873963000176, 24.220889997000143 ], [ 91.798896761000094, 24.220832896000104 ], [ 91.798988343000076, 24.220603943000071 ], [ 91.799028635000184, 24.220555592000096 ], [ 91.799102999000127, 24.220467001000088 ], [ 91.799240000000168, 24.220343001000174 ], [ 91.799432838000143, 24.220335363000061 ], [ 91.799644471000136, 24.220327377000103 ], [ 91.799728467000193, 24.220324377000054 ], [ 91.799804853000126, 24.220322004000082 ], [ 91.799815410000178, 24.220344439000087 ], [ 91.79985, 24.220419000000163 ], [ 91.799922541000058, 24.220424697000169 ], [ 91.800041001000125, 24.220434001000058 ], [ 91.800124999000104, 24.220293 ], [ 91.800135645000125, 24.220245687000101 ], [ 91.800179, 24.220053 ], [ 91.800299247000169, 24.220079721000047 ], [ 91.800323136000088, 24.220085065000148 ], [ 91.80060599900014, 24.220220999 ], [ 91.800666999000043, 24.220155999000156 ], [ 91.800751733000141, 24.220030985999983 ], [ 91.800788879000152, 24.21997642600013 ], [ 91.800910950000059, 24.219896317000121 ], [ 91.80100058700009, 24.219767133000119 ], [ 91.801040718000138, 24.21970940600005 ], [ 91.801096217000179, 24.219717334000165 ], [ 91.801147, 24.219725 ], [ 91.801266609000095, 24.219697662000158 ], [ 91.801391602000194, 24.219669341000042 ], [ 91.801666260000047, 24.21970748800004 ], [ 91.801738729000078, 24.219784788000084 ], [ 91.801780999000187, 24.219830001000162 ], [ 91.801882252000155, 24.219773439000107 ], [ 91.801926, 24.219749000000149 ], [ 91.801953493000099, 24.219715321000081 ], [ 91.802085999000042, 24.219552999000143 ], [ 91.802268999000091, 24.219475 ], [ 91.802383000000191, 24.21958199900007 ], [ 91.802406000000133, 24.219731999000032 ], [ 91.802316153000049, 24.219834963000039 ], [ 91.802269046000163, 24.21988894600014 ], [ 91.802307649000056, 24.219959576000122 ], [ 91.802314894000062, 24.219972805000054 ], [ 91.802528130000098, 24.21996499200003 ], [ 91.802665710000099, 24.219856262000121 ], [ 91.802780039000083, 24.219921050000153 ], [ 91.802948000000185, 24.220133001000193 ], [ 91.803016231000072, 24.220197405000192 ], [ 91.803055001000075, 24.220234000000119 ], [ 91.803079974000127, 24.220257333000177 ], [ 91.803192000000138, 24.220362 ], [ 91.803286192000144, 24.220410417000039 ], [ 91.803299001000198, 24.220417000000168 ], [ 91.803534999000192, 24.220345001000169 ], [ 91.803671377000114, 24.220334834000084 ], [ 91.803695678000054, 24.220333100000119 ], [ 91.803932105000172, 24.220373140000049 ], [ 91.804015974000095, 24.220483963999982 ], [ 91.803924999000117, 24.220566 ], [ 91.804084897000052, 24.220645948000083 ], [ 91.804229999000142, 24.220530001000157 ], [ 91.804269329000192, 24.220400885000174 ], [ 91.804283143000077, 24.220355988000051 ], [ 91.804338568000162, 24.220340746000034 ], [ 91.804435999000134, 24.220314001000077 ], [ 91.804555428000128, 24.220203055000127 ], [ 91.804618836000088, 24.220144271000038 ], [ 91.804706082000166, 24.220206591000078 ], [ 91.804779001000099, 24.220259001000159 ], [ 91.804923998999982, 24.220356 ], [ 91.80493545000013, 24.22035575100017 ], [ 91.805107117000034, 24.220352173000038 ], [ 91.80525970400015, 24.220392228000037 ], [ 91.805297851000034, 24.220552445000067 ], [ 91.805299874000127, 24.220587348000038 ], [ 91.805305237000084, 24.22068395500014 ], [ 91.805511222000177, 24.220644003000189 ], [ 91.805770997000081, 24.220646000999977 ], [ 91.805884999000114, 24.220737001000089 ], [ 91.806015001000048, 24.220844000000113 ], [ 91.806168558000024, 24.220822600000133 ], [ 91.806404001000089, 24.220654 ], [ 91.806625079000071, 24.220529837000186 ], [ 91.806654316999982, 24.220469242000036 ], [ 91.806693945000063, 24.220386900000165 ], [ 91.806632986000125, 24.220273825000106 ], [ 91.806625370000177, 24.22017675800015 ], [ 91.806654796000146, 24.220157567000115 ], [ 91.806739942000092, 24.220102040000029 ], [ 91.806786000000159, 24.219957001000182 ], [ 91.806870000000174, 24.219791 ], [ 91.806814015000043, 24.219663356000126 ], [ 91.806770325000173, 24.219562531000065 ], [ 91.806744926000135, 24.219501150000042 ], [ 91.806725, 24.219452 ], [ 91.806839, 24.219410001000028 ], [ 91.806863313000065, 24.219403862000149 ], [ 91.807044959000166, 24.2193580120001 ], [ 91.807026984000174, 24.219245205999982 ], [ 91.806999037000082, 24.219070235000174 ], [ 91.806511000000114, 24.219195999000135 ], [ 91.806487999000069, 24.219030000000146 ], [ 91.806427394000139, 24.218946998000035 ], [ 91.806395999000131, 24.21890400000018 ], [ 91.806328, 24.218821000000105 ], [ 91.806260492000035, 24.218837404 ], [ 91.806220999, 24.218847 ], [ 91.806068037000159, 24.2189919650001 ], [ 91.80584736100019, 24.218837871000119 ], [ 91.806206000000145, 24.218709999000055 ], [ 91.806304942000111, 24.218542097000181 ], [ 91.806613021000146, 24.218506616000184 ], [ 91.80698400000017, 24.218464 ], [ 91.807137, 24.218344 ], [ 91.807291468000074, 24.21827222800016 ], [ 91.807334999000034, 24.218252 ], [ 91.807579001000136, 24.218228999000019 ], [ 91.807579001000136, 24.218153 ], [ 91.807320071, 24.218095945000016 ], [ 91.807426467000141, 24.218011389000139 ], [ 91.807510377000142, 24.217945098000087 ], [ 91.80828857400013, 24.217916489000118 ], [ 91.808510243000057, 24.217962859000068 ], [ 91.808661999000037, 24.21799500100002 ], [ 91.808759252000186, 24.218009586999983 ], [ 91.808861, 24.218025001000058 ], [ 91.808800124000186, 24.218099848000122 ], [ 91.809026651000181, 24.218146007000087 ], [ 91.809135000000197, 24.218167999000116 ], [ 91.809215348000066, 24.218049225000073 ], [ 91.809318850000125, 24.217896221000046 ], [ 91.809379577000072, 24.218036652000023 ], [ 91.809432984000125, 24.218204498000034 ], [ 91.80950824100006, 24.218300659000079 ], [ 91.80957008300004, 24.218379893000076 ], [ 91.809692001000144, 24.218223999000145 ], [ 91.809727604000159, 24.218086211000127 ], [ 91.809769, 24.217925998999988 ], [ 91.809830000000147, 24.21788800000013 ], [ 91.809906001000115, 24.217579000000171 ], [ 91.810012856000128, 24.217560025000125 ], [ 91.810050987000182, 24.217761994000057 ], [ 91.810068381000065, 24.217759721000107 ], [ 91.810401886000193, 24.217716015000065 ], [ 91.810296969000149, 24.217582847000017 ], [ 91.810218811000027, 24.21748352100019 ], [ 91.810176219000084, 24.217427821000172 ], [ 91.810120000000154, 24.217353999000125 ], [ 91.810310006000066, 24.217330986999968 ], [ 91.810343615000079, 24.217239492000147 ], [ 91.810363947000155, 24.217184142000178 ], [ 91.810440064000147, 24.217216491000102 ], [ 91.810584076000168, 24.21728066999998 ], [ 91.810616000000152, 24.217294999000046 ], [ 91.810662156000035, 24.217243839000048 ], [ 91.810699, 24.217202999000051 ], [ 91.810754435000149, 24.21709572900005 ], [ 91.810675772000138, 24.217066652000028 ], [ 91.810547, 24.21708299900007 ], [ 91.810608000000173, 24.216987999000025 ], [ 91.81077576500013, 24.217053960000044 ], [ 91.810692, 24.21689 ], [ 91.810511873000166, 24.216831029 ], [ 91.810356164000154, 24.216779716000133 ], [ 91.810376992000101, 24.216743797000049 ], [ 91.810424804000149, 24.216661453000029 ], [ 91.810791004000066, 24.216465002000177 ], [ 91.810810631000152, 24.216474571000163 ], [ 91.810950986000137, 24.21654307600005 ], [ 91.810913000000198, 24.216732 ], [ 91.811065933000179, 24.216828957000189 ], [ 91.811080620000041, 24.216798786000084 ], [ 91.811111450999988, 24.216735841000116 ], [ 91.811180114000081, 24.216182708000076 ], [ 91.811180114000081, 24.215965270000027 ], [ 91.81125640800019, 24.215799332000188 ], [ 91.811392929000192, 24.215696940000043 ], [ 91.811417000000176, 24.215679 ], [ 91.811438708000196, 24.215578421000089 ], [ 91.811447144000169, 24.215539933000116 ], [ 91.811465842000132, 24.215526688000182 ], [ 91.811539000000153, 24.215475 ], [ 91.811553940000124, 24.215402977000167 ], [ 91.811435816000142, 24.215355532000046 ], [ 91.811310231000107, 24.21530509300004 ], [ 91.811507993000134, 24.215192804000083 ], [ 91.811760000000106, 24.21505000000019 ], [ 91.811845167000172, 24.215012207000143 ], [ 91.811919958000033, 24.214979020000158 ], [ 91.81188209600009, 24.214958694000075 ], [ 91.811668397000062, 24.214843750000171 ], [ 91.811630279000155, 24.214782762000084 ], [ 91.811661823000065, 24.214755997999987 ], [ 91.811729, 24.214698999000177 ], [ 91.81182100000018, 24.214647001000117 ], [ 91.812164001000042, 24.214643001000184 ], [ 91.812339840000107, 24.214521111000181 ], [ 91.812262973000088, 24.214385923 ], [ 91.812202454000158, 24.214279176000161 ], [ 91.812370300000168, 24.214134217000151 ], [ 91.812416183000153, 24.214005490000091 ], [ 91.812439001000087, 24.213941999000042 ], [ 91.812630000000183, 24.213833001000125 ], [ 91.812584003000154, 24.213705007000158 ], [ 91.812690961000158, 24.213631028000179 ], [ 91.812701125000103, 24.213646911000183 ], [ 91.812782000000141, 24.213774001000047 ], [ 91.812920001000066, 24.213696 ], [ 91.812874, 24.213160999000081 ], [ 91.812802356000191, 24.213064069999973 ], [ 91.812721, 24.212954001000014 ], [ 91.812675001000059, 24.21261599900015 ], [ 91.812625403000027, 24.212569847000054 ], [ 91.812531001000025, 24.212482000000136 ], [ 91.812520787000096, 24.212414339000134 ], [ 91.812515267000151, 24.212375701000155 ], [ 91.812645001000078, 24.212231001000077 ], [ 91.812820530000124, 24.21240052800016 ], [ 91.812996, 24.212570000000142 ], [ 91.813076492000164, 24.212628873000142 ], [ 91.813170990000174, 24.212697843000171 ], [ 91.813156078000191, 24.212459980000119 ], [ 91.813432437000188, 24.21238822100014 ], [ 91.813621521000016, 24.212339401000179 ], [ 91.813699211000085, 24.212347579000152 ], [ 91.81376600100009, 24.212355001000049 ], [ 91.813896000000113, 24.212336000000164 ], [ 91.814055999000118, 24.212414001000127 ], [ 91.814089824000177, 24.212416574000088 ], [ 91.814147999000056, 24.212421 ], [ 91.814346, 24.212185 ], [ 91.814370403000169, 24.212173906000032 ], [ 91.814521993000142, 24.212105003000147 ], [ 91.814605971000162, 24.212195970000096 ], [ 91.814621650000106, 24.212167797000177 ], [ 91.814697266000167, 24.21203231800007 ], [ 91.814751105000084, 24.211975788000188 ], [ 91.814774000000114, 24.211951999000064 ], [ 91.814798065000048, 24.211936892000153 ], [ 91.814910889000146, 24.211866378000025 ], [ 91.814994813000169, 24.211894989000143 ], [ 91.815032959000121, 24.212072373000069 ], [ 91.815181018000033, 24.21217332100008 ], [ 91.815200999000183, 24.212187 ], [ 91.815290302000165, 24.212145506000184 ], [ 91.815299999, 24.212141001000077 ], [ 91.815369000000146, 24.21189900100012 ], [ 91.815444999000078, 24.211855000000128 ], [ 91.815505998999981, 24.211905001000105 ], [ 91.815656147000141, 24.211763299000097 ], [ 91.815666001000068, 24.211754001000031 ], [ 91.815678897999987, 24.211699079000141 ], [ 91.815696995000167, 24.211622021000153 ], [ 91.815765381000119, 24.211568832000069 ], [ 91.815826416000107, 24.211463929000047 ], [ 91.815887452000197, 24.211400986000058 ], [ 91.815966113000059, 24.211348544000145 ], [ 91.815979000000141, 24.211340000000177 ], [ 91.816063000000156, 24.211309 ], [ 91.816116001000182, 24.211254000000167 ], [ 91.81620726, 24.211060898000142 ], [ 91.816254000000185, 24.210961999000062 ], [ 91.816156878000129, 24.210713222000152 ], [ 91.816124, 24.21062899900005 ], [ 91.816094034000059, 24.21058286900012 ], [ 91.816047999000091, 24.210512001000154 ], [ 91.816063000000156, 24.210359999000161 ], [ 91.816111162000084, 24.210264308000149 ], [ 91.816139221000185, 24.210208893000072 ], [ 91.816149875000178, 24.210189869000146 ], [ 91.816193000000112, 24.210113999000043 ], [ 91.816279332000136, 24.210088751000114 ], [ 91.81629943900009, 24.210083007000151 ], [ 91.816467284000055, 24.210079194000116 ], [ 91.816509348000125, 24.210094967000089 ], [ 91.816588999000089, 24.210125001000108 ], [ 91.816622966000125, 24.210274541000047 ], [ 91.816666000000168, 24.210464000000172 ], [ 91.816826, 24.210512001000154 ], [ 91.816978, 24.210548001000063 ], [ 91.816940169000191, 24.210357907000173 ], [ 91.817009, 24.210320000000138 ], [ 91.817108001, 24.210213001000056 ], [ 91.817268, 24.210206999000093 ], [ 91.817341414000055, 24.21008890100012 ], [ 91.817383001000053, 24.210021999000105 ], [ 91.817404506000116, 24.21000073 ], [ 91.817474366000056, 24.209932327000104 ], [ 91.817530630000078, 24.209963064000078 ], [ 91.81767999900012, 24.21004500000015 ], [ 91.817489992000105, 24.210218053000119 ], [ 91.817481963000091, 24.210268231000043 ], [ 91.817474001000107, 24.210318000000143 ], [ 91.817459, 24.210477999000148 ], [ 91.817604000000131, 24.210667001000161 ], [ 91.817773952000152, 24.210689948000038 ], [ 91.817840576000151, 24.210699081000143 ], [ 91.817905741000118, 24.210717498000179 ], [ 91.818016001000046, 24.210748999000032 ], [ 91.818062000000168, 24.210524000000134 ], [ 91.818260001000112, 24.210602001000098 ], [ 91.818359, 24.210642000000121 ], [ 91.818481004000034, 24.210620978000179 ], [ 91.818504000000189, 24.210495 ], [ 91.818528121000099, 24.210490879000133 ], [ 91.81870273800007, 24.210461045000159 ], [ 91.818719381000108, 24.210626459000025 ], [ 91.81873299900019, 24.210764 ], [ 91.818793999000093, 24.210809999000105 ], [ 91.818896806000168, 24.210803880000014 ], [ 91.818962, 24.2108 ], [ 91.819023000000129, 24.210762000000102 ], [ 91.819075048000173, 24.210697128000106 ], [ 91.819091999000079, 24.210676 ], [ 91.81909418000015, 24.210619004000023 ], [ 91.81909942700014, 24.210493089000181 ], [ 91.819023255000047, 24.210319799000047 ], [ 91.81919900000014, 24.210182001000192 ], [ 91.819134081000186, 24.210032038000122 ], [ 91.81909942700014, 24.209951401000126 ], [ 91.819168091000108, 24.209833145000118 ], [ 91.819353344000092, 24.209799301000146 ], [ 91.819365999000183, 24.209797 ], [ 91.819549504000179, 24.209882769000103 ], [ 91.819404602000077, 24.209960938999984 ], [ 91.8194885260001, 24.210149764999983 ], [ 91.819435065, 24.210235824000108 ], [ 91.819412165000074, 24.210383864000107 ], [ 91.819489499999975, 24.210319978000143 ], [ 91.819504000000109, 24.210308 ], [ 91.819603000000143, 24.210258000000181 ], [ 91.819809000000134, 24.210094001000186 ], [ 91.819847037000159, 24.210022017000085 ], [ 91.820363310000175, 24.210264507999966 ], [ 91.821364975000165, 24.210735142000033 ], [ 91.821326999000064, 24.210953000000131 ], [ 91.821518001000072, 24.211012 ], [ 91.821570272000031, 24.211018428000045 ], [ 91.821762, 24.211042000000191 ], [ 91.82184600100004, 24.210959999000067 ], [ 91.821846396000126, 24.210946668000133 ], [ 91.821854, 24.210689999000124 ], [ 91.821996602000127, 24.21064730400002 ], [ 91.822020999000131, 24.210640000000126 ], [ 91.822083121000105, 24.210612637000111 ], [ 91.822189, 24.210565999000153 ], [ 91.822494990000166, 24.210697260000074 ], [ 91.822547986000075, 24.21071999500009 ], [ 91.822608912000192, 24.210647786000095 ], [ 91.822342383000034, 24.210360072000071 ], [ 91.822480174000191, 24.210385907000159 ], [ 91.82250199900011, 24.210389999000142 ], [ 91.822761859000138, 24.210528923000084 ], [ 91.822799999000097, 24.210426001000144 ], [ 91.822793450000177, 24.210272085000156 ], [ 91.822792053000114, 24.210237504000077 ], [ 91.822792053000114, 24.210131022000155 ], [ 91.822867221000138, 24.210162012000012 ], [ 91.822906, 24.210177999000052 ], [ 91.82309, 24.210241001000099 ], [ 91.823639000000128, 24.210161000000141 ], [ 91.823692672000107, 24.210189501000116 ], [ 91.823783755000136, 24.210237869000025 ], [ 91.823758371000167, 24.210315837000053 ], [ 91.823730082000054, 24.210401749000084 ], [ 91.823584023000137, 24.21048276700003 ], [ 91.823486, 24.210536999000055 ], [ 91.823462281000161, 24.210549686000149 ], [ 91.823357001000147, 24.210606001000087 ], [ 91.823349056000097, 24.210658626000111 ], [ 91.823341000000141, 24.210712 ], [ 91.823363937000181, 24.210783362000086 ], [ 91.823395000000176, 24.210880001000191 ], [ 91.823502001000065, 24.211029001000099 ], [ 91.823577373000091, 24.21109035000012 ], [ 91.823631, 24.211134000000186 ], [ 91.823798999000132, 24.211237001000086 ], [ 91.823808293000184, 24.211293058000024 ], [ 91.823829999000054, 24.211424 ], [ 91.823865529000159, 24.21145601600017 ], [ 91.823920999000109, 24.21150599900011 ], [ 91.823979475000158, 24.211488256000166 ], [ 91.82406600000013, 24.211462000000154 ], [ 91.824226001000113, 24.211372000000154 ], [ 91.824368047000121, 24.211219715000084 ], [ 91.824448, 24.211134000000186 ], [ 91.824495119000176, 24.211126731000036 ], [ 91.824623109000129, 24.211107255000172 ], [ 91.824724354000068, 24.211195100000054 ], [ 91.824752827000168, 24.211219851000067 ], [ 91.824770101000183, 24.211274071000105 ], [ 91.824820999000167, 24.211435 ], [ 91.824764166000136, 24.211521279000124 ], [ 91.824738001000185, 24.211560999000085 ], [ 91.82468400099998, 24.211674 ], [ 91.824699, 24.21179 ], [ 91.824722, 24.211923999000078 ], [ 91.82476000000014, 24.211986999000146 ], [ 91.824928, 24.212111001000096 ], [ 91.824989, 24.212246000000164 ], [ 91.824951478000173, 24.21231891900004 ], [ 91.82493600000015, 24.212348999000085 ], [ 91.824934169000073, 24.212379903000112 ], [ 91.824928, 24.212484000000131 ], [ 91.82502727300016, 24.212650137000139 ], [ 91.825302123000142, 24.21273612900012 ], [ 91.82545471300017, 24.212837219000164 ], [ 91.825508118000073, 24.212934493000034 ], [ 91.825554661000069, 24.212979247000192 ], [ 91.825606999000172, 24.213030000000174 ], [ 91.82563374200015, 24.213067636000119 ], [ 91.825661, 24.213106000999971 ], [ 91.825738466000132, 24.213133781000181 ], [ 91.825806, 24.213157999000032 ], [ 91.825878447000036, 24.213160382000126 ], [ 91.825958252000191, 24.213163376000011 ], [ 91.825974358999986, 24.213178385000106 ], [ 91.8260420000002, 24.21324200000015 ], [ 91.82605668900004, 24.213285121000069 ], [ 91.826073, 24.213333 ], [ 91.826095400000156, 24.213383278000094 ], [ 91.826117999000189, 24.213433999000131 ], [ 91.826187001, 24.213564001000066 ], [ 91.826250673000118, 24.213634870000135 ], [ 91.826301999000123, 24.213692 ], [ 91.826408, 24.213768001000062 ], [ 91.826668001000201, 24.213778000000104 ], [ 91.826775, 24.213702999000191 ], [ 91.826893350000091, 24.213579239000069 ], [ 91.826950073000091, 24.21352005100016 ], [ 91.82697888000007, 24.213504539000098 ], [ 91.827049, 24.213467001000026 ], [ 91.827178999000182, 24.213505 ], [ 91.827238372000068, 24.213517418000038 ], [ 91.827332001000059, 24.213537 ], [ 91.827408, 24.213558001000081 ], [ 91.827457468000034, 24.213547167000058 ], [ 91.82754500100009, 24.2135280010001 ], [ 91.827645870000197, 24.2134605440001 ], [ 91.82770538300008, 24.213420868000185 ], [ 91.827888167000083, 24.213319956000191 ], [ 91.828056001000107, 24.213276000000121 ], [ 91.828847653000082, 24.213240637000126 ], [ 91.829040528000121, 24.213232040000037 ], [ 91.829094967000117, 24.213254722000158 ], [ 91.829155000000185, 24.213279999000179 ], [ 91.829185000000166, 24.213368999000068 ], [ 91.829116498000189, 24.213416570000049 ], [ 91.829041000000188, 24.213469001000192 ], [ 91.828895999000167, 24.213674998999977 ], [ 91.828888010000128, 24.213838804000147 ], [ 91.828979000000174, 24.213871000000154 ], [ 91.828973362000056, 24.213981360000048 ], [ 91.828972000000135, 24.214007999000046 ], [ 91.82895699900007, 24.214095999 ], [ 91.828949008, 24.214183927000192 ], [ 91.828994124000189, 24.214236481000114 ], [ 91.829040839000072, 24.214290812000058 ], [ 91.829131493000091, 24.21429358600011 ], [ 91.829216004000102, 24.214296342000182 ], [ 91.829307556000174, 24.214410782000016 ], [ 91.8294448850001, 24.21471595700018 ], [ 91.829505920000088, 24.214853288000086 ], [ 91.829543183000055, 24.214882011000043 ], [ 91.829597001000081, 24.214924 ], [ 91.8297390030001, 24.214977863000172 ], [ 91.829886999000109, 24.21515700100008 ], [ 91.830038457000171, 24.215617313000109 ], [ 91.830048938000061, 24.21562306900006 ], [ 91.830131999000116, 24.215632998999979 ], [ 91.830250546000059, 24.215622892000169 ], [ 91.83026100100011, 24.215622 ], [ 91.830297301000087, 24.215660275000118 ], [ 91.830353001000105, 24.215719 ], [ 91.830520999000157, 24.215907999000024 ], [ 91.830666000000122, 24.215903999000034 ], [ 91.830749827000091, 24.215902430000028 ], [ 91.830933, 24.215899 ], [ 91.830960619000109, 24.215929094000103 ], [ 91.831077576000098, 24.216056824000191 ], [ 91.831092834000117, 24.216165542000113 ], [ 91.831078442000148, 24.216250992000084 ], [ 91.831062, 24.216347 ], [ 91.831000123000194, 24.216506111000115 ], [ 91.830971000000147, 24.21658100000019 ], [ 91.83102567800006, 24.216646935000028 ], [ 91.83103917800014, 24.216663137000126 ], [ 91.831146, 24.216745 ], [ 91.831189111000185, 24.216771406000134 ], [ 91.831305999000051, 24.216842999000107 ], [ 91.831368437000094, 24.216940464000118 ], [ 91.831428528000174, 24.217035293000038 ], [ 91.831470759000013, 24.217112214999986 ], [ 91.831481884000141, 24.217132786000036 ], [ 91.83145904600002, 24.217235565000067 ], [ 91.83142089800009, 24.217330932000095 ], [ 91.831481933000077, 24.217475891000049 ], [ 91.831481933000077, 24.217590332000043 ], [ 91.831480793000139, 24.217616564000082 ], [ 91.831474, 24.217766 ], [ 91.831519999000193, 24.21796200100016 ], [ 91.831413000000111, 24.218103 ], [ 91.831320154000082, 24.21812447200017 ], [ 91.831253052000022, 24.218139649000079 ], [ 91.831172146000085, 24.218148984999971 ], [ 91.831154011000137, 24.218151038000087 ], [ 91.831214958000089, 24.218343866000055 ], [ 91.831266002000064, 24.218337723000161 ], [ 91.831345001000102, 24.218328001000032 ], [ 91.831635, 24.218246000000136 ], [ 91.831734390000065, 24.218214149000062 ], [ 91.831894000000148, 24.218163000000175 ], [ 91.831955, 24.218363000000181 ], [ 91.83213024000014, 24.218324785000164 ], [ 91.832221985, 24.218227385999967 ], [ 91.832351684000173, 24.218166350999979 ], [ 91.832476976000066, 24.218222732000129 ], [ 91.832504100000165, 24.218234993000181 ], [ 91.832519781000144, 24.218233659000077 ], [ 91.832657, 24.218222 ], [ 91.83274820000014, 24.218360941000128 ], [ 91.832924000000105, 24.218309 ], [ 91.833023000000139, 24.218214000000103 ], [ 91.833038148000128, 24.2180599510001 ], [ 91.833137615000112, 24.218027126000095 ], [ 91.833320619000119, 24.218050003000144 ], [ 91.833280786000159, 24.218271924000135 ], [ 91.833266999000159, 24.218347999000116 ], [ 91.833326192000186, 24.218311357000118 ], [ 91.833351134999987, 24.218296051999971 ], [ 91.833427429000096, 24.218252182000072 ], [ 91.833441827000058, 24.21825629600005 ], [ 91.8335340000001, 24.218283000000156 ], [ 91.833571425000116, 24.218350559000157 ], [ 91.833611, 24.218422 ], [ 91.833725001, 24.218515 ], [ 91.833747043000074, 24.21844551900017 ], [ 91.833770867999988, 24.218370414000105 ], [ 91.833877563000044, 24.218349457000045 ], [ 91.834075927000129, 24.218353272000115 ], [ 91.834155776000046, 24.218338754000172 ], [ 91.834176235000086, 24.218329464000078 ], [ 91.834335327000076, 24.218246460000159 ], [ 91.834441153000114, 24.218295845000057 ], [ 91.834541001000048, 24.218342 ], [ 91.834663001000195, 24.218399000000147 ], [ 91.837417605000041, 24.219680816000164 ], [ 91.837529507000056, 24.221256778000168 ], [ 91.837532048000185, 24.221292517000052 ], [ 91.837546999000097, 24.221456999000111 ], [ 91.837593, 24.222042000000158 ], [ 91.837448000000165, 24.222115999000152 ], [ 91.837318001000142, 24.222338001000026 ], [ 91.837112, 24.222731001000056 ], [ 91.837103136000053, 24.222780956000179 ], [ 91.83709, 24.222855 ], [ 91.837117961000104, 24.222978957000123 ], [ 91.83707400100019, 24.223068000000126 ], [ 91.8370796210001, 24.223099621000131 ], [ 91.83709, 24.223158000000126 ], [ 91.83710912000015, 24.22316317700006 ], [ 91.837462999000024, 24.223259 ], [ 91.83743902000009, 24.223402075000138 ], [ 91.837432891000049, 24.223438090000172 ], [ 91.837265000000116, 24.223577000000148 ], [ 91.837051311000096, 24.223823643 ], [ 91.837218999000129, 24.223885 ], [ 91.837725428000169, 24.223956355000155 ], [ 91.837852227000099, 24.223976096000115 ], [ 91.837872267000137, 24.223984575000031 ], [ 91.837982177000185, 24.224031448000062 ], [ 91.838027954000154, 24.224124908000192 ], [ 91.837983857000154, 24.224158348000117 ], [ 91.837799001000121, 24.224298001000022 ], [ 91.837729999000089, 24.224422 ], [ 91.837524001000133, 24.224581 ], [ 91.837474120000195, 24.22467855900004 ], [ 91.837456, 24.22471399900013 ], [ 91.837468586000057, 24.224775256000157 ], [ 91.837471000000107, 24.224787 ], [ 91.837631, 24.224762000000112 ], [ 91.837733480000111, 24.22487540100019 ], [ 91.837752974000125, 24.224897026000122 ], [ 91.837585001000036, 24.225067000000138 ], [ 91.837478085000043, 24.225141969000049 ], [ 91.837333746000127, 24.225242570000091 ], [ 91.837204, 24.225023001000125 ], [ 91.837123135000184, 24.224928950000105 ], [ 91.83711219900016, 24.224916231000179 ], [ 91.836807283000155, 24.224967951 ], [ 91.836794047000126, 24.225041402000159 ], [ 91.836777001000144, 24.225138001000062 ], [ 91.836792, 24.225231001000111 ], [ 91.836861001000159, 24.225526999000067 ], [ 91.836916485000131, 24.225636139000073 ], [ 91.836952076000159, 24.225705993000133 ], [ 91.837076124000077, 24.225695580000092 ], [ 91.837357, 24.225672 ], [ 91.837677000999975, 24.225612999000077 ], [ 91.837882999000158, 24.225834001000067 ], [ 91.83798195900016, 24.226125878000175 ], [ 91.838046161000136, 24.226206925000042 ], [ 91.838180999000144, 24.22637700100006 ], [ 91.838411195000162, 24.226500022000039 ], [ 91.838485999000113, 24.22654000000017 ], [ 91.83859975200005, 24.226531166000143 ], [ 91.838691711000081, 24.226524353000173 ], [ 91.83904266400009, 24.226400376000129 ], [ 91.83925621200018, 24.226320295000164 ], [ 91.839912001000187, 24.227228 ], [ 91.840166408000186, 24.227346038000064 ], [ 91.843895000000146, 24.229076000000191 ], [ 91.844263468000065, 24.229007093000064 ], [ 91.844787999, 24.228909001000147 ], [ 91.846177765000107, 24.228578769000023 ], [ 91.847472840000023, 24.228271038 ], [ 91.844719188000113, 24.225845167000102 ], [ 91.844776580000087, 24.225806714000043 ], [ 91.844909998999981, 24.225718 ], [ 91.845725999000194, 24.225054000000114 ], [ 91.845940001000145, 24.224722001000089 ], [ 91.846006215000102, 24.224483332000148 ], [ 91.846031001000199, 24.224394 ], [ 91.845970001000126, 24.224180000000104 ], [ 91.845947, 24.224107999000125 ], [ 91.845634150000137, 24.22386911500007 ], [ 91.845410350000122, 24.223738593000064 ], [ 91.845291012000189, 24.22366900600008 ], [ 91.844726999000159, 24.223480000999984 ], [ 91.844118112000103, 24.223437850000153 ], [ 91.843658448000099, 24.223405839000065 ], [ 91.843527215000165, 24.223380528000064 ], [ 91.843391000000167, 24.223353999000039 ], [ 91.843303731000162, 24.223337637000157 ], [ 91.843231200999981, 24.223323822000168 ], [ 91.843183363000151, 24.223284955000054 ], [ 91.84317000100009, 24.223274001 ], [ 91.842911, 24.223066000000131 ], [ 91.84273801900008, 24.222849087000043 ], [ 91.842658996000182, 24.222749711000176 ], [ 91.842575073000091, 24.222362518000182 ], [ 91.84257636100017, 24.222314849000043 ], [ 91.842582999, 24.22208 ], [ 91.842598042000134, 24.221969021000064 ], [ 91.842628480000144, 24.221748351000087 ], [ 91.842638049000129, 24.221680167000102 ], [ 91.842643999000074, 24.221640001000026 ], [ 91.842676145000098, 24.221425386000078 ], [ 91.842712402000132, 24.22118568500008 ], [ 91.842803030000198, 24.220940811000048 ], [ 91.842911, 24.220650001000138 ], [ 91.842938544000049, 24.220538605000172 ], [ 91.842979431000117, 24.220375062000073 ], [ 91.843254754999975, 24.220252936000065 ], [ 91.843589783000198, 24.220224380000047 ], [ 91.843751000000111, 24.220300511000175 ], [ 91.843933, 24.22038700000013 ], [ 91.844315001000155, 24.220672999000101 ], [ 91.844388167000147, 24.220727385000146 ], [ 91.84465, 24.220922001000076 ], [ 91.844873, 24.221076818000029 ], [ 91.845085, 24.221224001000053 ], [ 91.845558, 24.221434001000034 ], [ 91.8459170000001, 24.221456999000111 ], [ 91.846150970999986, 24.221457520000115 ], [ 91.84636700100009, 24.22145800100003 ], [ 91.846589984000161, 24.221457520000115 ], [ 91.84683200000012, 24.221456999000111 ], [ 91.847389820000103, 24.22144696200013 ], [ 91.847610474000078, 24.221443177000083 ], [ 91.84768302700013, 24.221462398000142 ], [ 91.848122000000103, 24.221579001000123 ], [ 91.84856400100017, 24.221539 ], [ 91.848785965000047, 24.221483090000049 ], [ 91.848961, 24.221439000000146 ], [ 91.849250999000162, 24.221335999000075 ], [ 91.849548015000039, 24.221102005000091 ], [ 91.85141, 24.221478 ], [ 91.851501100000121, 24.22149676500004 ], [ 91.851977046000059, 24.220357438000178 ], [ 91.852630999000041, 24.218792000000178 ], [ 91.852684, 24.218655001000116 ], [ 91.854347321000148, 24.217045261000123 ], [ 91.854918999000176, 24.21649200000013 ], [ 91.856378148000033, 24.214850646 ], [ 91.856873000000121, 24.214294000000166 ], [ 91.856743, 24.2143 ], [ 91.855864317000055, 24.214345048000098 ], [ 91.853271484, 24.214477540000075 ], [ 91.852318909000189, 24.214576608000073 ], [ 91.853317, 24.214146000000142 ], [ 91.853973841000141, 24.213916685000129 ], [ 91.854224999000166, 24.213829001000136 ], [ 91.854494693000049, 24.213704526000072 ], [ 91.854576000000122, 24.213667000000157 ], [ 91.854888999000195, 24.213433999000131 ], [ 91.85508700000014, 24.21320500000013 ], [ 91.855093076000117, 24.212693810000076 ], [ 91.855095000000119, 24.212532001000113 ], [ 91.855078297000034, 24.212296706000075 ], [ 91.855071999000074, 24.212208 ], [ 91.855070056000159, 24.212183002000074 ], [ 91.855057000000158, 24.212014999000132 ], [ 91.854698, 24.211824 ], [ 91.854569883000067, 24.211805003000165 ], [ 91.854407998999989, 24.211781001000134 ], [ 91.853945200000169, 24.211888398000042 ], [ 91.853516000000184, 24.21198799900003 ], [ 91.853058001000022, 24.21207399900004 ], [ 91.852745000000141, 24.212200001000156 ], [ 91.852493, 24.21238100100004 ], [ 91.851974001000031, 24.213012999000114 ], [ 91.851938227000119, 24.213043944000106 ], [ 91.851684569999975, 24.213262558000054 ], [ 91.851379395000038, 24.213323594000144 ], [ 91.851091944000189, 24.213346138000077 ], [ 91.85099, 24.213354 ], [ 91.850953159000142, 24.213356763000149 ], [ 91.850830079000104, 24.213365556000042 ], [ 91.850387574000138, 24.213283539000145 ], [ 91.850082397000051, 24.213077545000147 ], [ 91.849761962000059, 24.212890626000046 ], [ 91.84971700400007, 24.212794820999989 ], [ 91.849602000000175, 24.212549 ], [ 91.849579, 24.212193999000192 ], [ 91.849648001000162, 24.211817 ], [ 91.849714006, 24.211678569000185 ], [ 91.849792481, 24.211515427 ], [ 91.850166443000091, 24.210986724000065 ], [ 91.850235000000168, 24.21089 ], [ 91.850297685000101, 24.210791660999973 ], [ 91.850555419000102, 24.210388184000124 ], [ 91.85103607200017, 24.209930420000035 ], [ 91.851252541000065, 24.20973447800003 ], [ 91.851478999000108, 24.209530000000143 ], [ 91.851783999000133, 24.209257 ], [ 91.85199, 24.209007001000145 ], [ 91.852048247000141, 24.208805432000077 ], [ 91.852066001000196, 24.208744000000138 ], [ 91.852043000000151, 24.208575999000175 ], [ 91.85203530300015, 24.208502617000136 ], [ 91.852027999000086, 24.20843300100006 ], [ 91.851883286000088, 24.208094396000035 ], [ 91.851822001000073, 24.20795100100014 ], [ 91.851555000000133, 24.207802001000061 ], [ 91.851318098000036, 24.207800001000066 ], [ 91.851058999000031, 24.207940999000016 ], [ 91.851046751000069, 24.207953576000079 ], [ 91.850608826000155, 24.208402633000048 ], [ 91.850341797000169, 24.208709718000136 ], [ 91.850181579000093, 24.208868027000165 ], [ 91.850154622000048, 24.208870902000172 ], [ 91.849663, 24.208923 ], [ 91.849374665000084, 24.208779281000091 ], [ 91.849342347000118, 24.20876312300004 ], [ 91.84928894, 24.208686829000101 ], [ 91.849174499000071, 24.20852851900014 ], [ 91.849091106000174, 24.208284924000168 ], [ 91.84903, 24.208105001000092 ], [ 91.848888677000048, 24.207410478000099 ], [ 91.848808001000123, 24.207014001000061 ], [ 91.850433001000113, 24.207092 ], [ 91.850188999000181, 24.204448999000135 ], [ 91.850082181, 24.203599911000026 ], [ 91.849914781000052, 24.202270801 ], [ 91.849880540000129, 24.202239630000179 ], [ 91.849625000000117, 24.202007001000027 ], [ 91.84750393000013, 24.200040999000066 ], [ 91.847427000000152, 24.200040999000066 ], [ 91.846626068000148, 24.200042999000061 ], [ 91.84649868200006, 24.200281722 ], [ 91.846145793000119, 24.200942689000101 ], [ 91.846000987000195, 24.200726003999989 ], [ 91.845802000000162, 24.200783000000115 ], [ 91.845791517000123, 24.200790483000105 ], [ 91.845215000999985, 24.201202000000137 ], [ 91.844551001000127, 24.201821999000174 ], [ 91.844317908000107, 24.201934984000047 ], [ 91.844093323000095, 24.202043533000051 ], [ 91.843925476000152, 24.202125549000073 ], [ 91.843429565000065, 24.202159881000057 ], [ 91.842834472000106, 24.20210266100014 ], [ 91.842262268000013, 24.201837541000032 ], [ 91.841974548000053, 24.201551350999978 ], [ 91.841904, 24.201481000000115 ], [ 91.841942000000188, 24.201101005000055 ], [ 91.842117108000082, 24.200786951000168 ], [ 91.842445001000158, 24.200640000000192 ], [ 91.842773001000126, 24.200581000000113 ], [ 91.843065282000055, 24.200498516000039 ], [ 91.843262000000152, 24.20044300100011 ], [ 91.843711940000105, 24.200262026000189 ], [ 91.843744818000118, 24.200234600000044 ], [ 91.843918001000191, 24.200090000000159 ], [ 91.844131001000051, 24.199875000000134 ], [ 91.844299000000149, 24.199568001000046 ], [ 91.84436, 24.199116001000107 ], [ 91.843925711999987, 24.198227027000087 ], [ 91.843636000000174, 24.197633999000061 ], [ 91.843795999000179, 24.197448999000187 ], [ 91.843834, 24.197340001000043 ], [ 91.84384644, 24.197274747000165 ], [ 91.843887001000098, 24.197062001000177 ], [ 91.843903152999985, 24.19696559900018 ], [ 91.843918001000191, 24.196876999000153 ], [ 91.844047767000063, 24.196695327000043 ], [ 91.844200134000175, 24.196695327000043 ], [ 91.84427596200004, 24.196735136000029 ], [ 91.844238, 24.196871000000101 ], [ 91.844223001000159, 24.197008001000142 ], [ 91.844153999000127, 24.197179999000127 ], [ 91.844206171000053, 24.197250319000091 ], [ 91.844223001000159, 24.197273001000042 ], [ 91.84426299200004, 24.197324465 ], [ 91.844345001000136, 24.197430001000043 ], [ 91.844566, 24.197533000000135 ], [ 91.844714110000041, 24.197557281000115 ], [ 91.844749, 24.197563000000116 ], [ 91.844848999000078, 24.197580001 ], [ 91.844974531, 24.197576276000177 ], [ 91.845085, 24.197572999000158 ], [ 91.845184085000142, 24.197492863000093 ], [ 91.845192949000136, 24.197478589000184 ], [ 91.845261000000164, 24.197369001000141 ], [ 91.8452, 24.197096001000148 ], [ 91.845070001000067, 24.196843999000066 ], [ 91.844903772000123, 24.19657333300006 ], [ 91.84487915, 24.196533202000182 ], [ 91.844866868000054, 24.19649993500019 ], [ 91.844787999, 24.196285000000103 ], [ 91.844742, 24.196051 ], [ 91.844704001000196, 24.195843 ], [ 91.844724115000076, 24.195774609000068 ], [ 91.844749452000144, 24.195690154999966 ], [ 91.844841004000045, 24.195627212000034 ], [ 91.844929332000106, 24.195568328000093 ], [ 91.844978001000129, 24.195536000000118 ], [ 91.8451538650001, 24.19557597000005 ], [ 91.845163008000043, 24.195616539000127 ], [ 91.845184001000121, 24.19571100100012 ], [ 91.845245001000194, 24.195819999000094 ], [ 91.845280350000166, 24.19593707000007 ], [ 91.845322, 24.196075000000121 ], [ 91.845363476000102, 24.19612074600019 ], [ 91.845389999000076, 24.196149999 ], [ 91.845497000000137, 24.196149999 ], [ 91.845524698000133, 24.196141458000113 ], [ 91.845604082000136, 24.196116398000186 ], [ 91.845633999000199, 24.195896 ], [ 91.845605806000094, 24.195652596000173 ], [ 91.845602952000036, 24.195632169000135 ], [ 91.845558167000149, 24.195425033000049 ], [ 91.845536632000062, 24.195325817000025 ], [ 91.845505000000117, 24.195179 ], [ 91.845568023000112, 24.195137621000072 ], [ 91.845603942000139, 24.195114136000029 ], [ 91.845817567000154, 24.195362092000096 ], [ 91.845993043000078, 24.195547104000127 ], [ 91.84604513000005, 24.195505295000146 ], [ 91.84613800000011, 24.195430999000052 ], [ 91.846151944000155, 24.195407849000048 ], [ 91.846191, 24.195343001000026 ], [ 91.846153001000175, 24.195196001000113 ], [ 91.846153001000175, 24.195030000000145 ], [ 91.846153001000175, 24.194740001000071 ], [ 91.846114999000065, 24.194463999000163 ], [ 91.846137982000073, 24.194368080000118 ], [ 91.846084999000027, 24.19408200100014 ], [ 91.846039, 24.193801999000073 ], [ 91.846062001000121, 24.193701000000146 ], [ 91.846223436000059, 24.193657908000148 ], [ 91.846313277000093, 24.193634087000021 ], [ 91.846473999000068, 24.193684001000065 ], [ 91.846583924000015, 24.193651983000109 ], [ 91.846680000000163, 24.193624001000103 ], [ 91.846809062000034, 24.193573193000134 ], [ 91.84690099900007, 24.193537000999982 ], [ 91.846985294000035, 24.193462947000114 ], [ 91.847007916000109, 24.193443076000108 ], [ 91.847115001000191, 24.193247 ], [ 91.847126986000035, 24.193191968000122 ], [ 91.847136999000043, 24.193146001000173 ], [ 91.847078174000046, 24.193094943000176 ], [ 91.847031, 24.193054001000178 ], [ 91.846916000000135, 24.192986999000141 ], [ 91.846829018000051, 24.19297698000014 ], [ 91.846725001000095, 24.192965001000118 ], [ 91.846451001000162, 24.193026001000192 ], [ 91.846351544000186, 24.193074333000084 ], [ 91.846236999000041, 24.193130000000167 ], [ 91.846092288000193, 24.193048162000139 ], [ 91.846107483000139, 24.192972183000165 ], [ 91.846336364000138, 24.192701340000042 ], [ 91.846481323000148, 24.192523957000049 ], [ 91.846588135000104, 24.192354202000104 ], [ 91.846603557000151, 24.192306650999967 ], [ 91.846611000000166, 24.192284000000143 ], [ 91.84662041200005, 24.192250434000016 ], [ 91.846664001000192, 24.192095000000165 ], [ 91.846625999000025, 24.19195 ], [ 91.846565078000083, 24.191881089000105 ], [ 91.846432236000112, 24.191878042000155 ], [ 91.846160888000043, 24.191871644000116 ], [ 91.845809937000013, 24.191867829000103 ], [ 91.845729904000052, 24.191853085000105 ], [ 91.845520001000182, 24.191814001000068 ], [ 91.84538300000014, 24.191696001000082 ], [ 91.845361441000023, 24.191567347000102 ], [ 91.845352173000151, 24.191511154000182 ], [ 91.845373150000057, 24.191390541000032 ], [ 91.845375, 24.191380000000152 ], [ 91.84567300100008, 24.191193000000112 ], [ 91.845683357000041, 24.191157690000068 ], [ 91.845694999000102, 24.191117999000028 ], [ 91.845627, 24.191006001000176 ], [ 91.845548726000175, 24.190935822000142 ], [ 91.845481999000071, 24.19087599900007 ], [ 91.845467000000156, 24.190785999000127 ], [ 91.845459001000108, 24.190599000000191 ], [ 91.845314000000144, 24.190455999000164 ], [ 91.845298999000192, 24.190290000000175 ], [ 91.84523788700011, 24.190183875 ], [ 91.845016479000094, 24.190137863000132 ], [ 91.845004451000193, 24.190101777000166 ], [ 91.844994, 24.190069001000097 ], [ 91.844803000000127, 24.18993 ], [ 91.844948001000148, 24.189894 ], [ 91.845109077000131, 24.189673535000054 ], [ 91.845146110000087, 24.189622973000155 ], [ 91.845172516000162, 24.189616521000175 ], [ 91.84536700100017, 24.189569 ], [ 91.845387133000031, 24.189471951000087 ], [ 91.845406, 24.189381000000139 ], [ 91.845454437000114, 24.18936130600008 ], [ 91.845497132000162, 24.189344405000043 ], [ 91.84558868400012, 24.189352036000059 ], [ 91.845764160000044, 24.189388275000113 ], [ 91.845825680000189, 24.189365206000048 ], [ 91.845856000000197, 24.189354 ], [ 91.845998056000042, 24.189267788000166 ], [ 91.846169000000145, 24.189241 ], [ 91.846252000000106, 24.18923 ], [ 91.846276578000186, 24.189204967000023 ], [ 91.846306001000016, 24.189175000000148 ], [ 91.846389975000079, 24.189024043000188 ], [ 91.846449871000061, 24.189045007000118 ], [ 91.846503999000106, 24.189063999000098 ], [ 91.846525493000058, 24.18907200700005 ], [ 91.846656999000118, 24.189121000000114 ], [ 91.84673279000009, 24.189142959000037 ], [ 91.846764000000178, 24.189152 ], [ 91.846778999000094, 24.189051000000177 ], [ 91.846776909000084, 24.189030086000059 ], [ 91.846771239000191, 24.188970564999977 ], [ 91.84676801400019, 24.188926205000087 ], [ 91.846764000000178, 24.188866001000065 ], [ 91.846774891000109, 24.188803618000122 ], [ 91.846786500000121, 24.18873977700008 ], [ 91.846923913000182, 24.188606118000109 ], [ 91.846970001000102, 24.188507000000129 ], [ 91.846998796000094, 24.18849613499998 ], [ 91.847076, 24.188467001000106 ], [ 91.847145001000172, 24.188385000000153 ], [ 91.847150788000022, 24.188369314000056 ], [ 91.847176001000093, 24.188301000000138 ], [ 91.847115001000191, 24.188232001000188 ], [ 91.84719100000018, 24.188093000000151 ], [ 91.847196504000067, 24.188083584000083 ], [ 91.847228999000038, 24.188028 ], [ 91.847366, 24.188006999000038 ], [ 91.847343008000109, 24.187908033000042 ], [ 91.847244000000103, 24.18788300000017 ], [ 91.847196884000141, 24.187831011000014 ], [ 91.847099304000039, 24.187723158999972 ], [ 91.847137451000094, 24.18754959100005 ], [ 91.847147128000074, 24.187540397000134 ], [ 91.847213979, 24.187477022000166 ], [ 91.847282, 24.187454 ], [ 91.847304281000049, 24.187408294000136 ], [ 91.847320998999976, 24.187373999000044 ], [ 91.847292484000036, 24.187224980000053 ], [ 91.847290039000086, 24.187211990000094 ], [ 91.84726715000005, 24.187139512000101 ], [ 91.84722903300019, 24.186988948000078 ], [ 91.847274433000052, 24.186916904000157 ], [ 91.847404479000147, 24.186779023000042 ], [ 91.84751892200012, 24.18669509900019 ], [ 91.847538771000075, 24.186688150000066 ], [ 91.847672000000159, 24.186642000000177 ], [ 91.847794000000135, 24.186602001000153 ], [ 91.847887249000109, 24.18657109500009 ], [ 91.847968928000057, 24.186544024000057 ], [ 91.847930995000183, 24.186473999000043 ], [ 91.847725000000139, 24.186398 ], [ 91.847536406000131, 24.186310438000078 ], [ 91.847473182000044, 24.186281084000143 ], [ 91.847491301000048, 24.186223709000103 ], [ 91.847496, 24.186209001000122 ], [ 91.847509732000049, 24.186179730000106 ], [ 91.847610474000078, 24.185966492000034 ], [ 91.847657637000168, 24.185902482000074 ], [ 91.847663997000154, 24.185894006000069 ], [ 91.847892999000067, 24.18589 ], [ 91.848068, 24.185884000000158 ], [ 91.848083001000191, 24.18573 ], [ 91.847900001000141, 24.185526 ], [ 91.847861998999974, 24.185427001000107 ], [ 91.847868144000074, 24.185418302000187 ], [ 91.847939, 24.185318 ], [ 91.847931001, 24.185228 ], [ 91.847939957000051, 24.185191700000075 ], [ 91.847969, 24.1850740000001 ], [ 91.847969947000024, 24.185060026000031 ], [ 91.847977000000185, 24.184956000000113 ], [ 91.848075999000116, 24.184916000000158 ], [ 91.848166999000171, 24.184914001000095 ], [ 91.848251196000149, 24.185005089000185 ], [ 91.848327637000182, 24.185029983000106 ], [ 91.848374327000101, 24.185061109000173 ], [ 91.848464999000157, 24.185122001000082 ], [ 91.848671, 24.18516000000011 ], [ 91.848769999000183, 24.185264999000026 ], [ 91.848838588000092, 24.185309338000025 ], [ 91.848869001000196, 24.185328999000149 ], [ 91.848999, 24.185392001000025 ], [ 91.849250883000138, 24.185412990000088 ], [ 91.849236, 24.185204999000177 ], [ 91.849209546000054, 24.185108 ], [ 91.849197388000107, 24.185062409000125 ], [ 91.849205686000062, 24.184989807000136 ], [ 91.849213000000134, 24.184929000000182 ], [ 91.849335204000113, 24.18487101900007 ], [ 91.849349983000195, 24.184864010000126 ], [ 91.849236, 24.184608001000186 ], [ 91.849357615000088, 24.184486384000138 ], [ 91.84942138100007, 24.184453616000098 ], [ 91.849494999000115, 24.184416000000169 ], [ 91.849532056000044, 24.184366321000084 ], [ 91.849586486000135, 24.184293746000037 ], [ 91.849670410000158, 24.184207917000094 ], [ 91.849765569000112, 24.184120076000056 ], [ 91.849800718000097, 24.18409107400015 ], [ 91.849892001000114, 24.184017 ], [ 91.849906424000153, 24.183964595000077 ], [ 91.849921975000086, 24.183908096000096 ], [ 91.849785, 24.183748000000151 ], [ 91.849770001000138, 24.183613001000083 ], [ 91.849779615000045, 24.18355269000017 ], [ 91.849792481, 24.183475495000096 ], [ 91.849832633000176, 24.183427815000073 ], [ 91.849853999000175, 24.183403001000102 ], [ 91.849968000000104, 24.183346001000189 ], [ 91.850197, 24.183366999000157 ], [ 91.850303999000062, 24.183132001000104 ], [ 91.850242080000044, 24.183102486000053 ], [ 91.850196991000132, 24.183080747000133 ], [ 91.850193631000195, 24.182990892000021 ], [ 91.850189209000177, 24.182867049000038 ], [ 91.850418090000176, 24.182739258000026 ], [ 91.850494384000115, 24.182687761000125 ], [ 91.85055534300011, 24.182502981000084 ], [ 91.850840075, 24.182486933000177 ], [ 91.851105000000189, 24.182472001000178 ], [ 91.851196, 24.182457000000113 ], [ 91.851161162000039, 24.182346567000138 ], [ 91.85114300000015, 24.182289001000129 ], [ 91.851109886000074, 24.182271171000082 ], [ 91.851013183000134, 24.182218551000176 ], [ 91.850998151000113, 24.182164060000048 ], [ 91.850983, 24.182108001000074 ], [ 91.851032724000049, 24.182021716000122 ], [ 91.851051175000066, 24.181989938000186 ], [ 91.851173000000131, 24.181945999 ], [ 91.851219001000118, 24.181961000000115 ], [ 91.851265000000126, 24.181975999000031 ], [ 91.851360803000148, 24.181961342000136 ], [ 91.851448000000119, 24.181947999000158 ], [ 91.851512072000105, 24.181977314000051 ], [ 91.851600648000158, 24.182018280000023 ], [ 91.85165717600006, 24.182051531000013 ], [ 91.851730001000135, 24.182095000000174 ], [ 91.851833525000131, 24.182070392000071 ], [ 91.851852001000111, 24.182066 ], [ 91.851861236000047, 24.182016360000034 ], [ 91.851868, 24.181979999000134 ], [ 91.851901491000092, 24.181941809000023 ], [ 91.851982116000102, 24.181850434000182 ], [ 91.85206053100012, 24.1818053450001 ], [ 91.852135000000146, 24.181763 ], [ 91.852191401000084, 24.181738516000166 ], [ 91.852264404000039, 24.18170738200007 ], [ 91.852348017999986, 24.181770093000182 ], [ 91.852370994000125, 24.18188896800018 ], [ 91.85228, 24.182030000000111 ], [ 91.852257018000103, 24.182239839000147 ], [ 91.85238934500012, 24.18231195400017 ], [ 91.852462768000066, 24.182352065000032 ], [ 91.85248078300009, 24.18236507600011 ], [ 91.852531, 24.182401999000092 ], [ 91.852637881000078, 24.18243377500005 ], [ 91.852752684999984, 24.182468415000073 ], [ 91.85282419300006, 24.182516086000192 ], [ 91.852866999000071, 24.182545000000118 ], [ 91.852862359000198, 24.182569442000158 ], [ 91.852836999000033, 24.182702999000128 ], [ 91.852874967000162, 24.182811906000154 ], [ 91.853012025000169, 24.182868973000154 ], [ 91.853065000000186, 24.182808 ], [ 91.853105874000164, 24.182747348000134 ], [ 91.853126808000127, 24.18271628500014 ], [ 91.853202820000035, 24.182693481000058 ], [ 91.853230280000162, 24.182723884000154 ], [ 91.853256000000158, 24.182753000000105 ], [ 91.853401, 24.182855998999969 ], [ 91.853546000000165, 24.182816000000116 ], [ 91.853582473000074, 24.182799203000059 ], [ 91.853622437000183, 24.182781220000095 ], [ 91.853633327000011, 24.182786080000142 ], [ 91.853835999000125, 24.182877 ], [ 91.85391996200002, 24.182910986000024 ], [ 91.8539119080001, 24.182936153000071 ], [ 91.853874001000065, 24.183054000000141 ], [ 91.853912224000112, 24.18314919400018 ], [ 91.854110718000186, 24.183303831999979 ], [ 91.854133607000051, 24.183439256000042 ], [ 91.854143997, 24.183508518000053 ], [ 91.854156232000037, 24.183591816000046 ], [ 91.85424, 24.183525001000078 ], [ 91.854346999000086, 24.183439000000192 ], [ 91.854396399000109, 24.183401148000087 ], [ 91.854424000000165, 24.183380000000113 ], [ 91.85456122700009, 24.183284333000074 ], [ 91.854599001000167, 24.183258000000137 ], [ 91.85466000100007, 24.183176 ], [ 91.854671907000181, 24.183160209000107 ], [ 91.854752000000133, 24.183054000000141 ], [ 91.854874000000109, 24.182993 ], [ 91.854931448000059, 24.182975046000138 ], [ 91.855033874000185, 24.182943345000126 ], [ 91.855209350000166, 24.183084487000087 ], [ 91.855300904000103, 24.183172226000124 ], [ 91.855319910000048, 24.183190555000124 ], [ 91.855354, 24.183224001000042 ], [ 91.855476087000113, 24.183297994000043 ], [ 91.855572261000077, 24.183290440000121 ], [ 91.85566704900009, 24.18328292800004 ], [ 91.855728, 24.183191001000182 ], [ 91.855742993000149, 24.183107044000053 ], [ 91.855629, 24.183029 ], [ 91.855484000000104, 24.18294299900009 ], [ 91.855224999000086, 24.182867000000101 ], [ 91.855263001000026, 24.182741001000068 ], [ 91.855346331000192, 24.182638440000176 ], [ 91.855354012000191, 24.182628998000098 ], [ 91.855637000000172, 24.182568 ], [ 91.855783491000125, 24.18255912300009 ], [ 91.855835001000116, 24.182556001000023 ], [ 91.855926757000077, 24.182489178000083 ], [ 91.855927000000179, 24.182415000000162 ], [ 91.855796999000177, 24.182282999000165 ], [ 91.855734811, 24.18224852600008 ], [ 91.855704999000011, 24.182232000000113 ], [ 91.855591001, 24.182177 ], [ 91.855438995000043, 24.182100677 ], [ 91.855354380000051, 24.182058191000067 ], [ 91.855400086000088, 24.181964874000073 ], [ 91.8554460000002, 24.181883 ], [ 91.855447590000153, 24.181857805000163 ], [ 91.855453491000162, 24.181772233 ], [ 91.855537366000078, 24.181593048000025 ], [ 91.855576247000045, 24.181598118000068 ], [ 91.855651855000076, 24.181608200000028 ], [ 91.855773926000154, 24.181730271000106 ], [ 91.855964660000097, 24.181684494000137 ], [ 91.856017885000142, 24.181724411000175 ], [ 91.856071001000089, 24.181764999000109 ], [ 91.856156997000141, 24.181771730000094 ], [ 91.856185913000047, 24.181774140000073 ], [ 91.856376647000161, 24.181789399000024 ], [ 91.856460571000184, 24.181837081000083 ], [ 91.856521606000172, 24.181919097000105 ], [ 91.856620788000043, 24.182046891000027 ], [ 91.856666565000182, 24.182161331000088 ], [ 91.85664094800012, 24.182319832000132 ], [ 91.856636033000143, 24.182350022000151 ], [ 91.856683207000117, 24.18238099500013 ], [ 91.85673508300016, 24.182414983000115 ], [ 91.856766981000135, 24.18240820300008 ], [ 91.856895195000106, 24.182380845000125 ], [ 91.856995, 24.182301000000166 ], [ 91.857051623000075, 24.182109230000094 ], [ 91.857101429000124, 24.181942027000048 ], [ 91.857193001000041, 24.181947999000158 ], [ 91.857404234, 24.182056737000096 ], [ 91.85742981400017, 24.182069905000162 ], [ 91.85759000000013, 24.182108001000074 ], [ 91.857745238000177, 24.181994719000159 ], [ 91.857848999000169, 24.181918999000061 ], [ 91.857887000000176, 24.181735999000068 ], [ 91.857910755000091, 24.181669051000029 ], [ 91.857963999000049, 24.181519 ], [ 91.858048894000092, 24.181495968000149 ], [ 91.858093262000182, 24.181484222000108 ], [ 91.8587021620001, 24.181520560000081 ], [ 91.859275965000108, 24.181554997000148 ], [ 91.859398000000169, 24.181774001000178 ], [ 91.859445370000174, 24.181796968000185 ], [ 91.859497000000147, 24.181822000000125 ], [ 91.859741037, 24.181940006000161 ], [ 91.85997, 24.181975999000031 ], [ 91.860090835000165, 24.181864199000188 ], [ 91.860184000000174, 24.181778001000168 ], [ 91.860286424000094, 24.181632452000088 ], [ 91.860298033999982, 24.181616001000066 ], [ 91.860412724000071, 24.181621985000049 ], [ 91.860443044000078, 24.181726216000015 ], [ 91.860447223000165, 24.181746198999974 ], [ 91.860512000000142, 24.182056000000159 ], [ 91.86055, 24.182178000000135 ], [ 91.860618999000167, 24.182228001000055 ], [ 91.860816951000061, 24.182327122000174 ], [ 91.860803520000104, 24.182360523 ], [ 91.860740999000143, 24.182516000000192 ], [ 91.860725138000191, 24.182564609000053 ], [ 91.860709999000051, 24.182610999000133 ], [ 91.860648998999977, 24.182833001000063 ], [ 91.860643615000072, 24.18285813100016 ], [ 91.860634000000118, 24.182903 ], [ 91.860705970000197, 24.182946561 ], [ 91.860840001000156, 24.183007999000154 ], [ 91.86092054400018, 24.182976337000184 ], [ 91.861129999000184, 24.182894001000136 ], [ 91.861223162000158, 24.182831235000094 ], [ 91.861366, 24.182734999000104 ], [ 91.861452662000147, 24.18266234400005 ], [ 91.861465154000143, 24.182651824000061 ], [ 91.861490719000187, 24.182622195000192 ], [ 91.861571965000167, 24.182527967 ], [ 91.861381999000059, 24.182342991000155 ], [ 91.861372874000097, 24.182291663000171 ], [ 91.861366, 24.182252999000184 ], [ 91.861366, 24.182077093000032 ], [ 91.861214000000132, 24.181953001000068 ], [ 91.861092000000156, 24.181814 ], [ 91.861041714000066, 24.181734549999987 ], [ 91.860992502000101, 24.181655997000178 ], [ 91.861281999000141, 24.181654001000027 ], [ 91.861373999000136, 24.181800999000075 ], [ 91.861511000000178, 24.181969 ], [ 91.861628745000075, 24.181962503000136 ], [ 91.861656001000199, 24.181961000000115 ], [ 91.861778, 24.181891999000186 ], [ 91.861815367000077, 24.181827455000132 ], [ 91.861854999000116, 24.181759 ], [ 91.861992, 24.181723000000147 ], [ 91.862068030999978, 24.181953040000167 ], [ 91.862121974000104, 24.182023967000077 ], [ 91.862213000000168, 24.182006999000066 ], [ 91.862328000000105, 24.181949999000153 ], [ 91.86245, 24.181886999000085 ], [ 91.86245, 24.181646312000169 ], [ 91.862538947000075, 24.181637416000171 ], [ 91.862564, 24.181635000000142 ], [ 91.862709046000191, 24.181501388000072 ], [ 91.862752483000122, 24.181544102000089 ], [ 91.862823178000042, 24.181613897000091 ], [ 91.863181999000176, 24.181405999000106 ], [ 91.863207495000154, 24.181399192000129 ], [ 91.863388, 24.181351001000166 ], [ 91.863617798000064, 24.181277389000115 ], [ 91.86374685300018, 24.18123604800013 ], [ 91.86378486000001, 24.181127872000104 ], [ 91.863731001000076, 24.181077999000138 ], [ 91.863601984000184, 24.181018979000044 ], [ 91.863503000000151, 24.180892999000093 ], [ 91.863456999000164, 24.180811001000052 ], [ 91.863572880000049, 24.18069365700012 ], [ 91.863853455000083, 24.180410384000027 ], [ 91.863968934000184, 24.180330189000074 ], [ 91.863991, 24.180315000000178 ], [ 91.864181999000095, 24.180139999000176 ], [ 91.864292104000072, 24.180178246000025 ], [ 91.864372000000117, 24.180206001000101 ], [ 91.864438670000141, 24.180211833000044 ], [ 91.864532, 24.180220000000133 ], [ 91.86455415000006, 24.180259756 ], [ 91.864570999000136, 24.180289999000138 ], [ 91.864746000000139, 24.18033400000013 ], [ 91.864769220000142, 24.180331613000192 ], [ 91.864853001000199, 24.180322999 ], [ 91.86498089600002, 24.180224285000179 ], [ 91.865058971, 24.180164023000032 ], [ 91.865061916000172, 24.180143785000098 ], [ 91.865089417000036, 24.179956436000168 ], [ 91.865111381000077, 24.179838938000046 ], [ 91.865128000000141, 24.179752001 ], [ 91.865044000000125, 24.179575001000103 ], [ 91.864975352000101, 24.179488389000085 ], [ 91.864936828000111, 24.179439546000026 ], [ 91.86492531600004, 24.179419398000107 ], [ 91.864861, 24.179306001000043 ], [ 91.864792001000126, 24.179073 ], [ 91.864788971000053, 24.179004484000075 ], [ 91.864784241000052, 24.178892136 ], [ 91.864913940000179, 24.178728103000026 ], [ 91.865005494000116, 24.178644181000038 ], [ 91.865073764000101, 24.178565670000182 ], [ 91.865120001000093, 24.178512999000191 ], [ 91.865140789000066, 24.178452985000035 ], [ 91.86517333900008, 24.178359986000032 ], [ 91.865218238000125, 24.178293501000155 ], [ 91.865273001000162, 24.178212999000039 ], [ 91.865336678000176, 24.178169012000069 ], [ 91.865425001000119, 24.178108000000179 ], [ 91.865753001000087, 24.178000999000119 ], [ 91.865788834999989, 24.177977629000111 ], [ 91.865822, 24.177956 ], [ 91.865982, 24.17783 ], [ 91.86611908500015, 24.177749882000171 ], [ 91.866172887000175, 24.177673164000055 ], [ 91.866085022000107, 24.177597020000178 ], [ 91.865997315000016, 24.177520751000145 ], [ 91.865977776000079, 24.177446666000151 ], [ 91.865952055000037, 24.177347209000175 ], [ 91.866030446000195, 24.177351128000055 ], [ 91.866066000000103, 24.177353 ], [ 91.866310023000153, 24.177371987000072 ], [ 91.866343811000093, 24.177351924000106 ], [ 91.86646996800016, 24.177276926000161 ], [ 91.866432, 24.17719100100004 ], [ 91.86638399900005, 24.177165679999973 ], [ 91.866341000000148, 24.177143 ], [ 91.866279809000162, 24.177049833000069 ], [ 91.866269973000044, 24.177041148000171 ], [ 91.866134999000053, 24.17692200100015 ], [ 91.866123002000052, 24.176915608000058 ], [ 91.866027953000071, 24.176864690000116 ], [ 91.86601300000018, 24.176763999000059 ], [ 91.866024134000043, 24.176714401000027 ], [ 91.86603546200007, 24.17666626100015 ], [ 91.86610795200005, 24.176623973 ], [ 91.866127000000176, 24.176612998999985 ], [ 91.866394, 24.176578999000014 ], [ 91.866554000000178, 24.176577000000123 ], [ 91.866776001000176, 24.176598 ], [ 91.867065000000196, 24.17675 ], [ 91.867133999000089, 24.17687999900005 ], [ 91.867218, 24.177071001000058 ], [ 91.867316999000138, 24.177247999000144 ], [ 91.867353698000102, 24.177312885000163 ], [ 91.86738600100017, 24.177370001000099 ], [ 91.86745500000012, 24.177477000000181 ], [ 91.867521785000065, 24.177528672000165 ], [ 91.867644999000106, 24.177624 ], [ 91.867692969000188, 24.177593476000027 ], [ 91.867744001000119, 24.177561 ], [ 91.867729, 24.177198 ], [ 91.867752036000184, 24.176961978000179 ], [ 91.867778154, 24.176945135000153 ], [ 91.867858968000121, 24.176893022000172 ], [ 91.867862172000059, 24.176879891000056 ], [ 91.867889403999982, 24.176769256000057 ], [ 91.868331909000119, 24.176563264000038 ], [ 91.868553162000012, 24.176582337000127 ], [ 91.868596876000083, 24.176609161000044 ], [ 91.868636923000111, 24.176633953000135 ], [ 91.868604287000096, 24.176657847000172 ], [ 91.868530001000181, 24.176712001 ], [ 91.868408103000036, 24.176776945000086 ], [ 91.868446, 24.1769010000001 ], [ 91.868511491000049, 24.17692710200015 ], [ 91.86858399900018, 24.176956 ], [ 91.868660452000199, 24.176960218000033 ], [ 91.868728869999984, 24.176963992000026 ], [ 91.868848640000124, 24.177060125000025 ], [ 91.869019, 24.177197 ], [ 91.869194005000054, 24.177330002000076 ], [ 91.869277999000076, 24.17733599900015 ], [ 91.86936224100009, 24.177281889000085 ], [ 91.869415000000117, 24.177247999000144 ], [ 91.868880999000055, 24.176958 ], [ 91.868855278000183, 24.176944463000098 ], [ 91.868805, 24.176918001 ], [ 91.868839102000038, 24.176897283000073 ], [ 91.868911744000059, 24.17685318000008 ], [ 91.868967285999986, 24.17685722900012 ], [ 91.869094999000197, 24.176867000000129 ], [ 91.869194001000039, 24.176983001000053 ], [ 91.86922712400019, 24.176948133 ], [ 91.869270000000199, 24.176903 ], [ 91.869302457000117, 24.176837613000089 ], [ 91.869339001000128, 24.176763999000059 ], [ 91.86939290100014, 24.176678521000099 ], [ 91.869438171000184, 24.176607133000061 ], [ 91.869743261000167, 24.176485098000171 ], [ 91.869770824000057, 24.176495364000118 ], [ 91.869896, 24.176542 ], [ 91.869980904000045, 24.176571581000132 ], [ 91.870116999000174, 24.17661900100012 ], [ 91.870293000000117, 24.176634 ], [ 91.870330999000146, 24.176435001000186 ], [ 91.870275449000133, 24.176240171000074 ], [ 91.87026214500014, 24.176193237000064 ], [ 91.870273111000131, 24.176167195000062 ], [ 91.870293000000117, 24.176121 ], [ 91.870308001000183, 24.175948999000127 ], [ 91.870308001000183, 24.175848 ], [ 91.870293000000117, 24.175704999000175 ], [ 91.870503907000057, 24.175510075000034 ], [ 91.870834351000042, 24.175205230000131 ], [ 91.870860305000065, 24.175181130000112 ], [ 91.87088800000015, 24.175156000000129 ], [ 91.870985750000045, 24.175188888000037 ], [ 91.871116999000151, 24.175146 ], [ 91.871189857000161, 24.175107751000155 ], [ 91.871276967000085, 24.175062018000176 ], [ 91.871285236000119, 24.175046618000181 ], [ 91.871330001, 24.174963001000094 ], [ 91.871350789000132, 24.174863290000076 ], [ 91.871383999000045, 24.174704 ], [ 91.871459969000114, 24.174633030000052 ], [ 91.871469595000178, 24.174637039000118 ], [ 91.871574001000113, 24.174680999000032 ], [ 91.871584381000105, 24.174674681000056 ], [ 91.871665955000083, 24.174625398000103 ], [ 91.871771801000136, 24.174633818000132 ], [ 91.871834, 24.174639000000184 ], [ 91.872016909000195, 24.174716962000048 ], [ 91.872070976000145, 24.174939984000048 ], [ 91.872077999000112, 24.174969000000146 ], [ 91.872131000000138, 24.175044999000136 ], [ 91.872207641000159, 24.175113678 ], [ 91.872268677000079, 24.175226211 ], [ 91.872327659000121, 24.175327790000154 ], [ 91.872337071, 24.1753440600001 ], [ 91.872482001000094, 24.175467999000148 ], [ 91.872551, 24.175308000000143 ], [ 91.872604000000194, 24.175241 ], [ 91.872771999000122, 24.175056 ], [ 91.872932001000038, 24.174877000000151 ], [ 91.873131, 24.17468800100005 ], [ 91.873230001000195, 24.174590999000031 ], [ 91.87336, 24.174570001000063 ], [ 91.873444001000109, 24.174612 ], [ 91.87348026900014, 24.174613157000067 ], [ 91.873695, 24.174619999000129 ], [ 91.873767109000028, 24.174635368000054 ], [ 91.873817, 24.174646 ], [ 91.87387680900008, 24.174629254000081 ], [ 91.873916999000187, 24.174617999000134 ], [ 91.873893759000055, 24.174506292000046 ], [ 91.873885770000186, 24.174469023000086 ], [ 91.873802186000034, 24.174476624000079 ], [ 91.873754568000152, 24.17448095300017 ], [ 91.873718001000043, 24.174484000000177 ], [ 91.873638395000057, 24.17449901100008 ], [ 91.87354292700013, 24.174516649999987 ], [ 91.873527999000146, 24.174444001000154 ], [ 91.873588999000049, 24.17438099900005 ], [ 91.873764, 24.174225 ], [ 91.873969935000105, 24.174003888000016 ], [ 91.873832252, 24.173770689000037 ], [ 91.873810000000105, 24.173733 ], [ 91.873772001000077, 24.173668000000134 ], [ 91.873855999000114, 24.173634001000096 ], [ 91.873969894000197, 24.17353089900007 ], [ 91.873786998000185, 24.173358993000079 ], [ 91.873770537000155, 24.17330156100013 ], [ 91.873695373000146, 24.173038484000074 ], [ 91.873611450000055, 24.172861100000148 ], [ 91.873639499000149, 24.17273137400008 ], [ 91.873641980000059, 24.172719997000115 ], [ 91.873459, 24.172687999000118 ], [ 91.87332200100019, 24.172778999000059 ], [ 91.873264490000111, 24.172816380000029 ], [ 91.873221999000066, 24.172843999000065 ], [ 91.873062087000164, 24.172921959000121 ], [ 91.873001097999975, 24.172697068000105 ], [ 91.873062022000056, 24.172599970000078 ], [ 91.873161316000107, 24.172468185000071 ], [ 91.873214721000181, 24.172403336000116 ], [ 91.873296504999985, 24.172399246000168 ], [ 91.873367, 24.172396001000152 ], [ 91.873520049000035, 24.172349884000141 ], [ 91.873596191000104, 24.172327043000109 ], [ 91.873608625000088, 24.17232534700014 ], [ 91.873679999000103, 24.172316 ], [ 91.873884436000083, 24.172287220000101 ], [ 91.873912345000178, 24.172295583000164 ], [ 91.874107001000084, 24.172358999000096 ], [ 91.874145552000186, 24.172327958000096 ], [ 91.874184000000184, 24.172296999000139 ], [ 91.874236986000085, 24.172109959000124 ], [ 91.874206034000053, 24.172021176000101 ], [ 91.87419897500007, 24.172000991000118 ], [ 91.874031000000116, 24.171946001000038 ], [ 91.873962921999976, 24.171917177000125 ], [ 91.87389358300004, 24.17188780500004 ], [ 91.873830164000196, 24.17185815400012 ], [ 91.87381720000019, 24.171852093000098 ], [ 91.873781016000066, 24.171910893000131 ], [ 91.87373352000003, 24.171987533999982 ], [ 91.873504638999975, 24.172069551000106 ], [ 91.873367310000106, 24.171916961000136 ], [ 91.873390142, 24.171779960000038 ], [ 91.873572655000146, 24.171727856000189 ], [ 91.873611017000087, 24.171716904000164 ], [ 91.873620119000122, 24.171666846000107 ], [ 91.873627001000159, 24.171629000000166 ], [ 91.873611200000198, 24.17157411300019 ], [ 91.873588999000049, 24.171497000000102 ], [ 91.87344285100005, 24.171211388000074 ], [ 91.873436274000142, 24.171198480000101 ], [ 91.873444001000109, 24.171119999000098 ], [ 91.873553406000042, 24.171086520000074 ], [ 91.873576848000198, 24.171079439000096 ], [ 91.873593914000196, 24.171074283000053 ], [ 91.873626710000053, 24.171064376000174 ], [ 91.873840301000087, 24.170969023 ], [ 91.873857663000081, 24.170970359000137 ], [ 91.87397, 24.170979001000148 ], [ 91.874068881000142, 24.171037930000125 ], [ 91.873878479000041, 24.17118453900008 ], [ 91.873868111000036, 24.171192553000026 ], [ 91.873846974000173, 24.171208886000045 ], [ 91.873823049000066, 24.171227374000182 ], [ 91.873792869000056, 24.171251966000057 ], [ 91.873739086000114, 24.171326804000046 ], [ 91.873731072000169, 24.171337971000185 ], [ 91.873703041000056, 24.171377038000116 ], [ 91.873932, 24.171585000999983 ], [ 91.874001000000135, 24.171553001 ], [ 91.874002990000122, 24.171529928000155 ], [ 91.874015244000077, 24.17138777800011 ], [ 91.874041989000034, 24.17133719200018 ], [ 91.874061886, 24.171305183000129 ], [ 91.874178136000012, 24.171278993000101 ], [ 91.874320985000054, 24.171247482000069 ], [ 91.874412537000183, 24.171302795000088 ], [ 91.874493826000048, 24.171461987000157 ], [ 91.874502832000076, 24.17147966400006 ], [ 91.874514155000043, 24.171488667 ], [ 91.874603, 24.171546999000043 ], [ 91.874646419000157, 24.171541927000192 ], [ 91.874812012000064, 24.171522584000058 ], [ 91.874920769000084, 24.171498185000132 ], [ 91.875000000000171, 24.17148 ], [ 91.875164814000129, 24.171442721000119 ], [ 91.875419921, 24.171413010000094 ], [ 91.875495925999985, 24.171276040000123 ], [ 91.875475800000117, 24.171223305000126 ], [ 91.875449992000085, 24.171155993000013 ], [ 91.87542978100015, 24.171131337000133 ], [ 91.875359, 24.171045000000163 ], [ 91.875267241000188, 24.171015258000011 ], [ 91.875245208000024, 24.171008011000026 ], [ 91.875213622000103, 24.170997620000151 ], [ 91.87513507500006, 24.170969567000043 ], [ 91.875053440000158, 24.170940159000111 ], [ 91.875092337000069, 24.170659540000088 ], [ 91.875106170000095, 24.170560810999973 ], [ 91.875093793000019, 24.170458290000113 ], [ 91.875091225000176, 24.170439194000153 ], [ 91.875085489000071, 24.170396532000154 ], [ 91.875076293000177, 24.170328141000084 ], [ 91.875152589000095, 24.170301438000138 ], [ 91.875268090000134, 24.170311062000053 ], [ 91.875335801000176, 24.170316983000077 ], [ 91.875347582000188, 24.170348401000183 ], [ 91.875381, 24.17043900300007 ], [ 91.875390622000168, 24.17048109600006 ], [ 91.875396999000088, 24.170509 ], [ 91.875442927000165, 24.170581885000161 ], [ 91.875593610000067, 24.170561192000093 ], [ 91.875758435000137, 24.170536887000139 ], [ 91.875839000000155, 24.170525001000044 ], [ 91.875898570000118, 24.170477344000119 ], [ 91.875954, 24.17043299900007 ], [ 91.875988528000107, 24.170404132999977 ], [ 91.876015000000166, 24.170382 ], [ 91.876041863000125, 24.17037880200013 ], [ 91.876098959000046, 24.170371743000146 ], [ 91.876091642000063, 24.170328310000059 ], [ 91.876083002000087, 24.170277010000063 ], [ 91.875954849000038, 24.170245933000047 ], [ 91.875885001000142, 24.170229000000177 ], [ 91.875884256000177, 24.170213772000125 ], [ 91.875870092000071, 24.169922059999976 ], [ 91.87588395400013, 24.169921048999981 ], [ 91.875913854000146, 24.169918866999978 ], [ 91.875954, 24.169915999000125 ], [ 91.876074161000133, 24.169934193000188 ], [ 91.876205, 24.169954001000065 ], [ 91.876250840000125, 24.169896870000059 ], [ 91.876208125000062, 24.169861907000097 ], [ 91.875992432000032, 24.169685354000137 ], [ 91.875922978000176, 24.169649989000106 ], [ 91.87590683600007, 24.169641801000182 ], [ 91.87585400100005, 24.169614999000089 ], [ 91.875793557, 24.169599558000129 ], [ 91.875717000000179, 24.16958000000011 ], [ 91.875504000000149, 24.169524999000089 ], [ 91.875344207000126, 24.169432630000188 ], [ 91.875267031000135, 24.169388018000063 ], [ 91.875212056000123, 24.169384232000084 ], [ 91.875092221000102, 24.169376015000182 ], [ 91.874950537000075, 24.169408150000095 ], [ 91.874915999000052, 24.169416 ], [ 91.874874004000048, 24.169436997999981 ], [ 91.874832001000073, 24.169458000000134 ], [ 91.874803446999977, 24.16951887800019 ], [ 91.874785560000191, 24.169556569000065 ], [ 91.874778747000107, 24.169570924000084 ], [ 91.874717786000076, 24.169668080000122 ], [ 91.874707453000042, 24.169672394000145 ], [ 91.874682169000096, 24.169682738000063 ], [ 91.874669746000052, 24.169687820000149 ], [ 91.874633790000075, 24.169702530000109 ], [ 91.874609146000182, 24.16969944900012 ], [ 91.874585463000074, 24.169696489000046 ], [ 91.874552461000178, 24.169692364000184 ], [ 91.874541042000033, 24.16969052100012 ], [ 91.874530364000066, 24.169685464000111 ], [ 91.874397, 24.169622001000107 ], [ 91.874346048000064, 24.169631385000173 ], [ 91.874314449000053, 24.169637126000055 ], [ 91.874221833000036, 24.169653033000031 ], [ 91.874185516000125, 24.169659949000049 ], [ 91.874054299000193, 24.169684936000067 ], [ 91.874051601000133, 24.169667250000032 ], [ 91.874048647000052, 24.169647881000117 ], [ 91.874038048000159, 24.16957302600008 ], [ 91.874023438000052, 24.16946983400004 ], [ 91.874061630000142, 24.169429440000101 ], [ 91.874122733000149, 24.169365281000182 ], [ 91.874079792000089, 24.169266920000155 ], [ 91.874023000000193, 24.169138001000022 ], [ 91.87394, 24.169121000000132 ], [ 91.873872085000187, 24.169105054000056 ], [ 91.87382505100004, 24.169094012000073 ], [ 91.873809965000021, 24.169081973 ], [ 91.873796982000101, 24.169071612000153 ], [ 91.873710973000186, 24.169002771000066 ], [ 91.87370328999998, 24.168935546000057 ], [ 91.873695373000146, 24.168863296000154 ], [ 91.873707296000134, 24.16881381800016 ], [ 91.87371057200005, 24.168800220999969 ], [ 91.873713687000077, 24.168787295000186 ], [ 91.873734, 24.168705 ], [ 91.873916999000187, 24.168478001000153 ], [ 91.873977322000144, 24.168323524000073 ], [ 91.873921455000186, 24.168284172000028 ], [ 91.873862977000158, 24.168243000000132 ], [ 91.873773967000091, 24.168242550000116 ], [ 91.873664857000108, 24.168241501000125 ], [ 91.873458862, 24.168302537000045 ], [ 91.873397827000019, 24.168220520000091 ], [ 91.873386223000125, 24.168197088000113 ], [ 91.873299000000145, 24.16801999900008 ], [ 91.873299000000145, 24.167885000000183 ], [ 91.873314768000171, 24.167868402000067 ], [ 91.873374230000138, 24.167805809000129 ], [ 91.873429, 24.167832 ], [ 91.873455642000124, 24.16784506900018 ], [ 91.873481751000043, 24.167858124000134 ], [ 91.873576796000179, 24.167960806000053 ], [ 91.873695, 24.168089 ], [ 91.873775176000095, 24.168075753999972 ], [ 91.873810000000105, 24.16807 ], [ 91.873955001000127, 24.168011000000149 ], [ 91.874184000000184, 24.167841001 ], [ 91.874282999000116, 24.167786001000081 ], [ 91.87439962600007, 24.167761313000028 ], [ 91.874420086000157, 24.167757050000091 ], [ 91.874433017000058, 24.167764438000177 ], [ 91.874503835000098, 24.16780490400015 ], [ 91.874576412000124, 24.167806978000158 ], [ 91.874684008000145, 24.167809918000046 ], [ 91.874693373000127, 24.167777706000038 ], [ 91.874701972000196, 24.167734139000061 ], [ 91.874730620000093, 24.167674892000036 ], [ 91.874748000000125, 24.167639000000122 ], [ 91.874726224000085, 24.167630977000044 ], [ 91.874634, 24.167596999000068 ], [ 91.874517170000047, 24.167501334000065 ], [ 91.874496001000125, 24.167484001000162 ], [ 91.874464296000099, 24.167440632000023 ], [ 91.874386528000059, 24.167331895000189 ], [ 91.874282779000055, 24.167119800000137 ], [ 91.874252009000031, 24.167091904000131 ], [ 91.874211776000152, 24.167055481000034 ], [ 91.874175806000039, 24.167022917 ], [ 91.874105714000109, 24.166993042000115 ], [ 91.874054, 24.166971001000149 ], [ 91.873962152000104, 24.167012931000102 ], [ 91.873967079000067, 24.167136784000093 ], [ 91.873969994000049, 24.167207850000125 ], [ 91.873916626000096, 24.167493821000051 ], [ 91.873779297000169, 24.167470933000118 ], [ 91.873726014000113, 24.167394814000147 ], [ 91.873732477000033, 24.167308199000161 ], [ 91.873740983000175, 24.167194214000062 ], [ 91.873687875000087, 24.16712587000012 ], [ 91.873662774000195, 24.167099998000083 ], [ 91.873558038000056, 24.166992040000025 ], [ 91.873550414000135, 24.166790008000191 ], [ 91.87367201700016, 24.166695007000044 ], [ 91.873714804000087, 24.166709454000113 ], [ 91.873748967000154, 24.166720988000179 ], [ 91.873792294000111, 24.166680691000124 ], [ 91.87389123700018, 24.166588574000059 ], [ 91.874000685000169, 24.166475328000104 ], [ 91.874267578000172, 24.166536331000088 ], [ 91.874448723000114, 24.166530371000135 ], [ 91.874557001000198, 24.166527 ], [ 91.874604756000167, 24.166527593000069 ], [ 91.874718000000144, 24.166529 ], [ 91.87476794600019, 24.166498413000113 ], [ 91.874846896000122, 24.166450064000117 ], [ 91.87480178900006, 24.166243559000179 ], [ 91.874793999000076, 24.166207999000108 ], [ 91.874777358000074, 24.166192083 ], [ 91.874725000000183, 24.166142 ], [ 91.874677329000065, 24.166135743000154 ], [ 91.874565, 24.166121 ], [ 91.874524496999982, 24.166073496000081 ], [ 91.874481238000044, 24.166023237000104 ], [ 91.874649048000094, 24.165941239000063 ], [ 91.874763488000156, 24.165777206000087 ], [ 91.87483215400016, 24.165473939000094 ], [ 91.874835466000093, 24.165463818000092 ], [ 91.874847603000092, 24.165426732000185 ], [ 91.874865694000107, 24.165371453000148 ], [ 91.874895634000097, 24.165259433000131 ], [ 91.874853659000053, 24.165223520999973 ], [ 91.874832001000073, 24.165205000000128 ], [ 91.874619000999985, 24.165203000000133 ], [ 91.874615788000199, 24.165177165000046 ], [ 91.87459585400012, 24.165017444000057 ], [ 91.874562777000165, 24.164892486000042 ], [ 91.874542002000112, 24.164814004000107 ], [ 91.874495841000112, 24.164594308000062 ], [ 91.87446486500005, 24.164460256000154 ], [ 91.874433251000085, 24.164328155000135 ], [ 91.874342494000132, 24.164177648000077 ], [ 91.874267874000168, 24.163912748000143 ], [ 91.874214693000113, 24.164069148000124 ], [ 91.874191076000045, 24.164138774000037 ], [ 91.874135417000161, 24.164133806000166 ], [ 91.874084051000182, 24.164129005 ], [ 91.87406480500016, 24.164117511000143 ], [ 91.873947190000138, 24.164047112000105 ], [ 91.873982364000199, 24.163949207000087 ], [ 91.874062061000132, 24.16372904300016 ], [ 91.874170649000064, 24.16370626000014 ], [ 91.874190854, 24.163702029000035 ], [ 91.874232543000176, 24.163690625000186 ], [ 91.874274916000047, 24.163679024000032 ], [ 91.874411225000074, 24.163566291000166 ], [ 91.874548726000171, 24.163452377000169 ], [ 91.874574432000145, 24.163431080000123 ], [ 91.874610899000061, 24.16340086800011 ], [ 91.874551256000188, 24.163329146000024 ], [ 91.874261211000089, 24.163285852000172 ], [ 91.874221475000184, 24.163279931000091 ], [ 91.874157175000164, 24.163271541000142 ], [ 91.874137965000159, 24.163269035000098 ], [ 91.873939515000075, 24.163505554000039 ], [ 91.873832702000072, 24.16351890500016 ], [ 91.873741150000114, 24.163503647000141 ], [ 91.873723089000123, 24.163466618000029 ], [ 91.873718001000043, 24.163456 ], [ 91.873702359, 24.163417067000069 ], [ 91.873695373000146, 24.163326264000148 ], [ 91.873718120000149, 24.163271147000103 ], [ 91.873724641000081, 24.163255346000142 ], [ 91.873745610000128, 24.16320453700007 ], [ 91.87379499900004, 24.163086000000135 ], [ 91.873898586000166, 24.163043417999972 ], [ 91.874138001000176, 24.162945 ], [ 91.874162256000147, 24.162913813000046 ], [ 91.874229431000117, 24.162828445000059 ], [ 91.874275208000086, 24.162635804000047 ], [ 91.874389648000147, 24.162521363000053 ], [ 91.874481200000048, 24.162544252000089 ], [ 91.874572753999985, 24.162567138000043 ], [ 91.874677007000173, 24.162694388999967 ], [ 91.874698891000037, 24.162721146000138 ], [ 91.874779, 24.16279799900019 ], [ 91.874794048000183, 24.162805578000018 ], [ 91.874915913000052, 24.162866946000122 ], [ 91.874955113000112, 24.162868544999981 ], [ 91.874991850000015, 24.16286999600004 ], [ 91.875080715000195, 24.162837278000154 ], [ 91.87510168600005, 24.162829477000173 ], [ 91.875111353000079, 24.162825882000107 ], [ 91.874930491000043, 24.162696192000055 ], [ 91.874878000000194, 24.162613 ], [ 91.874824999000168, 24.162533001000156 ], [ 91.874769637000043, 24.162393020000025 ], [ 91.874701254000172, 24.162221500000044 ], [ 91.874611027000071, 24.16216092500008 ], [ 91.874625698000102, 24.162119126000107 ], [ 91.874632485000063, 24.162099978000072 ], [ 91.874641485000097, 24.162074585000028 ], [ 91.874654097000075, 24.162039528000093 ], [ 91.874664825000082, 24.162010474000169 ], [ 91.874678384000049, 24.162017818000038 ], [ 91.874755926000034, 24.162059960000136 ], [ 91.87488018800002, 24.162104186000079 ], [ 91.874920592000194, 24.162118477000092 ], [ 91.875023024000143, 24.16215470700007 ], [ 91.875028255000132, 24.162142307000124 ], [ 91.875076293000177, 24.162027360000138 ], [ 91.875141320000125, 24.16196233300019 ], [ 91.87516387800008, 24.161939776000168 ], [ 91.875175906000152, 24.161927748000039 ], [ 91.875227065000047, 24.161876935 ], [ 91.875293772000134, 24.161836647000086 ], [ 91.87534161800005, 24.161808539000049 ], [ 91.875366580000161, 24.161793874000182 ], [ 91.87538147000015, 24.161785126000154 ], [ 91.87544734800008, 24.161752187 ], [ 91.875565, 24.161694001000171 ], [ 91.875685369000109, 24.161620089999985 ], [ 91.875793001000147, 24.161554 ], [ 91.875877020000075, 24.161477286000093 ], [ 91.875885001000142, 24.161469999000133 ], [ 91.875942154000143, 24.161433678000037 ], [ 91.875992, 24.161402 ], [ 91.876137, 24.161427000000174 ], [ 91.876335309000069, 24.161581320000153 ], [ 91.87639607400007, 24.161643972000036 ], [ 91.876433920000181, 24.161629702000084 ], [ 91.876579000999982, 24.161575 ], [ 91.876578648000077, 24.161443080000083 ], [ 91.87655304000009, 24.161376367000173 ], [ 91.876540999000042, 24.161345000000154 ], [ 91.876531784000065, 24.161250996000035 ], [ 91.87652600600012, 24.161192049000192 ], [ 91.876520164, 24.161137135000104 ], [ 91.876512480000088, 24.161065139000186 ], [ 91.876510960000132, 24.16105090200017 ], [ 91.876475025000104, 24.160962700000141 ], [ 91.876434327000084, 24.160861968000177 ], [ 91.876441228000033, 24.160746363000101 ], [ 91.876441988000124, 24.160734185000138 ], [ 91.876460800000075, 24.160738888000083 ], [ 91.876492348, 24.160746775000121 ], [ 91.876643327000181, 24.160784520000163 ], [ 91.876709000000176, 24.160801000000106 ], [ 91.876726359000088, 24.160779099000138 ], [ 91.876785692000112, 24.160704054000064 ], [ 91.876816046000158, 24.160665661000166 ], [ 91.876829095000062, 24.160569104999979 ], [ 91.876831000000152, 24.160555000000159 ], [ 91.876808008000012, 24.160427042000038 ], [ 91.876791527000194, 24.160426030000167 ], [ 91.876773513000103, 24.160424926000076 ], [ 91.876625000000161, 24.160415999000122 ], [ 91.876571882, 24.160490053000046 ], [ 91.876512, 24.160517 ], [ 91.876441539000155, 24.160548612000184 ], [ 91.876385259000131, 24.160501096000132 ], [ 91.876320000000135, 24.160445999000103 ], [ 91.876325756000085, 24.160408014000097 ], [ 91.876331671000116, 24.160369562000085 ], [ 91.876334211000199, 24.160353052000175 ], [ 91.876464922000082, 24.160093154000151 ], [ 91.876365585000087, 24.160017083000128 ], [ 91.876355532000048, 24.160019357000181 ], [ 91.876175, 24.160060001000147 ], [ 91.876145744000098, 24.160011028000099 ], [ 91.87613839200003, 24.159998469000016 ], [ 91.876129266000191, 24.159982880000086 ], [ 91.876166401000148, 24.15996608800009 ], [ 91.876243869000177, 24.159931059000144 ], [ 91.876182999000093, 24.15983800000015 ], [ 91.876145791000056, 24.159808233000092 ], [ 91.876068001000192, 24.159746 ], [ 91.875954, 24.159687000000133 ], [ 91.875968958000044, 24.159578305000082 ], [ 91.87601792300012, 24.1595450800001 ], [ 91.876075088000164, 24.15950661300019 ], [ 91.876133317000097, 24.159450192000065 ], [ 91.876190185000155, 24.159395219000032 ], [ 91.876426814000126, 24.15931109700017 ], [ 91.876448455000059, 24.159166252000034 ], [ 91.876332691000073, 24.159185040000125 ], [ 91.876258892000067, 24.159196849000125 ], [ 91.876251592000187, 24.159187178000138 ], [ 91.876206055000068, 24.159126461000028 ], [ 91.876190906000147, 24.159106262000023 ], [ 91.876167309000039, 24.159074798000063 ], [ 91.876185351000117, 24.159063009000079 ], [ 91.876342772999976, 24.158960342 ], [ 91.876495307000198, 24.158884076000106 ], [ 91.876753655000073, 24.158947362 ], [ 91.876792990000013, 24.158956997000189 ], [ 91.876865852000037, 24.158916148000117 ], [ 91.87689978700007, 24.15889712000012 ], [ 91.87685007500005, 24.158840523000151 ], [ 91.876740269000038, 24.158715507000124 ], [ 91.876771498000039, 24.158654066000111 ], [ 91.876828790000161, 24.158541347000096 ], [ 91.876822704000176, 24.158491557000048 ], [ 91.876808002000189, 24.158411010000066 ], [ 91.876564, 24.158401001000186 ], [ 91.876419013000088, 24.158440472000166 ], [ 91.876373268000123, 24.158452926000166 ], [ 91.876354393000042, 24.158403380000152 ], [ 91.876343065000185, 24.158372960000122 ], [ 91.87638388400012, 24.158346718000075 ], [ 91.876395758, 24.158339161000072 ], [ 91.876408051000055, 24.158331338000039 ], [ 91.876426696000124, 24.158319474000109 ], [ 91.876609759000075, 24.158203153000159 ], [ 91.876620130000106, 24.158192586000098 ], [ 91.876649065000095, 24.158162982000135 ], [ 91.876680859000089, 24.158130453000183 ], [ 91.876693726000155, 24.158117294000078 ], [ 91.876703395000163, 24.158114438000041 ], [ 91.876715943000136, 24.158110731000136 ], [ 91.87675038500015, 24.158100555000033 ], [ 91.876862, 24.158067999000025 ], [ 91.87687427200018, 24.158016500000087 ], [ 91.876922949000061, 24.157812218000061 ], [ 91.877128926000125, 24.157873024000139 ], [ 91.877197049000131, 24.157844807000174 ], [ 91.877212502000077, 24.15778339700006 ], [ 91.877227247000178, 24.157692128000065 ], [ 91.876998873000105, 24.157636662000129 ], [ 91.876946763000035, 24.157498459000124 ], [ 91.876930000000186, 24.157454 ], [ 91.876740041000176, 24.157417586000122 ], [ 91.87661738900016, 24.157394074000081 ], [ 91.876602172000048, 24.157276153000055 ], [ 91.876663208000139, 24.157073975000174 ], [ 91.876650087000201, 24.15702476600012 ], [ 91.876646888000039, 24.157012773000076 ], [ 91.876632905000179, 24.156959987000164 ], [ 91.876482734000092, 24.156938446000083 ], [ 91.876388999000085, 24.156925001000104 ], [ 91.87620805600011, 24.156749130000037 ], [ 91.876175025000123, 24.156717024000045 ], [ 91.876185345000124, 24.156688003000056 ], [ 91.876226161000091, 24.156573395000123 ], [ 91.87623384800014, 24.156551809000121 ], [ 91.87609817800012, 24.156515499000136 ], [ 91.87599204300011, 24.156492009000146 ], [ 91.875992, 24.156414001000087 ], [ 91.875939549, 24.156390271000078 ], [ 91.875921619000167, 24.156382123000128 ], [ 91.875908105000065, 24.156375844000081 ], [ 91.876368677000187, 24.155685974000164 ], [ 91.876820885000143, 24.155008898000119 ], [ 91.876982605000194, 24.15476675900004 ], [ 91.877304077000133, 24.15428543000013 ], [ 91.877342224000188, 24.154222489000119 ], [ 91.877403057000151, 24.15397915300008 ], [ 91.877409852000085, 24.153997354000069 ], [ 91.877431, 24.154053999000041 ], [ 91.877448960000152, 24.154101892000028 ], [ 91.877514250000047, 24.154039607000129 ], [ 91.877585535000151, 24.153971445000138 ], [ 91.877585974000112, 24.153681321000136 ], [ 91.877581877000182, 24.153429093000057 ], [ 91.877579006000076, 24.153252352000095 ], [ 91.877602001000071, 24.15317 ], [ 91.877616428000124, 24.153113540000163 ], [ 91.877624971000046, 24.153080109000143 ], [ 91.877724001000047, 24.153060999000161 ], [ 91.877916071000129, 24.152996846000065 ], [ 91.877792001000159, 24.152889001000119 ], [ 91.877836215000116, 24.152869776000045 ], [ 91.877884, 24.152848999000184 ], [ 91.878081999000187, 24.152807000000166 ], [ 91.878087620000031, 24.152716395000027 ], [ 91.878089993000117, 24.152678131000073 ], [ 91.87808095600019, 24.152479626000115 ], [ 91.878074986000058, 24.152348923000034 ], [ 91.878052408000144, 24.152224384000135 ], [ 91.878044139000053, 24.152177861999974 ], [ 91.878097570000136, 24.152124431000118 ], [ 91.878242100000193, 24.152227121000067 ], [ 91.878269144000114, 24.152259880000031 ], [ 91.878364936000082, 24.152375922000033 ], [ 91.87842485900012, 24.152310253 ], [ 91.878415630000177, 24.152287411000088 ], [ 91.878365, 24.152181999000049 ], [ 91.878345012000182, 24.152147672000183 ], [ 91.878318999000101, 24.152103001000114 ], [ 91.878314569000054, 24.152057035000041 ], [ 91.87831320600003, 24.152042051000024 ], [ 91.878312269000048, 24.152031748000184 ], [ 91.878311191000137, 24.152019876000054 ], [ 91.878390003000106, 24.151968524000097 ], [ 91.878531999000131, 24.151876 ], [ 91.87855765, 24.151818082000091 ], [ 91.878562944000123, 24.151805985000067 ], [ 91.87851656800018, 24.151792182000065 ], [ 91.878478439000105, 24.151781045000121 ], [ 91.878453501000195, 24.151782821000097 ], [ 91.878394000000185, 24.151777 ], [ 91.878392407000092, 24.151761067000052 ], [ 91.878390001000071, 24.151737001000186 ], [ 91.878365053000152, 24.151510481000116 ], [ 91.878608704000158, 24.15163040300007 ], [ 91.878761291000103, 24.15175437900001 ], [ 91.878852946000109, 24.15182297400014 ], [ 91.878943890000187, 24.151717908000137 ], [ 91.879012999000111, 24.151638000000105 ], [ 91.878999843000088, 24.15162324400012 ], [ 91.878906, 24.151517999000191 ], [ 91.878692983000121, 24.151416916000073 ], [ 91.878688377000117, 24.151396195000075 ], [ 91.878685, 24.151381000000129 ], [ 91.878682127000104, 24.151368216000151 ], [ 91.878677369000059, 24.151346207000188 ], [ 91.878790788000117, 24.151262191000171 ], [ 91.878843865000192, 24.151222875000087 ], [ 91.878883130000133, 24.151193851000187 ], [ 91.878894339000055, 24.151180830000101 ], [ 91.879012990000035, 24.151042973000131 ], [ 91.879006483000126, 24.151026491000039 ], [ 91.878991123000105, 24.150987840000141 ], [ 91.878986657000098, 24.15097659900016 ], [ 91.87898286, 24.150967043000094 ], [ 91.87896258000012, 24.150973282000166 ], [ 91.878853000000106, 24.151006999000174 ], [ 91.87873100000013, 24.151067999000077 ], [ 91.878592445000152, 24.151173513000117 ], [ 91.878471457999979, 24.151265651000074 ], [ 91.878395081000178, 24.151193620000072 ], [ 91.878388020000045, 24.151160960000027 ], [ 91.878380072000084, 24.151123338000161 ], [ 91.878399030000026, 24.151044081000066 ], [ 91.878448001000095, 24.150841 ], [ 91.878470997000022, 24.150692022000158 ], [ 91.878341994000095, 24.150711007000041 ], [ 91.878281051000158, 24.150786839000091 ], [ 91.878167140000016, 24.150928138000154 ], [ 91.878194016000123, 24.150762855000039 ], [ 91.878227233000132, 24.150560380000115 ], [ 91.878242065000109, 24.150438019000035 ], [ 91.878245187000175, 24.150412502000108 ], [ 91.878247012000088, 24.150397589000022 ], [ 91.878257858000097, 24.150308877000157 ], [ 91.878228441000033, 24.150283137000145 ], [ 91.878096762000098, 24.150168535000091 ], [ 91.877996518000145, 24.150130748000095 ], [ 91.877968040000098, 24.150119861000178 ], [ 91.877979615000072, 24.150078588000042 ], [ 91.877990999000133, 24.150038 ], [ 91.878057582000054, 24.150047806000146 ], [ 91.878101189000176, 24.150054269000066 ], [ 91.878120118000083, 24.15005707500012 ], [ 91.878238070000066, 24.150131068000121 ], [ 91.878280880000034, 24.150157925000087 ], [ 91.878378007000151, 24.150090988000159 ], [ 91.878416015000141, 24.150064857000018 ], [ 91.878433228, 24.150053024000044 ], [ 91.878311157000155, 24.149888992000172 ], [ 91.878227233000132, 24.149726869000119 ], [ 91.878120423000155, 24.149646760000167 ], [ 91.878132585000117, 24.149639362000073 ], [ 91.878152947000046, 24.149626989000069 ], [ 91.878225868000129, 24.149582678 ], [ 91.878348915000061, 24.149507906000053 ], [ 91.878307806000123, 24.149462566000011 ], [ 91.878281, 24.149433000000101 ], [ 91.878279312000075, 24.149410622000175 ], [ 91.878258263000191, 24.149128075000135 ], [ 91.878387001000192, 24.149157000000173 ], [ 91.878453209000156, 24.149170816000037 ], [ 91.878501585000095, 24.149180915000102 ], [ 91.878625050000096, 24.149174785000127 ], [ 91.878799011000183, 24.149165945000107 ], [ 91.878820413000199, 24.149063326000032 ], [ 91.878837739000176, 24.14898021700003 ], [ 91.878828524000028, 24.148975782000093 ], [ 91.878785378000032, 24.148960697000177 ], [ 91.878746009000054, 24.148947003000103 ], [ 91.878636549000078, 24.148917202 ], [ 91.878554616000145, 24.148894664000125 ], [ 91.878546598000185, 24.14888837500007 ], [ 91.87846751, 24.148825764000094 ], [ 91.878454986000065, 24.148815849000073 ], [ 91.878418030000034, 24.148786592000079 ], [ 91.878431293000119, 24.148602628000106 ], [ 91.87844096300006, 24.148468505000096 ], [ 91.878387, 24.1484 ], [ 91.878373000000181, 24.148383 ], [ 91.878395573000034, 24.148317110000107 ], [ 91.878410282000061, 24.148275059000127 ], [ 91.878432235000048, 24.148213527000166 ], [ 91.878443779000122, 24.148181170000043 ], [ 91.878463852000095, 24.148124904000042 ], [ 91.878413469000066, 24.148091824000119 ], [ 91.878364930000089, 24.148060020000173 ], [ 91.878273486000126, 24.148084435000158 ], [ 91.878174072000093, 24.148110980000126 ], [ 91.877975303000085, 24.148052090000022 ], [ 91.877900131000047, 24.14799362399998 ], [ 91.877838231000112, 24.147945181000182 ], [ 91.877876213000036, 24.147855920000154 ], [ 91.878036236000071, 24.147794867000187 ], [ 91.87815039100019, 24.14773034600006 ], [ 91.878273, 24.147709 ], [ 91.878325201000052, 24.147695278000185 ], [ 91.878447883000092, 24.147663031000093 ], [ 91.878463199000123, 24.147633326 ], [ 91.878469235000068, 24.147621619000063 ], [ 91.878487, 24.147587000000101 ], [ 91.878415366000127, 24.14753218400017 ], [ 91.878372192000143, 24.147499084000117 ], [ 91.878340136000133, 24.147473585000057 ], [ 91.878288269000052, 24.147432214999981 ], [ 91.878288269000052, 24.147310258000118 ], [ 91.878379823000159, 24.147287369000082 ], [ 91.878608704000158, 24.147333144000072 ], [ 91.878822014000036, 24.147354094000036 ], [ 91.878828770000098, 24.147398433000035 ], [ 91.878837999000041, 24.147459001000072 ], [ 91.878830000000164, 24.147615 ], [ 91.878891779000071, 24.147633746000054 ], [ 91.878975, 24.1476589990001 ], [ 91.8790438810002, 24.147524757000042 ], [ 91.879111864000038, 24.147392265000065 ], [ 91.87910945100009, 24.147330826000029 ], [ 91.87910500300012, 24.147224083000026 ], [ 91.879097, 24.146919 ], [ 91.879051368000034, 24.146904039000162 ], [ 91.878973898000197, 24.146878913000023 ], [ 91.878810000000101, 24.146866000000159 ], [ 91.878654, 24.146854000000189 ], [ 91.878532085000131, 24.146835013000157 ], [ 91.878471375000061, 24.146776200000147 ], [ 91.878493130000038, 24.146715288999985 ], [ 91.878507104000107, 24.146676835000051 ], [ 91.878499717000125, 24.146598308000023 ], [ 91.878496332000111, 24.146573771000192 ], [ 91.878494263, 24.14655876300003 ], [ 91.878561151000042, 24.146461472000055 ], [ 91.878577580000069, 24.146437593000144 ], [ 91.878591514000163, 24.146411147000094 ], [ 91.878623999000069, 24.146349000000157 ], [ 91.878753920000122, 24.146223077000116 ], [ 91.878783475000148, 24.146224024000105 ], [ 91.878803290000121, 24.146224659000097 ], [ 91.879051100000197, 24.146232804000135 ], [ 91.879057879000129, 24.146219367000185 ], [ 91.879099, 24.146138000000121 ], [ 91.879105, 24.146126 ], [ 91.879128493999985, 24.146094252000069 ], [ 91.879142001000162, 24.146076000000164 ], [ 91.879172961000052, 24.146034042000053 ], [ 91.879179554000132, 24.146002868000153 ], [ 91.879188837000129, 24.145958815000142 ], [ 91.879339880000089, 24.145859855000083 ], [ 91.879394857000079, 24.145824093000158 ], [ 91.87943295600013, 24.14577255800009 ], [ 91.879457570000056, 24.145739329999969 ], [ 91.879470826000102, 24.145721436000088 ], [ 91.879692077000186, 24.145402909000154 ], [ 91.879730157000154, 24.145341981000058 ], [ 91.879837001000112, 24.145329000000174 ], [ 91.880096, 24.14563799900003 ], [ 91.880180000000166, 24.145759999000177 ], [ 91.880216461000032, 24.145810729000118 ], [ 91.880226152000034, 24.14582416200011 ], [ 91.880310832000134, 24.145915357000092 ], [ 91.880355897000015, 24.145963888000097 ], [ 91.880584999000178, 24.145876000000101 ], [ 91.880735298000104, 24.145906799000102 ], [ 91.880829001000109, 24.145926000000145 ], [ 91.880908135000084, 24.145946757 ], [ 91.880951001000085, 24.145958000000121 ], [ 91.880971367000143, 24.145963057000131 ], [ 91.88109509700007, 24.145993776000068 ], [ 91.881151149000118, 24.145967336000012 ], [ 91.88117184500004, 24.145957157000169 ], [ 91.881186670000147, 24.14594930100003 ], [ 91.881126213000186, 24.145820835000052 ], [ 91.881404633000102, 24.14560566200015 ], [ 91.881531110000196, 24.145507778000024 ], [ 91.881697999000039, 24.145171 ], [ 91.881850999000108, 24.144861001000038 ], [ 91.881980244000033, 24.144876153000098 ], [ 91.881995497000162, 24.144874933000153 ], [ 91.881958022000163, 24.144645956000147 ], [ 91.882203530000083, 24.144148627000106 ], [ 91.882330677000198, 24.14389121500011 ], [ 91.882342521999988, 24.143867236000176 ], [ 91.882347065000147, 24.143858039 ], [ 91.88253802100013, 24.143969024000057 ], [ 91.882566236000059, 24.144000917000142 ], [ 91.882606709000129, 24.144046674000094 ], [ 91.882723109000153, 24.143972864000034 ], [ 91.882818967000105, 24.143911660000128 ], [ 91.882840479000095, 24.143889776000094 ], [ 91.882930308000141, 24.143797349000181 ], [ 91.883017868000138, 24.14370713500017 ], [ 91.883118712000112, 24.143577825000136 ], [ 91.883202, 24.143470999000158 ], [ 91.883373942999981, 24.143345096000132 ], [ 91.883384705000196, 24.14333725 ], [ 91.883425150000051, 24.143319433000045 ], [ 91.88354500100013, 24.14326700100014 ], [ 91.883568543000138, 24.14323475700013 ], [ 91.883591002000117, 24.143203995000079 ], [ 91.883611574000042, 24.143145020000077 ], [ 91.883620996000104, 24.143118012000173 ], [ 91.883634571000073, 24.143008566000162 ], [ 91.883652005000101, 24.142867922000107 ], [ 91.883655084000054, 24.142817790000038 ], [ 91.883659363000163, 24.142753602000028 ], [ 91.883678118000034, 24.142675065000049 ], [ 91.883689958000105, 24.142626174000156 ], [ 91.883900999000105, 24.142711 ], [ 91.883910811000192, 24.142714924000018 ], [ 91.883920744000193, 24.142718898 ], [ 91.884010542000169, 24.142785739000146 ], [ 91.884041920000129, 24.142809767000188 ], [ 91.884145418000173, 24.142889021000144 ], [ 91.884298072000149, 24.14277252200003 ], [ 91.884309890000054, 24.142763679999973 ], [ 91.884377025000049, 24.142713889000049 ], [ 91.884405171000083, 24.142589422000128 ], [ 91.884422000000143, 24.142515001000106 ], [ 91.88440302000015, 24.142503149 ], [ 91.884208842000078, 24.142381896000188 ], [ 91.884174494000092, 24.142359447000047 ], [ 91.88405629600004, 24.142282193000028 ], [ 91.884010232000151, 24.142229324000027 ], [ 91.883950155000093, 24.142160371000102 ], [ 91.883941958000037, 24.14215064300015 ], [ 91.883919570000103, 24.14196327000019 ], [ 91.883896000000107, 24.141766 ], [ 91.88392722500015, 24.14171938800007 ], [ 91.883965001000035, 24.141662999000118 ], [ 91.884041579000154, 24.141628966000098 ], [ 91.884162455000023, 24.141575243000148 ], [ 91.884241386000099, 24.141521884000099 ], [ 91.884314892000134, 24.141472073000159 ], [ 91.884381170000097, 24.141358565000189 ], [ 91.88439183700018, 24.141340281000055 ], [ 91.884403198000143, 24.141299099000037 ], [ 91.884414947000153, 24.141256190000149 ], [ 91.884353999000098, 24.141140000000121 ], [ 91.884318821000193, 24.141057915000147 ], [ 91.884310839000079, 24.141039103000026 ], [ 91.884305304000065, 24.141026054000122 ], [ 91.88430023300009, 24.141014100000177 ], [ 91.886672974000192, 24.138689042000181 ], [ 91.886817933000032, 24.138702392000027 ], [ 91.88696289, 24.13872146600005 ], [ 91.887283325000169, 24.138727188000132 ], [ 91.887825013000054, 24.138561248000087 ], [ 91.887883647000081, 24.138558317000104 ], [ 91.887977889000069, 24.138554005000117 ], [ 91.88807702400004, 24.138573026000188 ], [ 91.888086903000044, 24.13858396400019 ], [ 91.888160706000178, 24.138666153000145 ], [ 91.888170031000186, 24.138677810000161 ], [ 91.888192278000133, 24.13870562000011 ], [ 91.888205998000046, 24.138722996000126 ], [ 91.888359, 24.139000000000181 ], [ 91.888710000000174, 24.139002000000119 ], [ 91.888793732000181, 24.138995287000057 ], [ 91.888909069000192, 24.138985975000139 ], [ 91.88894711800009, 24.138982903000056 ], [ 91.888993306000145, 24.138944504000165 ], [ 91.889029999000115, 24.138913999000067 ], [ 91.889090999000189, 24.138827999000057 ], [ 91.889133167000125, 24.138767500000085 ], [ 91.88914105300006, 24.138755039000046 ], [ 91.889235898000152, 24.138592176000145 ], [ 91.889275786999974, 24.138485560000049 ], [ 91.889312877000066, 24.138385908000146 ], [ 91.889252, 24.13831299900005 ], [ 91.889107000000138, 24.138216000000114 ], [ 91.889018308000118, 24.138174562000074 ], [ 91.888985013000081, 24.138158954 ], [ 91.888998000000186, 24.138113000000146 ], [ 91.889007870000114, 24.138077468 ], [ 91.889168, 24.137991001000046 ], [ 91.889549001000034, 24.137938 ], [ 91.889598785000089, 24.137928260000137 ], [ 91.889639314000135, 24.137920321000081 ], [ 91.889733385, 24.137848224000095 ], [ 91.889770998000188, 24.137819002000128 ], [ 91.889771, 24.137564001000101 ], [ 91.889799436000089, 24.137420871000131 ], [ 91.891906739000092, 24.137878419000174 ], [ 91.892435991000184, 24.138307078000025 ], [ 91.892497247999984, 24.138356692000059 ], [ 91.892860115000076, 24.138650588000189 ], [ 91.893021051000062, 24.138781041000072 ], [ 91.893061731000103, 24.1388138370001 ], [ 91.893147552000187, 24.138883025000155 ], [ 91.89447039300012, 24.139940043000024 ], [ 91.895003710000083, 24.13999944700015 ], [ 91.895670891000123, 24.140073745999985 ], [ 91.895691030000137, 24.140075989000081 ], [ 91.896771638000189, 24.139659607000112 ], [ 91.897122547000151, 24.139524508000022 ], [ 91.897200371000054, 24.139494546000037 ], [ 91.897216798000045, 24.139488221000136 ], [ 91.897243307000053, 24.139477978000116 ], [ 91.897299279000038, 24.139456653000025 ], [ 91.897401418000072, 24.139416004000111 ], [ 91.89753700100016, 24.139362 ], [ 91.897751001000131, 24.139568 ], [ 91.89782700000012, 24.139607999000077 ], [ 91.8979109980001, 24.139587095000138 ], [ 91.897962838000126, 24.139574135000146 ], [ 91.898048341000049, 24.139552759000139 ], [ 91.898136879000049, 24.13948987100008 ], [ 91.898155, 24.13947700000017 ], [ 91.898224475, 24.139436779000164 ], [ 91.898399075999976, 24.139354900000058 ], [ 91.898460076000049, 24.139274953999973 ], [ 91.898666018000085, 24.139148524000177 ], [ 91.898826555000085, 24.139049969000098 ], [ 91.899151204000077, 24.138850809000132 ], [ 91.899208012000145, 24.138815960000045 ], [ 91.899452210000106, 24.138666153000145 ], [ 91.901924134000183, 24.137144089000174 ], [ 91.902160760000186, 24.137102051000056 ], [ 91.90228284300008, 24.137889838000149 ], [ 91.902342836000173, 24.137878267000133 ], [ 91.902384567000183, 24.137870219000035 ], [ 91.902549743000122, 24.137838364000118 ], [ 91.90272880800012, 24.137989451000124 ], [ 91.90349578900009, 24.138511658000084 ], [ 91.903648377000081, 24.13861465500014 ], [ 91.904301254000188, 24.138569509000149 ], [ 91.904361983000172, 24.138565309000171 ], [ 91.904884169000013, 24.138645147000034 ], [ 91.904895433000092, 24.138654942000187 ], [ 91.904906678000032, 24.138664720000122 ], [ 91.905021667000199, 24.138765335000187 ], [ 91.905217992000189, 24.138881345000186 ], [ 91.9052566310001, 24.138904178000018 ], [ 91.905273181000041, 24.138913959000035 ], [ 91.905316089000053, 24.138904122000042 ], [ 91.905525765000164, 24.138855534000129 ], [ 91.905700736000199, 24.138815061000059 ], [ 91.905809929000043, 24.139087071000176 ], [ 91.905913999000177, 24.139347000999976 ], [ 91.905791999000201, 24.139515000000131 ], [ 91.905866380000191, 24.139684615000021 ], [ 91.905899, 24.139759 ], [ 91.905895957000098, 24.139784558000031 ], [ 91.905868531000124, 24.140010834000122 ], [ 91.905838012000174, 24.140108108000163 ], [ 91.905815089000157, 24.140201635000039 ], [ 91.905660804000092, 24.140497611000171 ], [ 91.905499300000031, 24.140807435000056 ], [ 91.905441284, 24.140918731 ], [ 91.905685425000058, 24.141275405000044 ], [ 91.905708136000101, 24.141314058000148 ], [ 91.905777568000133, 24.14143222600012 ], [ 91.905883789000143, 24.141613006000171 ], [ 91.905677795000145, 24.14178466900006 ], [ 91.905677795000145, 24.14196205200011 ], [ 91.906059265000067, 24.141935349000107 ], [ 91.906127286000128, 24.141992437000056 ], [ 91.906165638000118, 24.142024694000156 ], [ 91.906142538000154, 24.142057586000192 ], [ 91.905967713000166, 24.142299653000066 ], [ 91.905822754000155, 24.142501830000185 ], [ 91.905675520000045, 24.142528952000134 ], [ 91.905619507000097, 24.142539271000146 ], [ 91.90553286100004, 24.142555235000088 ], [ 91.905448914000146, 24.142704010000045 ], [ 91.905480855000178, 24.142723213000124 ], [ 91.905581759000199, 24.142783875000134 ], [ 91.905769349000082, 24.142896652000161 ], [ 91.906051635000154, 24.142953874000114 ], [ 91.906067854000185, 24.142956712000171 ], [ 91.906099534000134, 24.142962256000089 ], [ 91.906127907999974, 24.142967221000049 ], [ 91.906101020000108, 24.143032105000088 ], [ 91.906082, 24.143077999000127 ], [ 91.906059000000141, 24.143217 ], [ 91.905945598000187, 24.14321875800016 ], [ 91.905929566000111, 24.143218994000165 ], [ 91.905860989000189, 24.143495764000193 ], [ 91.906035963000136, 24.143678962000024 ], [ 91.906096999, 24.143741999000042 ], [ 91.906111966000083, 24.143760220000047 ], [ 91.906165792000138, 24.143825746000118 ], [ 91.906065752000188, 24.143900775000191 ], [ 91.906044007000048, 24.143917084 ], [ 91.905853272000172, 24.144058228000176 ], [ 91.905866180000032, 24.144115992000138 ], [ 91.905882616000156, 24.144189544000028 ], [ 91.905929566000111, 24.144399643999975 ], [ 91.90576936399998, 24.144544630999974 ], [ 91.905937194000046, 24.14484214800018 ], [ 91.905942380000113, 24.144851079000148 ], [ 91.905952519000152, 24.144868539000129 ], [ 91.90600586000005, 24.144960403000141 ], [ 91.906136714000183, 24.145000314000129 ], [ 91.906219577000059, 24.145025587000191 ], [ 91.906386412000074, 24.145076820000043 ], [ 91.906699999000182, 24.145451 ], [ 91.907265000000109, 24.145720000000154 ], [ 91.907638742000131, 24.145757974000105 ], [ 91.907667654000193, 24.145802891000187 ], [ 91.907745361000138, 24.145923615000072 ], [ 91.907646179000096, 24.146123887000101 ], [ 91.907897949000187, 24.146251679000045 ], [ 91.908287049000194, 24.146085738000068 ], [ 91.908338348000086, 24.146083815000168 ], [ 91.908427633000144, 24.14608046800015 ], [ 91.908592224000131, 24.146074295000062 ], [ 91.908646077000071, 24.146080065000035 ], [ 91.908699036000087, 24.146085738000068 ], [ 91.908727667000051, 24.146087886000032 ], [ 91.908775330000196, 24.146091461000083 ], [ 91.908905017000166, 24.146080020000113 ], [ 91.908969794000143, 24.146155466000153 ], [ 91.908996781000155, 24.146186901000192 ], [ 91.909083300000077, 24.146218655000155 ], [ 91.90956863800011, 24.14639678500015 ], [ 91.909713746000023, 24.146450043000073 ], [ 91.909736571000053, 24.14645257900014 ], [ 91.909749101000045, 24.146453972000131 ], [ 91.909988404000046, 24.146480561000146 ], [ 91.91005622400013, 24.146474909000176 ], [ 91.91010001300009, 24.146471259000066 ], [ 91.910125733000086, 24.146469116000162 ], [ 91.910150774000158, 24.146522676000131 ], [ 91.9101560000002, 24.146534 ], [ 91.910193204000109, 24.146614282000087 ], [ 91.910201997, 24.146729973000163 ], [ 91.910175126000183, 24.14673015000011 ], [ 91.909843445000035, 24.14673233100018 ], [ 91.909827907000135, 24.146786712000164 ], [ 91.909818747000088, 24.146818771000028 ], [ 91.909797668000067, 24.146892548000039 ], [ 91.909770769000033, 24.146952110000143 ], [ 91.909757230000082, 24.146982091000041 ], [ 91.909744263000164, 24.147010804000047 ], [ 91.909767151000096, 24.147172929000021 ], [ 91.909867331000044, 24.14717758900008 ], [ 91.910028367000052, 24.147185077000131 ], [ 91.910095020000142, 24.147188177000032 ], [ 91.910109561000183, 24.147320493000166 ], [ 91.910061000000155, 24.147375000000125 ], [ 91.910045013000172, 24.147393007000119 ], [ 91.909965515000181, 24.147481919000029 ], [ 91.909901903000048, 24.147598010000138 ], [ 91.9098454760001, 24.147700989000043 ], [ 91.909812997000188, 24.14776026800007 ], [ 91.909965515000181, 24.148094177000075 ], [ 91.910219528000141, 24.14818603000009 ], [ 91.910393000000113, 24.148249000000192 ], [ 91.910873, 24.148436000000174 ], [ 91.911064, 24.148512000999972 ], [ 91.911055, 24.148576 ], [ 91.911051138, 24.148603772000058 ], [ 91.91103363000019, 24.148727417000032 ], [ 91.91100675000007, 24.148775131000093 ], [ 91.910986120000132, 24.148811749000117 ], [ 91.910957337000184, 24.148862838000127 ], [ 91.910945165000044, 24.14888761800006 ], [ 91.91093186300003, 24.14891469600019 ], [ 91.910904040000105, 24.148971629000187 ], [ 91.910964929999977, 24.14901186000003 ], [ 91.910975967000127, 24.14901915300004 ], [ 91.911010742000087, 24.149042129000179 ], [ 91.911148069000149, 24.149105072000111 ], [ 91.911181903000113, 24.149139885000068 ], [ 91.911216725000145, 24.149175717 ], [ 91.911210788000119, 24.149211336 ], [ 91.911194322000142, 24.149269013000094 ], [ 91.911065391000079, 24.14930785700011 ], [ 91.91088867100018, 24.149360657000045 ], [ 91.910690232000036, 24.149419931000125 ], [ 91.910632385000099, 24.149529960000109 ], [ 91.910575896000125, 24.14963741300005 ], [ 91.910514831000171, 24.149753570000144 ], [ 91.910450873000173, 24.149885041000061 ], [ 91.910446095000168, 24.149894805000031 ], [ 91.91036987200016, 24.149990081000055 ], [ 91.910346986000036, 24.150060654000129 ], [ 91.910343829000055, 24.150077487000033 ], [ 91.910332377000145, 24.150138559000084 ], [ 91.910278041000083, 24.150426780000032 ], [ 91.910140991000105, 24.150384902000155 ], [ 91.910106222000195, 24.150383454 ], [ 91.910095527000124, 24.150383009000052 ], [ 91.910003662000065, 24.150379182000052 ], [ 91.90985107500012, 24.150373458999979 ], [ 91.90959930300005, 24.150661468000123 ], [ 91.909622192000086, 24.150760650000166 ], [ 91.909744263000164, 24.150918960000126 ], [ 91.909819719000041, 24.150972650000085 ], [ 91.909855531000119, 24.150998132000097 ], [ 91.909942627000078, 24.151060104000067 ], [ 91.910057618000053, 24.151143472 ], [ 91.910126994000109, 24.151193769000031 ], [ 91.910324097000171, 24.151336669000102 ], [ 91.910463084000071, 24.151387519000082 ], [ 91.910546986000043, 24.151418216000025 ], [ 91.910636902000022, 24.151451112000075 ], [ 91.910821399000099, 24.151766420000058 ], [ 91.911055450000049, 24.152166415000181 ], [ 91.911101452000082, 24.15224606400011 ], [ 91.9110081, 24.15225717900006 ], [ 91.910980584000072, 24.152260380000087 ], [ 91.910934519000079, 24.152265739000086 ], [ 91.910985356000083, 24.152402816000119 ], [ 91.911041, 24.152554 ], [ 91.911047, 24.152604 ], [ 91.911048772000186, 24.152618350000182 ], [ 91.911056519000056, 24.15268516500015 ], [ 91.911085867000168, 24.152988428000072 ], [ 91.911092170000074, 24.153053554000167 ], [ 91.911102296000195, 24.153158187000031 ], [ 91.911331177000193, 24.153718948000119 ], [ 91.911453106000067, 24.153738 ], [ 91.91148583100005, 24.153738428000167 ], [ 91.911589424000169, 24.153739724000104 ], [ 91.911605834999989, 24.153739928999983 ], [ 91.911712647000115, 24.153701783000031 ], [ 91.911773682000103, 24.153633117000027 ], [ 91.911857604000147, 24.153558731000089 ], [ 91.912008946000071, 24.153429747000075 ], [ 91.912022176000107, 24.153418471000066 ], [ 91.912060204000056, 24.153398013000128 ], [ 91.912254333000192, 24.153299331000142 ], [ 91.912597656000116, 24.153379440000094 ], [ 91.912884214000201, 24.153384747000132 ], [ 91.913095638000073, 24.153388663000101 ], [ 91.913215998999988, 24.153390999000067 ], [ 91.913378560000069, 24.153402568000047 ], [ 91.913482823000038, 24.153409988000135 ], [ 91.91365051300005, 24.153440475000082 ], [ 91.913740515000086, 24.15347797600009 ], [ 91.913816400000201, 24.153509595000116 ], [ 91.913833619000116, 24.153516769000191 ], [ 91.913854093000054, 24.153522741000131 ], [ 91.913882643000079, 24.153531068000063 ], [ 91.913925171000074, 24.15354347300007 ], [ 91.91417694, 24.153608323000128 ], [ 91.914375230000076, 24.153631204000135 ], [ 91.914436000000137, 24.153685000000166 ], [ 91.914474, 24.153769000000182 ], [ 91.914429195000196, 24.153874612000038 ], [ 91.914329530000032, 24.153970717999982 ], [ 91.914192199000126, 24.154014587000177 ], [ 91.914100647, 24.154075623000097 ], [ 91.913993502000096, 24.154082673000119 ], [ 91.913956, 24.154084999000133 ], [ 91.913896299000157, 24.154061578000039 ], [ 91.913825989000031, 24.154033661000142 ], [ 91.913732895000123, 24.153995842000143 ], [ 91.913717771000108, 24.153989699000078 ], [ 91.913703918000124, 24.153984071000139 ], [ 91.913692875000038, 24.153979930000048 ], [ 91.913662662000092, 24.153968599999985 ], [ 91.913551331000065, 24.153926850000119 ], [ 91.913414002000138, 24.153945924000084 ], [ 91.913144362000196, 24.15392513900008 ], [ 91.913127887000201, 24.15392637500014 ], [ 91.912994385000161, 24.153936386000169 ], [ 91.912933350000174, 24.154024125000092 ], [ 91.912911866000172, 24.154074251000111 ], [ 91.912887573000035, 24.154130935000012 ], [ 91.912803651000161, 24.154331207000098 ], [ 91.912765504000106, 24.15457153300008 ], [ 91.91274261500007, 24.154674531000069 ], [ 91.912780762000125, 24.154760362000161 ], [ 91.912816322000083, 24.154779624000128 ], [ 91.912843992000035, 24.154794611000057 ], [ 91.912872, 24.154809999000065 ], [ 91.912925191000113, 24.154840278 ], [ 91.913002015000075, 24.154884338000102 ], [ 91.913192749000018, 24.154989243000159 ], [ 91.913210293000077, 24.154997138 ], [ 91.913226782000095, 24.155004558000087 ], [ 91.913269043000128, 24.155023574999973 ], [ 91.913452149000193, 24.155057906000081 ], [ 91.913486070000033, 24.155060584000125 ], [ 91.913547163000032, 24.155065408000155 ], [ 91.913597108000033, 24.155069352000112 ], [ 91.913617107000164, 24.155072351000115 ], [ 91.913639431000036, 24.155075699000065 ], [ 91.913673001000177, 24.15508099900012 ], [ 91.913727478000112, 24.155083037000111 ], [ 91.91378, 24.155085001000089 ], [ 91.913849006000078, 24.155081 ], [ 91.913918, 24.15507699900013 ], [ 91.914023999000051, 24.15508099900012 ], [ 91.914102423000145, 24.155148221000161 ], [ 91.914135460000125, 24.155223177000153 ], [ 91.914154024000084, 24.155270912000105 ], [ 91.914161681999985, 24.155290604000129 ], [ 91.914133560000153, 24.155341223000164 ], [ 91.914115430000095, 24.155373858000132 ], [ 91.914084999000124, 24.155428000000143 ], [ 91.914009000000135, 24.155466000000104 ], [ 91.913958835000187, 24.155467876000046 ], [ 91.913902282000038, 24.155469895000124 ], [ 91.913696290000019, 24.155435562000036 ], [ 91.913475037000126, 24.155347824999978 ], [ 91.913223121000044, 24.155431960000101 ], [ 91.913002050000159, 24.155752132000146 ], [ 91.913124084000117, 24.155874252000103 ], [ 91.913150665000103, 24.155896773000109 ], [ 91.913261, 24.155991001000075 ], [ 91.913452351000046, 24.156060693000029 ], [ 91.913574, 24.156105 ], [ 91.913651000000186, 24.156134000000122 ], [ 91.913817999000059, 24.156228999000064 ], [ 91.913807433999978, 24.156248236000181 ], [ 91.913778751000052, 24.156300453000142 ], [ 91.913711548000038, 24.156421662000128 ], [ 91.91348266500006, 24.156660081000041 ], [ 91.913398744000119, 24.156835556999965 ], [ 91.913368846000139, 24.156923115000154 ], [ 91.913345000000106, 24.156992 ], [ 91.91328, 24.1571560000001 ], [ 91.913264081000079, 24.157196295000176 ], [ 91.913215638000054, 24.157318115000123 ], [ 91.913147011000149, 24.157512766000139 ], [ 91.913162513000032, 24.157553243000052 ], [ 91.913215812000089, 24.157691959000147 ], [ 91.913444519000109, 24.157697677000101 ], [ 91.913642125000081, 24.157705689000068 ], [ 91.913702117000071, 24.157708122000145 ], [ 91.91372680700016, 24.157709123000132 ], [ 91.913742904000173, 24.157709823 ], [ 91.913785432000111, 24.157711671000186 ], [ 91.913902000000178, 24.157717000000162 ], [ 91.914047, 24.157755000000122 ], [ 91.914077389000056, 24.157758377000164 ], [ 91.914146400000163, 24.15776634100007 ], [ 91.914199258999986, 24.157811253999967 ], [ 91.914299011000082, 24.157896042000061 ], [ 91.914344694000022, 24.158031186000073 ], [ 91.914282594000042, 24.158069223000098 ], [ 91.914184571000192, 24.15812873800013 ], [ 91.914084015000071, 24.158123563000174 ], [ 91.913998696000192, 24.158119171000124 ], [ 91.913925171000074, 24.15811538700018 ], [ 91.913668292000011, 24.158197446000145 ], [ 91.91365051300005, 24.158203126000103 ], [ 91.913662948000137, 24.158250795000185 ], [ 91.91366725600011, 24.158268022000129 ], [ 91.913673, 24.158291 ], [ 91.913734000000147, 24.158428 ], [ 91.913733738000133, 24.158589690000099 ], [ 91.913707833000046, 24.158756343000107 ], [ 91.913703918000124, 24.158781053000041 ], [ 91.913787842000147, 24.158937455000171 ], [ 91.913742053000192, 24.159074840000073 ], [ 91.913696290000019, 24.159299850000025 ], [ 91.913803100000166, 24.159347535000165 ], [ 91.913843507000081, 24.159364203000109 ], [ 91.913872664000053, 24.159376230000134 ], [ 91.913955687999987, 24.159410477000051 ], [ 91.914115905000017, 24.159475326000177 ], [ 91.914122240000097, 24.159489977000078 ], [ 91.914145918000145, 24.159545807000086 ], [ 91.91392500000012, 24.159724999000161 ], [ 91.913853700000118, 24.159783686000139 ], [ 91.913795001000153, 24.159832 ], [ 91.913704001000042, 24.159883001000082 ], [ 91.913208068000131, 24.160034101000122 ], [ 91.913337708000199, 24.160114288000102 ], [ 91.913497793000033, 24.160236258000054 ], [ 91.913414000000159, 24.160341 ], [ 91.913208000000168, 24.160280000000171 ], [ 91.913176959000168, 24.160262762000116 ], [ 91.913116455000136, 24.160228729000096 ], [ 91.913032531999988, 24.160209655000074 ], [ 91.91298675500002, 24.160301209000011 ], [ 91.91296386800019, 24.160495758000081 ], [ 91.912904720000085, 24.160595040000089 ], [ 91.912882253000078, 24.160632753000129 ], [ 91.91285695300013, 24.160675078000168 ], [ 91.912835676000043, 24.160709794000184 ], [ 91.912780762000125, 24.160799027 ], [ 91.912764834000086, 24.160805544000084 ], [ 91.912721375000103, 24.160823322000169 ], [ 91.912696838000102, 24.160833359000037 ], [ 91.912605286000201, 24.160861968000177 ], [ 91.912576563000016, 24.160881399000061 ], [ 91.9125615640001, 24.160891545000027 ], [ 91.912475586000141, 24.160949707000043 ], [ 91.912498890999984, 24.160970682000084 ], [ 91.912590001000069, 24.161052999000049 ], [ 91.912796001000061, 24.161194 ], [ 91.912795156000072, 24.16121469 ], [ 91.912789761000113, 24.161344845000031 ], [ 91.912780762000125, 24.161561966000193 ], [ 91.912826675000133, 24.161651622000136 ], [ 91.913024901000199, 24.161664963000078 ], [ 91.913057467000044, 24.161666824000122 ], [ 91.913168125000141, 24.161673147000045 ], [ 91.91329193100006, 24.16168022200003 ], [ 91.913520812000115, 24.161640167000144 ], [ 91.913581172000136, 24.161654251000073 ], [ 91.91363493900019, 24.161667092000187 ], [ 91.913612217000093, 24.161702250000076 ], [ 91.913593179000145, 24.161731486000178 ], [ 91.913581848000149, 24.161748887000101 ], [ 91.913556258000199, 24.161769677000052 ], [ 91.913521000000117, 24.161798000000147 ], [ 91.913414000000159, 24.161819 ], [ 91.913230803000147, 24.161863057000119 ], [ 91.913164590000122, 24.161882454000022 ], [ 91.913141977000123, 24.16188897700016 ], [ 91.913131714000031, 24.161891937 ], [ 91.913093566999976, 24.161958695000067 ], [ 91.913070678000167, 24.162031173000173 ], [ 91.913098775000094, 24.162059271000032 ], [ 91.913127498000051, 24.162087995000093 ], [ 91.913185119000104, 24.162145616000146 ], [ 91.913264790000028, 24.16220185200018 ], [ 91.913314820000096, 24.162237168000104 ], [ 91.913389131000145, 24.162265405000028 ], [ 91.913422239, 24.162277986000106 ], [ 91.913505554000096, 24.16230964600004 ], [ 91.913627625000117, 24.162307739000141 ], [ 91.913703506000104, 24.162301812000123 ], [ 91.91372968800016, 24.162299766000103 ], [ 91.913749695000092, 24.162298203000091 ], [ 91.913780930000144, 24.162307574000067 ], [ 91.913792000000171, 24.162311000000159 ], [ 91.913863961000175, 24.162332988000173 ], [ 91.91381073000008, 24.162471771000014 ], [ 91.913688660000105, 24.162511825000138 ], [ 91.913543701000094, 24.162576676000128 ], [ 91.913444866000191, 24.162551966000024 ], [ 91.913433758000167, 24.162556087999974 ], [ 91.913389644000063, 24.162572458000113 ], [ 91.913352996000071, 24.16258620200017 ], [ 91.913356418000149, 24.162614255000108 ], [ 91.913368222000088, 24.162710157000049 ], [ 91.913436890000071, 24.162755967000123 ], [ 91.913398744000119, 24.162876130000029 ], [ 91.913387626000087, 24.162883542000088 ], [ 91.913306999000099, 24.162937 ], [ 91.913193001000081, 24.162978999000075 ], [ 91.913175157000182, 24.162984624000103 ], [ 91.913101197000117, 24.163007736000054 ], [ 91.913065748000122, 24.163041708000037 ], [ 91.912993444000165, 24.163110998999969 ], [ 91.91296386800019, 24.163139343000012 ], [ 91.912953181000091, 24.163153236000028 ], [ 91.912932596000076, 24.16317999600011 ], [ 91.912887573000035, 24.163238525000054 ], [ 91.912857, 24.163332 ], [ 91.9127964810001, 24.163389010000174 ], [ 91.912788123000155, 24.163396884000122 ], [ 91.91277803700018, 24.16339871800011 ], [ 91.912759115000199, 24.163402158 ], [ 91.912704146000181, 24.163411973000052 ], [ 91.912612915000182, 24.163377761000049 ], [ 91.912595895000038, 24.163371379000068 ], [ 91.912581634, 24.163366031000123 ], [ 91.912536621000129, 24.16334915200008 ], [ 91.912368850000178, 24.163370125000142 ], [ 91.912307740000074, 24.163459777000071 ], [ 91.912246705000086, 24.163503647000141 ], [ 91.91217899600008, 24.16348672099997 ], [ 91.912148946000116, 24.163479208000183 ], [ 91.912124634, 24.16347313 ], [ 91.912045735000163, 24.163480253000159 ], [ 91.911972308000031, 24.163486882000086 ], [ 91.911849976000042, 24.163497924000126 ], [ 91.911844550000126, 24.163520988000073 ], [ 91.911825608000186, 24.16359633400009 ], [ 91.911773888000141, 24.16364590500018 ], [ 91.911705017000031, 24.163711549000141 ], [ 91.911621093, 24.163854599000047 ], [ 91.911551642000063, 24.163927706000152 ], [ 91.911476, 24.164006999000037 ], [ 91.911373551000167, 24.164101223000046 ], [ 91.911338807000106, 24.164133072000084 ], [ 91.911376983000082, 24.164237982000088 ], [ 91.911567688000162, 24.164266587000043 ], [ 91.91172027500005, 24.164304734000098 ], [ 91.911763422000149, 24.164299831000108 ], [ 91.911777568000105, 24.164298223000173 ], [ 91.911804199000073, 24.164295197000115 ], [ 91.911994933000074, 24.164394379000157 ], [ 91.912056678000113, 24.16441182900013 ], [ 91.9121231270002, 24.164430608000032 ], [ 91.912170323000169, 24.164443946000063 ], [ 91.912269572000127, 24.164431055000136 ], [ 91.912376489000167, 24.164448998000125 ], [ 91.912483000000179, 24.164467001000105 ], [ 91.912601506000044, 24.164552004000143 ], [ 91.91272, 24.164637 ], [ 91.912872, 24.164751 ], [ 91.912811000000147, 24.164915001000054 ], [ 91.912797687000193, 24.164954688000023 ], [ 91.912757999000121, 24.165073 ], [ 91.912722685000062, 24.165130176000162 ], [ 91.912673987000119, 24.165208889000041 ], [ 91.912678824000068, 24.165218158000187 ], [ 91.91274261500007, 24.165340423000089 ], [ 91.912735011000166, 24.16544687600009 ], [ 91.912754049000171, 24.165463212000191 ], [ 91.912782210000103, 24.165487376000044 ], [ 91.912798427000098, 24.165501161000066 ], [ 91.912811279000096, 24.165512086000149 ], [ 91.913032531999988, 24.16562652600004 ], [ 91.913192749000018, 24.165704727 ], [ 91.913307190000182, 24.165742874000046 ], [ 91.913589478000063, 24.16581154000005 ], [ 91.91366264100003, 24.165819210000166 ], [ 91.913732072000187, 24.16582648800005 ], [ 91.913825989000031, 24.165836334000176 ], [ 91.913942195000061, 24.165853060000131 ], [ 91.914075849000085, 24.165872684000135 ], [ 91.91407250300017, 24.165945480000119 ], [ 91.914062500000171, 24.166084290000072 ], [ 91.914062500000171, 24.166210174000184 ], [ 91.914132566000092, 24.166303146000075 ], [ 91.914161681999985, 24.166341782000075 ], [ 91.914179382000043, 24.166370861000075 ], [ 91.914215087000059, 24.166429519000133 ], [ 91.91431405700007, 24.166459971000165 ], [ 91.914339353000059, 24.166447129000176 ], [ 91.914379355000165, 24.166426682000179 ], [ 91.914467, 24.166382000000169 ], [ 91.914505273000088, 24.166363696000076 ], [ 91.914520104000189, 24.166356692000022 ], [ 91.914535522000051, 24.16634941000018 ], [ 91.914597339000068, 24.166322367000134 ], [ 91.914687923000088, 24.16628303300007 ], [ 91.914818502000173, 24.166238646000068 ], [ 91.914838958000075, 24.166231743000083 ], [ 91.914858804000119, 24.16653782100019 ], [ 91.914868996000109, 24.166749052000171 ], [ 91.914824015000193, 24.166772674000185 ], [ 91.914695740000127, 24.166839601000106 ], [ 91.914633127, 24.166891778000092 ], [ 91.914611, 24.16691 ], [ 91.914581110000086, 24.16693490900019 ], [ 91.914466859000129, 24.166898728000149 ], [ 91.914414271000055, 24.166865129000087 ], [ 91.914402929000175, 24.166857883000034 ], [ 91.914329606000024, 24.166811039000095 ], [ 91.91426830600011, 24.166827825000041 ], [ 91.914253234000114, 24.166831970000089 ], [ 91.914115933000062, 24.166952111 ], [ 91.914054870000029, 24.167058946000054 ], [ 91.913993836000145, 24.167163849000133 ], [ 91.914016722999975, 24.167245865000154 ], [ 91.914014737000173, 24.167274661000079 ], [ 91.91401148000017, 24.167321897000079 ], [ 91.914009000000135, 24.167355997000016 ], [ 91.914000638000175, 24.167436845000168 ], [ 91.913993280000113, 24.167502948000049 ], [ 91.913969290000068, 24.167567722000058 ], [ 91.913947300000189, 24.167600660000119 ], [ 91.913854486000162, 24.16756605300003 ], [ 91.913665877000085, 24.167570076000061 ], [ 91.913651532000074, 24.167581668000139 ], [ 91.913603709000085, 24.167620312000167 ], [ 91.913536, 24.167675 ], [ 91.913475, 24.167730000000176 ], [ 91.913423538000018, 24.167771530000039 ], [ 91.913360595000086, 24.167821884000148 ], [ 91.913255851000088, 24.167819574000134 ], [ 91.913143105000188, 24.167817087000174 ], [ 91.913101197000117, 24.167816162000179 ], [ 91.912933350000174, 24.167861939000147 ], [ 91.912875607000103, 24.167882428000155 ], [ 91.912769292000064, 24.167920153000182 ], [ 91.912696838000102, 24.167945862000067 ], [ 91.912559509000062, 24.168067933000145 ], [ 91.912518043000148, 24.168076572000075 ], [ 91.91246656300018, 24.16808729700017 ], [ 91.912376403000167, 24.16810608000003 ], [ 91.912286087000155, 24.168132422000042 ], [ 91.912203738000187, 24.168156440000075 ], [ 91.912147523000044, 24.168172836000053 ], [ 91.91210565300014, 24.168267046000039 ], [ 91.912070864000043, 24.168344304000186 ], [ 91.912032781000164, 24.168428868000092 ], [ 91.911996514000066, 24.16849870599998 ], [ 91.911981971000046, 24.168507189000081 ], [ 91.911933656000031, 24.168535042000144 ], [ 91.911893024000051, 24.168539879000093 ], [ 91.911849976000042, 24.168544770000096 ], [ 91.911827427000048, 24.168523911000023 ], [ 91.911774004000165, 24.168474004000075 ], [ 91.91171300100018, 24.168369 ], [ 91.911652001000107, 24.168254999000169 ], [ 91.911617127000056, 24.168215578 ], [ 91.911582946000181, 24.168176651000067 ], [ 91.911491394000052, 24.168111801000066 ], [ 91.911408256000072, 24.168061918000092 ], [ 91.911389750000183, 24.168050815000129 ], [ 91.911376954000161, 24.168043137000041 ], [ 91.911277897000048, 24.168043137000041 ], [ 91.911323547000109, 24.168315887000063 ], [ 91.911482998000054, 24.168868433000114 ], [ 91.911516834, 24.168985683000074 ], [ 91.911598205000075, 24.169267655000112 ], [ 91.911880493000183, 24.170215607000046 ], [ 91.911987858000089, 24.170570510000175 ], [ 91.91200878900014, 24.170639699000105 ], [ 91.912017822000053, 24.170669555000131 ], [ 91.912185669, 24.1712417600001 ], [ 91.912590025999975, 24.172632217000171 ], [ 91.913230896000073, 24.174812317000033 ], [ 91.913978576000147, 24.17733955500006 ], [ 91.914121205000129, 24.177822512000148 ], [ 91.91429743700013, 24.178419255000051 ], [ 91.914665222999986, 24.179664612000181 ], [ 91.915634156000181, 24.18297767700011 ], [ 91.915863459000036, 24.183749761000058 ], [ 91.916010770000071, 24.184245771000064 ], [ 91.916236877000188, 24.185007095000174 ], [ 91.91683960000006, 24.187208175000023 ], [ 91.917229983000141, 24.188436422000109 ], [ 91.917627399000139, 24.189686796000046 ], [ 91.917961000000105, 24.190737 ], [ 91.919159001000196, 24.194941 ], [ 91.919330422000087, 24.195533608000062 ], [ 91.919380000000103, 24.195705001000135 ], [ 91.919514567000135, 24.196161390000157 ], [ 91.920112611000093, 24.198190690000047 ], [ 91.920328304000066, 24.198921729 ], [ 91.920476115000099, 24.199422697999978 ], [ 91.9207153320001, 24.200233460000106 ], [ 91.921290222000096, 24.202174297 ], [ 91.921479479000197, 24.20281323200004 ], [ 91.921653748000153, 24.203401566000025 ], [ 91.92241668600019, 24.206003189000114 ], [ 91.923443822000081, 24.209495450000134 ], [ 91.923560624000174, 24.209892718000162 ], [ 91.924530001000164, 24.213193999000168 ], [ 91.925331, 24.215903999000034 ], [ 91.925411476000193, 24.216178801000069 ], [ 91.925701337000078, 24.217169158 ], [ 91.925834656, 24.21762466500013 ], [ 91.925895692000097, 24.217823030000091 ], [ 91.925930866000158, 24.217934834000118 ], [ 91.925948851000157, 24.217992519000177 ], [ 91.925964646000125, 24.218047758000068 ], [ 91.926002502000074, 24.218181611000034 ], [ 91.926055909000127, 24.218370438000079 ], [ 91.926141752000035, 24.218659881000178 ], [ 91.926352707000149, 24.219373009000037 ], [ 91.926589555000021, 24.220175186000063 ], [ 91.926826000000176, 24.220976001000111 ], [ 91.927065534000064, 24.221789005000062 ], [ 91.927879001000179, 24.224550000000193 ], [ 91.928225660000123, 24.225725762000081 ], [ 91.928672790000178, 24.227243424000108 ], [ 91.928908855000088, 24.228050512999971 ], [ 91.929237366, 24.229173661000175 ], [ 91.929448567000179, 24.229884229 ], [ 91.929687500000114, 24.230688095000062 ], [ 91.930183045000035, 24.232377451000048 ], [ 91.930610658000148, 24.233835220000174 ], [ 91.93085545100007, 24.234667729000023 ], [ 91.930948275999981, 24.234983415000045 ], [ 91.931053161000079, 24.235340118000124 ], [ 91.931632996000189, 24.237302780000164 ], [ 91.931724147000182, 24.237586316000034 ], [ 91.931775779000191, 24.237746922000156 ], [ 91.932029724000131, 24.238536835000048 ], [ 91.932070828000178, 24.238695645000064 ], [ 91.93210009500018, 24.238808722999977 ], [ 91.932281494000165, 24.239509583000086 ], [ 91.932686131000196, 24.240881692000187 ], [ 91.932785456000147, 24.241218497999967 ], [ 91.932998657000098, 24.241941452000106 ], [ 91.933340808000082, 24.243101632 ], [ 91.933387022000147, 24.243258335000121 ], [ 91.933540345000154, 24.2437782290001 ], [ 91.93403625600007, 24.24547958300019 ], [ 91.934236840000153, 24.24616094300012 ], [ 91.934350911000081, 24.246548429000029 ], [ 91.934646607000047, 24.247552873000132 ], [ 91.934856650000086, 24.24826406800014 ], [ 91.935080574000153, 24.249023552000097 ], [ 91.935465790000194, 24.250326506000079 ], [ 91.936011999000186, 24.252174000000139 ], [ 91.936386000000141, 24.253443000000175 ], [ 91.936588443000119, 24.254134528000179 ], [ 91.93682271300014, 24.254935483000111 ], [ 91.936950683000077, 24.255373002000169 ], [ 91.93736054600015, 24.256757970000024 ], [ 91.937880999000129, 24.258517999000048 ], [ 91.93860599900006, 24.261005 ], [ 91.939102000000162, 24.262663 ], [ 91.939902999000083, 24.265387 ], [ 91.940742000000114, 24.268238 ], [ 91.940364350000152, 24.269500003000076 ], [ 91.939987, 24.270760999000174 ], [ 91.939823753000098, 24.27129864800014 ], [ 91.939727783000137, 24.271614075000059 ], [ 91.9394226080002, 24.272626878000096 ], [ 91.9391098010002, 24.273666382000101 ], [ 91.938491822000117, 24.275751114000116 ], [ 91.937583924000137, 24.278759003000062 ], [ 91.937315885000089, 24.279653642000085 ], [ 91.936716696000133, 24.281653007000045 ], [ 91.936713120000036, 24.28166491900015 ], [ 91.936455715000136, 24.282517976000122 ], [ 91.935882568000068, 24.284416198000145 ], [ 91.93552857300017, 24.285597750000022 ], [ 91.93532245900019, 24.286285712000108 ], [ 91.935165406000067, 24.286809922000145 ], [ 91.934943990000193, 24.287555074000181 ], [ 91.934937354000169, 24.287577408000061 ], [ 91.934768677000193, 24.288145065000037 ], [ 91.934272766999982, 24.289777756000035 ], [ 91.933616639000093, 24.291976928999986 ], [ 91.933265687000187, 24.293134689000055 ], [ 91.932540893000066, 24.295541764000177 ], [ 91.932485221000093, 24.295727402000068 ], [ 91.932294467000077, 24.296363475000021 ], [ 91.931998999000143, 24.297348 ], [ 91.931189999000196, 24.300042999000027 ], [ 91.931186234000165, 24.300055528000087 ], [ 91.930826186000047, 24.301253795000036 ], [ 91.930784915000061, 24.301390949000165 ], [ 91.930747987000018, 24.301513672000112 ], [ 91.930274964000091, 24.303075790000037 ], [ 91.930234647000191, 24.303211094000062 ], [ 91.930160160000185, 24.30346107500003 ], [ 91.930023000000176, 24.303921000000173 ], [ 91.929908752000131, 24.304315568000106 ], [ 91.92894745000018, 24.307487489000096 ], [ 91.928672790000178, 24.308423995000169 ], [ 91.928031922000116, 24.310560228000043 ], [ 91.927680968, 24.311704636000059 ], [ 91.927413941000054, 24.312612534000039 ], [ 91.926712035000037, 24.314939498000058 ], [ 91.926040649000129, 24.31718635600015 ], [ 91.925453186000084, 24.31925964300018 ], [ 91.924987792000138, 24.32067108200016 ], [ 91.924934387000064, 24.320833207000135 ], [ 91.924911498000199, 24.320917130000112 ], [ 91.924369813000055, 24.322675705 ], [ 91.923828125000171, 24.324483873000077 ], [ 91.923126220000086, 24.326831818000073 ], [ 91.922843934000184, 24.327775955000106 ], [ 91.921890259000065, 24.330957413000135 ], [ 91.921607971000185, 24.331909181000185 ], [ 91.920761109000068, 24.334735871000078 ], [ 91.920455932000152, 24.335756301000174 ], [ 91.919921875000114, 24.337520599000129 ], [ 91.920280456000171, 24.337093354000046 ], [ 91.920494079000036, 24.336677552000083 ], [ 91.920700072999978, 24.336574554000094 ], [ 91.920883179000043, 24.33654975800016 ], [ 91.920989990000123, 24.336587905000044 ], [ 91.921058655000195, 24.336483002000136 ], [ 91.921142579000048, 24.336313247000078 ], [ 91.921340943000075, 24.336217880000049 ], [ 91.921409762, 24.336014023000189 ], [ 91.921569517000194, 24.335863456000027 ], [ 91.921629203000123, 24.335840276000113 ], [ 91.92166580900016, 24.335826197000074 ], [ 91.921686917000102, 24.335817174000113 ], [ 91.921875001000046, 24.335735320000083 ], [ 91.92190540900009, 24.335751725000137 ], [ 91.921934946000135, 24.335767660000101 ], [ 91.922019958000078, 24.33581352300007 ], [ 91.92208228800007, 24.335803933000022 ], [ 91.922119140000063, 24.335798263000072 ], [ 91.922210819000099, 24.335824956000067 ], [ 91.922272000000135, 24.335766000000149 ], [ 91.922370945000068, 24.335824973000172 ], [ 91.922546387000182, 24.335847855000111 ], [ 91.922567745000151, 24.335845390000145 ], [ 91.922645569000053, 24.335836410000127 ], [ 91.922798157000045, 24.335941315000184 ], [ 91.922821073000193, 24.335907895999981 ], [ 91.922844001000101, 24.335875001000034 ], [ 91.92286298800019, 24.335890823000113 ], [ 91.922958001000154, 24.335970000000145 ], [ 91.923126, 24.33597600000013 ], [ 91.923126, 24.336060001000078 ], [ 91.923245080000186, 24.336055940000165 ], [ 91.923301899000137, 24.336054003000072 ], [ 91.923327596000092, 24.336073990000045 ], [ 91.92337876300013, 24.336113788000148 ], [ 91.923439027000143, 24.336160660000132 ], [ 91.923481362000189, 24.336134199000185 ], [ 91.923515253000062, 24.336113017000173 ], [ 91.923607000000118, 24.336119001000156 ], [ 91.923720623000179, 24.336138037000126 ], [ 91.923797608000029, 24.336151124000025 ], [ 91.923858763000055, 24.336200808000058 ], [ 91.923935, 24.336135999000135 ], [ 91.924008597000181, 24.336125793000178 ], [ 91.924071999000091, 24.336117001000162 ], [ 91.924117539000122, 24.336184191000029 ], [ 91.924114289000045, 24.336200720000079 ], [ 91.924095155000089, 24.336297989000059 ], [ 91.924095155000089, 24.336391035000076 ], [ 91.924197311000171, 24.336414150000167 ], [ 91.924209815000154, 24.336416929000109 ], [ 91.924232199000016, 24.336421904000076 ], [ 91.924331666000171, 24.336374283000112 ], [ 91.924346945000138, 24.336490625000181 ], [ 91.924420927000199, 24.33647089700014 ], [ 91.924435676000087, 24.336466964000067 ], [ 91.924461365000184, 24.336460114000033 ], [ 91.924527443000159, 24.336364668000158 ], [ 91.924557000000163, 24.336366 ], [ 91.924621600000194, 24.336378013000058 ], [ 91.924626166000053, 24.336356706000174 ], [ 91.924631403000035, 24.336332270000128 ], [ 91.924644471000022, 24.336271285000123 ], [ 91.924685853000085, 24.336284453000133 ], [ 91.92472800000013, 24.336298001000046 ], [ 91.924710488000073, 24.336338275000173 ], [ 91.924697982000112, 24.336366729000019 ], [ 91.924873352000077, 24.336490631000174 ], [ 91.925048827000126, 24.336483002000136 ], [ 91.924987926000142, 24.336399079000046 ], [ 91.92508697400018, 24.336399079000046 ], [ 91.925111000000186, 24.336419101000104 ], [ 91.925131563000036, 24.3364362370001 ], [ 91.925247192000086, 24.336532593000072 ], [ 91.925323230000174, 24.336661855000102 ], [ 91.925407195000105, 24.336609024000097 ], [ 91.925427294000087, 24.336611371 ], [ 91.925483703000054, 24.336618424000164 ], [ 91.925460964000195, 24.336715612000035 ], [ 91.925511795000034, 24.336685960000068 ], [ 91.9255543700001, 24.336661124000159 ], [ 91.925575086000038, 24.336649041000101 ], [ 91.925611080000181, 24.336666256000058 ], [ 91.92568978200012, 24.336704096000176 ], [ 91.925724758000172, 24.336626500000136 ], [ 91.925682336000193, 24.336554033000084 ], [ 91.925873000000195, 24.336573000000158 ], [ 91.92597957400011, 24.336567023999976 ], [ 91.92596377600006, 24.336606519000156 ], [ 91.925954429000058, 24.336629888000061 ], [ 91.925941467000087, 24.336662293000131 ], [ 91.925949097000171, 24.336874008000166 ], [ 91.926033021000194, 24.336919785000134 ], [ 91.92608190500016, 24.337031525000157 ], [ 91.926108278000129, 24.337091805000171 ], [ 91.926139831000114, 24.337163925000084 ], [ 91.926146000000188, 24.337178000000108 ], [ 91.926169882000067, 24.337232729000107 ], [ 91.92627700100013, 24.337290001000042 ], [ 91.926360999000167, 24.337292001000037 ], [ 91.926424457000053, 24.337372764000065 ], [ 91.92646000100018, 24.337418 ], [ 91.926406959000019, 24.337505143999977 ], [ 91.926412238000012, 24.337541191000071 ], [ 91.926418000000126, 24.337581 ], [ 91.926437000000135, 24.337711000000127 ], [ 91.926445, 24.337801000000127 ], [ 91.926446687000123, 24.337819558000092 ], [ 91.926452636000192, 24.337888718000102 ], [ 91.926406861000032, 24.337984085000073 ], [ 91.926449300000058, 24.337978469000177 ], [ 91.926536707000139, 24.337967037000112 ], [ 91.926547901000163, 24.337976032000029 ], [ 91.926572202000102, 24.337995560000081 ], [ 91.926643001, 24.338053 ], [ 91.926620000000185, 24.338268 ], [ 91.926712035000037, 24.338327409000101 ], [ 91.926757938000037, 24.338558064000097 ], [ 91.926871315000085, 24.338432278000141 ], [ 91.926895000000172, 24.33840600100018 ], [ 91.926971, 24.338383000000135 ], [ 91.92707798400005, 24.33845906300013 ], [ 91.927062215000092, 24.33852213900019 ], [ 91.927054640000051, 24.338551967000171 ], [ 91.927047729000094, 24.338579178000032 ], [ 91.927146911000136, 24.338642121000191 ], [ 91.92719264800013, 24.338718347999986 ], [ 91.92701721200018, 24.338891983000053 ], [ 91.927037332000054, 24.338937253000097 ], [ 91.92704570900014, 24.338956002000145 ], [ 91.927098715000056, 24.33895280400003 ], [ 91.927117746000135, 24.338949876000186 ], [ 91.927146911000136, 24.338945388000127 ], [ 91.927211826000132, 24.339036268000029 ], [ 91.92722300000014, 24.339052 ], [ 91.927124042000116, 24.339178025000137 ], [ 91.927300498000136, 24.339162329000089 ], [ 91.927337729000158, 24.339159025000129 ], [ 91.927351355000042, 24.339160870000057 ], [ 91.927388327000074, 24.339165875000162 ], [ 91.927521000000127, 24.339183999000056 ], [ 91.927589902000136, 24.339216811000142 ], [ 91.927603475000069, 24.339223288000028 ], [ 91.92770385700004, 24.339363098000092 ], [ 91.927757237000037, 24.339364210000156 ], [ 91.92779209300005, 24.339364936000038 ], [ 91.927866275000156, 24.339423547000024 ], [ 91.927879, 24.339434 ], [ 91.927917, 24.339518000000112 ], [ 91.928085, 24.339516000000117 ], [ 91.928092000000106, 24.33958100000018 ], [ 91.928161621000072, 24.339643477999971 ], [ 91.928212336000115, 24.339667428000041 ], [ 91.928229999000052, 24.3396760010001 ], [ 91.928274592000093, 24.339697327000124 ], [ 91.928321813000196, 24.339719910000099 ], [ 91.928306816000088, 24.339801753000017 ], [ 91.928341770000145, 24.339796510000042 ], [ 91.928367286000139, 24.339792683000155 ], [ 91.928382873000089, 24.339790345000154 ], [ 91.928418873000055, 24.339767203000179 ], [ 91.928490000000181, 24.339722000000108 ], [ 91.928696000000173, 24.339716000000124 ], [ 91.928855896000073, 24.339727402 ], [ 91.929039002000138, 24.339729310000166 ], [ 91.92906077300006, 24.339722876000167 ], [ 91.929071, 24.339720000000113 ], [ 91.929122642000095, 24.339705103000028 ], [ 91.929298545, 24.339676289000124 ], [ 91.929336548000038, 24.339670182000077 ], [ 91.929421047, 24.339715187000138 ], [ 91.929430000000139, 24.339720000000113 ], [ 91.929510243000095, 24.339763057000027 ], [ 91.929557836000072, 24.339835480999966 ], [ 91.929595948000042, 24.339895248000062 ], [ 91.929595948000042, 24.339973451000048 ], [ 91.929650645000038, 24.339997070000095 ], [ 91.929664559000116, 24.340003078000109 ], [ 91.929679871000133, 24.340009690000102 ], [ 91.929779054000051, 24.33992767400008 ], [ 91.929824561000032, 24.339947583000026 ], [ 91.929892691000134, 24.339977390000115 ], [ 91.929901122000047, 24.33989143499997 ], [ 91.930023055000106, 24.339819037000041 ], [ 91.930595, 24.340185001000123 ], [ 91.930695882000066, 24.340250185000173 ], [ 91.930725097999982, 24.340269090000049 ], [ 91.931099355000129, 24.34040943600013 ], [ 91.931608948000132, 24.340600605000077 ], [ 91.931686000000127, 24.34063 ], [ 91.931961000000115, 24.340691000000163 ], [ 91.932035322000047, 24.34084182100014 ], [ 91.931900036000059, 24.340908026000022 ], [ 91.932075501000099, 24.340993881000088 ], [ 91.932130655000037, 24.341073656000049 ], [ 91.932170356000199, 24.341131081000071 ], [ 91.932181993000199, 24.341147991000071 ], [ 91.932059147000189, 24.341193975000124 ], [ 91.932022047000089, 24.341279992000068 ], [ 91.932167053000057, 24.341255189000037 ], [ 91.932195216000139, 24.341339677000121 ], [ 91.932220265000183, 24.341414826000175 ], [ 91.932309592000195, 24.34135642200016 ], [ 91.932349744000135, 24.341330166000091 ], [ 91.932479999000179, 24.341183001000104 ], [ 91.932709, 24.341164 ], [ 91.932784998999978, 24.341183001000104 ], [ 91.932975818000045, 24.341201982000143 ], [ 91.933021736000114, 24.341388702000131 ], [ 91.933097839000141, 24.341388702000131 ], [ 91.933120728000176, 24.341178895000098 ], [ 91.933120728000176, 24.341085433000046 ], [ 91.933116139000049, 24.341017756000042 ], [ 91.933115058000055, 24.341001814000094 ], [ 91.933113098000035, 24.340972900000054 ], [ 91.933119086000033, 24.340948099 ], [ 91.933166764000077, 24.340752963000057 ], [ 91.933387756000059, 24.340961457000049 ], [ 91.933400061999976, 24.340952228000106 ], [ 91.933410267000056, 24.340944574000162 ], [ 91.933448791000046, 24.34091568000008 ], [ 91.93345427600002, 24.340878316000044 ], [ 91.933463406999977, 24.340816111000095 ], [ 91.933479310000166, 24.340707778000137 ], [ 91.933502198000099, 24.340564729000107 ], [ 91.933525072000066, 24.340459877000114 ], [ 91.93357176100011, 24.34037668100018 ], [ 91.933586120000143, 24.340351104000092 ], [ 91.93364702100007, 24.340391069000134 ], [ 91.933654459000195, 24.340416265000101 ], [ 91.9336666210001, 24.340458070000068 ], [ 91.93367767400008, 24.340496063000103 ], [ 91.933654785000044, 24.340702058000034 ], [ 91.933723449000183, 24.340757370000119 ], [ 91.933830220000061, 24.340602934000174 ], [ 91.933851865000179, 24.340596493000078 ], [ 91.934082031, 24.340528489000121 ], [ 91.934206720000134, 24.340518693000035 ], [ 91.934349059999988, 24.340507508000087 ], [ 91.934371898000109, 24.34048467100007 ], [ 91.934384956000144, 24.340471613000034 ], [ 91.934402466000165, 24.340454101000034 ], [ 91.934288225000046, 24.340341765000119 ], [ 91.93437200000011, 24.340254 ], [ 91.934464000000105, 24.34019700000016 ], [ 91.934456000000125, 24.340048 ], [ 91.934536, 24.340052 ], [ 91.934677124000132, 24.340059280000105 ], [ 91.934776801000112, 24.340049020000151 ], [ 91.93480682400002, 24.340045929000155 ], [ 91.934783936000088, 24.339942932000099 ], [ 91.934788886000149, 24.339926226000102 ], [ 91.934814378000112, 24.339840184000082 ], [ 91.93485890300019, 24.33986180100004 ], [ 91.93495200000018, 24.33990699900005 ], [ 91.935084900000163, 24.340050509000037 ], [ 91.935156822000067, 24.340128209000056 ], [ 91.935164980000195, 24.340137022000135 ], [ 91.935089000000119, 24.340219 ], [ 91.935005000000103, 24.340265000000102 ], [ 91.935005000000103, 24.340360999000097 ], [ 91.935037737000073, 24.340401327000109 ], [ 91.93507385200013, 24.3404464730001 ], [ 91.935107845000175, 24.340481173000114 ], [ 91.935125352000114, 24.340499043000023 ], [ 91.935164997000129, 24.340539997000178 ], [ 91.935165389000133, 24.340550752000127 ], [ 91.935173021000082, 24.340761050000083 ], [ 91.935264588000109, 24.340984344000105 ], [ 91.935342539000033, 24.341046351000159 ], [ 91.935362000000168, 24.341062000000136 ], [ 91.935432000000105, 24.341118000000165 ], [ 91.935563190000096, 24.341236355000092 ], [ 91.935615540000185, 24.341283798000177 ], [ 91.935691842000097, 24.341472615999976 ], [ 91.93572470200013, 24.341429191000032 ], [ 91.935732095000105, 24.341419421000126 ], [ 91.935745239000141, 24.341402053000081 ], [ 91.935760501000175, 24.341382977000137 ], [ 91.935767000000112, 24.341375 ], [ 91.935821615000066, 24.341307476000168 ], [ 91.935898, 24.341290000000186 ], [ 91.935924499000066, 24.341314499000134 ], [ 91.935950999000113, 24.341339000000119 ], [ 91.936035104000041, 24.34142496100003 ], [ 91.936195078000139, 24.341364020000071 ], [ 91.936221343000113, 24.341370586000096 ], [ 91.936287001000039, 24.341386999000122 ], [ 91.93638239, 24.341398727000183 ], [ 91.936458431000176, 24.341408233000095 ], [ 91.936531068000079, 24.341417314000012 ], [ 91.936539950999986, 24.341430004000188 ], [ 91.936583917000064, 24.341493880000144 ], [ 91.936378470000079, 24.341594770000142 ], [ 91.936363220000032, 24.341720581000175 ], [ 91.936431811000091, 24.341754876999971 ], [ 91.936492921000195, 24.341785431 ], [ 91.936734140000169, 24.341729856000143 ], [ 91.936751000000129, 24.341726000000165 ], [ 91.936879170000111, 24.341696648000038 ], [ 91.93687562100007, 24.341715695000119 ], [ 91.9368447760001, 24.341811655000072 ], [ 91.936813354000151, 24.341909409000152 ], [ 91.936843872, 24.34198761000016 ], [ 91.936922732000141, 24.341965704000131 ], [ 91.936956594000094, 24.341956298000071 ], [ 91.937049832000184, 24.341930399000148 ], [ 91.936996460000046, 24.342050553000092 ], [ 91.937081462000151, 24.342091873000186 ], [ 91.937105417000055, 24.342103517000055 ], [ 91.937133789000086, 24.342117309000116 ], [ 91.937136421000162, 24.342143624000073 ], [ 91.937141000000111, 24.342194000000177 ], [ 91.937105743000075, 24.342244144000063 ], [ 91.937095642000088, 24.342258453000113 ], [ 91.937099947000149, 24.342359630000033 ], [ 91.937103272000172, 24.342437744000108 ], [ 91.937286216000189, 24.34249907200018 ], [ 91.937438965000126, 24.3425502770001 ], [ 91.937594793000073, 24.342602221000107 ], [ 91.937618117000056, 24.342609996000135 ], [ 91.937644522000198, 24.342618841000046 ], [ 91.937530517000084, 24.342775345000064 ], [ 91.937863757000116, 24.342883271000119 ], [ 91.937965023000118, 24.34280805200018 ], [ 91.93802600000015, 24.342943000000162 ], [ 91.938054984000019, 24.343103819000021 ], [ 91.938056966000033, 24.343114844000183 ], [ 91.93811002200016, 24.343085902000098 ], [ 91.938138902000048, 24.343070149000084 ], [ 91.938255180000056, 24.343046213000093 ], [ 91.938293, 24.343091000000129 ], [ 91.938343166000095, 24.343149731000096 ], [ 91.938415528, 24.343235016000165 ], [ 91.938393284000142, 24.343276723000145 ], [ 91.938367292000123, 24.343325457999981 ], [ 91.938339244000133, 24.343378047000158 ], [ 91.9384538340002, 24.343397037000159 ], [ 91.938599000000124, 24.343239000000153 ], [ 91.938720748000037, 24.343214052000178 ], [ 91.938880938000182, 24.343275028000107 ], [ 91.938885238000182, 24.343264547000047 ], [ 91.938911437000115, 24.343200685000056 ], [ 91.938868580000189, 24.343126399000141 ], [ 91.938824, 24.343048000000124 ], [ 91.938797234000162, 24.34300239900017 ], [ 91.94024856600015, 24.343486175000066 ], [ 91.940307629000188, 24.343505877000098 ], [ 91.941065638999987, 24.344639446000031 ], [ 91.941565242000024, 24.345386865000137 ], [ 91.941673, 24.345546999000021 ], [ 91.941738310000176, 24.345641699000055 ], [ 91.941832999000098, 24.345779000000164 ], [ 91.941775700000051, 24.34592259600015 ], [ 91.941749572, 24.345987320000177 ], [ 91.941764831000114, 24.346158981000031 ], [ 91.941781223000078, 24.346194008 ], [ 91.9418032210001, 24.34624101300011 ], [ 91.942001342000083, 24.346254348000059 ], [ 91.942138673000159, 24.346218109000176 ], [ 91.942150011000194, 24.346233497000185 ], [ 91.942166408000048, 24.346255751000058 ], [ 91.94219188, 24.346290838000016 ], [ 91.9421447160002, 24.346350701000119 ], [ 91.942110724000031, 24.346393845000136 ], [ 91.94209289600019, 24.346416473000033 ], [ 91.942062436000128, 24.346523082999965 ], [ 91.942154475000052, 24.346500259000038 ], [ 91.942184, 24.346493001000169 ], [ 91.942298973000106, 24.346449011000061 ], [ 91.942344665000121, 24.346509935000142 ], [ 91.942360837000081, 24.346534771000051 ], [ 91.942384122000135, 24.346570530000065 ], [ 91.942397991000121, 24.346591986000078 ], [ 91.942381934000139, 24.34659965000003 ], [ 91.942275967000114, 24.346650226000122 ], [ 91.94223022500006, 24.346672058000138 ], [ 91.942001342000083, 24.346994399999971 ], [ 91.94209289600019, 24.347299577000115 ], [ 91.942129793000106, 24.347329555000101 ], [ 91.942143290000104, 24.347340522000025 ], [ 91.942153931000178, 24.347349167000118 ], [ 91.942220497000164, 24.34734314800005 ], [ 91.942278774000101, 24.347337879000065 ], [ 91.942422276000059, 24.347325087000058 ], [ 91.942511966000041, 24.34731709100015 ], [ 91.942445000000191, 24.347496 ], [ 91.942413, 24.347582000000102 ], [ 91.942443000000196, 24.347597000000121 ], [ 91.942464105000056, 24.34760725100017 ], [ 91.942512513000167, 24.347631455000055 ], [ 91.942916870000147, 24.347660064000024 ], [ 91.942952219000119, 24.347680391000154 ], [ 91.943068814000128, 24.347747892000143 ], [ 91.94320982000005, 24.347932319000051 ], [ 91.943259900000101, 24.347997869000153 ], [ 91.943184288000054, 24.348050799000077 ], [ 91.943106708000016, 24.34805268100007 ], [ 91.94309233600012, 24.34805299400017 ], [ 91.943016071999978, 24.348150231000147 ], [ 91.943035795000128, 24.348207586000171 ], [ 91.94306493400012, 24.34829220000006 ], [ 91.943214416000046, 24.348726274000114 ], [ 91.943321228, 24.348909378000144 ], [ 91.94328308200005, 24.349063874000137 ], [ 91.943466076000107, 24.349002876999975 ], [ 91.943478870000092, 24.348981548000097 ], [ 91.943519999000046, 24.348913 ], [ 91.943642076000117, 24.348706957000047 ], [ 91.943725858000107, 24.348658084000135 ], [ 91.943762858000127, 24.348722286000111 ], [ 91.943799210000122, 24.348785368000051 ], [ 91.943855286000144, 24.348882676000073 ], [ 91.944105366000088, 24.348745728000097 ], [ 91.944147779000104, 24.348722502000157 ], [ 91.944175721000136, 24.348707200000149 ], [ 91.944389044000104, 24.348650058000032 ], [ 91.944435001000102, 24.348711 ], [ 91.944595041000184, 24.348889996000139 ], [ 91.944770814000037, 24.348871231000089 ], [ 91.94506073000008, 24.3489761350001 ], [ 91.945177646000161, 24.349116435000155 ], [ 91.94520814100008, 24.349153030000082 ], [ 91.946182250000163, 24.349567413000159 ], [ 91.946220847000063, 24.349618071000066 ], [ 91.946325, 24.34975500000013 ], [ 91.946395881000115, 24.34984784400018 ], [ 91.946402920000082, 24.349911190000114 ], [ 91.946410991000164, 24.349984920000168 ], [ 91.946411, 24.350157 ], [ 91.946320883000169, 24.350339134000137 ], [ 91.946269675000167, 24.350382112000148 ], [ 91.946189880000077, 24.350448609000068 ], [ 91.946197511000094, 24.350524903000178 ], [ 91.946174622000058, 24.350706101000071 ], [ 91.946177705000196, 24.350749273000076 ], [ 91.946179201000177, 24.350770231000013 ], [ 91.946182250000163, 24.350812912000094 ], [ 91.946434022000176, 24.350841523000042 ], [ 91.946662903, 24.351043702000027 ], [ 91.946754010000177, 24.351056989000142 ], [ 91.946797397000125, 24.351007978000098 ], [ 91.946807971000112, 24.350996032000126 ], [ 91.946864762000132, 24.350936644000058 ], [ 91.946947047000094, 24.350850781000133 ], [ 91.946983180000132, 24.350813077 ], [ 91.947052657000143, 24.35084262100014 ], [ 91.947099715000093, 24.350862789000075 ], [ 91.947196960000099, 24.350904466000031 ], [ 91.947288514000036, 24.350925447000066 ], [ 91.947452427000144, 24.350868075000108 ], [ 91.947555600000101, 24.350832138999976 ], [ 91.947654724000131, 24.350883485000168 ], [ 91.947650171000191, 24.350899418000154 ], [ 91.947645066, 24.350917284000047 ], [ 91.94762420700016, 24.350990295000145 ], [ 91.947628150000071, 24.351075058000106 ], [ 91.947629804000201, 24.351110636000044 ], [ 91.947631836000198, 24.351154328000121 ], [ 91.947662470000068, 24.351136227000097 ], [ 91.947716001000117, 24.351105001000178 ], [ 91.947890999000037, 24.35104200100011 ], [ 91.947974214000055, 24.351044388000048 ], [ 91.948135376000096, 24.351049423000063 ], [ 91.948341369000161, 24.351072311000166 ], [ 91.948348999000075, 24.350986482000053 ], [ 91.948354724000126, 24.350957380000125 ], [ 91.948360965000177, 24.350925655000083 ], [ 91.948371998000141, 24.350870010000051 ], [ 91.948387649000097, 24.350852795000094 ], [ 91.948562671, 24.350660362000099 ], [ 91.94888961200013, 24.350904289000084 ], [ 91.948996095000155, 24.350983736000046 ], [ 91.94905090400016, 24.351024629000108 ], [ 91.949137323000116, 24.351087782000093 ], [ 91.949148847000174, 24.351096202000065 ], [ 91.949194863000116, 24.351131622000025 ], [ 91.94924163800016, 24.351167678000138 ], [ 91.949282488000165, 24.351198885000144 ], [ 91.949434254000096, 24.351314817000173 ], [ 91.949516296000127, 24.351377488000082 ], [ 91.94960022000015, 24.351341249000029 ], [ 91.949760438000055, 24.35112381100015 ], [ 91.949779111000112, 24.351100025000164 ], [ 91.949814701000037, 24.351054688000033 ], [ 91.949920653000106, 24.350920442000131 ], [ 91.949973392000118, 24.350928513000156 ], [ 91.950032553000142, 24.350938374000179 ], [ 91.950080872000115, 24.350946428000157 ], [ 91.950103879000153, 24.35110681000009 ], [ 91.950218201000041, 24.351266861000113 ], [ 91.95031738400013, 24.351474762000123 ], [ 91.950576783000031, 24.351478578000126 ], [ 91.950669272000141, 24.351488854000081 ], [ 91.950699114000145, 24.351492169999972 ], [ 91.950782776000096, 24.351501466000059 ], [ 91.95081268600012, 24.351565439000126 ], [ 91.950824000000125, 24.351590000000101 ], [ 91.950850769000169, 24.351647504000027 ], [ 91.95108, 24.351921001000051 ], [ 91.951087, 24.351969000000167 ], [ 91.951095580000072, 24.352029801000128 ], [ 91.950904846000071, 24.352012635000165 ], [ 91.950874968000107, 24.352084842000181 ], [ 91.950854268000171, 24.352134867000132 ], [ 91.95081329400017, 24.352233888000058 ], [ 91.950817971000106, 24.35227306000013 ], [ 91.950819868000167, 24.352288945000112 ], [ 91.950828553000065, 24.352361679000069 ], [ 91.950798060000125, 24.352462777000085 ], [ 91.951072692000139, 24.352546693000136 ], [ 91.951347352000084, 24.3527545930001 ], [ 91.951622010000108, 24.352960587000098 ], [ 91.95172119200015, 24.353033066000137 ], [ 91.951746556000103, 24.353052461000061 ], [ 91.951850891000106, 24.353132248000179 ], [ 91.952152883000053, 24.353357202000097 ], [ 91.952209608000032, 24.353399456000034 ], [ 91.952224731000115, 24.353410720999989 ], [ 91.952306557000156, 24.35346442000008 ], [ 91.952425494000124, 24.353542473000061 ], [ 91.952590943000075, 24.353651047000028 ], [ 91.952601940000193, 24.353659296000046 ], [ 91.952629273000014, 24.353679796000165 ], [ 91.952682494999976, 24.3537197120001 ], [ 91.956069946000071, 24.355720519000158 ], [ 91.956100465000191, 24.355859756000029 ], [ 91.956214915000089, 24.356006762000163 ], [ 91.956222533000187, 24.356128693000187 ], [ 91.956336976000102, 24.356340408000051 ], [ 91.956405639000195, 24.356628419000174 ], [ 91.9566650390002, 24.356817245000116 ], [ 91.956817086000058, 24.356735980000053 ], [ 91.957108000000176, 24.356581 ], [ 91.957474, 24.356451000000106 ], [ 91.957536503000142, 24.356393517000072 ], [ 91.957662323000079, 24.356278181000107 ], [ 91.957748412, 24.356199264000054 ], [ 91.957842361000075, 24.356090963000099 ], [ 91.957865125000183, 24.356064722000156 ], [ 91.957885743000134, 24.35604095400015 ], [ 91.958053589000144, 24.355838777000031 ], [ 91.95818505200009, 24.355678183000066 ], [ 91.95837149100015, 24.35545042900003 ], [ 91.958389282000098, 24.355428695000171 ], [ 91.958428431000073, 24.355381748000127 ], [ 91.95887800100013, 24.354843001000063 ], [ 91.959108463, 24.354590213000108 ], [ 91.959229000000164, 24.354458 ], [ 91.959365552000065, 24.354385445 ], [ 91.959564209000064, 24.354280472000141 ], [ 91.959953308000195, 24.354166031000148 ], [ 91.960211517000175, 24.354121608000128 ], [ 91.960348752000073, 24.3540979980001 ], [ 91.960662841000044, 24.354043961000173 ], [ 91.960784943000192, 24.353960034000067 ], [ 91.961250306000068, 24.353895188000024 ], [ 91.961601257000041, 24.35379028400007 ], [ 91.961728957000105, 24.353701676000185 ], [ 91.961939564000033, 24.353555540000173 ], [ 91.961975098000153, 24.353530884000122 ], [ 91.962010740000096, 24.35350008000006 ], [ 91.962106654000195, 24.353417183000033 ], [ 91.962242127000138, 24.353300095000122 ], [ 91.962334451000117, 24.353173756000047 ], [ 91.962387000000149, 24.353102000000149 ], [ 91.962517, 24.352764 ], [ 91.962679485000081, 24.352465328000051 ], [ 91.963036001000091, 24.351810000000171 ], [ 91.963040704000036, 24.351801005000027 ], [ 91.963275, 24.351353000000188 ], [ 91.963315582000064, 24.351275347000069 ], [ 91.963378906000116, 24.351154328000121 ], [ 91.963500977000194, 24.351036072000113 ], [ 91.963514167000028, 24.351023647000034 ], [ 91.963597784000115, 24.350944883000068 ], [ 91.963928, 24.350634 ], [ 91.964028009000117, 24.350578530000064 ], [ 91.964135786000043, 24.350519029000054 ], [ 91.96429443400001, 24.350431443000048 ], [ 91.964492751000193, 24.350369151000052 ], [ 91.964579999000136, 24.350341746000026 ], [ 91.964592000000152, 24.350338 ], [ 91.9649049530002, 24.350317002999986 ], [ 91.965354999000112, 24.350325 ], [ 91.965663421000045, 24.350372327000173 ], [ 91.965934753000113, 24.350414276000151 ], [ 91.966331481999987, 24.350475311000139 ], [ 91.966686614000082, 24.350499525000032 ], [ 91.966794630000152, 24.35050689000019 ], [ 91.967086792000146, 24.350526810000076 ], [ 91.96745300200007, 24.350608826999974 ], [ 91.967735290000178, 24.350671768000154 ], [ 91.968073043000118, 24.350629548000029 ], [ 91.968164730000183, 24.350618087000043 ], [ 91.96828468700005, 24.350603067000065 ], [ 91.968582152000067, 24.35046386800019 ], [ 91.968917848000103, 24.350276947000054 ], [ 91.969047546000184, 24.350063324000075 ], [ 91.969080912000095, 24.349979153000106 ], [ 91.969090145000109, 24.349955861000126 ], [ 91.969131470000036, 24.349851609000041 ], [ 91.969093323000152, 24.349584579000179 ], [ 91.96899414100011, 24.349395753000181 ], [ 91.968917848000103, 24.349256516000082 ], [ 91.968813383000111, 24.349145523000061 ], [ 91.968751717000146, 24.349080003000154 ], [ 91.968734742000095, 24.349061967000068 ], [ 91.968624994000038, 24.348968224000032 ], [ 91.968577779000157, 24.348927894000099 ], [ 91.9685516360002, 24.348905564 ], [ 91.96839796800009, 24.348852574000091 ], [ 91.968346872000154, 24.348834955000143 ], [ 91.96833038300008, 24.348829269000191 ], [ 91.967883705000077, 24.348694942000179 ], [ 91.96780617800016, 24.348671628000034 ], [ 91.967277526000146, 24.348512649000099 ], [ 91.966316223000092, 24.348094939000191 ], [ 91.966197418000093, 24.347984715000109 ], [ 91.96597300000019, 24.347776000000181 ], [ 91.965835677000086, 24.347491036000065 ], [ 91.965784221000092, 24.347337183000036 ], [ 91.965736389000085, 24.347192764000056 ], [ 91.965754156, 24.347139465000168 ], [ 91.965763792000132, 24.347110558000168 ], [ 91.965774536000083, 24.347078324000165 ], [ 91.965810634000093, 24.346958 ], [ 91.965827748000095, 24.34690095100018 ], [ 91.965843201000041, 24.346849441000188 ], [ 91.966047263, 24.346640278000166 ], [ 91.966072, 24.346615 ], [ 91.966154478000078, 24.346559309000156 ], [ 91.966423034000115, 24.346378325999979 ], [ 91.967859918000158, 24.345861048000188 ], [ 91.967901325000128, 24.345846141000095 ], [ 91.967948913000157, 24.345829010000045 ], [ 91.967967987000122, 24.345818362000045 ], [ 91.968089611000096, 24.345750464999981 ], [ 91.968734742000095, 24.345390320000149 ], [ 91.968763203000037, 24.345367928000087 ], [ 91.968918669000118, 24.345245614000078 ], [ 91.969253541000114, 24.344982148000099 ], [ 91.969289379000031, 24.344953972000098 ], [ 91.969408385000122, 24.34486041100007 ], [ 91.969833373000142, 24.344526292000069 ], [ 91.970055887000058, 24.344245658000091 ], [ 91.970345, 24.343882 ], [ 91.97064325000008, 24.343508225000107 ], [ 91.970886230000076, 24.343204498000091 ], [ 91.971176148000097, 24.342683793000106 ], [ 91.971420288000047, 24.342205048000039 ], [ 91.971551036000051, 24.341564383000048 ], [ 91.971566309000139, 24.341489545000059 ], [ 91.971572875000163, 24.341457368000135 ], [ 91.971562859000016, 24.341104252000093 ], [ 91.971549989000039, 24.340650558 ], [ 91.971545464000087, 24.340587548000144 ], [ 91.971474, 24.339588 ], [ 91.971473985000159, 24.33942762900017 ], [ 91.971467430000075, 24.339258820000168 ], [ 91.971466065000186, 24.339221954000095 ], [ 91.97150421200007, 24.338659286999984 ], [ 91.971751341000186, 24.337532225000189 ], [ 91.971756124000137, 24.337510598000108 ], [ 91.972054001000174, 24.336540001000174 ], [ 91.972106021000059, 24.336435235000181 ], [ 91.972198487000071, 24.336250304000089 ], [ 91.972423321000178, 24.335496809000176 ], [ 91.972481001000176, 24.335304001000054 ], [ 91.972769739000057, 24.334514306000131 ], [ 91.972847000000172, 24.334302999000158 ], [ 91.972886420000066, 24.334191637000174 ], [ 91.973167419000106, 24.333398818000035 ], [ 91.973317822000013, 24.333122404000108 ], [ 91.973448320000159, 24.332883081000091 ], [ 91.973592000000167, 24.332788000000164 ], [ 91.973696463000181, 24.332719923000127 ], [ 91.973770142000149, 24.332672119000051 ], [ 91.974060059000067, 24.332380295000064 ], [ 91.974380494, 24.332065583000144 ], [ 91.974876404000042, 24.331556319000128 ], [ 91.977022368000121, 24.331676402000028 ], [ 91.977550069000188, 24.331705931000045 ], [ 91.979103088000159, 24.331792833000122 ], [ 91.982910156, 24.331115723000039 ], [ 91.983123690000127, 24.330774070000132 ], [ 91.98470225300008, 24.328248368000061 ], [ 91.986076343000093, 24.326049822000016 ], [ 91.990074000000163, 24.323973000000137 ], [ 91.990150298000117, 24.324026070000116 ], [ 91.990295410000044, 24.324060440000096 ], [ 91.990397147000181, 24.324042746000089 ], [ 91.990442675000054, 24.324034827000048 ], [ 91.990470886000139, 24.324029922000079 ], [ 91.990989685000159, 24.323804856000095 ], [ 91.991090634999978, 24.323748072 ], [ 91.991124559000127, 24.323728990000063 ], [ 91.991264343000182, 24.323650361000034 ], [ 91.991533078000089, 24.323452254000074 ], [ 91.991556941000056, 24.323434663000114 ], [ 91.991643094000153, 24.323361737000141 ], [ 91.991781832000072, 24.323243376000164 ], [ 91.992172240000059, 24.322910309000065 ], [ 91.992231469000046, 24.322881682000116 ], [ 91.992255989000171, 24.322869830000172 ], [ 91.992286683000032, 24.322854996000046 ], [ 91.992380010000034, 24.322809377000056 ], [ 91.992656120000106, 24.322674413000072 ], [ 91.993309021000073, 24.322355271000163 ], [ 91.993568420000088, 24.322229385000014 ], [ 91.994590759000062, 24.322233200000085 ], [ 91.99496901100008, 24.32221725 ], [ 91.995215, 24.322207 ], [ 91.995857000000115, 24.322180004000131 ], [ 91.995854364000081, 24.322567177999986 ], [ 91.995852068000033, 24.32287658700011 ], [ 91.99584961000005, 24.323207855000192 ], [ 91.995841980000137, 24.323329926000042 ], [ 91.995841980000137, 24.323425293000071 ], [ 91.995826721000185, 24.323762894000026 ], [ 91.995887757000105, 24.324054718000184 ], [ 91.995933534000073, 24.324310302000185 ], [ 91.995968740000137, 24.324360179000109 ], [ 91.99597557900006, 24.324369869000066 ], [ 91.996116638000103, 24.324390411000138 ], [ 91.996177673000091, 24.324977876000162 ], [ 91.996210338000196, 24.325192236000134 ], [ 91.996226, 24.325296 ], [ 91.996269, 24.325579000000175 ], [ 91.996280501000058, 24.32574501300013 ], [ 91.996291999000107, 24.325911 ], [ 91.99634149600007, 24.32623897600007 ], [ 91.996391, 24.326567000000182 ], [ 91.996397670000079, 24.32670374800017 ], [ 91.996398925999983, 24.326730728000086 ], [ 91.99619293100011, 24.32674789400005 ], [ 91.996147300000132, 24.326749860000064 ], [ 91.996106219000012, 24.326751631000093 ], [ 91.995971680000196, 24.326757432000136 ], [ 91.995795767000118, 24.326808281000183 ], [ 91.99575375500018, 24.326820425000108 ], [ 91.995727539000143, 24.32682800300006 ], [ 91.995727539000143, 24.326927185000045 ], [ 91.995719909000059, 24.32712364200006 ], [ 91.995711862000178, 24.327211147000128 ], [ 91.995688999000151, 24.327455999000108 ], [ 91.995674, 24.32762 ], [ 91.99567163200004, 24.327724430000046 ], [ 91.995315847000199, 24.327789178000046 ], [ 91.995307922000165, 24.327980042000036 ], [ 91.99530281400007, 24.328057616000081 ], [ 91.995293613000115, 24.328197362000083 ], [ 91.995277405000195, 24.328443528000037 ], [ 91.995257432000074, 24.328746874000103 ], [ 91.995253930000104, 24.328800067000145 ], [ 91.995246887000178, 24.328907013000105 ], [ 91.995244944000092, 24.328921096000101 ], [ 91.995240329000183, 24.328954554000063 ], [ 91.995216001000074, 24.329128 ], [ 91.99501800000013, 24.329212001000087 ], [ 91.99501, 24.32932900100019 ], [ 91.995008170000062, 24.329342174000146 ], [ 91.994994999000085, 24.329437000000155 ], [ 91.994960771000137, 24.329747767000015 ], [ 91.994957, 24.329782001000183 ], [ 91.994955134000122, 24.32980248500013 ], [ 91.994939636000083, 24.329971307000051 ], [ 91.994903565000186, 24.330364228000121 ], [ 91.994895935000102, 24.330492019000133 ], [ 91.994894629000157, 24.330578558000127 ], [ 91.994891167000048, 24.330807880000066 ], [ 91.994888305000188, 24.330997468000135 ], [ 91.994899685000064, 24.331210828000053 ], [ 91.994907779000187, 24.331362593000051 ], [ 91.994918906000123, 24.331569706000039 ], [ 91.995280160000164, 24.33171495199997 ], [ 91.995391451000046, 24.331759698000155 ], [ 91.995658874000071, 24.33186721900006 ], [ 91.995658197000068, 24.331943544000069 ], [ 91.995656337000128, 24.332153279000124 ], [ 91.995651245000033, 24.332727432000127 ], [ 91.995628357000101, 24.334205628000177 ], [ 91.99582674100003, 24.334207768 ], [ 91.995864868000069, 24.33465003900011 ], [ 91.996086001000151, 24.33465003900011 ], [ 91.996101379000152, 24.335250855000083 ], [ 91.996253974000069, 24.335252882000134 ], [ 91.996276855000133, 24.335649491000027 ], [ 91.996673584000177, 24.335638046000042 ], [ 91.996700873, 24.335971848000156 ], [ 91.99672637000009, 24.336283725000101 ], [ 91.996770855000136, 24.33683222600007 ], [ 91.996779919000176, 24.336943984000129 ], [ 91.996558, 24.336900000000185 ], [ 91.996513, 24.336891000000151 ], [ 91.996391, 24.337099000000137 ], [ 91.996292, 24.338110000000142 ], [ 91.996024, 24.338543 ], [ 91.995709589000057, 24.339052484000149 ], [ 91.995613099000082, 24.339208603000145 ], [ 91.994348407000075, 24.33975654000011 ], [ 91.993926472000055, 24.339939017 ], [ 91.993711914000073, 24.339946409000106 ], [ 91.993354979000117, 24.339958509000041 ], [ 91.993026733000136, 24.339969636000149 ], [ 91.992919724999979, 24.341610616000025 ], [ 91.992918461000045, 24.341627058000142 ], [ 91.992912292000199, 24.341707230000054 ], [ 91.992910748000043, 24.341735788999983 ], [ 91.992908573000136, 24.341776033000144 ], [ 91.992904662000058, 24.341848374000165 ], [ 91.99287166, 24.342109084000072 ], [ 91.992827999000042, 24.342451001000029 ], [ 91.99245871100004, 24.342946365000159 ], [ 91.992042541000046, 24.343503952000049 ], [ 91.990576152000131, 24.343631078000044 ], [ 91.990023255000153, 24.343679011 ], [ 91.989204406000169, 24.343750001000046 ], [ 91.988403321000078, 24.346479416000022 ], [ 91.988390747000096, 24.346521330000087 ], [ 91.988380739000149, 24.346554688000026 ], [ 91.98835754400011, 24.346632003000138 ], [ 91.988337193000064, 24.346701197000129 ], [ 91.98831545600018, 24.346775100000116 ], [ 91.988281001000075, 24.346891000000142 ], [ 91.988200851000158, 24.346900198000185 ], [ 91.988182204000168, 24.346902237999984 ], [ 91.988159180000196, 24.346904756000015 ], [ 91.988022505000174, 24.346913614000073 ], [ 91.987968407000153, 24.346917120000171 ], [ 91.987953185000094, 24.346918106000089 ], [ 91.987869263000107, 24.347137452000084 ], [ 91.98780942000019, 24.347289552000063 ], [ 91.987793143000033, 24.347330920000104 ], [ 91.98777770900017, 24.347370148000152 ], [ 91.987748739000097, 24.347457783000038 ], [ 91.987700999000197, 24.347600999000178 ], [ 91.987605218000169, 24.347717579000062 ], [ 91.987548828000115, 24.347785950000116 ], [ 91.987479906000146, 24.347831613000096 ], [ 91.987395999, 24.347887000000128 ], [ 91.98735, 24.348038 ], [ 91.987273999000024, 24.348170999000104 ], [ 91.987159999000198, 24.348174999000037 ], [ 91.986969000000101, 24.348196 ], [ 91.986839, 24.348236001000146 ], [ 91.986670999000069, 24.348358001000122 ], [ 91.986533974, 24.34840000500003 ], [ 91.986480923000158, 24.348410614000102 ], [ 91.986389159, 24.348428727000112 ], [ 91.986274719000164, 24.348472594999976 ], [ 91.98626253000009, 24.348507639000047 ], [ 91.986257321000153, 24.348522615000036 ], [ 91.986244202000194, 24.348560333000137 ], [ 91.986267091000059, 24.348669053000094 ], [ 91.986261240000033, 24.348712196000179 ], [ 91.986251570000093, 24.348783512000068 ], [ 91.986236572000109, 24.348894119000079 ], [ 91.986253552000107, 24.348983261000171 ], [ 91.986265334000166, 24.349045117000117 ], [ 91.986283909000178, 24.349095859000045 ], [ 91.986327981000102, 24.349205039000026 ], [ 91.986313806999988, 24.349233653000056 ], [ 91.986274719000164, 24.349311829000158 ], [ 91.986277323000195, 24.349360003000072 ], [ 91.986278000000141, 24.349374 ], [ 91.986281949000045, 24.349451994000106 ], [ 91.98616400700007, 24.349482498000157 ], [ 91.986045992000129, 24.349512003000029 ], [ 91.986023993000174, 24.349518603000035 ], [ 91.985885620000033, 24.349559785000054 ], [ 91.985880084000087, 24.349642830999983 ], [ 91.985877998000092, 24.349674118 ], [ 91.985886500000106, 24.349692765000043 ], [ 91.985930888000041, 24.349790752000104 ], [ 91.985926685000152, 24.349940187000072 ], [ 91.985923767000088, 24.350032807000105 ], [ 91.985862746000066, 24.350107993000108 ], [ 91.985817, 24.350163999000131 ], [ 91.98574450600006, 24.350198497000179 ], [ 91.985672, 24.350233001000163 ], [ 91.985595551000074, 24.350256437000155 ], [ 91.985545472000126, 24.35027173800006 ], [ 91.985534669, 24.35027503900011 ], [ 91.985508507000191, 24.350300698000183 ], [ 91.98543499900012, 24.350371999000117 ], [ 91.98539111600013, 24.35040055200011 ], [ 91.985351563000165, 24.350425721000136 ], [ 91.985153199000081, 24.350486756000123 ], [ 91.984970093000186, 24.350549699000055 ], [ 91.98492417600005, 24.350570048000066 ], [ 91.984873904000153, 24.350592327000072 ], [ 91.984802247000175, 24.350624085 ], [ 91.984706984000184, 24.350676182000143 ], [ 91.984680094999987, 24.350690947000032 ], [ 91.984595999000135, 24.350888999000063 ], [ 91.984534999000061, 24.351061000000186 ], [ 91.984428116000061, 24.35120983700017 ], [ 91.984371297000052, 24.351248714000121 ], [ 91.984283000000119, 24.351308999000025 ], [ 91.984137999000097, 24.35142100000013 ], [ 91.983958891000043, 24.351523628000109 ], [ 91.983863831000178, 24.351577760000168 ], [ 91.983774222000136, 24.351639590000104 ], [ 91.983673097000178, 24.351709366000023 ], [ 91.983612061000088, 24.351819991000184 ], [ 91.983444214000144, 24.351966858000026 ], [ 91.983352662000073, 24.35207748400012 ], [ 91.983276500000159, 24.352105591000054 ], [ 91.983254028000033, 24.352113884000119 ], [ 91.98319244400011, 24.352136611000105 ], [ 91.982935229000077, 24.352189893000059 ], [ 91.982925414000022, 24.35219192600016 ], [ 91.982810499000038, 24.352313602000095 ], [ 91.982795716000169, 24.352329255000086 ], [ 91.982757569000114, 24.352529527000115 ], [ 91.982711792000146, 24.352668763000111 ], [ 91.982683025000142, 24.352760818000149 ], [ 91.982634999000084, 24.352913001000047 ], [ 91.982535383000197, 24.353025644000013 ], [ 91.982446000000152, 24.353119000000106 ], [ 91.982433066000169, 24.353132560000176 ], [ 91.982383729000105, 24.35318374700006 ], [ 91.982342957000071, 24.353247961000022 ], [ 91.982337534000067, 24.353256503000068 ], [ 91.982307435000166, 24.353303911000069 ], [ 91.982208253000124, 24.353452683000114 ], [ 91.982205198000145, 24.353520631000038 ], [ 91.982203653000113, 24.353555006000136 ], [ 91.98220062300004, 24.353622436000023 ], [ 91.982261658000198, 24.353925705000165 ], [ 91.98220062300004, 24.354042053 ], [ 91.982116699000187, 24.354164124000079 ], [ 91.982087439000054, 24.354212889000109 ], [ 91.982065, 24.35425 ], [ 91.981979, 24.354393000000186 ], [ 91.981952000000149, 24.354405 ], [ 91.981927668000083, 24.354416088000164 ], [ 91.981872558000134, 24.354440689000171 ], [ 91.981613081000091, 24.354469880000181 ], [ 91.981567, 24.354474999000161 ], [ 91.981323000000145, 24.354492 ], [ 91.981171000000188, 24.354551000000129 ], [ 91.981079, 24.354528000000187 ], [ 91.980989763000196, 24.35450290100016 ], [ 91.980918885000051, 24.354482651000069 ], [ 91.980781556000125, 24.354560852000077 ], [ 91.980804509000166, 24.354578069000127 ], [ 91.980834726000069, 24.354600731000062 ], [ 91.980873108000083, 24.354629518000024 ], [ 91.981056214000091, 24.354763032000108 ], [ 91.981155396000133, 24.354885102000082 ], [ 91.981197554000062, 24.354924918000165 ], [ 91.981267843000126, 24.354991302000144 ], [ 91.98129272500006, 24.355014801000038 ], [ 91.981460571000071, 24.355167388000154 ], [ 91.981437682000035, 24.355266570000026 ], [ 91.981376678000174, 24.355459124000106 ], [ 91.981341867000197, 24.355472512000176 ], [ 91.981246948000091, 24.355508804000124 ], [ 91.981079102000024, 24.355466842000055 ], [ 91.980940964000183, 24.355375797000079 ], [ 91.98091125500008, 24.355356217000065 ], [ 91.980705260000036, 24.355247497000107 ], [ 91.980610143000035, 24.355220322000093 ], [ 91.980578020000166, 24.355211144 ], [ 91.980545043000177, 24.355201722000118 ], [ 91.980518672000017, 24.35521271000016 ], [ 91.980485589000068, 24.355226494000078 ], [ 91.980430602000013, 24.355249405000109 ], [ 91.980186463000166, 24.355401994000033 ], [ 91.979942322000113, 24.355667114000084 ], [ 91.979883965, 24.355741883000178 ], [ 91.97984864, 24.355787144000089 ], [ 91.979820251000092, 24.3558235160001 ], [ 91.979782708000073, 24.355870056000185 ], [ 91.979737311000122, 24.355926328000066 ], [ 91.979637145000197, 24.356050492 ], [ 91.979507447000117, 24.356201172000056 ], [ 91.979469311000173, 24.356361340000149 ], [ 91.979512454000087, 24.35639982500004 ], [ 91.979590743000074, 24.356469772000082 ], [ 91.97967499900011, 24.356555999000022 ], [ 91.979681345000131, 24.356620237000186 ], [ 91.979685155000084, 24.356660720000093 ], [ 91.979690552000079, 24.35671806300013 ], [ 91.979629517000092, 24.356769563000114 ], [ 91.979484558000081, 24.356828691000032 ], [ 91.979434107000088, 24.356839621000063 ], [ 91.97937, 24.356853000000172 ], [ 91.979162624000082, 24.356897122000078 ], [ 91.978984154000102, 24.356912868000165 ], [ 91.978721620000044, 24.35693550100018 ], [ 91.978629590000082, 24.356987605000029 ], [ 91.9785680600001, 24.35702244200013 ], [ 91.97846222000004, 24.357082368000135 ], [ 91.978309715000137, 24.357225341000174 ], [ 91.978301706000082, 24.357235782000032 ], [ 91.978210000000161, 24.357355000000155 ], [ 91.978198410000061, 24.357368282000152 ], [ 91.978121386000112, 24.35745655 ], [ 91.978073120000033, 24.357511520000116 ], [ 91.978035014000056, 24.357612734000156 ], [ 91.978049194000164, 24.357655275000184 ], [ 91.978058863000172, 24.357684281000104 ], [ 91.978080750000117, 24.35774993900003 ], [ 91.978111194000178, 24.357775311000182 ], [ 91.978127949000054, 24.357789273000094 ], [ 91.978149410000128, 24.357807156000092 ], [ 91.978309631000116, 24.357868195000037 ], [ 91.978515625000114, 24.357950211000116 ], [ 91.978782653, 24.357973099000048 ], [ 91.978866577000019, 24.358009339000034 ], [ 91.978912153000067, 24.358046368000146 ], [ 91.978925000000174, 24.358057000000144 ], [ 91.978958, 24.358084 ], [ 91.97900600000014, 24.358135000000175 ], [ 91.979017120000151, 24.358146737000027 ], [ 91.979041987000187, 24.358173300000146 ], [ 91.979034000000127, 24.358355 ], [ 91.979080000000181, 24.358450000000119 ], [ 91.979201958000147, 24.358515309000154 ], [ 91.979185719000156, 24.358631687000184 ], [ 91.97917179500007, 24.358730028000025 ], [ 91.979128389000039, 24.358736230000034 ], [ 91.979107240000133, 24.358739114000059 ], [ 91.979087829000036, 24.358741761000033 ], [ 91.9789350960001, 24.358717016000014 ], [ 91.978921286000059, 24.358721890000083 ], [ 91.978805541000156, 24.358762742000067 ], [ 91.978808916000162, 24.358810824000159 ], [ 91.978811319000101, 24.358845056000121 ], [ 91.978813172000173, 24.358871459000113 ], [ 91.978818533000151, 24.358894920000182 ], [ 91.978843687999984, 24.359004975000119 ], [ 91.978858948000038, 24.359140397000147 ], [ 91.978911976000177, 24.359203066000077 ], [ 91.978920087, 24.359212652000167 ], [ 91.978942870000026, 24.359239579000189 ], [ 91.979049702000168, 24.35929683400002 ], [ 91.979074068000045, 24.359339472000045 ], [ 91.979117875000043, 24.359416779000128 ], [ 91.979149470000095, 24.359488097000167 ], [ 91.979163273000097, 24.359519648000173 ], [ 91.97917175300006, 24.35953903300009 ], [ 91.97923278900015, 24.359695435000049 ], [ 91.979257672000131, 24.359747868000056 ], [ 91.979268338000168, 24.35977034400014 ], [ 91.979286194000053, 24.359807968000041 ], [ 91.979385373000127, 24.359811783000112 ], [ 91.979507447000117, 24.359741210000038 ], [ 91.979540182000108, 24.359717917000182 ], [ 91.979553, 24.359709 ], [ 91.979606733000196, 24.359671188000107 ], [ 91.979743899000141, 24.359689986000092 ], [ 91.979737679000152, 24.359718754000141 ], [ 91.979712323, 24.359832935000099 ], [ 91.97965676900003, 24.359991426000136 ], [ 91.979644775000111, 24.360025406000091 ], [ 91.979515067000023, 24.360309854000036 ], [ 91.979507447000117, 24.360523224000076 ], [ 91.979542662000085, 24.36055452700009 ], [ 91.979560060000153, 24.360569992000023 ], [ 91.979576110000039, 24.360584259000063 ], [ 91.979647306000061, 24.360560231000022 ], [ 91.979728755000167, 24.360533081000085 ], [ 91.979769962000091, 24.360497967000015 ], [ 91.979805001000045, 24.360468000000139 ], [ 91.979927, 24.360327 ], [ 91.979949966000049, 24.360308363000172 ], [ 91.980049001000168, 24.360228000000177 ], [ 91.980141001000163, 24.36006900000018 ], [ 91.980232000000115, 24.35998 ], [ 91.980307734000178, 24.359986371000161 ], [ 91.980339050000111, 24.359989167000037 ], [ 91.980408297000054, 24.360005242000057 ], [ 91.980467288000057, 24.360018936000131 ], [ 91.980659485000047, 24.360063553000145 ], [ 91.980857850000064, 24.360082626000064 ], [ 91.980893305000052, 24.36006726200003 ], [ 91.980941314000177, 24.36004645700018 ], [ 91.980972290000068, 24.360033036 ], [ 91.981019067000148, 24.360013086000151 ], [ 91.981102001000068, 24.359978 ], [ 91.98119000000014, 24.359972000000141 ], [ 91.981205444000182, 24.359970916000066 ], [ 91.981246948000091, 24.359968186000174 ], [ 91.981346026000097, 24.359951037000087 ], [ 91.981466910000165, 24.3601221240001 ], [ 91.981529236000142, 24.360210419000055 ], [ 91.984313964000194, 24.360668183000087 ], [ 91.984451018000129, 24.360691026000097 ], [ 91.984512, 24.360781 ], [ 91.984573000000125, 24.360855000000186 ], [ 91.984573000000125, 24.361012000000187 ], [ 91.984575606000135, 24.361193157000173 ], [ 91.98448900000011, 24.361291999000173 ], [ 91.9844297960002, 24.361358547000179 ], [ 91.984359741000162, 24.361436844000025 ], [ 91.984237671000187, 24.361574173000065 ], [ 91.984229472000095, 24.361583949000192 ], [ 91.98422018500014, 24.361595023000064 ], [ 91.9841380000002, 24.361692000000176 ], [ 91.984001, 24.361698000000104 ], [ 91.983795, 24.361963 ], [ 91.983696, 24.362083 ], [ 91.983615997000072, 24.36215450300017 ], [ 91.983535999000196, 24.362225999000032 ], [ 91.983413999000049, 24.362268 ], [ 91.983397201000116, 24.362270100000046 ], [ 91.983246001, 24.362289001000079 ], [ 91.983085999000082, 24.362211000000116 ], [ 91.983004285999982, 24.362205417000098 ], [ 91.982938445000173, 24.362200851000068 ], [ 91.982925113000135, 24.362200007000183 ], [ 91.982674001000134, 24.362432000000126 ], [ 91.982652770000072, 24.362441472000171 ], [ 91.982608850000133, 24.362461066000037 ], [ 91.982543946000078, 24.362489701000186 ], [ 91.98234558200005, 24.362565995000068 ], [ 91.9820556640002, 24.362569810000139 ], [ 91.981910152000069, 24.362519788999975 ], [ 91.981872760000158, 24.362506938000081 ], [ 91.981759418000195, 24.362524546000145 ], [ 91.981743568000127, 24.362525485000106 ], [ 91.981724836000183, 24.362524253000174 ], [ 91.981605683000168, 24.362516412000161 ], [ 91.981580412000142, 24.362581277000118 ], [ 91.981557232000171, 24.362640772000134 ], [ 91.981529236000142, 24.362712859000169 ], [ 91.981521498000063, 24.362738008000179 ], [ 91.981507703000091, 24.36278283900009 ], [ 91.981460571000071, 24.362936020000063 ], [ 91.98151078900014, 24.363009952000141 ], [ 91.981528932000117, 24.363036899000122 ], [ 91.981407166, 24.363187789 ], [ 91.981323088000181, 24.363186002000134 ], [ 91.981297913000105, 24.36320525400015 ], [ 91.981256574000156, 24.363236866000079 ], [ 91.981193717000053, 24.363284933000045 ], [ 91.981156, 24.363276 ], [ 91.981123106000155, 24.363268492000032 ], [ 91.981063842000196, 24.363254547000054 ], [ 91.981000566000148, 24.363277288000063 ], [ 91.980990342000155, 24.363280961999976 ], [ 91.980941772000051, 24.363298417000124 ], [ 91.980812073000095, 24.363451004000012 ], [ 91.980659485000047, 24.363609313999973 ], [ 91.980529785000158, 24.36371421900003 ], [ 91.980432233000101, 24.363765210999986 ], [ 91.980329490000031, 24.363818918000106 ], [ 91.980278015000124, 24.363845825000112 ], [ 91.980148201000191, 24.363933864000046 ], [ 91.98013821100011, 24.363959670000042 ], [ 91.980133257000034, 24.363972468000043 ], [ 91.980102539000143, 24.36405181900011 ], [ 91.980105681000055, 24.364089536000108 ], [ 91.980108356000187, 24.364121644000079 ], [ 91.980110001000071, 24.364143 ], [ 91.980100290000053, 24.364231030000099 ], [ 91.980096402000072, 24.364265541000179 ], [ 91.980094909000059, 24.36427879300004 ], [ 91.980099263000056, 24.364312525000173 ], [ 91.980110001000071, 24.364396999000064 ], [ 91.980110001000071, 24.364584001000082 ], [ 91.980099406000193, 24.364710413000068 ], [ 91.980094772000143, 24.364763989000039 ], [ 91.980092444000149, 24.364776356000107 ], [ 91.980064393000191, 24.364925385000106 ], [ 91.980054283000072, 24.364996986000051 ], [ 91.980050015000074, 24.365027221000162 ], [ 91.980041504000155, 24.36508751000008 ], [ 91.979995727000187, 24.36530113300006 ], [ 91.979988452000043, 24.365328869000052 ], [ 91.979983156000117, 24.365349061000131 ], [ 91.979965, 24.36541700000015 ], [ 91.979931617000034, 24.365477467000119 ], [ 91.979911803, 24.365512848000094 ], [ 91.979835509999987, 24.365631103000055 ], [ 91.979770518000123, 24.365732926000192 ], [ 91.979739859000176, 24.365780958000073 ], [ 91.97972106900005, 24.36581039400005 ], [ 91.979704204000143, 24.365860391000183 ], [ 91.979688330999977, 24.365907442000093 ], [ 91.979667664000146, 24.365968704000181 ], [ 91.979608579000171, 24.365948839000055 ], [ 91.979556131000095, 24.365931206000084 ], [ 91.979446411000026, 24.365894318000073 ], [ 91.979240417000085, 24.365917207000052 ], [ 91.979153341000142, 24.365953488000173 ], [ 91.979011532000015, 24.366012574000081 ], [ 91.978988647, 24.366022109000028 ], [ 91.978790768000067, 24.366197648000082 ], [ 91.97874871200014, 24.366235288000041 ], [ 91.9787365090001, 24.366247295000051 ], [ 91.978515625000114, 24.366464615000098 ], [ 91.978393554000093, 24.36663818300002 ], [ 91.978279114000031, 24.366775512000117 ], [ 91.978216153000062, 24.366881309000064 ], [ 91.978209472000117, 24.366897640000104 ], [ 91.97814941300004, 24.36704444999998 ], [ 91.978144431000146, 24.367176474000075 ], [ 91.978142676000118, 24.367223015000093 ], [ 91.978141785000105, 24.367246629000135 ], [ 91.978144394000083, 24.36725677700008 ], [ 91.978154387000075, 24.367295639000076 ], [ 91.97821044900013, 24.367513657000188 ], [ 91.978271484000118, 24.367744445000085 ], [ 91.978446960000042, 24.368129730000078 ], [ 91.978456686000129, 24.368163948000074 ], [ 91.978553772000168, 24.368505478000088 ], [ 91.978585733000045, 24.368678595000119 ], [ 91.978598506000139, 24.36874778400005 ], [ 91.97862243700007, 24.368877411000028 ], [ 91.978668212000059, 24.369070054000076 ], [ 91.978680924000059, 24.369121695 ], [ 91.978710638, 24.369242408000162 ], [ 91.978759766000167, 24.369441987000016 ], [ 91.978896904000123, 24.369703376000075 ], [ 91.978874775000179, 24.369789385 ], [ 91.978843687999984, 24.369909286000052 ], [ 91.978721620000044, 24.370223999000075 ], [ 91.978477633000182, 24.370551007000131 ], [ 91.978446866000013, 24.370592092000095 ], [ 91.978343505000112, 24.370662813000138 ], [ 91.978330413000094, 24.370671869000034 ], [ 91.978279428000064, 24.370709378000186 ], [ 91.978065491, 24.370866776000071 ], [ 91.977954736000186, 24.371007405000057 ], [ 91.977937600000189, 24.371029163000117 ], [ 91.977775573000031, 24.371234894000168 ], [ 91.977684021000073, 24.371320725000032 ], [ 91.977653502000123, 24.371406556000125 ], [ 91.977628828000036, 24.371480579000149 ], [ 91.977615000000128, 24.371521001000133 ], [ 91.977592000000186, 24.371597 ], [ 91.97745509900011, 24.371728905000055 ], [ 91.977310181000064, 24.371755600000085 ], [ 91.977218627000127, 24.371772766000049 ], [ 91.97703552300004, 24.372001647000104 ], [ 91.977012635000108, 24.372072220000177 ], [ 91.977210999000192, 24.372356416000059 ], [ 91.977340697999978, 24.372421264000081 ], [ 91.977508545000092, 24.372615813000095 ], [ 91.977491173000089, 24.372715698000093 ], [ 91.977482246000136, 24.372767028000112 ], [ 91.977477999000087, 24.37279100000012 ], [ 91.977455058000032, 24.372886757000117 ], [ 91.977363616000105, 24.372999154000127 ], [ 91.97732414900014, 24.373015015000078 ], [ 91.97715, 24.373085000000117 ], [ 91.977013, 24.372997000000112 ], [ 91.976891, 24.372675000000129 ], [ 91.976769000000104, 24.372465000000147 ], [ 91.97675699500013, 24.372444376000033 ], [ 91.976730347000057, 24.372398376000149 ], [ 91.976509094000107, 24.372106552000162 ], [ 91.976226808000035, 24.371858598000074 ], [ 91.97609025700018, 24.371809829000028 ], [ 91.97593521400006, 24.371754455000087 ], [ 91.975852572000122, 24.371724556000174 ], [ 91.975721603000068, 24.371589210000138 ], [ 91.975533858000063, 24.371395024000094 ], [ 91.97546386700003, 24.371322632000101 ], [ 91.975323060000051, 24.371235751000142 ], [ 91.975254452000058, 24.371193419000178 ], [ 91.975105285000041, 24.371101380000141 ], [ 91.974670410000044, 24.370836258000054 ], [ 91.974250793000067, 24.370716094000045 ], [ 91.974080651000179, 24.370704131000025 ], [ 91.974024081000096, 24.370700154000133 ], [ 91.974006654000164, 24.370698929000127 ], [ 91.973808289000033, 24.370805741000083 ], [ 91.973617553000054, 24.370954513000129 ], [ 91.973571778000064, 24.371063233000086 ], [ 91.973568613000111, 24.371179508000182 ], [ 91.973567116000027, 24.371234512000115 ], [ 91.97356414800015, 24.371343613000192 ], [ 91.973579796000195, 24.37136485100018 ], [ 91.97358867100013, 24.371376896000186 ], [ 91.973617553000054, 24.371416092000061 ], [ 91.973594877000153, 24.371456911000109 ], [ 91.973579000000143, 24.371484999000131 ], [ 91.973560005000081, 24.371517491000191 ], [ 91.973541000000182, 24.371550001 ], [ 91.973372330000075, 24.371859309000058 ], [ 91.973212858000068, 24.372151675000055 ], [ 91.973197936000076, 24.372179032000133 ], [ 91.972854615000188, 24.372570038000106 ], [ 91.972746683000139, 24.372682287000089 ], [ 91.972664000000123, 24.372768000000178 ], [ 91.972511240000074, 24.372905760000037 ], [ 91.972206117000155, 24.373073577000127 ], [ 91.971940510000138, 24.373210523000125 ], [ 91.97187730100012, 24.373245454000084 ], [ 91.971796491000191, 24.373292029000083 ], [ 91.971686998999985, 24.373392001000184 ], [ 91.971480424000049, 24.373598167000182 ], [ 91.971373558000096, 24.373628889000088 ], [ 91.971321106, 24.373643876000187 ], [ 91.971290943000099, 24.373660574000098 ], [ 91.971234616000174, 24.373691755000152 ], [ 91.971214295000152, 24.373703004000106 ], [ 91.971172572000171, 24.373742912000182 ], [ 91.971132029000103, 24.373781692000023 ], [ 91.971038817000192, 24.373870850000117 ], [ 91.97080993700007, 24.374015809000127 ], [ 91.970600620000084, 24.374252126000044 ], [ 91.970594, 24.37427 ], [ 91.970573131000037, 24.374328631000083 ], [ 91.970525400999975, 24.374331615000131 ], [ 91.970502504000137, 24.374333046000174 ], [ 91.970481873000153, 24.374334336000118 ], [ 91.970407413000032, 24.374356998 ], [ 91.970361852000053, 24.37437086400007 ], [ 91.970306396000069, 24.374387741000135 ], [ 91.970115662000126, 24.374473573000159 ], [ 91.97009519400018, 24.374498589000098 ], [ 91.97007246600009, 24.374526367000101 ], [ 91.9700469980001, 24.374557494000101 ], [ 91.96988689300008, 24.374887235000074 ], [ 91.970077515000071, 24.375024796000048 ], [ 91.970443725000166, 24.375185013000021 ], [ 91.970703124000067, 24.375320435000049 ], [ 91.970834682000088, 24.375409093000087 ], [ 91.970972388000121, 24.375501895000127 ], [ 91.971053999000048, 24.375556999000082 ], [ 91.971283, 24.375705999000161 ], [ 91.971423855000069, 24.375800824000123 ], [ 91.971433417000185, 24.375807278000082 ], [ 91.971445610000046, 24.375817174000019 ], [ 91.971523446000049, 24.375882597000043 ], [ 91.971878001000164, 24.376181000000145 ], [ 91.972458000000131, 24.376816 ], [ 91.972656000000143, 24.377163 ], [ 91.972679993000099, 24.377249003000088 ], [ 91.97273254400011, 24.377439499000047 ], [ 91.97276762100006, 24.377576888000135 ], [ 91.972791336000171, 24.377669773000093 ], [ 91.972800975000155, 24.377707904000147 ], [ 91.972800999000185, 24.378175999000064 ], [ 91.972757739000144, 24.378469149000182 ], [ 91.972724914000196, 24.378690720000122 ], [ 91.972480775000122, 24.379194259000144 ], [ 91.972152710000103, 24.379657746000191 ], [ 91.971969604000037, 24.379760743000077 ], [ 91.971672057000035, 24.379926681000143 ], [ 91.971328736000146, 24.380071640000153 ], [ 91.971133106000082, 24.380127534000167 ], [ 91.971008, 24.380163 ], [ 91.970751378000159, 24.380167208000046 ], [ 91.970672632000174, 24.380168438000169 ], [ 91.97064208900008, 24.380168915000127 ], [ 91.970222474000082, 24.380052567000064 ], [ 91.970046405000176, 24.379993877 ], [ 91.96992500000016, 24.379953000000114 ], [ 91.969510353000032, 24.379691728000182 ], [ 91.969459533000077, 24.37965965300009 ], [ 91.969070435000049, 24.379444123000042 ], [ 91.968627929000036, 24.37914085400007 ], [ 91.968483406000075, 24.379061543000148 ], [ 91.968340988000193, 24.378983386000186 ], [ 91.968315125000061, 24.37896919300016 ], [ 91.967880249000189, 24.378845215000183 ], [ 91.967582703000062, 24.37882232700008 ], [ 91.967384338000102, 24.378931046000105 ], [ 91.967340887000148, 24.378949047000106 ], [ 91.967255182000031, 24.378984554000112 ], [ 91.967117112000153, 24.379041954000058 ], [ 91.967033387000072, 24.379161835000104 ], [ 91.966955895000069, 24.379391337000072 ], [ 91.966942142000107, 24.379420316000108 ], [ 91.96690368600008, 24.379501343000129 ], [ 91.966895553000029, 24.379548978000059 ], [ 91.966879448000043, 24.379643308000084 ], [ 91.966850281, 24.37981414800015 ], [ 91.966853818000061, 24.379894180000065 ], [ 91.966855839000118, 24.379939906000118 ], [ 91.966865539000025, 24.38015937900002 ], [ 91.966892818000076, 24.380375333000131 ], [ 91.966900093000049, 24.380432926000026 ], [ 91.966911316, 24.380521774000101 ], [ 91.967021227000146, 24.380857003000017 ], [ 91.96704677200006, 24.380934916000172 ], [ 91.967063904000042, 24.380987168000047 ], [ 91.96709596, 24.381050081000183 ], [ 91.967108751000126, 24.381075183000121 ], [ 91.967216491000158, 24.381286622000118 ], [ 91.967314695000084, 24.381421653000018 ], [ 91.96734499900009, 24.381463322 ], [ 91.967414855000186, 24.38155937200014 ], [ 91.967588613000032, 24.381759572000192 ], [ 91.967736972000125, 24.38193050700005 ], [ 91.967765809000127, 24.381963731000099 ], [ 91.968193054000039, 24.382452012000101 ], [ 91.968268083999988, 24.382522066000035 ], [ 91.968290199000137, 24.382542714000181 ], [ 91.968566894000048, 24.382801056000062 ], [ 91.96887969900007, 24.383132936000152 ], [ 91.969314574000066, 24.383537293000131 ], [ 91.969589234000068, 24.383905412000104 ], [ 91.969665066000118, 24.383982967000065 ], [ 91.96974876000013, 24.384068564000131 ], [ 91.969757080000136, 24.384077073000185 ], [ 91.970031738000102, 24.38439750800012 ], [ 91.970100403000174, 24.384450913000023 ], [ 91.970352173000038, 24.384656907000192 ], [ 91.970384284000147, 24.384666655000103 ], [ 91.970426178000025, 24.384679372 ], [ 91.970458985, 24.384689331000061 ], [ 91.970733643000187, 24.384775163000029 ], [ 91.970934233000094, 24.384815280000055 ], [ 91.971017316000086, 24.384831896000037 ], [ 91.971076966000055, 24.384843826000122 ], [ 91.971154240000089, 24.384853655000143 ], [ 91.971301335000078, 24.384872365000092 ], [ 91.971511842000155, 24.38489913899997 ], [ 91.971916198000031, 24.384880066000107 ], [ 91.971940658000108, 24.384875205000128 ], [ 91.972059588000036, 24.384851572000059 ], [ 91.97221374500009, 24.384820938000189 ], [ 91.972404593000078, 24.384766069000023 ], [ 91.972458896000035, 24.384750457000109 ], [ 91.972671509000122, 24.384689331000061 ], [ 91.973091126000099, 24.38446044900013 ], [ 91.973246342000152, 24.384372494000047 ], [ 91.973300504000179, 24.384341802000165 ], [ 91.973320007000098, 24.384330750000117 ], [ 91.973617553000054, 24.384092331000033 ], [ 91.973677064000071, 24.384038843000042 ], [ 91.973740219000092, 24.383982079000134 ], [ 91.973937987999989, 24.383804322000117 ], [ 91.974239337000142, 24.383531778000076 ], [ 91.974351857000045, 24.383430013000122 ], [ 91.974457000000143, 24.383334999000056 ], [ 91.974609581000038, 24.383197704000168 ], [ 91.974914342000147, 24.382923631000153 ], [ 91.975006103000169, 24.382841110000129 ], [ 91.975471497000171, 24.382532120000178 ], [ 91.975852966000161, 24.382339479000109 ], [ 91.976287840999987, 24.382200242000067 ], [ 91.976715088000105, 24.382074356000146 ], [ 91.976831066000102, 24.382051487000126 ], [ 91.97694683300017, 24.38202866000006 ], [ 91.977256776000161, 24.38196754400019 ], [ 91.977806092000151, 24.381860734000043 ], [ 91.978393554000093, 24.381799698000123 ], [ 91.978615559000048, 24.381757546000188 ], [ 91.97872760100006, 24.381736272000069 ], [ 91.978996277000135, 24.381685258000061 ], [ 91.979461670000148, 24.381662369000082 ], [ 91.979697139, 24.381644072000029 ], [ 91.979745327000103, 24.381640328000117 ], [ 91.980026246000136, 24.381618500000059 ], [ 91.980364450000081, 24.381552550000094 ], [ 91.980401906000168, 24.38154524600003 ], [ 91.980471531000148, 24.381527184000163 ], [ 91.980547262000073, 24.381507092000106 ], [ 91.980781556000125, 24.381444932000079 ], [ 91.981031803000121, 24.381362532000026 ], [ 91.981088309000199, 24.381343928000092 ], [ 91.981628418000184, 24.381155014000115 ], [ 91.981867053000144, 24.380951396000114 ], [ 91.98189059200007, 24.380931311000154 ], [ 91.98197937000009, 24.380855559999986 ], [ 91.982322693000185, 24.380622864000088 ], [ 91.982441843000117, 24.380494687000066 ], [ 91.98250554800012, 24.380426156000169 ], [ 91.982574463000049, 24.380352021000192 ], [ 91.9827499390002, 24.379953385000078 ], [ 91.982756285000164, 24.379932667000105 ], [ 91.982766993000155, 24.379897706000179 ], [ 91.982879639000089, 24.379529952000098 ], [ 91.982997683000065, 24.379140410000048 ], [ 91.983030753000151, 24.379031277000138 ], [ 91.983070374000135, 24.378900528000088 ], [ 91.983135200000163, 24.378489955000134 ], [ 91.983162000000107, 24.378321 ], [ 91.983268999000131, 24.377895 ], [ 91.983293882000169, 24.377822545000129 ], [ 91.983322126000189, 24.377740751000147 ], [ 91.983360290000121, 24.377630233000048 ], [ 91.983505249000132, 24.377370834000146 ], [ 91.983665466000161, 24.377239227000189 ], [ 91.983726237000155, 24.377176669000164 ], [ 91.983776632000115, 24.377124793000121 ], [ 91.983795, 24.377106 ], [ 91.984365578, 24.37688467900017 ], [ 91.984405623000043, 24.376869151000108 ], [ 91.984672678000038, 24.376747147000174 ], [ 91.984767350000197, 24.376758543000051 ], [ 91.984861053000088, 24.376769821999972 ], [ 91.985083938000116, 24.376796872000114 ], [ 91.985193486000128, 24.376839728000107 ], [ 91.985443000000146, 24.376938 ], [ 91.985687, 24.377005000000111 ], [ 91.985844598000199, 24.377199727000118 ], [ 91.98587799000012, 24.37724113500019 ], [ 91.985912962000157, 24.377287864000039 ], [ 91.985925, 24.377304000000152 ], [ 91.986094498000057, 24.377530971000169 ], [ 91.985336000000189, 24.381707999000128 ], [ 91.985664069000052, 24.383199700000148 ], [ 91.985760393000021, 24.383638038000186 ], [ 91.985900879000098, 24.384277345000044 ], [ 91.985904317000063, 24.38429453100008 ], [ 91.985908140000106, 24.38431364500002 ], [ 91.985916137000117, 24.38435363800005 ], [ 91.986099243000183, 24.385461808000116 ], [ 91.986498539000195, 24.385836755000128 ], [ 91.986631087000148, 24.385961221000116 ], [ 91.987037659, 24.38634300200016 ], [ 91.989034835999973, 24.388160942000127 ], [ 91.989387491000116, 24.388481948000049 ], [ 91.989929198000084, 24.388975040000162 ], [ 91.991658753000138, 24.388337218000174 ], [ 91.992095941000059, 24.388176022000152 ], [ 91.992034911000133, 24.388837814000169 ], [ 91.991996790000087, 24.389034141000025 ], [ 91.991897582000092, 24.389278412000067 ], [ 91.991439818, 24.389621735000105 ], [ 91.990798951000045, 24.389842988000055 ], [ 91.990547181000181, 24.389873504000093 ], [ 91.990165711000031, 24.389917374000163 ], [ 91.989509583000086, 24.389947891000133 ], [ 91.989555360000054, 24.390306472000191 ], [ 91.989776611000195, 24.390420915000163 ], [ 91.989974975000052, 24.390476228000011 ], [ 91.99003601000004, 24.390531540000154 ], [ 91.990348817000097, 24.390710830999978 ], [ 91.990486146000194, 24.390705108000134 ], [ 91.990760804000161, 24.390501024000116 ], [ 91.990867614000138, 24.390480043000082 ], [ 91.991203307000092, 24.390413285000079 ], [ 91.991462707000039, 24.390213013 ], [ 91.991851807000103, 24.390237809000098 ], [ 91.992103577000137, 24.389957428000116 ], [ 91.992332458000192, 24.3898010260001 ], [ 91.992675781000059, 24.389560700000118 ], [ 91.992950439000026, 24.389142990000039 ], [ 91.993148803000111, 24.388883591000138 ], [ 91.993347168000128, 24.388690949000193 ], [ 91.993324279000092, 24.388534547000063 ], [ 91.993331909000176, 24.388408661000142 ], [ 91.993377686000144, 24.388345718000153 ], [ 91.9935073850001, 24.388317109000184 ], [ 91.993667603000063, 24.388305664000029 ], [ 91.994239807000156, 24.388238908000176 ], [ 91.994651794000049, 24.388177872000142 ], [ 91.994812011000079, 24.388195038000106 ], [ 91.994895935000102, 24.388259889000039 ], [ 91.995468140000071, 24.388689041000021 ], [ 91.995590210000046, 24.388776780000114 ], [ 91.995712281000124, 24.389169694000088 ], [ 91.99584961000005, 24.389530183000034 ], [ 91.995956420000141, 24.389743806000183 ], [ 91.996116638000103, 24.390598297999986 ], [ 91.996170045000156, 24.390733720000185 ], [ 91.996116638000103, 24.39091873100017 ], [ 91.996055602000183, 24.391117095000027 ], [ 91.995910645000038, 24.391397476000066 ], [ 91.995742797000162, 24.391437530000189 ], [ 91.995399476000102, 24.391714096000157 ], [ 91.995307922000165, 24.391721726000071 ], [ 91.995254517000092, 24.391784669 ], [ 91.995132446000184, 24.391920090000156 ], [ 91.994995117000144, 24.392005922000124 ], [ 91.994758606000175, 24.392150879000155 ], [ 91.994705201000102, 24.392271042000061 ], [ 91.994827269999973, 24.392368316000102 ], [ 91.99496459900007, 24.392383575 ], [ 91.995285034000062, 24.392206191000071 ], [ 91.995681762000174, 24.392135620000033 ], [ 91.995864868000069, 24.392251968000039 ], [ 91.996070863000114, 24.392473221000159 ], [ 91.996177673000091, 24.392614365000099 ], [ 91.99620819200004, 24.392704010000159 ], [ 91.996200561000194, 24.392837526 ], [ 91.99620819200004, 24.393358230000104 ], [ 91.99620819200004, 24.393516540000064 ], [ 91.996200561000194, 24.393598557000189 ], [ 91.996284485000047, 24.393743516000029 ], [ 91.996421814000144, 24.39382743900012 ], [ 91.996498108000026, 24.393875122000054 ], [ 91.99669647200011, 24.393789291000132 ], [ 91.996940613000163, 24.393690109000147 ], [ 91.997070312000119, 24.393558502000133 ], [ 91.997169494000161, 24.393424988000106 ], [ 91.997238160000165, 24.393257141000163 ], [ 91.997306823000088, 24.392801284000029 ], [ 91.997299195000153, 24.392553330000112 ], [ 91.997367859000178, 24.392494202000023 ], [ 91.997512818000132, 24.392435074000105 ], [ 91.997695924000197, 24.39247131400009 ], [ 91.998046875, 24.392461777999983 ], [ 91.998451231999979, 24.39228630000008 ], [ 91.998527528000068, 24.392261506000125 ], [ 91.998634338000045, 24.392257691000111 ], [ 91.998764039000037, 24.392351151000184 ], [ 91.998847961000024, 24.392372131000116 ], [ 91.999183654000035, 24.392404556000088 ], [ 91.999252319000107, 24.392333985000164 ], [ 91.999450684000067, 24.392139435000047 ], [ 91.999641418000067, 24.391927718000034 ], [ 91.999748230000193, 24.391830444000163 ], [ 91.999961853, 24.391977310000073 ], [ 92.00004577600015, 24.392034531000093 ], [ 92.000122070000032, 24.392089843000065 ], [ 92.000915527000075, 24.390686035000101 ], [ 92.003906250000171, 24.388916017000156 ], [ 92.00671386700003, 24.386901855000133 ], [ 92.00671386700003, 24.386770249000108 ], [ 92.00668335000006, 24.383117675000051 ], [ 92.00668335000006, 24.383031846000108 ], [ 92.010131836000141, 24.381980897000119 ], [ 92.01020050000011, 24.382022859000017 ], [ 92.01001739600008, 24.382230759000038 ], [ 92.010063171000013, 24.382324218000178 ], [ 92.010162353000055, 24.382312775000059 ], [ 92.010314940000171, 24.382539748000113 ], [ 92.010589600000174, 24.382762909000178 ], [ 92.010787965000134, 24.382911683000032 ], [ 92.011039734000121, 24.382839202000184 ], [ 92.011154175000058, 24.38298606900014 ], [ 92.011329650000107, 24.382894517000068 ], [ 92.01147461, 24.38298988400004 ], [ 92.011604308000074, 24.382865906000063 ], [ 92.012916565000069, 24.383651733000193 ], [ 92.013496399000076, 24.383777619000114 ], [ 92.013427734000174, 24.383913040000039 ], [ 92.013580323000099, 24.384098054000049 ], [ 92.013702392000141, 24.384204864000026 ], [ 92.013854981000065, 24.38385391200012 ], [ 92.014076234000186, 24.383922578000124 ], [ 92.014221191000161, 24.383968353000057 ], [ 92.014373780000085, 24.384017945000096 ], [ 92.014541626000096, 24.38407135000017 ], [ 92.014991760000044, 24.384099961000118 ], [ 92.015167237000128, 24.384138108000172 ], [ 92.015327453000054, 24.384172440000157 ], [ 92.015434265000181, 24.384195328000089 ], [ 92.015533447000053, 24.38421630900018 ], [ 92.015945434000116, 24.384305954000013 ], [ 92.015815735000103, 24.384372712000072 ], [ 92.015762328000051, 24.384490967000147 ], [ 92.016021728, 24.384529114000031 ], [ 92.016136170000095, 24.384757995000029 ], [ 92.01628112700007, 24.384752274 ], [ 92.016525269, 24.38472938600006 ], [ 92.016723633000083, 24.384786606000034 ], [ 92.016891479000151, 24.384763718000045 ], [ 92.017181397000115, 24.384727478000116 ], [ 92.01730346700009, 24.384597779000103 ], [ 92.017440796000187, 24.3847618100001 ], [ 92.017532348000145, 24.384727478000116 ], [ 92.017646789000082, 24.384672166000144 ], [ 92.017692566000051, 24.384866715000157 ], [ 92.017837525000061, 24.385042191000082 ], [ 92.018028259000062, 24.385084152000104 ], [ 92.018119811000133, 24.385211946000027 ], [ 92.018180846000121, 24.385253906000116 ], [ 92.018325806000064, 24.385379791000162 ], [ 92.018386841000051, 24.385486604 ], [ 92.018531800000062, 24.385513305000188 ], [ 92.01861572200005, 24.38562393300009 ], [ 92.018722534000176, 24.385738373000152 ], [ 92.018943787000126, 24.385848999000075 ], [ 92.019096374000014, 24.386016846000189 ], [ 92.019226075, 24.386047363000159 ], [ 92.019264222000061, 24.386199952000084 ], [ 92.019378662000122, 24.386327743000095 ], [ 92.019508361000135, 24.386480333000065 ], [ 92.019721986000093, 24.386390686000027 ], [ 92.019775391000167, 24.386558534000073 ], [ 92.019866943000125, 24.38666534400005 ], [ 92.019989013999975, 24.3866920480001 ], [ 92.020141601000091, 24.386539460000108 ], [ 92.020286560000102, 24.386528015000124 ], [ 92.020469666000167, 24.386415482000132 ], [ 92.020698547000165, 24.386280061000036 ], [ 92.020935058000134, 24.386238099000138 ], [ 92.021110534000059, 24.386137009000095 ], [ 92.021377564000147, 24.386054993000073 ], [ 92.021553039000196, 24.386024476000102 ], [ 92.021934510000051, 24.38615989800013 ], [ 92.022377013000153, 24.386190414000168 ], [ 92.022644043000014, 24.386127472000112 ], [ 92.022758483000075, 24.386096955000141 ], [ 92.022880554000153, 24.386096955000141 ], [ 92.023071288000097, 24.386074066000106 ], [ 92.023292541000046, 24.385879517000092 ], [ 92.023468017000198, 24.385801316000141 ], [ 92.023544312000183, 24.385768890000122 ], [ 92.023628234, 24.385692596000183 ], [ 92.023727416000042, 24.385578156000122 ], [ 92.023696900000175, 24.385494232000099 ], [ 92.023612975999981, 24.385311128000069 ], [ 92.023567199000013, 24.385221481000031 ], [ 92.023475647000112, 24.385105132999968 ], [ 92.023353576000034, 24.384904862000042 ], [ 92.023399353000173, 24.384832383000173 ], [ 92.023338318000185, 24.384744644000079 ], [ 92.023132324000187, 24.384782791000134 ], [ 92.022949220000157, 24.384830475000172 ], [ 92.022941589000141, 24.384550095000066 ], [ 92.022872924000069, 24.38444328300011 ], [ 92.022712708000142, 24.38440322800011 ], [ 92.022605896000186, 24.38438987700016 ], [ 92.022552491000113, 24.384202956000024 ], [ 92.022346497000115, 24.384035111000117 ], [ 92.02224731400014, 24.383956910000109 ], [ 92.022102355000129, 24.383934021000073 ], [ 92.021934510000051, 24.383840562000046 ], [ 92.021789550000108, 24.383789062000062 ], [ 92.0216217050002, 24.383947372000023 ], [ 92.021492004000038, 24.383945464000021 ], [ 92.021438599000135, 24.383869171000015 ], [ 92.021476746000189, 24.383665086000121 ], [ 92.021446227000069, 24.383537293000131 ], [ 92.021461487000067, 24.383441925000056 ], [ 92.021568298000091, 24.383382798000014 ], [ 92.021736145000034, 24.383171083000036 ], [ 92.021812439000144, 24.383068085 ], [ 92.021995545000038, 24.38299942000009 ], [ 92.022163391000049, 24.382892610000169 ], [ 92.022415162000186, 24.382942200000173 ], [ 92.022697448000088, 24.382997512000145 ], [ 92.022964478000176, 24.383035658999972 ], [ 92.023185731000069, 24.383255004000091 ], [ 92.023498535000044, 24.383405686000174 ], [ 92.023735047000059, 24.383531570000059 ], [ 92.02384948700012, 24.383514404000096 ], [ 92.024078370000154, 24.383419037000124 ], [ 92.024253846000079, 24.383691787000089 ], [ 92.024383545000092, 24.383716583000023 ], [ 92.02469634900018, 24.383634567000172 ], [ 92.024642944000107, 24.383466721000161 ], [ 92.024749756000062, 24.3833751680001 ], [ 92.024902344000111, 24.383409501000187 ], [ 92.02487182700014, 24.383190156000069 ], [ 92.024887085000159, 24.383108140000047 ], [ 92.024940491000166, 24.382905960000187 ], [ 92.02487182700014, 24.382724762000123 ], [ 92.025070191000054, 24.382652283000084 ], [ 92.025024414000086, 24.382551194000143 ], [ 92.024948121000079, 24.382490158000053 ], [ 92.025222779000046, 24.382287979000125 ], [ 92.025405885000112, 24.382328033000078 ], [ 92.02558136000016, 24.382295609000039 ], [ 92.026000977000137, 24.382213593000188 ], [ 92.026245117000087, 24.382205963000104 ], [ 92.026451111000085, 24.382219316000032 ], [ 92.026634217000151, 24.38195037800017 ], [ 92.026664734000065, 24.381502152000053 ], [ 92.026802063000162, 24.381433487000152 ], [ 92.026817321000181, 24.381216049000102 ], [ 92.02677154600002, 24.380844116000105 ], [ 92.026756286000193, 24.38071251000008 ], [ 92.026809693000075, 24.380628586000057 ], [ 92.026962280000191, 24.380577089000155 ], [ 92.026924133000136, 24.380352021000192 ], [ 92.026763916000107, 24.380210877000025 ], [ 92.026657104000151, 24.379959107000161 ], [ 92.026748658000088, 24.379755020000061 ], [ 92.026977539000143, 24.37990760800011 ], [ 92.027114868000183, 24.379886627000019 ], [ 92.027252197000109, 24.379678727000055 ], [ 92.027587890000063, 24.379627227000071 ], [ 92.027839661000201, 24.37981796300005 ], [ 92.02794647200011, 24.379667281000025 ], [ 92.028121947000102, 24.37964630200014 ], [ 92.02824401800018, 24.379711151000095 ], [ 92.028289795000148, 24.379856110000105 ], [ 92.028556823000031, 24.380060197000034 ], [ 92.028694154000107, 24.38002205000015 ], [ 92.028938293000181, 24.379869461000055 ], [ 92.029029847000118, 24.380086898000172 ], [ 92.029281616000048, 24.380231858000116 ], [ 92.029487609000171, 24.380199433000143 ], [ 92.029571533000137, 24.379993438999975 ], [ 92.029579163000108, 24.379842759000155 ], [ 92.030624389000081, 24.380113602000051 ], [ 92.031997681000178, 24.380466461000026 ], [ 92.03208160500003, 24.380432129000042 ], [ 92.034339906000071, 24.379470825000112 ], [ 92.034553528000174, 24.379507066000144 ], [ 92.034629822000113, 24.379812241000081 ], [ 92.034835814000076, 24.380023956000116 ], [ 92.034912110000164, 24.379983901000116 ], [ 92.035057067000196, 24.379976273000182 ], [ 92.035308839000038, 24.379810333000137 ], [ 92.035385132000044, 24.379816056000152 ], [ 92.035552978000112, 24.37980079700003 ], [ 92.035499573000038, 24.379951477000077 ], [ 92.035552978000112, 24.380100251000101 ], [ 92.035652160000097, 24.38022232000003 ], [ 92.035789489000194, 24.380256654 ], [ 92.03581237800006, 24.380187987999989 ], [ 92.035697937000066, 24.380132675000141 ], [ 92.035774231000175, 24.38001823500008 ], [ 92.036056519000113, 24.379825591000156 ], [ 92.036048889000199, 24.379737854000098 ], [ 92.036026000000163, 24.379545213000029 ], [ 92.036300660000109, 24.379276275000166 ], [ 92.036247253000056, 24.379032136000149 ], [ 92.036354065000182, 24.379022598000063 ], [ 92.036666870000033, 24.379177093000123 ], [ 92.036758422000162, 24.379211425000108 ], [ 92.036750794000056, 24.37912368800005 ], [ 92.036743164000143, 24.379047394000168 ], [ 92.036918640000124, 24.379013063000059 ], [ 92.036979675000111, 24.378938675000143 ], [ 92.036895751000088, 24.378889085000083 ], [ 92.037040710000099, 24.378787995000096 ], [ 92.037147522000055, 24.378742218000127 ], [ 92.037239074000126, 24.378534318000163 ], [ 92.037330628000063, 24.378580093000096 ], [ 92.037368775000118, 24.378644943000154 ], [ 92.037437439000144, 24.37860488900003 ], [ 92.037620544999982, 24.378376008000032 ], [ 92.037757874000079, 24.378410340000187 ], [ 92.037788390000117, 24.378217698000071 ], [ 92.037582398000154, 24.378011704000073 ], [ 92.037773150000135, 24.377963954000052 ], [ 92.037862061000112, 24.377948686000025 ], [ 92.037993980000067, 24.377925972000071 ], [ 92.03791801300008, 24.37782101900018 ], [ 92.037821372, 24.377916374000165 ], [ 92.037778558000184, 24.377890191000063 ], [ 92.037788390000117, 24.377756119000139 ], [ 92.037788390000117, 24.377655029000152 ], [ 92.038032532000102, 24.37754249600016 ], [ 92.038200379000045, 24.377532959000177 ], [ 92.038269043000184, 24.377456665000068 ], [ 92.038246154000149, 24.377326966000055 ], [ 92.038391113000159, 24.377176285000132 ], [ 92.038475037000183, 24.377180100000032 ], [ 92.03868866, 24.377319336000141 ], [ 92.039070130000141, 24.377012254000135 ], [ 92.039176940000061, 24.376911164000148 ], [ 92.039337158000194, 24.376901627000166 ], [ 92.039466859000186, 24.376890183000114 ], [ 92.039596557000095, 24.376934051000148 ], [ 92.039695740000184, 24.376935958000047 ], [ 92.039688109, 24.376796722000108 ], [ 92.040084838000041, 24.376834869000106 ], [ 92.040077210000163, 24.376909257000079 ], [ 92.039886474000184, 24.376935958000047 ], [ 92.039871215000062, 24.377119064000112 ], [ 92.040016174000073, 24.377073287000144 ], [ 92.040069580000022, 24.376998901000036 ], [ 92.040184020000083, 24.377014160000158 ], [ 92.040359498000043, 24.377101898000092 ], [ 92.040435792000153, 24.377061843999968 ], [ 92.040550232000044, 24.377017975000172 ], [ 92.040611267000031, 24.377141953000148 ], [ 92.040641784000115, 24.377258301000154 ], [ 92.040786743000126, 24.377222062000101 ], [ 92.040939330000072, 24.377252578000139 ], [ 92.041152955000086, 24.377258301000154 ], [ 92.041282654000042, 24.377340317 ], [ 92.041374206000171, 24.377372741000045 ], [ 92.041496276000146, 24.377321244000143 ], [ 92.041679382000041, 24.377388002000146 ], [ 92.04192352400014, 24.377462388000083 ], [ 92.042068481000172, 24.377475739000033 ], [ 92.042373657000155, 24.377426148000097 ], [ 92.042564392000031, 24.377386093999974 ], [ 92.04263305700016, 24.377458573000069 ], [ 92.042869568000071, 24.377706527000157 ], [ 92.042991639000149, 24.377649307000183 ], [ 92.043128968000076, 24.377540589000091 ], [ 92.043205261000082, 24.37733459400016 ], [ 92.043182373000093, 24.37720489600008 ], [ 92.043037414000139, 24.377054214000054 ], [ 92.042930603000059, 24.376947404000134 ], [ 92.042816163, 24.376798629000177 ], [ 92.042678834000128, 24.376712800000064 ], [ 92.042839049000122, 24.376585007000074 ], [ 92.042984009000065, 24.376630784000042 ], [ 92.04310607900004, 24.376611710000077 ], [ 92.043128968000076, 24.376817703000143 ], [ 92.043273925000051, 24.376886368000044 ], [ 92.043334960000038, 24.376840591000075 ], [ 92.044578553000179, 24.375959396999974 ], [ 92.045394897000051, 24.376144409 ], [ 92.045333861000131, 24.376249313000187 ], [ 92.045272828000179, 24.376365662000126 ], [ 92.045326233000026, 24.376449585000046 ], [ 92.045516967000196, 24.376453400000116 ], [ 92.045623780000085, 24.37648391700003 ], [ 92.045715332000157, 24.376590728999986 ], [ 92.045791625000163, 24.376508713000135 ], [ 92.045875549000186, 24.376512528000035 ], [ 92.046020508000197, 24.376617431000057 ], [ 92.046051025000168, 24.376295090000156 ], [ 92.046363830000189, 24.376365662000126 ], [ 92.046463012000061, 24.376388550000058 ], [ 92.046600343000136, 24.376419067000029 ], [ 92.046546936000084, 24.376319885000157 ], [ 92.04679107700008, 24.376270294000051 ], [ 92.046768188000044, 24.376380920000145 ], [ 92.046806335000099, 24.376464844000168 ], [ 92.046905517000141, 24.376682281000114 ], [ 92.04682159400005, 24.376991273000101 ], [ 92.047050476000152, 24.376943589000064 ], [ 92.047248841000112, 24.377099991000023 ], [ 92.047592162000058, 24.376949311000033 ], [ 92.047660828, 24.377107621000164 ], [ 92.047882080000022, 24.37723732000012 ], [ 92.047981263000167, 24.377420426000185 ], [ 92.048156738000046, 24.377479554000104 ], [ 92.048088073000145, 24.377624513000114 ], [ 92.048133850000113, 24.377698899000052 ], [ 92.048255921000134, 24.377706527000157 ], [ 92.048347473000092, 24.377624513000114 ], [ 92.048484802000189, 24.377571106 ], [ 92.048645019, 24.377559662000124 ], [ 92.048736573000156, 24.377710342000171 ], [ 92.048873902000196, 24.377702714000065 ], [ 92.048950196000135, 24.377660752000168 ], [ 92.049003601000038, 24.377172469000186 ], [ 92.048942565000118, 24.37706375200014 ], [ 92.049034119000055, 24.376985550000086 ], [ 92.049148560000049, 24.376804352000192 ], [ 92.056274414000029, 24.376098634000073 ], [ 92.060554504000152, 24.375869751000039 ], [ 92.064270019000162, 24.375671387000125 ], [ 92.0718994140002, 24.375276565000149 ], [ 92.07680511600006, 24.375219345000062 ], [ 92.076919556000064, 24.375255585000048 ], [ 92.077239991000056, 24.375232696000182 ], [ 92.07743835500014, 24.375238419000027 ], [ 92.07768249500009, 24.37530517700003 ], [ 92.077766418000181, 24.375480652000078 ], [ 92.077972413000055, 24.375440598000125 ], [ 92.078422547000173, 24.375341416000083 ], [ 92.07864379900019, 24.375152587 ], [ 92.079002381, 24.375089646000049 ], [ 92.079353333000086, 24.375095367000085 ], [ 92.079544067000086, 24.375036239000167 ], [ 92.07987976000004, 24.374921799000106 ], [ 92.080123901000093, 24.37477302700006 ], [ 92.080268861000036, 24.374908448000156 ], [ 92.080596924000076, 24.37491607600009 ], [ 92.080894469999976, 24.374830246999977 ], [ 92.080986022000104, 24.374885560000052 ], [ 92.08131408700018, 24.374984742000095 ], [ 92.081649780000134, 24.374992372000179 ], [ 92.082008362000124, 24.375003815000127 ], [ 92.082199096000124, 24.375013351000064 ], [ 92.082473754000091, 24.375085831000035 ], [ 92.082695007000041, 24.375177383000107 ], [ 92.083091736000085, 24.375122071000192 ], [ 92.083190918000128, 24.375244141000167 ], [ 92.083381654000107, 24.375379563000138 ], [ 92.08357238800005, 24.375413894000076 ], [ 92.08393097000004, 24.375486375000094 ], [ 92.084114076000105, 24.375474930000166 ], [ 92.084320068000125, 24.375572204000036 ], [ 92.084510804000047, 24.375476837 ], [ 92.084693908000133, 24.37557601900005 ], [ 92.084945679999976, 24.375465394000059 ], [ 92.08514404400006, 24.375745773000062 ], [ 92.085411072000113, 24.375612259000036 ], [ 92.085746765000124, 24.375289916000099 ], [ 92.089042664000033, 24.373420716000169 ], [ 92.093688965000183, 24.374328613000046 ], [ 92.096565247000115, 24.375444413000025 ], [ 92.096649171000138, 24.375520707000135 ], [ 92.09729766900017, 24.376115800000036 ], [ 92.097244263000164, 24.376237870000011 ], [ 92.097312927000189, 24.376356126000019 ], [ 92.097412109, 24.376409531000093 ], [ 92.097549438000101, 24.37634658800016 ], [ 92.099906921000013, 24.378522873000179 ], [ 92.100021361000074, 24.378627777000133 ], [ 92.100112915000011, 24.378713609000158 ], [ 92.101142884000069, 24.380117417000122 ], [ 92.101051330000132, 24.380210877000025 ], [ 92.10089874200014, 24.380525589000172 ], [ 92.100852965000172, 24.380615235000107 ], [ 92.100540161000197, 24.380697250000026 ], [ 92.100189209000121, 24.38058471700009 ], [ 92.099975586000141, 24.380647660000022 ], [ 92.100097657, 24.380804061999982 ], [ 92.100234986000089, 24.380928040000128 ], [ 92.100463867000087, 24.380989075000116 ], [ 92.100837707000153, 24.381019592000087 ], [ 92.100944519000109, 24.381042481000122 ], [ 92.10111236500012, 24.381076812000174 ], [ 92.101264954000044, 24.381330491000142 ], [ 92.101325990000134, 24.381446839000148 ], [ 92.101486205000128, 24.38160705700011 ], [ 92.101631164000139, 24.381729125000049 ], [ 92.101943969, 24.381927490000066 ], [ 92.101943969, 24.382181168999978 ], [ 92.101791382000101, 24.382419587000186 ], [ 92.101623536000034, 24.382516862000159 ], [ 92.101684569000042, 24.38267517200012 ], [ 92.101867675000108, 24.382873535999977 ], [ 92.101966858000196, 24.382934571000135 ], [ 92.10232543900014, 24.383056640000063 ], [ 92.102561950000052, 24.383012773000075 ], [ 92.102897644000109, 24.382982254000126 ], [ 92.103332519000162, 24.382877349000069 ], [ 92.103691101000152, 24.382635118000167 ], [ 92.103828430000078, 24.382434846000137 ], [ 92.103942870000083, 24.382291794000025 ], [ 92.104072571000074, 24.382074356000146 ], [ 92.104049683000142, 24.381824494000057 ], [ 92.104057313000055, 24.381412506000061 ], [ 92.10408019900018, 24.381175994000046 ], [ 92.10437011700003, 24.381141663000164 ], [ 92.105445863000057, 24.382114411000146 ], [ 92.10571289100011, 24.382225035999966 ], [ 92.105628967000087, 24.382854463000115 ], [ 92.105613708000135, 24.383024216000024 ], [ 92.105598450000116, 24.383237839 ], [ 92.105598450000116, 24.383378983000171 ], [ 92.108268738000106, 24.382127762000096 ], [ 92.111877442000093, 24.382873535999977 ], [ 92.115943910000112, 24.384464264000144 ], [ 92.116088867000087, 24.384521484000118 ], [ 92.119331359000171, 24.383903504000102 ], [ 92.122009277000018, 24.385997773000099 ], [ 92.12192535500003, 24.386074066000106 ], [ 92.121681214000148, 24.386255265000102 ], [ 92.1217193600001, 24.386413575000063 ], [ 92.121879578000062, 24.386575700000094 ], [ 92.121826173000159, 24.386777876999986 ], [ 92.121459961000085, 24.386829377000026 ], [ 92.12139129500008, 24.387071610000078 ], [ 92.121704102000081, 24.387063980000164 ], [ 92.121810912000058, 24.387062073000095 ], [ 92.121902466000165, 24.387147904000187 ], [ 92.121704102000081, 24.387405396000133 ], [ 92.121597290000125, 24.387380600000029 ], [ 92.121215820000032, 24.387294769000164 ], [ 92.120925903000114, 24.38732147200011 ], [ 92.120468139000081, 24.387903214000119 ], [ 92.120025634000115, 24.387575149000099 ], [ 92.119857788000104, 24.387794495000094 ], [ 92.119865418000188, 24.388130188000105 ], [ 92.120124816000157, 24.388702391999971 ], [ 92.119667054000104, 24.388568878000115 ], [ 92.119331359000171, 24.388519288000111 ], [ 92.119186402000139, 24.388587952000137 ], [ 92.11907958900008, 24.388742447000027 ], [ 92.119621277000135, 24.388998031000028 ], [ 92.119682312000123, 24.389122009000175 ], [ 92.119735718000129, 24.389238357000181 ], [ 92.119857788000104, 24.389545441000053 ], [ 92.120178223000039, 24.389656067000146 ], [ 92.120315552000136, 24.38958358800005 ], [ 92.120491028000117, 24.389295578000031 ], [ 92.120697022000058, 24.389440537000041 ], [ 92.120681762000061, 24.389667512000074 ], [ 92.120315552000136, 24.389883042000179 ], [ 92.120086669000102, 24.3899917600001 ], [ 92.119514465, 24.389614105000192 ], [ 92.119400024000072, 24.389804841000171 ], [ 92.119293212000116, 24.38985061600016 ], [ 92.11897277900016, 24.389984132000166 ], [ 92.118820190000065, 24.390031814000054 ], [ 92.118835450000063, 24.390157700000145 ], [ 92.119026184000063, 24.390243531000067 ], [ 92.119163513000103, 24.39055824400009 ], [ 92.119750976000148, 24.390636445000041 ], [ 92.119712829000093, 24.390760421000039 ], [ 92.119636534999984, 24.390998840000123 ], [ 92.119819641000049, 24.391296386000022 ], [ 92.119621277000135, 24.391508103000035 ], [ 92.120231628000113, 24.39187812800003 ], [ 92.119804383000201, 24.39201927199997 ], [ 92.119789123000032, 24.392137527999978 ], [ 92.119827270000087, 24.392282486999989 ], [ 92.120086669000102, 24.392465591000075 ], [ 92.120399476000159, 24.39245796300014 ], [ 92.120803833000139, 24.392366409000033 ], [ 92.121055602000069, 24.39247131400009 ], [ 92.121681214000148, 24.393199920000143 ], [ 92.121726991000116, 24.393259048000061 ], [ 92.121620178000057, 24.393678665000039 ], [ 92.121734619000051, 24.393896103000088 ], [ 92.122024537000073, 24.393968582000184 ], [ 92.122062684000127, 24.394109726000124 ], [ 92.122047424000073, 24.394302369000172 ], [ 92.122207641000102, 24.394603729000039 ], [ 92.122245788000157, 24.394760131 ], [ 92.122261048000155, 24.394998550000139 ], [ 92.122322082000096, 24.395153047000179 ], [ 92.12246704100005, 24.395385743000077 ], [ 92.122451782000155, 24.39562988400013 ], [ 92.1224136350001, 24.395877838000047 ], [ 92.122489929000039, 24.396066667000127 ], [ 92.122909546000187, 24.396163941000168 ], [ 92.12313079900008, 24.396247862999985 ], [ 92.123222351000038, 24.39646148800017 ], [ 92.12362671, 24.396780013000182 ], [ 92.123733520000144, 24.396780013000182 ], [ 92.124099732000047, 24.39627647400016 ], [ 92.124214172000109, 24.396205901000087 ], [ 92.124412537000126, 24.396215439000173 ], [ 92.125473022, 24.397115709000047 ], [ 92.127365113000167, 24.398750305000135 ], [ 92.127365113000167, 24.398878099000058 ], [ 92.126998901000036, 24.399158477000128 ], [ 92.12683868300013, 24.399780273999966 ], [ 92.126892090000183, 24.399896622000028 ], [ 92.127510072000177, 24.400058747 ], [ 92.128173828000172, 24.399705888000028 ], [ 92.128257752000195, 24.399883271000078 ], [ 92.128402711000035, 24.400190353000085 ], [ 92.12821960500014, 24.400671005000049 ], [ 92.127975464000144, 24.400693894000085 ], [ 92.127876282000102, 24.400703430000135 ], [ 92.127708436000034, 24.400997163000056 ], [ 92.127380371000186, 24.401180267000086 ], [ 92.127296447000163, 24.401380539000115 ], [ 92.127281189000144, 24.401773452000043 ], [ 92.127349854000045, 24.401823044000082 ], [ 92.127609254, 24.401834488000134 ], [ 92.127883912000186, 24.402046205000147 ], [ 92.12807464600013, 24.40225601200018 ], [ 92.128372192000086, 24.40258789000012 ], [ 92.128753663000111, 24.402669907000075 ], [ 92.129203796000127, 24.403230668 ], [ 92.129531859, 24.403503418000184 ], [ 92.129516600999978, 24.40387344300018 ], [ 92.129592895000087, 24.404256821000104 ], [ 92.130050659000119, 24.404035568000154 ], [ 92.130363465000073, 24.40404892100014 ], [ 92.130332947000056, 24.40419197000017 ], [ 92.130081177000193, 24.404348373 ], [ 92.130088805000071, 24.404514313000107 ], [ 92.130142213000056, 24.404767990000039 ], [ 92.130401612000128, 24.405088425000145 ], [ 92.130844116000162, 24.405614852000099 ], [ 92.131019592000087, 24.405908586000066 ], [ 92.131225586000085, 24.40626335200011 ], [ 92.131614684000112, 24.406299592000096 ], [ 92.131744385000104, 24.406570434000116 ], [ 92.131446839000034, 24.406759263000026 ], [ 92.131759644000056, 24.407068253000034 ], [ 92.131820679000043, 24.407018662999974 ], [ 92.132041932000163, 24.406934739000178 ], [ 92.132110595000029, 24.406784057000095 ], [ 92.13195800800014, 24.406578065000133 ], [ 92.132011412999987, 24.406280518000131 ], [ 92.132164002000138, 24.406068803000096 ], [ 92.13231659000013, 24.406093597 ], [ 92.132423402000086, 24.406183244000033 ], [ 92.132492065000179, 24.406688690000124 ], [ 92.13264465300017, 24.406873703000088 ], [ 92.132888794000053, 24.406784057000095 ], [ 92.133125305000135, 24.406749725000111 ], [ 92.133148194000171, 24.406911850000142 ], [ 92.133087158000137, 24.407167435000019 ], [ 92.132987976000095, 24.40747261100006 ], [ 92.13316345200019, 24.407516479000151 ], [ 92.133277892000081, 24.407239913000183 ], [ 92.133399963000159, 24.406955720000042 ], [ 92.133697509000058, 24.406776429000047 ], [ 92.133880615000123, 24.406753540000182 ], [ 92.133987428000182, 24.406967163000161 ], [ 92.134078980000083, 24.407150269000056 ], [ 92.134277344000168, 24.407283783000082 ], [ 92.134353638000107, 24.407207489000143 ], [ 92.134994507000101, 24.407630921000191 ], [ 92.134910584000181, 24.408033371000101 ], [ 92.134674073000042, 24.408283234000066 ], [ 92.13470458900008, 24.40838432400011 ], [ 92.134742736000135, 24.408494949000101 ], [ 92.134643554000093, 24.408853531000091 ], [ 92.134712219, 24.409246445000122 ], [ 92.134674073000042, 24.409540176000178 ], [ 92.134391784000059, 24.409589767999989 ], [ 92.134201050000058, 24.40960693400018 ], [ 92.134178162000126, 24.409729005000088 ], [ 92.134338379000155, 24.410005570000123 ], [ 92.134384156000124, 24.410087586000145 ], [ 92.134429931000113, 24.410205841999982 ], [ 92.134239197000113, 24.410285951000162 ], [ 92.13393402100013, 24.410289764000026 ], [ 92.133819580000136, 24.410663606000014 ], [ 92.133804322000117, 24.410898208999981 ], [ 92.133728028, 24.410980226000106 ], [ 92.133598327000016, 24.411005020000061 ], [ 92.133224487000177, 24.410882949000154 ], [ 92.132965088000162, 24.410779954000077 ], [ 92.132545471000128, 24.411108017000117 ], [ 92.132492065000179, 24.411272050000093 ], [ 92.132614136000029, 24.411478042000113 ], [ 92.132774353000059, 24.411497114999975 ], [ 92.133094788000051, 24.411375047000035 ], [ 92.133285523000097, 24.411424637000039 ], [ 92.133346558000085, 24.411857605000137 ], [ 92.133422851000091, 24.41224289000013 ], [ 92.133621216000051, 24.412673950000112 ], [ 92.133567810999978, 24.412773132000154 ], [ 92.133438110000043, 24.41293716500013 ], [ 92.133201599000074, 24.41311073300011 ], [ 92.133140562999984, 24.413312913000141 ], [ 92.133316039000135, 24.413637161000111 ], [ 92.133316039000135, 24.413751603000037 ], [ 92.132987976000095, 24.414035797000054 ], [ 92.132881164000139, 24.41430091899997 ], [ 92.132789612000181, 24.41451835700002 ], [ 92.132987976000095, 24.414834977000112 ], [ 92.133094788000051, 24.415222167000024 ], [ 92.133171082000104, 24.415756225000166 ], [ 92.133422851000091, 24.416032790000031 ], [ 92.133201599000074, 24.416309358000149 ], [ 92.133171082000104, 24.416435242000091 ], [ 92.133445740000127, 24.416730881000149 ], [ 92.133239746000129, 24.417064666000158 ], [ 92.133460998000146, 24.417200090000165 ], [ 92.133705140000075, 24.417531968000048 ], [ 92.134025574000134, 24.417745590000152 ], [ 92.134407043000181, 24.417896270000028 ], [ 92.13454437200005, 24.418132781000111 ], [ 92.134689331000061, 24.418365479000045 ], [ 92.134933472000114, 24.418516159000035 ], [ 92.135055543000192, 24.418619156000148 ], [ 92.135025024000072, 24.418882371000166 ], [ 92.135299682000039, 24.41906356700008 ], [ 92.135673522000047, 24.419185638000101 ], [ 92.135849000000178, 24.419477464000124 ], [ 92.136054992000197, 24.419454575000088 ], [ 92.136199950999981, 24.419569016000025 ], [ 92.136367797000048, 24.419828415000097 ], [ 92.136512756000059, 24.420049668000047 ], [ 92.13660430800013, 24.420167924000054 ], [ 92.136482240000191, 24.420406342000035 ], [ 92.136444093000136, 24.420640946000105 ], [ 92.136596680000082, 24.42103767500015 ], [ 92.136268615000176, 24.421281814000167 ], [ 92.136215210000103, 24.421394348999968 ], [ 92.136299134000126, 24.421649933000026 ], [ 92.136451721000071, 24.421882629000095 ], [ 92.136474609000174, 24.422056198000121 ], [ 92.136253357000157, 24.422180176000097 ], [ 92.136085511000147, 24.422273635000067 ], [ 92.136131286000079, 24.422821046000024 ], [ 92.136016846000018, 24.423069000000112 ], [ 92.135993957000039, 24.42333221500013 ], [ 92.136222840000016, 24.423625946000186 ], [ 92.136474609000174, 24.423866272000168 ], [ 92.136718751000103, 24.424066544000027 ], [ 92.136802673000147, 24.424131394000085 ], [ 92.136871338000049, 24.424186707000104 ], [ 92.136863708000135, 24.424263001000043 ], [ 92.136764526000093, 24.424398422000138 ], [ 92.136703490000173, 24.424617768000132 ], [ 92.136627197000166, 24.424802781000096 ], [ 92.136581422000063, 24.424894333000054 ], [ 92.136695862000067, 24.425098420000154 ], [ 92.136817933000145, 24.425119401000188 ], [ 92.137062072, 24.425056458000029 ], [ 92.137260436000076, 24.425052643000186 ], [ 92.137596130000134, 24.425054550000084 ], [ 92.137931823000145, 24.42505836600003 ], [ 92.138214111000195, 24.425132752000138 ], [ 92.138381959000071, 24.425237656000093 ], [ 92.138481141000113, 24.425287246000153 ], [ 92.138633728, 24.425256730000115 ], [ 92.138824462000173, 24.425016404000075 ], [ 92.13891601600011, 24.424863816000084 ], [ 92.139045715000123, 24.424659729000155 ], [ 92.139099120000139, 24.424499512000125 ], [ 92.140510559000177, 24.424613952000186 ], [ 92.142776490000131, 24.424860001000013 ], [ 92.142875672000173, 24.424867629000119 ], [ 92.147956848000149, 24.424209596000139 ], [ 92.152160644000162, 24.425180436000176 ], [ 92.152282715000013, 24.425292969000168 ], [ 92.15311431900011, 24.425575257000048 ], [ 92.153228760000047, 24.425615312000104 ], [ 92.153373719000058, 24.425662994000106 ], [ 92.153617858000075, 24.425746918000129 ], [ 92.155715943000075, 24.426458359000151 ], [ 92.155998229000147, 24.426370622000036 ], [ 92.159797668000181, 24.42486953700012 ], [ 92.163772583000195, 24.421722412000065 ], [ 92.166221618000066, 24.422073364000141 ], [ 92.165840148000086, 24.422380448000126 ], [ 92.16571044900013, 24.422576904000039 ], [ 92.165733338000166, 24.422668456000167 ], [ 92.165794373000153, 24.42270660500003 ], [ 92.166244507000044, 24.422737122000171 ], [ 92.166549684000188, 24.422756195000034 ], [ 92.166625977000194, 24.422866821000127 ], [ 92.166664124000079, 24.422954560000051 ], [ 92.166633605000129, 24.42310714700011 ], [ 92.16658783000014, 24.423431397000115 ], [ 92.16661834700011, 24.423583984000061 ], [ 92.166809081000054, 24.423763275000056 ], [ 92.167076111000142, 24.424049378 ], [ 92.167327880000073, 24.424232482000093 ], [ 92.167472839000084, 24.424531936000164 ], [ 92.167640685000151, 24.424928665000039 ], [ 92.167755128000067, 24.425256730000115 ], [ 92.167793274000076, 24.425466537000148 ], [ 92.167709351000099, 24.425931931000093 ], [ 92.167549133000193, 24.426380158000143 ], [ 92.16752624500009, 24.426464081000063 ], [ 92.16746520900017, 24.426675796000097 ], [ 92.167381287000183, 24.427013397000053 ], [ 92.167404174000183, 24.427141191000146 ], [ 92.167449951000151, 24.427234650000116 ], [ 92.167724609000118, 24.427392960000077 ], [ 92.168098449000183, 24.427467346000014 ], [ 92.168449403000068, 24.427526474000103 ], [ 92.168815613000163, 24.427635194000061 ], [ 92.168945313000052, 24.427768708000087 ], [ 92.169044495000094, 24.427911759000096 ], [ 92.168952941000157, 24.428054811000038 ], [ 92.168823243000077, 24.428176879000034 ], [ 92.168624878000116, 24.428237915000125 ], [ 92.168441772000051, 24.428291322000177 ], [ 92.168174745000101, 24.428354263000131 ], [ 92.167655945000149, 24.428413391000049 ], [ 92.16752624500009, 24.428394317000084 ], [ 92.167198182, 24.428340912000181 ], [ 92.166641235000043, 24.428190232000134 ], [ 92.166191102000198, 24.428073884000128 ], [ 92.166015626000046, 24.428133012000046 ], [ 92.165916444000175, 24.428258896000159 ], [ 92.165969849000078, 24.428497313999969 ], [ 92.166130066000107, 24.428869247000137 ], [ 92.166313170000137, 24.429353714000172 ], [ 92.166366578000122, 24.429742813000075 ], [ 92.166374206000057, 24.429862975999981 ], [ 92.166389466000055, 24.430053712000131 ], [ 92.166404724000074, 24.430299758999979 ], [ 92.166488648000097, 24.430580139000085 ], [ 92.166557312000123, 24.430700302 ], [ 92.166595459000177, 24.430774689000032 ], [ 92.166694641, 24.430856705000053 ], [ 92.166946412000129, 24.431264877000103 ], [ 92.1669769290001, 24.431550980000054 ], [ 92.166809081000054, 24.43187523000006 ], [ 92.166488648000097, 24.43242454600005 ], [ 92.166259765000063, 24.432676315000151 ], [ 92.166084289000139, 24.432926179000049 ], [ 92.165954591000059, 24.433225631000141 ], [ 92.16590881400009, 24.433435441000086 ], [ 92.166076659000055, 24.433628082000155 ], [ 92.166175841000097, 24.433713914000123 ], [ 92.16661834700011, 24.433740615000147 ], [ 92.166870116000041, 24.433734894999986 ], [ 92.167152405000024, 24.433782577000045 ], [ 92.167373657000041, 24.433946610000191 ], [ 92.167434693000132, 24.434160232000124 ], [ 92.167366027000128, 24.434438705000161 ], [ 92.167343139000195, 24.434690475000025 ], [ 92.167243957000153, 24.434907914000178 ], [ 92.167053222000106, 24.435180665000075 ], [ 92.166885377000142, 24.435390472000108 ], [ 92.166732787000171, 24.435583114000053 ], [ 92.166641235000043, 24.435789108000051 ], [ 92.166549684000188, 24.436195375000182 ], [ 92.166519165000068, 24.436325074000024 ], [ 92.166023254000152, 24.436790466000161 ], [ 92.165924072000109, 24.436876297000026 ], [ 92.165603637000174, 24.436635971000044 ], [ 92.165397645000155, 24.436548234000156 ], [ 92.165008544000045, 24.436433791000184 ], [ 92.164550780000184, 24.436391831000094 ], [ 92.164146424000137, 24.436462403000064 ], [ 92.163963318000071, 24.43658256599997 ], [ 92.163795472, 24.436758041000189 ], [ 92.163681030000134, 24.436960221000049 ], [ 92.163681030000134, 24.437208175000137 ], [ 92.163681030000134, 24.437429428000087 ], [ 92.163772583000195, 24.4376640320001 ], [ 92.163864135000097, 24.437963485000125 ], [ 92.164100647000168, 24.438293458000146 ], [ 92.16416931200007, 24.438385010000104 ], [ 92.164291383000091, 24.438556671000185 ], [ 92.164352416000099, 24.438739777000023 ], [ 92.164344788000164, 24.438955307000128 ], [ 92.164222717000143, 24.439067840000121 ], [ 92.164161682000156, 24.439174652000077 ], [ 92.164085388000046, 24.439313889000118 ], [ 92.163772583000195, 24.439489364000167 ], [ 92.163421630000187, 24.439540864000151 ], [ 92.163139344000115, 24.439598084000068 ], [ 92.162887572000045, 24.439649582000072 ], [ 92.162719727000081, 24.439762115000065 ], [ 92.16252136200012, 24.440034867000065 ], [ 92.162605286000144, 24.440183639000111 ], [ 92.162750243000119, 24.440353395000159 ], [ 92.162918091000165, 24.44043159600011 ], [ 92.163055420000092, 24.440490724000028 ], [ 92.163032532000159, 24.440732955000101 ], [ 92.162918091000165, 24.443885803000057 ], [ 92.164268494000112, 24.444915771000183 ], [ 92.164222717000143, 24.444978714000115 ], [ 92.163864135000097, 24.445224763000169 ], [ 92.163574219000111, 24.445478440000102 ], [ 92.163452149000136, 24.445606231000113 ], [ 92.163345336000077, 24.445861816 ], [ 92.163169860000153, 24.446157457000027 ], [ 92.162918091000165, 24.44641685400012 ], [ 92.162765504000049, 24.446540832000039 ], [ 92.162528993000137, 24.446777343000178 ], [ 92.162132264000093, 24.447057724000047 ], [ 92.162010193000185, 24.447206498000071 ], [ 92.161994935000166, 24.447319031000063 ], [ 92.16207885700004, 24.447679520000122 ], [ 92.16210937600016, 24.447935105000056 ], [ 92.16210937600016, 24.448204040000178 ], [ 92.161972047000063, 24.448453904000075 ], [ 92.161750794000113, 24.448629380000057 ], [ 92.161491394000166, 24.448705674000109 ], [ 92.161041260000047, 24.448764801000152 ], [ 92.160911560000159, 24.448860169000056 ], [ 92.160858153999982, 24.449159622000025 ], [ 92.160820008000201, 24.449510574000101 ], [ 92.160858153999982, 24.449722291000114 ], [ 92.161094666000054, 24.45004272400007 ], [ 92.16130066, 24.450201034000031 ], [ 92.161796571000082, 24.450447083000086 ], [ 92.162132264000093, 24.450672151000049 ], [ 92.16224670500003, 24.450859070000149 ], [ 92.162300110000103, 24.451078415000097 ], [ 92.162261963000049, 24.451257706000092 ], [ 92.162147522000112, 24.451461793000192 ], [ 92.161964416000046, 24.451820374000079 ], [ 92.161865234000174, 24.452077867000185 ], [ 92.16182708700012, 24.452169419000086 ], [ 92.161727905000134, 24.452455522000037 ], [ 92.161582946000124, 24.452779770000063 ], [ 92.161331177000136, 24.452999115000182 ], [ 92.160964967000041, 24.453128816000174 ], [ 92.160598755000137, 24.453176498 ], [ 92.160240173000091, 24.453126908000172 ], [ 92.159843445000149, 24.453119278000088 ], [ 92.15959930300005, 24.45320510900018 ], [ 92.159492493000073, 24.453393936000055 ], [ 92.159545898000147, 24.453657151000073 ], [ 92.15976715100004, 24.45395660500003 ], [ 92.160011292000092, 24.45429802100017 ], [ 92.160133361000135, 24.45447158900015 ], [ 92.160224915000072, 24.454650880000145 ], [ 92.160278320000145, 24.454811097000174 ], [ 92.160346985000047, 24.455101013 ], [ 92.160369874000082, 24.455465318000051 ], [ 92.160423279000156, 24.455619813000112 ], [ 92.160896301000037, 24.455862046 ], [ 92.161079407000102, 24.455961228000035 ], [ 92.16116332900009, 24.456157685000051 ], [ 92.16120147800018, 24.456398011000033 ], [ 92.161064149000083, 24.456676482000091 ], [ 92.160987853000165, 24.456832887000132 ], [ 92.160850524000068, 24.457130433000088 ], [ 92.160705567000093, 24.457275390000063 ], [ 92.160118103000116, 24.459083557000042 ], [ 92.159812928, 24.459047318000103 ], [ 92.159355164000146, 24.458932878000098 ], [ 92.158813476000091, 24.458789826000157 ], [ 92.158485413000051, 24.458852769000089 ], [ 92.158325196000192, 24.458961487000067 ], [ 92.158203125000171, 24.459218979000013 ], [ 92.158111573000042, 24.459461213000168 ], [ 92.157997131000172, 24.459791183000107 ], [ 92.158042908000141, 24.460208893000072 ], [ 92.158164978000116, 24.460371018000046 ], [ 92.158401489000198, 24.460447311000053 ], [ 92.15789794900013, 24.46069336000005 ], [ 92.157875062000073, 24.462779998000087 ], [ 92.157875062000073, 24.462902069000108 ], [ 92.158508302000087, 24.463907241000186 ], [ 92.158348084000124, 24.463924409000185 ], [ 92.158325196000192, 24.464061738000055 ], [ 92.158370971000181, 24.464361190000147 ], [ 92.158554077000076, 24.464773179000019 ], [ 92.158622742000148, 24.465166092000118 ], [ 92.158607484000129, 24.465324402000078 ], [ 92.158584595000093, 24.465459824000106 ], [ 92.158500672000173, 24.465663911000036 ], [ 92.158370971000181, 24.465980531000127 ], [ 92.158164978000116, 24.466207504000124 ], [ 92.157905579000044, 24.466426849000072 ], [ 92.157577516000174, 24.466444015000093 ], [ 92.157379150999986, 24.466434478999986 ], [ 92.157180787000129, 24.466337205000116 ], [ 92.156867980000072, 24.466005325000026 ], [ 92.156593322000106, 24.465736389000142 ], [ 92.156379700000173, 24.46549606300016 ], [ 92.156242371000076, 24.465436935000071 ], [ 92.156074523000086, 24.465438843000072 ], [ 92.155975058000081, 24.465486659000078 ], [ 92.155822754000098, 24.465557098000147 ], [ 92.15570423700018, 24.465642374000083 ], [ 92.155509136000092, 24.465784579000058 ], [ 92.155456544000174, 24.465940476000071 ], [ 92.155462127000192, 24.466113577000101 ], [ 92.155464172000109, 24.46617698700004 ], [ 92.155506293000144, 24.46631153800007 ], [ 92.155601500999978, 24.466615678000153 ], [ 92.155663915, 24.466800459000069 ], [ 92.155746000000136, 24.467045000000155 ], [ 92.155792893000012, 24.467362891999983 ], [ 92.155822754000098, 24.467567445000157 ], [ 92.155845642000031, 24.46774482800015 ], [ 92.155850102000045, 24.467787191000184 ], [ 92.155853272000115, 24.467817307000189 ], [ 92.15589141900017, 24.468017579000104 ], [ 92.156101875, 24.468334686000105 ], [ 92.156173705000072, 24.468442916000186 ], [ 92.156364893000102, 24.468671446000087 ], [ 92.156417847000057, 24.468734741999981 ], [ 92.156654358000139, 24.468858718000149 ], [ 92.156803727000181, 24.468929366000111 ], [ 92.156936646000077, 24.468992234000154 ], [ 92.157180787000129, 24.468864441000164 ], [ 92.157240805000129, 24.468795045000093 ], [ 92.157363891000159, 24.46865272600013 ], [ 92.157447815000182, 24.468456269000114 ], [ 92.157474067000066, 24.468271572000049 ], [ 92.157501220000086, 24.468080521000161 ], [ 92.157562255000073, 24.4677581790001 ], [ 92.157627357000138, 24.467582766000078 ], [ 92.157630944000118, 24.46757315200017 ], [ 92.157768250000117, 24.467491149000068 ], [ 92.157834418000107, 24.467507690000105 ], [ 92.157959000000119, 24.467539001000091 ], [ 92.15799268700016, 24.467559477000179 ], [ 92.158111573000042, 24.467632293000179 ], [ 92.158122582000146, 24.46771762000003 ], [ 92.158134000000189, 24.467810001000146 ], [ 92.158157000000131, 24.46806700000019 ], [ 92.158106171000099, 24.468293816000084 ], [ 92.158050538000055, 24.468540191000159 ], [ 92.158056221000095, 24.468768960000148 ], [ 92.1580580010002, 24.468847 ], [ 92.158056101000057, 24.468970128000137 ], [ 92.158050538000055, 24.469301224000162 ], [ 92.158078145000104, 24.469553149000149 ], [ 92.158096, 24.469719 ], [ 92.158029425000166, 24.469937302 ], [ 92.157966677000104, 24.470142163 ], [ 92.157917134, 24.470167105000144 ], [ 92.157821655000191, 24.470214844000054 ], [ 92.157578097000112, 24.470245288000115 ], [ 92.157516296000097, 24.470252963000121 ], [ 92.157028198000035, 24.47018051200007 ], [ 92.156856197000081, 24.470093489000078 ], [ 92.156707763000043, 24.470018387000096 ], [ 92.156497912000191, 24.469938312000124 ], [ 92.156417847000057, 24.469907760000069 ], [ 92.156272887000114, 24.469768523000027 ], [ 92.155975341000044, 24.469617844000084 ], [ 92.155784607000044, 24.469621659000097 ], [ 92.15553283700018, 24.46970176800005 ], [ 92.155334292000191, 24.469808761000138 ], [ 92.155326700000103, 24.469816351000077 ], [ 92.155189514000085, 24.469953537000038 ], [ 92.155166977000135, 24.47010453900009 ], [ 92.155151367000087, 24.470209121000039 ], [ 92.155212402000075, 24.470418931000154 ], [ 92.155380248000085, 24.470733643000074 ], [ 92.155477120000114, 24.470910088000039 ], [ 92.155487060000041, 24.470928193000191 ], [ 92.1555938730001, 24.471099853 ], [ 92.15557861200017, 24.471237182000095 ], [ 92.15544891400009, 24.471343995000154 ], [ 92.155303954000146, 24.471374511000192 ], [ 92.155021668000074, 24.471515655000132 ], [ 92.154888795000033, 24.47156481900015 ], [ 92.154830932000095, 24.471586228000035 ], [ 92.154594421000184, 24.471754074000046 ], [ 92.154289246000076, 24.472043992000067 ], [ 92.154190064000034, 24.472209930000133 ], [ 92.154191436000133, 24.472254517000181 ], [ 92.154197693000185, 24.472457887000132 ], [ 92.15422000500007, 24.472526216000176 ], [ 92.154228211000088, 24.472551346000103 ], [ 92.15424817600001, 24.47260999700012 ], [ 92.15431976300016, 24.472820281000111 ], [ 92.154502869000055, 24.473186493000185 ], [ 92.154754639000089, 24.473472595000032 ], [ 92.154975891000106, 24.473772049000161 ], [ 92.155205252000144, 24.473932341000079 ], [ 92.155311585000163, 24.474006652000128 ], [ 92.155336082000133, 24.474020942000038 ], [ 92.155426025000054, 24.47407341000013 ], [ 92.155560759000196, 24.474048146000143 ], [ 92.155670166000107, 24.474027633000162 ], [ 92.155784607000044, 24.473892212000067 ], [ 92.155810187000043, 24.473796293000191 ], [ 92.155815125000117, 24.473777771000073 ], [ 92.15575409000013, 24.473428727000169 ], [ 92.155548096000132, 24.473014833000036 ], [ 92.15556396900007, 24.472974267000041 ], [ 92.155617001000053, 24.472838999000032 ], [ 92.155738967, 24.472597066000162 ], [ 92.155783709000161, 24.472578274000057 ], [ 92.155929680000042, 24.472517134000157 ], [ 92.156132388000117, 24.472728889000166 ], [ 92.156143116000123, 24.472740096000109 ], [ 92.156341612000062, 24.47282983499997 ], [ 92.156517288000032, 24.472877413 ], [ 92.156707763000043, 24.472929001000182 ], [ 92.156798154000171, 24.472969922000118 ], [ 92.15699, 24.473057001000143 ], [ 92.157104, 24.473118001000046 ], [ 92.157173000000114, 24.4732990010001 ], [ 92.157171271000038, 24.473382027000184 ], [ 92.157165527000075, 24.473634720000064 ], [ 92.15717126100003, 24.473984451000149 ], [ 92.157173000000114, 24.474100000000192 ], [ 92.157135008000125, 24.474267959000144 ], [ 92.157128091000175, 24.474275619000082 ], [ 92.157027999000093, 24.474386001000141 ], [ 92.156893558000036, 24.47450798300008 ], [ 92.156768798000201, 24.474620818000119 ], [ 92.156311034000169, 24.474885941000139 ], [ 92.156266336000044, 24.474918766000087 ], [ 92.156066895000151, 24.475065231000031 ], [ 92.155807494999976, 24.475294112000029 ], [ 92.155794198000024, 24.475400496000134 ], [ 92.155784607000044, 24.475477218000094 ], [ 92.155845642000031, 24.475704194000059 ], [ 92.155929566000054, 24.47595977800006 ], [ 92.155964190000077, 24.476069160000065 ], [ 92.156013001000133, 24.476225001000046 ], [ 92.156081542000038, 24.476442886000086 ], [ 92.156135558000074, 24.476615906000177 ], [ 92.156140992000132, 24.476713704000076 ], [ 92.156143000000156, 24.476753000000144 ], [ 92.156143000000156, 24.476862 ], [ 92.156096999000169, 24.477063999000052 ], [ 92.155993018000174, 24.477262446 ], [ 92.155868531000067, 24.477397918 ], [ 92.155756222000093, 24.477457946000186 ], [ 92.155647278000174, 24.477516174000073 ], [ 92.155403327000101, 24.477667797000095 ], [ 92.155097962000184, 24.477857590000042 ], [ 92.154563904000042, 24.478160859000184 ], [ 92.154391709000095, 24.478276339000161 ], [ 92.154083252000078, 24.478483199000038 ], [ 92.153800964000141, 24.478683471000068 ], [ 92.153746751000199, 24.478738436000128 ], [ 92.153663635000044, 24.478822708000166 ], [ 92.153663635000044, 24.479038238000044 ], [ 92.153663635000044, 24.479124069000136 ], [ 92.153678893000063, 24.479675293000071 ], [ 92.153747559000067, 24.480247497000164 ], [ 92.153715956000042, 24.480350207000129 ], [ 92.153671265000185, 24.48049545300006 ], [ 92.153564453000058, 24.480621339000038 ], [ 92.153152466000165, 24.481086731000175 ], [ 92.152679444000057, 24.481510163 ], [ 92.152580262000072, 24.481634139000164 ], [ 92.152565005000099, 24.482004111000037 ], [ 92.152595520000091, 24.482221604000188 ], [ 92.152694822000115, 24.482469704000096 ], [ 92.152752857000053, 24.482540797000013 ], [ 92.152847289000192, 24.482656480000117 ], [ 92.15309842400012, 24.48285037100004 ], [ 92.153106697000169, 24.482856767000044 ], [ 92.153205871000011, 24.483030320000125 ], [ 92.153189976000021, 24.483123708000051 ], [ 92.153160096000079, 24.483299255000077 ], [ 92.153076172000056, 24.483669282000051 ], [ 92.153064381000036, 24.48374297700019 ], [ 92.153045653999982, 24.483860016000051 ], [ 92.153092124000125, 24.48402100200019 ], [ 92.153099061000091, 24.484045030000061 ], [ 92.153108023000129, 24.484058025000138 ], [ 92.153213501000153, 24.484210968000127 ], [ 92.153406976000042, 24.484356074000061 ], [ 92.153496000000132, 24.484423001000152 ], [ 92.153548919000173, 24.484463741000127 ], [ 92.153747559000067, 24.484617234000154 ], [ 92.153810480000061, 24.484664425000062 ], [ 92.153830999000036, 24.48468 ], [ 92.153753541000071, 24.484784480000144 ], [ 92.153701782000098, 24.484853745000066 ], [ 92.153656007000166, 24.485101698999983 ], [ 92.153457643000081, 24.485261917000116 ], [ 92.153318648000038, 24.485385398000119 ], [ 92.153030395000087, 24.48564147999997 ], [ 92.1529693600001, 24.485872268000094 ], [ 92.152919560000043, 24.485982544000137 ], [ 92.152862550000123, 24.486108779000176 ], [ 92.152873936, 24.486187536000045 ], [ 92.152885436000076, 24.486267089000137 ], [ 92.152931213000045, 24.486429214000168 ], [ 92.153015137000068, 24.486587524000129 ], [ 92.153203085000143, 24.486802677000071 ], [ 92.153304945000059, 24.48691928 ], [ 92.153280306000056, 24.487043551000113 ], [ 92.153190613, 24.487493516000086 ], [ 92.152946471000064, 24.487379074000046 ], [ 92.152679444000057, 24.48721695100005 ], [ 92.152435302000129, 24.487134934000096 ], [ 92.152191161000076, 24.487159728 ], [ 92.151924133000193, 24.487283707000074 ], [ 92.15190206200009, 24.487323018000041 ], [ 92.151802063000048, 24.487501144000191 ], [ 92.151962280000077, 24.48811340300017 ], [ 92.151967529000046, 24.488198720000184 ], [ 92.1519775390002, 24.488361359000066 ], [ 92.151983234000056, 24.488472401000024 ], [ 92.151985000000195, 24.48851000000019 ], [ 92.151956110000071, 24.48862333600016 ], [ 92.151893615000176, 24.488866806000033 ], [ 92.151776365000046, 24.489160846000061 ], [ 92.151649475000056, 24.489479065000182 ], [ 92.15165923700016, 24.489717010000049 ], [ 92.151664734000121, 24.489850999000055 ], [ 92.151763916000164, 24.48999595600003 ], [ 92.151775011000097, 24.490002614000048 ], [ 92.152107000000171, 24.490202 ], [ 92.152144064000197, 24.490318562000084 ], [ 92.152175903000057, 24.490419388000078 ], [ 92.152183533000198, 24.490511903000026 ], [ 92.152191000000187, 24.490603999000143 ], [ 92.151917, 24.490726001000155 ], [ 92.151748885000075, 24.490801650000094 ], [ 92.151657104000037, 24.49084281800009 ], [ 92.151504516000045, 24.490869522000025 ], [ 92.151290894000113, 24.490983963000133 ], [ 92.15119171200007, 24.491146088000164 ], [ 92.1512146, 24.491361618000042 ], [ 92.151367187000119, 24.491531373000157 ], [ 92.151437709000106, 24.491553411000041 ], [ 92.151550293000184, 24.491588593000074 ], [ 92.151814693, 24.491580118000172 ], [ 92.151847840000187, 24.491579054999988 ], [ 92.152511596000068, 24.491474153000013 ], [ 92.152839661000087, 24.491447449000134 ], [ 92.153091431000178, 24.491508484000121 ], [ 92.153167143000189, 24.491545079000048 ], [ 92.153206001000058, 24.491563999 ], [ 92.153296535000095, 24.491609776000132 ], [ 92.1534729010001, 24.491699219000168 ], [ 92.153498597000066, 24.491720097000155 ], [ 92.153563999000198, 24.491773999000145 ], [ 92.153427000000136, 24.492106999000157 ], [ 92.153289276000066, 24.492256121000082 ], [ 92.153282070000046, 24.492263915000024 ], [ 92.152977000000192, 24.492664000000161 ], [ 92.152709, 24.492950123000128 ], [ 92.152488708000135, 24.49318504300004 ], [ 92.152382557000124, 24.493336035000084 ], [ 92.152267457, 24.49349975500013 ], [ 92.152218704000177, 24.493610556000135 ], [ 92.152183533000198, 24.493690491999985 ], [ 92.152160644000162, 24.493818283 ], [ 92.152160644000162, 24.494087220000154 ], [ 92.152175903000057, 24.494533539000031 ], [ 92.152122069000086, 24.494668125000146 ], [ 92.152061083000149, 24.494819791000111 ], [ 92.151958628000102, 24.494860472000028 ], [ 92.151931999000169, 24.49487100000016 ], [ 92.151466, 24.495056 ], [ 92.151367001000096, 24.495095999000057 ], [ 92.151114999000072, 24.495203000000117 ], [ 92.151060223000115, 24.495217966000098 ], [ 92.150932312000123, 24.495252610000136 ], [ 92.15073717100006, 24.495274701000085 ], [ 92.150527953000164, 24.495298387000105 ], [ 92.150398254000152, 24.49536704999997 ], [ 92.150421143000187, 24.495594026000106 ], [ 92.150482178000175, 24.495655061000093 ], [ 92.150532998000131, 24.495683832999987 ], [ 92.150741578000122, 24.49580192600007 ], [ 92.151077271000133, 24.496000290000154 ], [ 92.151336671000081, 24.496147157000166 ], [ 92.151357634000135, 24.496219221000047 ], [ 92.151367001000096, 24.496252 ], [ 92.151394722000191, 24.496408085000041 ], [ 92.151412964000087, 24.496511459000089 ], [ 92.151435853000123, 24.496845244999975 ], [ 92.151435853000123, 24.497318269000061 ], [ 92.151420593000125, 24.497720718000039 ], [ 92.151430209000182, 24.497808068000154 ], [ 92.151443481000058, 24.497928620000039 ], [ 92.151527405000081, 24.498186111999985 ], [ 92.151546170000131, 24.498353129000066 ], [ 92.151565552000136, 24.498525621000113 ], [ 92.151518851000048, 24.498755619000121 ], [ 92.151489258000197, 24.49890136800002 ], [ 92.151504086000159, 24.49901536700014 ], [ 92.151519775000168, 24.49913597200009 ], [ 92.151603698000088, 24.499380111000107 ], [ 92.151748658000145, 24.499605179000071 ], [ 92.1519775390002, 24.499805451000157 ], [ 92.152203166000106, 24.500050468000097 ], [ 92.152221680000025, 24.500070573000073 ], [ 92.15234010000006, 24.500161608000042 ], [ 92.152526856000065, 24.500305177000087 ], [ 92.1527438990002, 24.500847782000164 ], [ 92.152930999000034, 24.501316001000077 ], [ 92.152664417000153, 24.501534511000045 ], [ 92.15262603900004, 24.501565933000165 ], [ 92.152366639000036, 24.501890183000171 ], [ 92.152183533000198, 24.502252578000025 ], [ 92.152207577000013, 24.502380314000106 ], [ 92.152214050000111, 24.502414703000056 ], [ 92.152301871000191, 24.502518812 ], [ 92.15245056100008, 24.502695084000038 ], [ 92.152502585000093, 24.502740986000106 ], [ 92.15258, 24.502810000000125 ], [ 92.152646585000127, 24.502872531999969 ], [ 92.152694702000076, 24.502918244000057 ], [ 92.152915955000196, 24.502979279000044 ], [ 92.153044528000066, 24.502999368000189 ], [ 92.153099000000168, 24.503008 ], [ 92.153519, 24.503006001000131 ], [ 92.153617903, 24.503007997999987 ], [ 92.154098510000097, 24.504196166999975 ], [ 92.154122955000048, 24.504252693000069 ], [ 92.154129029000046, 24.504266740000048 ], [ 92.154158778000067, 24.504333676000101 ], [ 92.154174803999979, 24.504369737000161 ], [ 92.154266496000105, 24.504523892000179 ], [ 92.15448, 24.504883 ], [ 92.154840704000037, 24.50549737900019 ], [ 92.156127930000139, 24.507690430000025 ], [ 92.158517001000178, 24.507717348000085 ], [ 92.158835999000132, 24.507721 ], [ 92.158546922000085, 24.508016774000168 ], [ 92.158317566000107, 24.508251191000113 ], [ 92.158250269000121, 24.508318067000175 ], [ 92.158012, 24.508554001000164 ], [ 92.157746825000061, 24.508765582000137 ], [ 92.157630921000077, 24.50885772700002 ], [ 92.15749032500014, 24.508961323999984 ], [ 92.157341002000123, 24.509071350000056 ], [ 92.15712593000012, 24.509264917000166 ], [ 92.157035828000119, 24.509346008000023 ], [ 92.156942451000134, 24.509425476000047 ], [ 92.156677246000129, 24.509651185000166 ], [ 92.156387330000086, 24.509902954000097 ], [ 92.155921936000141, 24.510105133000025 ], [ 92.155670166000107, 24.510248184999966 ], [ 92.155319215000077, 24.510410310000168 ], [ 92.154907226000034, 24.51062011700003 ], [ 92.154707054000141, 24.510825707000151 ], [ 92.154655456000171, 24.511032104000094 ], [ 92.154663087000188, 24.511468887000092 ], [ 92.154678266000076, 24.511681410000165 ], [ 92.15468597500012, 24.511789322000027 ], [ 92.154693603, 24.511894227000084 ], [ 92.154548898000201, 24.512077011000144 ], [ 92.154358, 24.512098 ], [ 92.154114001000039, 24.511995000000184 ], [ 92.1538240000001, 24.51186900100015 ], [ 92.153699026000083, 24.511832549000133 ], [ 92.153656007000166, 24.511819839000168 ], [ 92.153599150000161, 24.51186721900018 ], [ 92.1534729010001, 24.511972428000092 ], [ 92.153442382000151, 24.512056350000137 ], [ 92.1534151030001, 24.512132508000036 ], [ 92.153396607000161, 24.512184143000127 ], [ 92.153434754000045, 24.512344361000032 ], [ 92.153617858000075, 24.512552261 ], [ 92.153900146000183, 24.512672424000129 ], [ 92.154204044000096, 24.512700050999968 ], [ 92.154235839000137, 24.512702942000146 ], [ 92.154283276000115, 24.512701654000011 ], [ 92.154586628000118, 24.512693411000157 ], [ 92.154945373000089, 24.512750625000081 ], [ 92.155242919000159, 24.512916565000126 ], [ 92.155372620000151, 24.513286590000121 ], [ 92.155563354000151, 24.513357163000023 ], [ 92.155715943000075, 24.513614654999969 ], [ 92.155868531000067, 24.513742445999981 ], [ 92.156028748000097, 24.513771058000032 ], [ 92.156150819000175, 24.513639451000074 ], [ 92.15621948200004, 24.513452530000166 ], [ 92.15629577600015, 24.513145446000181 ], [ 92.156341553000118, 24.512973785000099 ], [ 92.156448365000074, 24.512722016000112 ], [ 92.156547547000116, 24.51262664900014 ], [ 92.156829833000188, 24.512607575000175 ], [ 92.156974793000131, 24.512681961999988 ], [ 92.156944276000161, 24.512826921000169 ], [ 92.156875610000156, 24.513216019000026 ], [ 92.156791687000066, 24.513526916000103 ], [ 92.156776428000114, 24.51367569100006 ], [ 92.156753540000182, 24.513826370000174 ], [ 92.156776428000114, 24.514101028000027 ], [ 92.156929016000163, 24.51435280000004 ], [ 92.157104491000041, 24.514541626000039 ], [ 92.157157899000197, 24.514602662000129 ], [ 92.157379150999986, 24.514778137000178 ], [ 92.157760620000033, 24.514974593999966 ], [ 92.158027649000189, 24.515180589000067 ], [ 92.158134460000042, 24.515335083000082 ], [ 92.158065796000074, 24.515468597000108 ], [ 92.15801239100017, 24.515541078000126 ], [ 92.157569885000157, 24.5155982980001 ], [ 92.157173156999988, 24.515670777000139 ], [ 92.156806945000085, 24.515737535000142 ], [ 92.156486512000129, 24.515924454000071 ], [ 92.156257629000095, 24.516126633000169 ], [ 92.156089783000084, 24.516433715000176 ], [ 92.156013488000099, 24.51669311500018 ], [ 92.155960083000195, 24.516992569000081 ], [ 92.155853272000115, 24.517202378000093 ], [ 92.155784607000044, 24.517398835000108 ], [ 92.155685425, 24.517526626000119 ], [ 92.155540466, 24.51768112100018 ], [ 92.155433655000138, 24.518032075000121 ], [ 92.155372620000151, 24.518245697000168 ], [ 92.1550903320001, 24.519287109 ], [ 92.155616761000033, 24.522686005000025 ], [ 92.155158997000171, 24.522686005000025 ], [ 92.155006408000077, 24.522752761000049 ], [ 92.154876709000064, 24.522905351000077 ], [ 92.154861451000045, 24.52311897300018 ], [ 92.155029297000112, 24.523231506000172 ], [ 92.155303954000146, 24.523288726000089 ], [ 92.155471802000193, 24.523277283000141 ], [ 92.155715943000075, 24.52325630200005 ], [ 92.155883789000086, 24.524291993000077 ], [ 92.157829285000105, 24.524852752000186 ], [ 92.157905579000044, 24.524875641000051 ], [ 92.160057067000082, 24.525661470000102 ], [ 92.159996032000095, 24.525852204000103 ], [ 92.159805298000094, 24.526079177000156 ], [ 92.15943908800017, 24.526384354000072 ], [ 92.159210205000136, 24.526704789 ], [ 92.158905030000028, 24.527109145000111 ], [ 92.158775329000036, 24.527448654000011 ], [ 92.158729552000068, 24.527601243000106 ], [ 92.158866881000165, 24.527757645000122 ], [ 92.158905030000028, 24.527820588000054 ], [ 92.158988952000072, 24.527994157000137 ], [ 92.159042359000125, 24.528259277000018 ], [ 92.159141541000167, 24.528524399000105 ], [ 92.159210205000136, 24.528669358000116 ], [ 92.159332276000043, 24.528825760000132 ], [ 92.159393311000031, 24.528905869000084 ], [ 92.159400939000136, 24.529048921000026 ], [ 92.159591675000115, 24.529293060000043 ], [ 92.159683227000016, 24.529439927000055 ], [ 92.159828186000027, 24.529512405000162 ], [ 92.159866333000082, 24.529287339000177 ], [ 92.159904480000137, 24.529045106000126 ], [ 92.160064697000166, 24.529026032000161 ], [ 92.1603164670002, 24.529012680000108 ], [ 92.160598755000137, 24.52900886600014 ], [ 92.160995483000079, 24.528930665000189 ], [ 92.161262511000132, 24.528903962000186 ], [ 92.161376954000104, 24.528789521000022 ], [ 92.161430359000178, 24.528684616000135 ], [ 92.161430359000178, 24.52842521700012 ], [ 92.161430359000178, 24.527996064000035 ], [ 92.161445617000197, 24.527774811000086 ], [ 92.161468506000062, 24.527673721999975 ], [ 92.161590576000037, 24.527624130000163 ], [ 92.161773682000103, 24.527622224000027 ], [ 92.162025452000137, 24.527822494000077 ], [ 92.162261963000049, 24.528179168000065 ], [ 92.162261963000049, 24.528324127000076 ], [ 92.162574768000127, 24.528499603000057 ], [ 92.162719727000081, 24.528568268000129 ], [ 92.16294098000003, 24.528450013 ], [ 92.163253784000176, 24.528404236000029 ], [ 92.163536072000056, 24.528297424000073 ], [ 92.163597108000147, 24.528360366000129 ], [ 92.163757325000176, 24.528367997000146 ], [ 92.164100647000168, 24.528675079000152 ], [ 92.16433715800008, 24.528932571000155 ], [ 92.164527894000059, 24.529066087 ], [ 92.164649962000055, 24.52923965500014 ], [ 92.165122987000188, 24.529161454000189 ], [ 92.165328979000151, 24.529193878000171 ], [ 92.165603637000174, 24.529235840000126 ], [ 92.165657044000056, 24.529354095000031 ], [ 92.165725708000025, 24.529500962000043 ], [ 92.16576385500008, 24.529808044000049 ], [ 92.165695191000111, 24.530056001000048 ], [ 92.165672303000179, 24.53047943100006 ], [ 92.16551971500013, 24.530902863000108 ], [ 92.16540527300009, 24.531095505000053 ], [ 92.165428161000193, 24.53135681200007 ], [ 92.165496827000197, 24.531406404000109 ], [ 92.165611267000088, 24.53153801000019 ], [ 92.165885925000055, 24.531585693000125 ], [ 92.165985107000097, 24.531610489000059 ], [ 92.166267395000034, 24.531681062000075 ], [ 92.166511535000154, 24.531766891000188 ], [ 92.166687012000182, 24.531831741000019 ], [ 92.1669769290001, 24.531934739000064 ], [ 92.167182923000098, 24.532014847000085 ], [ 92.167297364000035, 24.531938554000078 ], [ 92.16733551100009, 24.531829834000177 ], [ 92.167312622000054, 24.531625747000078 ], [ 92.167297364000035, 24.531545638000068 ], [ 92.16725921699998, 24.531375885000159 ], [ 92.167243957000153, 24.531171798000059 ], [ 92.167236328000172, 24.531028749000029 ], [ 92.167366027000128, 24.530982972000061 ], [ 92.167633057000046, 24.530927659000042 ], [ 92.167785644000105, 24.530900955000106 ], [ 92.168022155000074, 24.530931472000077 ], [ 92.168312074000141, 24.531148912000106 ], [ 92.16853332400018, 24.531366349000109 ], [ 92.168754577000072, 24.531553267999982 ], [ 92.169021607000161, 24.531805038000073 ], [ 92.169181824000191, 24.53187942600016 ], [ 92.16939544700017, 24.531877517999988 ], [ 92.169578553000065, 24.531778336000173 ], [ 92.169837953000012, 24.531608581000057 ], [ 92.169898986000192, 24.531555176000154 ], [ 92.173400880000031, 24.534021377000045 ], [ 92.177673340000069, 24.53070068400018 ], [ 92.179687500000057, 24.528686524000136 ], [ 92.179321290000132, 24.526672364000092 ], [ 92.178771972000163, 24.523799897 ], [ 92.178977966000161, 24.523876191000113 ], [ 92.179107667000153, 24.52399635400019 ], [ 92.179344178000122, 24.524091721 ], [ 92.179534912000065, 24.524236678000022 ], [ 92.179695130000198, 24.524208069000053 ], [ 92.179878236000036, 24.524070740000127 ], [ 92.179992676000097, 24.523950577000051 ], [ 92.180198669, 24.523736954000071 ], [ 92.180252076000102, 24.523557664000123 ], [ 92.180267334000121, 24.523460388999979 ], [ 92.180221557000152, 24.523221970000066 ], [ 92.180206299000133, 24.523130416000129 ], [ 92.180145263000043, 24.522930144999975 ], [ 92.18012237500011, 24.522785187000068 ], [ 92.180053711000085, 24.52256965700019 ], [ 92.180313111000089, 24.522418976000097 ], [ 92.180450440000129, 24.522529603000066 ], [ 92.18043518200011, 24.522703171000046 ], [ 92.180572511000037, 24.522998810000104 ], [ 92.180702209000117, 24.523145677000059 ], [ 92.180824280000195, 24.523290634000091 ], [ 92.180976867000084, 24.523424150000096 ], [ 92.181121826000094, 24.523523332000138 ], [ 92.181221009000069, 24.523576737000042 ], [ 92.181335449000073, 24.523639679999974 ], [ 92.181510925000055, 24.523750305000192 ], [ 92.181808471000181, 24.523876191000113 ], [ 92.182067871000129, 24.523956300000066 ], [ 92.18218231100019, 24.523935319000032 ], [ 92.182312012000182, 24.523860931000115 ], [ 92.182373048000045, 24.523729324000158 ], [ 92.182365417000028, 24.523626327000045 ], [ 92.182304382000041, 24.523555756000178 ], [ 92.182250977000194, 24.523281098000155 ], [ 92.18231964000006, 24.523149490000094 ], [ 92.182464600000174, 24.522987367000098 ], [ 92.183860780000032, 24.522937775000116 ], [ 92.183959962000074, 24.523012161000054 ], [ 92.184196473000043, 24.52312850900006 ], [ 92.184318542000085, 24.523193359000118 ], [ 92.184379577000072, 24.52327346800007 ], [ 92.184547425000119, 24.523353577000023 ], [ 92.184715270000083, 24.523382188000028 ], [ 92.184890747999987, 24.52334976200018 ], [ 92.185066224000138, 24.523237229000188 ], [ 92.185287477000088, 24.523149490000094 ], [ 92.185401917000092, 24.523061753000036 ], [ 92.18556976300016, 24.522905351000077 ], [ 92.18572998000019, 24.522708894000061 ], [ 92.185913086000028, 24.522525788000053 ], [ 92.185958863, 24.522340774000156 ], [ 92.18746948200004, 24.521255493000183 ], [ 92.187644958000192, 24.521293640000067 ], [ 92.187797547000116, 24.521324159000187 ], [ 92.187896729000101, 24.521224977000145 ], [ 92.187919617000091, 24.521089553000138 ], [ 92.187988281000059, 24.520982743000161 ], [ 92.188079835000167, 24.520820618000187 ], [ 92.188957214000197, 24.520191193000016 ], [ 92.191261292000092, 24.520980834999989 ], [ 92.192687989000092, 24.521484374000181 ], [ 92.194274903000121, 24.519714356000122 ], [ 92.197082520000151, 24.516723633000026 ], [ 92.199890136000079, 24.515319825000063 ], [ 92.199836731000062, 24.511291504000042 ], [ 92.199890136000079, 24.511232376000123 ], [ 92.200035095000089, 24.511058807999973 ], [ 92.200073242000144, 24.510879516999978 ], [ 92.20009613100018, 24.510751724000158 ], [ 92.200103759000115, 24.510440827000139 ], [ 92.200202941000157, 24.510232927000118 ], [ 92.200248718000125, 24.51015091 ], [ 92.200454712000123, 24.510023117000173 ], [ 92.20053863600009, 24.509891511000149 ], [ 92.200630188000048, 24.50964164700008 ], [ 92.200675965000187, 24.50934219300018 ], [ 92.200660705000189, 24.50895118700015 ], [ 92.200744629000042, 24.508832931000143 ], [ 92.200836183000149, 24.5087337490001 ], [ 92.201080322000166, 24.508684159000097 ], [ 92.201362610000103, 24.508630751999988 ], [ 92.201583863000167, 24.50852966400015 ], [ 92.201728820000199, 24.508352279000121 ], [ 92.201721192000093, 24.508205414000145 ], [ 92.201553344000047, 24.508005142000115 ], [ 92.201438904000156, 24.507846833000087 ], [ 92.201454162000175, 24.507709504000161 ], [ 92.201477050000108, 24.507596971000169 ], [ 92.201675415000125, 24.507469177000075 ], [ 92.201942444999986, 24.507480621000127 ], [ 92.202018738, 24.507480621000127 ], [ 92.202148437000176, 24.507480621000127 ], [ 92.202644348000092, 24.507541656000114 ], [ 92.202934266000113, 24.507492066000111 ], [ 92.203117370000143, 24.507432938000022 ], [ 92.203414916000042, 24.507368088000135 ], [ 92.20375824000007, 24.507303237000031 ], [ 92.204093933000195, 24.507251740000129 ], [ 92.204406738000046, 24.507196427000054 ], [ 92.204772950000176, 24.507085800000084 ], [ 92.205055236000078, 24.507045745000028 ], [ 92.205383301000154, 24.506994248000126 ], [ 92.205619812000066, 24.506937027000106 ], [ 92.20573425300006, 24.506921769000087 ], [ 92.205886842000155, 24.50683403000005 ], [ 92.206008910000094, 24.506776810000076 ], [ 92.206077576000098, 24.506565095000042 ], [ 92.206077576000098, 24.50640869199998 ], [ 92.206153870000037, 24.506292342000165 ], [ 92.206283568000117, 24.506237030000023 ], [ 92.206443786000193, 24.506204606000153 ], [ 92.206703185000094, 24.506221771000071 ], [ 92.206832886000086, 24.506233215000123 ], [ 92.207107544000053, 24.50629425000011 ], [ 92.20738983200016, 24.506248475000177 ], [ 92.207534789000135, 24.506252288000042 ], [ 92.20760345500014, 24.506193160000123 ], [ 92.207710265000117, 24.506027222000057 ], [ 92.207824708000089, 24.505914689000065 ], [ 92.207962037000129, 24.505661010000154 ], [ 92.208068847000106, 24.50547981200009 ], [ 92.208114624000075, 24.505319596000106 ], [ 92.208213806000117, 24.505191803000116 ], [ 92.208328247000054, 24.504919053000094 ], [ 92.208396912000183, 24.504695892000029 ], [ 92.208465576000151, 24.504474640000012 ], [ 92.208679200000063, 24.504325867000091 ], [ 92.20878601000004, 24.504264832000104 ], [ 92.208915711000031, 24.504241944000114 ], [ 92.20920562800012, 24.504272459999981 ], [ 92.209396362000064, 24.50436592200009 ], [ 92.209671020000087, 24.504404069000145 ], [ 92.209930419000102, 24.504476547000081 ], [ 92.210151672000052, 24.504491806000033 ], [ 92.210388183000191, 24.504514694000136 ], [ 92.210609436000084, 24.504528047000122 ], [ 92.210754395000095, 24.5045089730001 ], [ 92.210914612000124, 24.504432678000114 ], [ 92.211067200000116, 24.504360199000075 ], [ 92.211227417000146, 24.504266740000048 ], [ 92.21147918700018, 24.504169465000075 ], [ 92.211647034000123, 24.504110337000157 ], [ 92.211822510000104, 24.504049302000169 ], [ 92.211914062, 24.504018783000049 ], [ 92.212120057000106, 24.503936767000027 ], [ 92.212318421000191, 24.503854753000155 ], [ 92.212440491000166, 24.503810883000085 ], [ 92.212532043000067, 24.503768921000187 ], [ 92.21316528300008, 24.504779816000053 ], [ 92.214500428000179, 24.505647659000033 ], [ 92.215148926000154, 24.506694794000055 ], [ 92.215728761000094, 24.50774192800003 ], [ 92.217147827000076, 24.507200242000124 ], [ 92.220275879000098, 24.506286622 ], [ 92.221130371000072, 24.502929687000176 ], [ 92.221481322999978, 24.501510621000023 ], [ 92.230895996000129, 24.499694825000063 ], [ 92.230941773000097, 24.502229692000071 ], [ 92.230995179000047, 24.504091264000124 ], [ 92.234268189000147, 24.500440598000012 ], [ 92.23468017600004, 24.499328613000102 ], [ 92.235107421000123, 24.498291015000063 ], [ 92.235473633000083, 24.4968872070001 ], [ 92.2361526480002, 24.494844436000108 ], [ 92.23632812600016, 24.494323731000065 ], [ 92.236602784000127, 24.492822648000129 ], [ 92.239501952000069, 24.489929200000176 ], [ 92.233840942000086, 24.484710693000181 ], [ 92.230293273000086, 24.48003959700003 ], [ 92.228919984000072, 24.472101211999984 ], [ 92.228958130000194, 24.472002030000169 ], [ 92.231170654000096, 24.465440750000141 ], [ 92.231094361000089, 24.460813523000184 ], [ 92.231086731000175, 24.460510254000042 ], [ 92.231147766000163, 24.460414887000013 ], [ 92.232299805000196, 24.4584960950001 ], [ 92.235069275000171, 24.456432343000017 ], [ 92.23593902500005, 24.453781129000049 ], [ 92.236068726000042, 24.450271607000104 ], [ 92.239318848000153, 24.447326661000147 ], [ 92.256324768000184, 24.436410905000059 ], [ 92.256530762000182, 24.436279297000056 ], [ 92.257476807000046, 24.432519913000192 ], [ 92.25595855600011, 24.418979646000139 ], [ 92.258636474000127, 24.414646148000031 ], [ 92.259277344000054, 24.413513184000067 ], [ 92.262680053000167, 24.40981102100011 ], [ 92.263305665000019, 24.408081055000139 ], [ 92.262649537000129, 24.404916764000063 ], [ 92.262672425000062, 24.404829025000026 ], [ 92.264282226000091, 24.397705079000161 ], [ 92.269897461000085, 24.394897462000074 ], [ 92.270507813000165, 24.390930176000097 ], [ 92.273086548000094, 24.38845062300004 ], [ 92.272705078000172, 24.386291503999985 ], [ 92.272659300999976, 24.386222841000119 ], [ 92.269943236000074, 24.382289887000127 ], [ 92.269882203000066, 24.382198335000169 ], [ 92.271873474000074, 24.380033493000099 ], [ 92.272468567000033, 24.379280091000112 ], [ 92.272254944000053, 24.377689361000137 ], [ 92.268302917000142, 24.37479210000015 ], [ 92.267700196000135, 24.373291015000177 ], [ 92.268127441000047, 24.367309570000089 ], [ 92.264152527000135, 24.362260818000152 ], [ 92.264099122000061, 24.36214828500016 ], [ 92.212890625000114, 24.249328614000092 ], [ 92.240478516, 24.250671387000068 ], [ 92.259582520000095, 24.250490188000072 ], [ 92.259704589000137, 24.250488281 ], [ 92.284782409000115, 24.252067567000154 ], [ 92.284912110000107, 24.252052306000053 ], [ 92.291870116000098, 24.251281738000046 ], [ 92.296607971000185, 24.251729966000028 ], [ 92.296684264000191, 24.251741409000147 ], [ 92.297096253000063, 24.249540329000126 ], [ 92.295318603000055, 24.248069764000036 ], [ 92.294128417000195, 24.244323731000122 ], [ 92.294921874000181, 24.240722656000173 ], [ 92.296875001000046, 24.238098144999981 ], [ 92.296325683000077, 24.236083985000164 ], [ 92.296325683000077, 24.233886720000157 ], [ 92.299468995000097, 24.231620789000146 ], [ 92.29931640500007, 24.229492187000062 ], [ 92.29920959500015, 24.229341507000072 ], [ 92.297698974000127, 24.227317810000045 ], [ 92.301055909000127, 24.225534439000171 ], [ 92.301879883000083, 24.225097656000173 ], [ 92.301139831000171, 24.22448158200018 ], [ 92.300880431000166, 24.222040177000054 ], [ 92.303421020000144, 24.221652984000116 ], [ 92.303535461000138, 24.221635818000095 ], [ 92.310836792000032, 24.222539901 ], [ 92.313751221000189, 24.2228832240001 ], [ 92.313598632000094, 24.221130372 ], [ 92.309669495000151, 24.216121675000124 ], [ 92.30974578900009, 24.214799880999976 ], [ 92.312652588000162, 24.211097717000087 ], [ 92.316101074000187, 24.213317871000129 ], [ 92.319091797000112, 24.209106446000078 ], [ 92.324707032000106, 24.205871582000157 ], [ 92.324890136000192, 24.204711915000189 ], [ 92.324806214000148, 24.204704285000105 ], [ 92.320312499000067, 24.204309464 ], [ 92.320312499000067, 24.202697754000098 ], [ 92.325065612000117, 24.199083329000075 ], [ 92.32510376100015, 24.198999405000052 ], [ 92.325576783000031, 24.19753646900017 ], [ 92.324707032000106, 24.196289063000165 ], [ 92.32476043700018, 24.194761277000055 ], [ 92.329490662000126, 24.191141129000187 ], [ 92.328910827000016, 24.189111709000144 ], [ 92.329711914000143, 24.188293458000032 ], [ 92.329582214000084, 24.188188553000145 ], [ 92.327087402000075, 24.186096191000047 ], [ 92.330406189000144, 24.184831619000192 ], [ 92.33087158100011, 24.182128907000049 ], [ 92.330024719, 24.180137634000062 ], [ 92.330024719, 24.180049897000174 ], [ 92.329933167000092, 24.174650192000058 ], [ 92.32855987500011, 24.166112899000041 ], [ 92.32946777300009, 24.164520264000146 ], [ 92.331909180000082, 24.163696289000086 ], [ 92.334472657000163, 24.150878906000173 ], [ 92.336914062000119, 24.146911622000175 ], [ 92.336883545000148, 24.146778108000149 ], [ 92.336273194000171, 24.144323348000057 ], [ 92.33532714800009, 24.143676758000026 ], [ 92.33367920000012, 24.144287109000174 ], [ 92.333534241000109, 24.144268036000142 ], [ 92.332969665000121, 24.144193649999977 ], [ 92.332275390000177, 24.144029617 ], [ 92.332275390000177, 24.140502929000093 ], [ 92.329284667000081, 24.139892578000115 ], [ 92.328300476000095, 24.138620376000176 ], [ 92.328163147000168, 24.135169984000186 ], [ 92.329216004000159, 24.131626130000029 ], [ 92.32878112800006, 24.12972068900001 ], [ 92.328880310000102, 24.129646301000093 ], [ 92.331115723000039, 24.128112793000071 ], [ 92.331016541000167, 24.127990723000096 ], [ 92.328323364000198, 24.124683380000079 ], [ 92.328674316000104, 24.115905762000182 ], [ 92.331741332000036, 24.113145829000132 ], [ 92.331871033000198, 24.111873627000023 ], [ 92.331886291000046, 24.111761092000052 ], [ 92.329376221000189, 24.110366822000174 ], [ 92.332290650000175, 24.106887816999972 ], [ 92.332290650000175, 24.106809615000088 ], [ 92.332275390000177, 24.105285644000048 ], [ 92.329505920000145, 24.102930069000081 ], [ 92.329681396000126, 24.101324081000087 ], [ 92.329673768000191, 24.101093292000087 ], [ 92.328346253000063, 24.098598480000078 ], [ 92.331428527000185, 24.098745347000033 ], [ 92.33068084700011, 24.096973419000165 ], [ 92.330276489000084, 24.096153259000175 ], [ 92.330146790000072, 24.096023560000162 ], [ 92.327949524000189, 24.093702316000133 ], [ 92.32878112800006, 24.089120864000165 ], [ 92.328140258000133, 24.085155488000169 ], [ 92.3281173700002, 24.085020066000141 ], [ 92.329048156000113, 24.082256317000144 ], [ 92.328140258000133, 24.0806808480001 ], [ 92.328056335000042, 24.080627441000047 ], [ 92.322822571000074, 24.077480316000162 ], [ 92.32284546000011, 24.077266693000126 ], [ 92.322875977000024, 24.076959609000141 ], [ 92.327087402000075, 24.076477050999983 ], [ 92.32727050800014, 24.074523925000051 ], [ 92.32369232200017, 24.073263168000096 ], [ 92.322921754, 24.071874618000152 ], [ 92.322937012000011, 24.071800232000044 ], [ 92.323303222000163, 24.069702149000079 ], [ 92.321289062000119, 24.068481446000021 ], [ 92.319274903000178, 24.069519043000184 ], [ 92.318283081000175, 24.069124222000141 ], [ 92.318237304000036, 24.069044113000132 ], [ 92.316886901000089, 24.066898345000084 ], [ 92.318801881000127, 24.062021256000037 ], [ 92.319091797000112, 24.061279297 ], [ 92.321769715000187, 24.05866050700007 ], [ 92.31871032700019, 24.057350160000055 ], [ 92.319999693999989, 24.052316667000071 ], [ 92.320289613000114, 24.051162720000093 ], [ 92.319046020000144, 24.050119401000188 ], [ 92.316825866000102, 24.051351547000138 ], [ 92.315269470000146, 24.04869079700012 ], [ 92.315490723000039, 24.044921875000171 ], [ 92.317543029000035, 24.039520264000089 ], [ 92.317199708000146, 24.037500382000133 ], [ 92.315063476000148, 24.035558701000127 ], [ 92.314132690000065, 24.034711837000032 ], [ 92.319274903000178, 24.031311035000044 ], [ 92.319274903000178, 24.030273439000155 ], [ 92.316757202000133, 24.028024673000118 ], [ 92.316696167000146, 24.027971268000044 ], [ 92.319091797000112, 24.025512696000192 ], [ 92.318481446000135, 24.022705079000104 ], [ 92.32171630900018, 24.018920899000022 ], [ 92.321655274000193, 24.018844606000187 ], [ 92.320922852000194, 24.017883301000154 ], [ 92.318908691000047, 24.019287109000118 ], [ 92.31750488199998, 24.018920899000022 ], [ 92.317138673000159, 24.017612458000031 ], [ 92.324707032000106, 24.006530761000192 ], [ 92.327461242000084, 24.004209518000039 ], [ 92.32727050800014, 24.00189208900008 ], [ 92.329055786000026, 23.989650727000082 ], [ 92.325897215999987, 23.987535476000119 ], [ 92.325798034000172, 23.987470628000096 ], [ 92.327369690000182, 23.986045839000042 ], [ 92.327697755000031, 23.985717774000022 ], [ 92.32778930700016, 23.984701156000085 ], [ 92.326148987000124, 23.983659745000182 ], [ 92.325523376000149, 23.983261108000136 ], [ 92.324096679000149, 23.979492187000119 ], [ 92.322853088000045, 23.979785919999983 ], [ 92.322746278000068, 23.979810714000109 ], [ 92.322082519000105, 23.975280762000125 ], [ 92.319641113000102, 23.975320816000021 ], [ 92.317680358000132, 23.97210121300003 ], [ 92.315139771000133, 23.972166061000053 ], [ 92.31530761700003, 23.970886231 ], [ 92.313606262000178, 23.970491410000136 ], [ 92.312698365000131, 23.970230103000119 ], [ 92.313331604000041, 23.96108818200014 ], [ 92.313339232000146, 23.960969926000132 ], [ 92.311553956000182, 23.960605622 ], [ 92.311447144000056, 23.960582732999967 ], [ 92.312652588000162, 23.957506179000177 ], [ 92.311233521000077, 23.94568443300011 ], [ 92.313476563000052, 23.943298341 ], [ 92.312683106000179, 23.941284179000149 ], [ 92.313476563000052, 23.934509277000075 ], [ 92.318077087000177, 23.930351257000098 ], [ 92.321166992000144, 23.926111221000099 ], [ 92.321289062000119, 23.926074981000113 ], [ 92.327865600000166, 23.924016952000102 ], [ 92.329711914000143, 23.923095704000104 ], [ 92.330657959000177, 23.921449662000157 ], [ 92.329391479000037, 23.918859483000119 ], [ 92.331146239000077, 23.911802292 ], [ 92.33052826, 23.907831191000184 ], [ 92.330513000000167, 23.907714843000122 ], [ 92.330482483000026, 23.907596588000047 ], [ 92.329895020000038, 23.905517578000172 ], [ 92.327781677000075, 23.906219483000029 ], [ 92.325927735000107, 23.904479981000179 ], [ 92.325790406000067, 23.904495240000131 ], [ 92.323722839000141, 23.90466880800011 ], [ 92.323600768000063, 23.904678345999969 ], [ 92.323310852000077, 23.904413224000052 ], [ 92.323150635000047, 23.904266357000097 ], [ 92.32171630900018, 23.89147949200003 ], [ 92.321578979000037, 23.891454696000096 ], [ 92.320678711000141, 23.891296387000068 ], [ 92.319885254000155, 23.889892578000172 ], [ 92.319274903000178, 23.890686035000158 ], [ 92.319198609000068, 23.890668869000024 ], [ 92.31863403300008, 23.890539169000078 ], [ 92.318496704000154, 23.890489579000075 ], [ 92.319023133000144, 23.889154434000034 ], [ 92.318328858000143, 23.887931824000134 ], [ 92.319526672000109, 23.886100770000155 ], [ 92.319328308000081, 23.883724214000154 ], [ 92.317131042000142, 23.884088516000077 ], [ 92.316421509000179, 23.883438110999975 ], [ 92.316284180000082, 23.883300782000106 ], [ 92.316711425000165, 23.881713867000144 ], [ 92.31750488199998, 23.881530761000079 ], [ 92.317474366000113, 23.881385804000104 ], [ 92.317123412000058, 23.879264832000104 ], [ 92.317108154000039, 23.879180909000183 ], [ 92.319091797000112, 23.87768554600018 ], [ 92.320411681000053, 23.878009796000185 ], [ 92.321983337000063, 23.874158859000147 ], [ 92.322090150000122, 23.873903274000043 ], [ 92.322090150000122, 23.87379074100005 ], [ 92.322082519000105, 23.869873047000112 ], [ 92.321983337000063, 23.869825363000075 ], [ 92.318458557000099, 23.867994309000096 ], [ 92.31824493400012, 23.867139817000066 ], [ 92.320312499000067, 23.865905762000011 ], [ 92.320220947000109, 23.86581039500004 ], [ 92.319686890000071, 23.865308761000108 ], [ 92.319549561000144, 23.865247726000121 ], [ 92.315666199000191, 23.863546371000098 ], [ 92.315528870000094, 23.863525390000063 ], [ 92.309875488000046, 23.86267089800009 ], [ 92.307312012000068, 23.863891602000024 ], [ 92.304321290000019, 23.863822937000066 ], [ 92.304260254000155, 23.863864899000191 ], [ 92.300682069000118, 23.866460800000141 ], [ 92.295104980000076, 23.865478516000053 ], [ 92.295143127000131, 23.870109559000127 ], [ 92.293884278000121, 23.871276856000179 ], [ 92.29338073700012, 23.871347427000046 ], [ 92.292015076000041, 23.871408462000034 ], [ 92.287902833000032, 23.86688232500012 ], [ 92.287902833000032, 23.863098145000151 ], [ 92.285926818000064, 23.858865739000066 ], [ 92.285301208000192, 23.857471466000106 ], [ 92.276527405000138, 23.852886199000068 ], [ 92.274749756000062, 23.849058152000111 ], [ 92.274139405000085, 23.843610764000061 ], [ 92.273933411000087, 23.841697692000082 ], [ 92.275878907000106, 23.839904786000034 ], [ 92.277046204000158, 23.836709976 ], [ 92.277130128000181, 23.836612702000139 ], [ 92.282104491000098, 23.8308715820001 ], [ 92.281608581000057, 23.826301576 ], [ 92.281593322000163, 23.826160432000052 ], [ 92.283668517000194, 23.824186324000152 ], [ 92.283462525000175, 23.823499680000168 ], [ 92.285682679000047, 23.822631836000141 ], [ 92.286811828999987, 23.816761016000044 ], [ 92.28588867100018, 23.815673828000115 ], [ 92.283744813000112, 23.816234589000089 ], [ 92.280845642000088, 23.815158844000166 ], [ 92.279113769000048, 23.81671142600004 ], [ 92.276657104000094, 23.815208435999978 ], [ 92.269477844000107, 23.817779541 ], [ 92.259536743000126, 23.815029144999983 ], [ 92.2593994140002, 23.814990998000155 ], [ 92.260681152000018, 23.807128907000049 ], [ 92.262329102000137, 23.804870606000122 ], [ 92.263488769000105, 23.799682618000077 ], [ 92.263740540000072, 23.79168891900008 ], [ 92.26779937800012, 23.769971849000171 ], [ 92.268028259000175, 23.766508101999989 ], [ 92.267280579000101, 23.762733460000163 ], [ 92.267112731000111, 23.761899948000121 ], [ 92.268249512000068, 23.756517411000175 ], [ 92.268241882000154, 23.756404878000183 ], [ 92.26647949200003, 23.738708496000072 ], [ 92.268486023000037, 23.728696822000188 ], [ 92.268501281000056, 23.728610993000075 ], [ 92.269180297999981, 23.728111267000145 ], [ 92.276260377000085, 23.721870422000052 ], [ 92.276702881000062, 23.721061707000047 ], [ 92.279655456000057, 23.71568107700017 ], [ 92.279052735000164, 23.71653175400013 ], [ 92.278205871000068, 23.717521668000131 ], [ 92.277397156000063, 23.718250275000116 ], [ 92.275878907000106, 23.719545366000091 ], [ 92.274688721000075, 23.72041130100007 ], [ 92.272979736000138, 23.720932008000034 ], [ 92.271118164000143, 23.72144699200004 ], [ 92.268119813000112, 23.722332001000154 ], [ 92.26641845600011, 23.723358154000039 ], [ 92.266105651000089, 23.724351883000111 ], [ 92.265991211000198, 23.724725724000052 ], [ 92.264884949000134, 23.724769593000076 ], [ 92.264373780000199, 23.72479057400011 ], [ 92.264213563, 23.724592210000026 ], [ 92.263404847000061, 23.723583222000059 ], [ 92.261627197000053, 23.723442078000062 ], [ 92.260238647000108, 23.724653245000184 ], [ 92.259857178000061, 23.724988937999967 ], [ 92.257843017000141, 23.725246430000141 ], [ 92.25717926100009, 23.725065232000077 ], [ 92.256362915000068, 23.724840164000113 ], [ 92.255020142000092, 23.724992751000059 ], [ 92.25398254300012, 23.724399566000102 ], [ 92.25192260700004, 23.724317552000059 ], [ 92.251136780000081, 23.724082946000181 ], [ 92.250816345000146, 23.724239351000051 ], [ 92.250740051000037, 23.724277497000173 ], [ 92.249412537000183, 23.724306106000142 ], [ 92.248756408000133, 23.723428726000066 ], [ 92.248222351000095, 23.722707749000165 ], [ 92.247200013000054, 23.722673417000181 ], [ 92.246818543000131, 23.722660064000024 ], [ 92.245712281000067, 23.720281600000078 ], [ 92.245628357000044, 23.720161437000172 ], [ 92.243247985000096, 23.716701508000142 ], [ 92.243171692000089, 23.716564179000045 ], [ 92.241516114000092, 23.713684081000167 ], [ 92.241157532000045, 23.710685731000012 ], [ 92.241134644000113, 23.71060562200006 ], [ 92.24053192100007, 23.708480835000046 ], [ 92.240852356000062, 23.706148148000011 ], [ 92.240859986000146, 23.70606994700006 ], [ 92.242507935000162, 23.704284668000014 ], [ 92.242736816000161, 23.703779222000151 ], [ 92.244461060000049, 23.699922561000164 ], [ 92.244773864000138, 23.698907852000104 ], [ 92.244873047000112, 23.698486329000161 ], [ 92.24613952600015, 23.695922851000148 ], [ 92.246223450000173, 23.695806503000142 ], [ 92.247070312000062, 23.694702149000022 ], [ 92.246917725000174, 23.691892625000094 ], [ 92.244346619000055, 23.690093993000175 ], [ 92.244186402000196, 23.689990998000042 ], [ 92.24245452800011, 23.688964843000178 ], [ 92.242362976000152, 23.688909530000103 ], [ 92.242179870000086, 23.686500550000119 ], [ 92.24205017100013, 23.68590164200009 ], [ 92.241912843000136, 23.685476304000076 ], [ 92.241882324000187, 23.685380935000126 ], [ 92.24174499500009, 23.684558869000114 ], [ 92.240303040000072, 23.683095933000061 ], [ 92.240219116000048, 23.683012009000038 ], [ 92.239654542000039, 23.68252754100007 ], [ 92.239501952000069, 23.680908203000058 ], [ 92.239547729000037, 23.68028068600006 ], [ 92.239212036000197, 23.679681778000088 ], [ 92.23910522400007, 23.679489136000143 ], [ 92.239044189000083, 23.679367066000168 ], [ 92.238960267000095, 23.679204941000137 ], [ 92.238677979000158, 23.67872810300014 ], [ 92.23863220200019, 23.678661347000116 ], [ 92.237533570000096, 23.676853179999966 ], [ 92.237487793000128, 23.676782609000099 ], [ 92.237487793000128, 23.675476074000073 ], [ 92.238037109000061, 23.672473908000029 ], [ 92.238052369000116, 23.672357559999966 ], [ 92.238136291000103, 23.670270919000075 ], [ 92.234962464000148, 23.66749954200003 ], [ 92.233673096000018, 23.665407181000035 ], [ 92.232482911000091, 23.663696289000029 ], [ 92.230506896000065, 23.661462784000037 ], [ 92.22963714500014, 23.660554886000057 ], [ 92.229530335, 23.660438538000051 ], [ 92.228530883000076, 23.659292222000033 ], [ 92.228416443000071, 23.659240723000153 ], [ 92.226295471000071, 23.658306121000066 ], [ 92.226043702000084, 23.657690048000177 ], [ 92.225967408000031, 23.657188416000054 ], [ 92.226127625, 23.656175614000119 ], [ 92.225692750000178, 23.655244828000036 ], [ 92.224205018000191, 23.65484237600009 ], [ 92.223297120000041, 23.654552460000104 ], [ 92.223236085000053, 23.654298783000172 ], [ 92.222702027000082, 23.653009415000042 ], [ 92.221755981000172, 23.653247834000183 ], [ 92.220779420000099, 23.652679443000125 ], [ 92.220085145000098, 23.652305603000116 ], [ 92.219528199000024, 23.6521091460001 ], [ 92.219306946000131, 23.652034760000163 ], [ 92.219169617000034, 23.652053833000025 ], [ 92.217811584, 23.652244567000025 ], [ 92.217597961000195, 23.652223586000162 ], [ 92.216438294000113, 23.652111053000169 ], [ 92.216293335000103, 23.652729035000107 ], [ 92.215194703000122, 23.652791978000096 ], [ 92.214477539000143, 23.652832032000049 ], [ 92.212509155000134, 23.652887345000067 ], [ 92.211891174000073, 23.653043747000083 ], [ 92.211463928000114, 23.653152467000155 ], [ 92.210487365, 23.653934479000043 ], [ 92.210639955000033, 23.655273437000176 ], [ 92.211380005000137, 23.655714035000187 ], [ 92.210876466000173, 23.657005309999988 ], [ 92.211181640000177, 23.657611846000123 ], [ 92.211006164000025, 23.658884048 ], [ 92.209541321000074, 23.659767152000086 ], [ 92.208473206000065, 23.660348892000059 ], [ 92.20672607400013, 23.661096572000133 ], [ 92.20672607400013, 23.662685394000164 ], [ 92.206932068000128, 23.664865494000026 ], [ 92.206779479000033, 23.666389465000123 ], [ 92.20741271900016, 23.666976930000146 ], [ 92.207481384000062, 23.667041778000169 ], [ 92.207664490000127, 23.667205811000144 ], [ 92.207221985000047, 23.668033600000172 ], [ 92.206871033000141, 23.668687820000116 ], [ 92.206222535000109, 23.66961669900013 ], [ 92.206390381000119, 23.670854569000085 ], [ 92.206489563000162, 23.671627045000037 ], [ 92.206115723000153, 23.672023774000081 ], [ 92.205810546000066, 23.672340394000173 ], [ 92.206039429000043, 23.672679902000027 ], [ 92.206237793000128, 23.672981262000064 ], [ 92.206253052000079, 23.674205781000069 ], [ 92.206382751000035, 23.67486190700015 ], [ 92.206436158000088, 23.675163269000052 ], [ 92.206642150000107, 23.675584793000098 ], [ 92.207038879000152, 23.676427841000077 ], [ 92.207214355000133, 23.676975251000044 ], [ 92.207427979000045, 23.677661896000131 ], [ 92.208343505000073, 23.677288056000066 ], [ 92.208686828000168, 23.677984238000136 ], [ 92.210212707000039, 23.678710937000119 ], [ 92.210395813000105, 23.678981780000072 ], [ 92.210723876000145, 23.679468155000109 ], [ 92.211372376000156, 23.679944993000106 ], [ 92.212493897000115, 23.681236268000077 ], [ 92.212394714000197, 23.681659698000146 ], [ 92.212707519000048, 23.682058334000089 ], [ 92.21272277800017, 23.682264329000134 ], [ 92.212791443000071, 23.683094025000059 ], [ 92.213088989000141, 23.684610366000186 ], [ 92.213783264000142, 23.685134888000107 ], [ 92.213386536000201, 23.685899734000145 ], [ 92.21305084300019, 23.686408996000182 ], [ 92.212493897000115, 23.686521531000153 ], [ 92.212295532000155, 23.687294007000105 ], [ 92.212089538000157, 23.687467575000085 ], [ 92.21162414600019, 23.687595368000075 ], [ 92.211380005000137, 23.687902451000184 ], [ 92.210868835000156, 23.688772201 ], [ 92.210845947000053, 23.690071107000051 ], [ 92.211303711000085, 23.690677643000129 ], [ 92.21041870200014, 23.691406250000114 ], [ 92.210182191000172, 23.691152573000181 ], [ 92.209762574000194, 23.691579818000093 ], [ 92.209945680000033, 23.692478180000137 ], [ 92.20969390800019, 23.692829132000043 ], [ 92.209259033000194, 23.693487167000058 ], [ 92.209182739000084, 23.694414138000127 ], [ 92.209136962000116, 23.695114136000143 ], [ 92.209114076000162, 23.695423126000094 ], [ 92.208808899000076, 23.696365357000161 ], [ 92.2086410510002, 23.696603776000075 ], [ 92.208259583000086, 23.697452546000136 ], [ 92.207695007000098, 23.698255538000183 ], [ 92.207252503000063, 23.698911667000175 ], [ 92.207336425000108, 23.699102403000154 ], [ 92.207107544000053, 23.700012208000032 ], [ 92.206863403, 23.70003890900017 ], [ 92.206970215000183, 23.700651168000149 ], [ 92.206466674000126, 23.700883866000027 ], [ 92.205596924000133, 23.701868057000183 ], [ 92.204917907000151, 23.701570511000057 ], [ 92.204818725000109, 23.70152664200009 ], [ 92.204399110000168, 23.701772690000041 ], [ 92.204010009000172, 23.702011109000125 ], [ 92.20375824000007, 23.702594757000099 ], [ 92.2039184570001, 23.70379448000017 ], [ 92.203750610000156, 23.704074861000151 ], [ 92.203529359000015, 23.704336166000189 ], [ 92.203414916000042, 23.704566956000122 ], [ 92.202995299000065, 23.704719544000113 ], [ 92.202812195000035, 23.705919265000034 ], [ 92.202377320000039, 23.705911637000099 ], [ 92.202026366000098, 23.705797196000105 ], [ 92.201805116000116, 23.705722808000189 ], [ 92.201026917000092, 23.705995561000123 ], [ 92.200042725, 23.706804276000128 ], [ 92.198272705000136, 23.707008361000078 ], [ 92.197898865000127, 23.707298279000042 ], [ 92.197113036000189, 23.707166671000039 ], [ 92.196823119999976, 23.707117080999978 ], [ 92.196762084999989, 23.707046510000112 ], [ 92.196517945000039, 23.706771850000109 ], [ 92.196105956000167, 23.706815719000133 ], [ 92.195632934000116, 23.706865311000115 ], [ 92.195312499000181, 23.706647874000168 ], [ 92.194229126000153, 23.706949233000159 ], [ 92.193496704000097, 23.706850051000117 ], [ 92.192962646000126, 23.70709419200017 ], [ 92.192787171000134, 23.707504272000165 ], [ 92.191658020000034, 23.707572937000066 ], [ 92.190971375000174, 23.707986832000131 ], [ 92.190841675000058, 23.708324433000087 ], [ 92.190025329000036, 23.708499908000078 ], [ 92.189407350000124, 23.709224702000029 ], [ 92.188667298000041, 23.71007347200009 ], [ 92.188545227000134, 23.710077287000161 ], [ 92.188293457999976, 23.71008300799997 ], [ 92.186828614000149, 23.710428238000134 ], [ 92.186614989000134, 23.710371018000046 ], [ 92.18651580900007, 23.710502625000174 ], [ 92.186080932000095, 23.711069106000025 ], [ 92.185585021000179, 23.710615158000167 ], [ 92.185394287000179, 23.709825515000091 ], [ 92.185363770000095, 23.709692002000168 ], [ 92.185165406000181, 23.709638596000161 ], [ 92.184402465, 23.709434510000165 ], [ 92.184776306000117, 23.709291458000052 ], [ 92.184860229000037, 23.709257126000068 ], [ 92.184677123000199, 23.708240509000063 ], [ 92.183319091999977, 23.708057404999977 ], [ 92.183204652000143, 23.708040236999977 ], [ 92.183113098000035, 23.70792579600004 ], [ 92.182884217000151, 23.707643508000103 ], [ 92.182731629000159, 23.707677842000123 ], [ 92.181243897000172, 23.708015443000079 ], [ 92.180305481000119, 23.708087921000015 ], [ 92.179870605000019, 23.707973481000181 ], [ 92.178489686000091, 23.70813941900019 ], [ 92.178199767000194, 23.707885742000087 ], [ 92.177947998000036, 23.707670212000039 ], [ 92.177680970000154, 23.707670212000039 ], [ 92.177627563000101, 23.707874299000139 ], [ 92.177398682000046, 23.708749771999976 ], [ 92.176971435000155, 23.709375382000076 ], [ 92.177505492000193, 23.709693909000066 ], [ 92.177505492000193, 23.710365296000077 ], [ 92.176773071000071, 23.710845948000042 ], [ 92.176818847000163, 23.71111106800015 ], [ 92.176589967000041, 23.711790085000132 ], [ 92.176345825000055, 23.7125282290001 ], [ 92.176795959, 23.713447570000028 ], [ 92.176567078000176, 23.713644027000043 ], [ 92.176567078000176, 23.71500778300009 ], [ 92.176490784000066, 23.71654129 ], [ 92.175170898000147, 23.717369079000036 ], [ 92.173736573000042, 23.717794419000086 ], [ 92.173515320000092, 23.717863082000122 ], [ 92.173423766000155, 23.717849731 ], [ 92.173049926000147, 23.717798234000099 ], [ 92.172889709000117, 23.718074799000192 ], [ 92.172492980000072, 23.718763352000053 ], [ 92.172050476000038, 23.719514847000141 ], [ 92.171409607000044, 23.720653535 ], [ 92.170898438000108, 23.721673966000139 ], [ 92.170837402000018, 23.721805572000051 ], [ 92.170707703000062, 23.722696304000181 ], [ 92.169853211000031, 23.723211288000186 ], [ 92.169593811000084, 23.723369598000147 ], [ 92.169502257000147, 23.724777221000124 ], [ 92.170051575000116, 23.724767685000074 ], [ 92.170677184999988, 23.72508812 ], [ 92.171409607000044, 23.72631836000005 ], [ 92.171318055000086, 23.727836609000178 ], [ 92.17093658400006, 23.729207993000102 ], [ 92.171089172000109, 23.729909897000084 ], [ 92.171081543000071, 23.730045318 ], [ 92.171028136000189, 23.730678558000022 ], [ 92.170913696000127, 23.731380463000107 ], [ 92.170761109000011, 23.732303619000106 ], [ 92.170768739000152, 23.732896804000063 ], [ 92.17200469900007, 23.733776093000074 ], [ 92.172248841, 23.734628677999979 ], [ 92.17250824000007, 23.734909058000085 ], [ 92.17269897400007, 23.735374450000052 ], [ 92.172874450000165, 23.735809326000151 ], [ 92.172706605000087, 23.736089706000087 ], [ 92.172454833000188, 23.736516953000034 ], [ 92.172592162000115, 23.736808777000192 ], [ 92.172546387000125, 23.736867905000111 ], [ 92.172271729000158, 23.737232209000013 ], [ 92.171760558000017, 23.737443924000047 ], [ 92.171913147000112, 23.737804414000038 ], [ 92.17206573500016, 23.738178254000047 ], [ 92.171791077000137, 23.738706589000174 ], [ 92.171051025000054, 23.739025116000164 ], [ 92.169715882000162, 23.739763261 ], [ 92.168540955000196, 23.739917755000192 ], [ 92.1674804700001, 23.739992142000062 ], [ 92.166656494000165, 23.740274430000113 ], [ 92.166160583000078, 23.740116119999982 ], [ 92.165435791000107, 23.73932647800001 ], [ 92.164878845000032, 23.738996505000159 ], [ 92.163795472, 23.739160538000135 ], [ 92.163467407000155, 23.739583970000183 ], [ 92.163078308000195, 23.739627839000036 ], [ 92.162353515000177, 23.739711761000024 ], [ 92.161109924000073, 23.739206315000104 ], [ 92.161064149000083, 23.739133836000065 ], [ 92.160774231000062, 23.738681793000069 ], [ 92.159843445000149, 23.738311768000074 ], [ 92.159011841000108, 23.738241197000036 ], [ 92.158348084000124, 23.738185882000153 ], [ 92.157417298000041, 23.73771476700017 ], [ 92.157005309000169, 23.737152101000163 ], [ 92.156036376000031, 23.736862182000039 ], [ 92.155761718, 23.736484527000187 ], [ 92.155815125000117, 23.736053467000033 ], [ 92.155906677000189, 23.735389710999982 ], [ 92.155456544000174, 23.735000610000043 ], [ 92.154808044000163, 23.734443664000139 ], [ 92.154197693000185, 23.734647751000068 ], [ 92.153800964000141, 23.73477935700015 ], [ 92.153701782000098, 23.734811784000044 ], [ 92.152915955000196, 23.734485626000094 ], [ 92.151985169000113, 23.73410034300008 ], [ 92.150962829000093, 23.734504699000126 ], [ 92.150527953000164, 23.735754013000133 ], [ 92.149482727000191, 23.735414505000108 ], [ 92.149398803000167, 23.735528947000148 ], [ 92.149284362000174, 23.735687257000109 ], [ 92.148559571000192, 23.735706329999971 ], [ 92.1478042600001, 23.735290528000064 ], [ 92.14766693100006, 23.734952927999984 ], [ 92.147132874000192, 23.734819412000149 ], [ 92.146545411000147, 23.734745026000041 ], [ 92.145538329000146, 23.73405647300018 ], [ 92.144927978000169, 23.733762742000124 ], [ 92.144195556000113, 23.733217239 ], [ 92.143753051000033, 23.732147216000044 ], [ 92.143493653000064, 23.731304169000168 ], [ 92.143402099000127, 23.730089187000033 ], [ 92.142967224000131, 23.729572296000129 ], [ 92.142395019000105, 23.729463578000036 ], [ 92.142532348000032, 23.728555680000056 ], [ 92.142341614000031, 23.727113723 ], [ 92.14221191300004, 23.726211548000094 ], [ 92.142089843000065, 23.725395203000119 ], [ 92.141799927000079, 23.725269319000176 ], [ 92.141487122000058, 23.724306106000142 ], [ 92.14100646900016, 23.724197389000153 ], [ 92.140487670000141, 23.723386766000147 ], [ 92.140571594000164, 23.722726822000027 ], [ 92.139358520000144, 23.721811295000066 ], [ 92.13930511500007, 23.721521378000148 ], [ 92.138900756000112, 23.721416473999966 ], [ 92.138885498000093, 23.721632004000071 ], [ 92.138381959000071, 23.721004487000073 ], [ 92.139228821000131, 23.720321655000077 ], [ 92.138191223000092, 23.720005034999986 ], [ 92.13825225800008, 23.719532013000105 ], [ 92.136756898000158, 23.719043732000159 ], [ 92.136482240000191, 23.71808052 ], [ 92.136016846000018, 23.717990875000169 ], [ 92.13594818200005, 23.717720033000148 ], [ 92.135330201000158, 23.717521668000131 ], [ 92.135505676000037, 23.717155456000057 ], [ 92.134742736000135, 23.716611863000082 ], [ 92.134506225, 23.716030121000074 ], [ 92.134040833000086, 23.715917588000138 ], [ 92.133758545000148, 23.71584892300001 ], [ 92.133796692000033, 23.71555328400018 ], [ 92.133911132000094, 23.714704514000118 ], [ 92.132347106000168, 23.713743209000086 ], [ 92.131401062000066, 23.712387085000103 ], [ 92.131782532000159, 23.711709976000122 ], [ 92.131507874000192, 23.711200715000189 ], [ 92.131111145000148, 23.710910796000121 ], [ 92.130813599000192, 23.710712432000037 ], [ 92.130607605000193, 23.710744858000055 ], [ 92.130378724000195, 23.709857942000042 ], [ 92.129547120000154, 23.709266662000118 ], [ 92.129295348000085, 23.709188461000167 ], [ 92.129005432000099, 23.709096909000039 ], [ 92.129005432000099, 23.708984376000046 ], [ 92.129005432000099, 23.707988738999973 ], [ 92.127998352000077, 23.70745277400016 ], [ 92.127449036000087, 23.707681655000158 ], [ 92.126609802000075, 23.706701279000072 ], [ 92.126220704000048, 23.706918717000121 ], [ 92.125228882000044, 23.706565858000147 ], [ 92.125228882000044, 23.705612183000028 ], [ 92.124931336000145, 23.705549240000039 ], [ 92.125144959000124, 23.705204011000149 ], [ 92.124473572000113, 23.704158782000093 ], [ 92.124069213000098, 23.703037262 ], [ 92.124786377000135, 23.702161789000172 ], [ 92.124313355000083, 23.701717378000069 ], [ 92.12474823000008, 23.700908660000096 ], [ 92.123718262000125, 23.70040130600006 ], [ 92.123565674000133, 23.699953080000114 ], [ 92.122894288000168, 23.699602127000105 ], [ 92.123504639000146, 23.699073791999979 ], [ 92.123306275000061, 23.698148728000035 ], [ 92.124160767000035, 23.69746589600004 ], [ 92.123214721000124, 23.696830749000128 ], [ 92.123535156000059, 23.696012498000186 ], [ 92.123779297000112, 23.69575119100017 ], [ 92.122718810000038, 23.695096970000122 ], [ 92.121322632000158, 23.693529129000183 ], [ 92.120796205000033, 23.693048477000161 ], [ 92.12075805600017, 23.692792892000057 ], [ 92.120285034000119, 23.692579270000181 ], [ 92.118095398000094, 23.690582276000157 ], [ 92.117126465000126, 23.689697265000177 ], [ 92.114532471000132, 23.687059403000092 ], [ 92.113594055000078, 23.685884476000126 ], [ 92.112739562000172, 23.684810638000101 ], [ 92.110809327000084, 23.682395935000045 ], [ 92.110267639000199, 23.681718826000065 ], [ 92.110198975, 23.681589127000052 ], [ 92.109458923000091, 23.680320740000184 ], [ 92.109359741000048, 23.680149079000103 ], [ 92.108520507000037, 23.678710937000119 ], [ 92.105895996000072, 23.676513672000169 ], [ 92.104675292000138, 23.67608642700003 ], [ 92.103912354000045, 23.676090240000121 ], [ 92.103080750000174, 23.675952911000024 ], [ 92.102996826000151, 23.675939560000074 ], [ 92.101074218000065, 23.676696778000178 ], [ 92.100090027000078, 23.677078248000157 ], [ 92.099876404000099, 23.677209854000182 ], [ 92.099700929000051, 23.676786422000134 ], [ 92.099296570000092, 23.676876069 ], [ 92.098876953000058, 23.676969528000029 ], [ 92.097984313000097, 23.676752091000083 ], [ 92.096916198000145, 23.677297593000105 ], [ 92.096366882000154, 23.677097322000122 ], [ 92.095375061000084, 23.677864075000059 ], [ 92.093841552000072, 23.677825928000175 ], [ 92.093223573000046, 23.678501130000086 ], [ 92.092353822000121, 23.67802238500019 ], [ 92.091957093000076, 23.677778244000137 ], [ 92.091712952000194, 23.677654268000026 ], [ 92.091751099000078, 23.677139283000145 ], [ 92.091308593000065, 23.677453996000168 ], [ 92.089935303000118, 23.678438187000154 ], [ 92.088783265000188, 23.679141998000034 ], [ 92.087898253000105, 23.679441452000106 ], [ 92.087532044000113, 23.680702210000163 ], [ 92.086608888000114, 23.680482865000045 ], [ 92.086601257000098, 23.680334091000134 ], [ 92.086585999000079, 23.679555892000167 ], [ 92.085601806000113, 23.680213928000057 ], [ 92.085418702000027, 23.680337906000034 ], [ 92.085067748000142, 23.680891037000038 ], [ 92.084594726000091, 23.680120468000155 ], [ 92.084411622000061, 23.680120468000155 ], [ 92.08306884700005, 23.68012619100017 ], [ 92.082786561000148, 23.678922653000086 ], [ 92.083129882000037, 23.67712402300009 ], [ 92.081886291000103, 23.676027299000111 ], [ 92.081665039000086, 23.675834655000187 ], [ 92.081604003000166, 23.674736023000037 ], [ 92.081100464000144, 23.673082351000176 ], [ 92.080574035000041, 23.671358108000049 ], [ 92.079811097000174, 23.671272279000164 ], [ 92.078384400000118, 23.671113969000032 ], [ 92.077445984000121, 23.669588090000161 ], [ 92.076301575, 23.668045045000156 ], [ 92.076599121000129, 23.667863846000159 ], [ 92.076972961000138, 23.667354585 ], [ 92.077064513000096, 23.6673126230001 ], [ 92.078018188000044, 23.666872025000089 ], [ 92.078262329000097, 23.665779114000145 ], [ 92.078384400000118, 23.665220260000069 ], [ 92.078941346000022, 23.664997102000086 ], [ 92.079528809000067, 23.664764404000039 ], [ 92.079460143000063, 23.664278031000038 ], [ 92.079414368000073, 23.663974762000066 ], [ 92.080017089000137, 23.662321092000184 ], [ 92.079490662000183, 23.659973144000105 ], [ 92.079017639000028, 23.658811570000069 ], [ 92.078720093000129, 23.657873154000072 ], [ 92.079231262000064, 23.656110763000186 ], [ 92.079284667000138, 23.655916214000115 ], [ 92.078849792000085, 23.655513763000158 ], [ 92.077751160000162, 23.654485702000102 ], [ 92.07834625300012, 23.65405845700019 ], [ 92.078506470000093, 23.653949737000062 ], [ 92.078376770000034, 23.653631210000071 ], [ 92.077850342000033, 23.652315140000098 ], [ 92.078445435000106, 23.651927948000036 ], [ 92.078277587000116, 23.651206971000136 ], [ 92.078796387000011, 23.649806976000036 ], [ 92.0792541510001, 23.648698806000027 ], [ 92.078330995000101, 23.648452759000179 ], [ 92.076499939000087, 23.648881912000036 ], [ 92.075691224000082, 23.648548126000151 ], [ 92.074760437000066, 23.647512436000056 ], [ 92.074111939000034, 23.647748947000025 ], [ 92.073791504999974, 23.64758682400003 ], [ 92.07244873000019, 23.646903991999977 ], [ 92.070991516000049, 23.647411346000069 ], [ 92.070022583000082, 23.647722245000125 ], [ 92.06907653900015, 23.64827728400013 ], [ 92.067955016000155, 23.647974015000159 ], [ 92.067131043000131, 23.646997451000175 ], [ 92.066146851000042, 23.646709443000134 ], [ 92.065963745000147, 23.646123886000112 ], [ 92.065063476000034, 23.646236420000037 ], [ 92.063583374000132, 23.645837784000094 ], [ 92.063430787000186, 23.645349502000158 ], [ 92.063354493000077, 23.645111085000053 ], [ 92.0616989130001, 23.645511627000189 ], [ 92.061462402000132, 23.646209717000033 ], [ 92.061141967000196, 23.647163392000152 ], [ 92.059730531000127, 23.647483826000041 ], [ 92.059364319000167, 23.647872925000172 ], [ 92.058151244000101, 23.648113251000154 ], [ 92.05763244700006, 23.648553849000166 ], [ 92.056785583000135, 23.648498536000147 ], [ 92.056152343000178, 23.648454667000124 ], [ 92.05551147500006, 23.648799896000185 ], [ 92.053680419999978, 23.648696899000129 ], [ 92.052902221000181, 23.648839950000138 ], [ 92.052635193000128, 23.648883820000037 ], [ 92.05218505900018, 23.648960113000044 ], [ 92.051506043000131, 23.649238586000081 ], [ 92.051200865999988, 23.649053573000117 ], [ 92.050643920000141, 23.649456024000131 ], [ 92.04976654100011, 23.649364472000173 ], [ 92.04946136500007, 23.648344040000154 ], [ 92.048233032000098, 23.647874832000014 ], [ 92.048171997000111, 23.648166656 ], [ 92.04778289799998, 23.647264481000093 ], [ 92.04764556900011, 23.646932603000153 ], [ 92.046028136000132, 23.64683342100011 ], [ 92.044960021000122, 23.648149490000037 ], [ 92.044265746000121, 23.648324966000132 ], [ 92.043952942000033, 23.648405075000142 ], [ 92.043006897000168, 23.64874839800018 ], [ 92.041999817000146, 23.648099900000034 ], [ 92.040298463000056, 23.648786545000064 ], [ 92.038871766000057, 23.650512696000135 ], [ 92.039260864000084, 23.651348115000076 ], [ 92.037994385000047, 23.651985168000124 ], [ 92.037429811000038, 23.652263641000161 ], [ 92.03699493300013, 23.651924134000069 ], [ 92.036911011000086, 23.651857376000066 ], [ 92.036888123000153, 23.651947021000069 ], [ 92.036750794000056, 23.65267563000009 ], [ 92.035614013000099, 23.653257370000063 ], [ 92.03528595, 23.653259277000132 ], [ 92.034729004000098, 23.653265000000147 ], [ 92.03427886999998, 23.653505326000129 ], [ 92.034080506000123, 23.653612136000106 ], [ 92.033111573000156, 23.654726028000084 ], [ 92.03314972000004, 23.655300140000122 ], [ 92.032348633000083, 23.655384064000145 ], [ 92.032104491000155, 23.655410768000081 ], [ 92.032119752000085, 23.655561448000071 ], [ 92.032150268000123, 23.655908584000031 ], [ 92.031478882000158, 23.655921937000187 ], [ 92.031242371000189, 23.65592765700012 ], [ 92.031272887000057, 23.656106948000115 ], [ 92.031455993000122, 23.656999588000076 ], [ 92.030830384000126, 23.657100677000187 ], [ 92.030433655000081, 23.657163620000119 ], [ 92.030532837000123, 23.657943727000145 ], [ 92.029998780000085, 23.657907485000123 ], [ 92.02960205100004, 23.658462524000129 ], [ 92.028518675999976, 23.65798568800011 ], [ 92.027999879000163, 23.658258439000065 ], [ 92.027908325000055, 23.658340455000086 ], [ 92.027679444, 23.658742904000064 ], [ 92.027229310000052, 23.658504486000083 ], [ 92.02703857400013, 23.658481597000048 ], [ 92.027061462000063, 23.65879821700014 ], [ 92.026351929000043, 23.658744812000066 ], [ 92.026092529000096, 23.658153534000178 ], [ 92.024780273000033, 23.65784454400017 ], [ 92.024703979000094, 23.657646180000086 ], [ 92.02458953900009, 23.657373428000085 ], [ 92.024345398000037, 23.657501221000075 ], [ 92.023979188000112, 23.657695770000146 ], [ 92.02368164100011, 23.657714844000111 ], [ 92.023147584000014, 23.657993317000148 ], [ 92.023040772000058, 23.658016205000081 ], [ 92.022598266000045, 23.658115387000123 ], [ 92.022140502000184, 23.658218384000179 ], [ 92.022331238000163, 23.658807755 ], [ 92.022399902000188, 23.659025192000172 ], [ 92.022506714000144, 23.659334182000123 ], [ 92.022651673000155, 23.659770965000121 ], [ 92.023666381000055, 23.660530090000179 ], [ 92.024200439000197, 23.661342621000131 ], [ 92.023902892000194, 23.661664963000192 ], [ 92.024185180000075, 23.662359238000136 ], [ 92.023361206000118, 23.662862777000157 ], [ 92.023178100000052, 23.66297722000013 ], [ 92.023132324000187, 23.662885666000022 ], [ 92.02285766600005, 23.662298203000148 ], [ 92.02224731400014, 23.66244125500009 ], [ 92.022132874000079, 23.662467956000114 ], [ 92.022254945000157, 23.662637711000173 ], [ 92.022262573000091, 23.662790299000051 ], [ 92.022071839000091, 23.662778856000045 ], [ 92.021118164000143, 23.662729263000131 ], [ 92.020507813000052, 23.662178040000072 ], [ 92.020164489000024, 23.662590027000135 ], [ 92.019874573000038, 23.662937165000073 ], [ 92.018424988000106, 23.662233353000147 ], [ 92.017364503000181, 23.661634445000118 ], [ 92.016586303999986, 23.66119766200012 ], [ 92.015899659000127, 23.659908294000047 ], [ 92.014694213000041, 23.660263063000173 ], [ 92.01457977300015, 23.660299302000055 ], [ 92.013977052000143, 23.661378860000013 ], [ 92.013610840000183, 23.663013459000183 ], [ 92.013214111000138, 23.663368226000159 ], [ 92.012924195000153, 23.663631438000095 ], [ 92.012077333000036, 23.663486481000064 ], [ 92.01147461, 23.663084030000107 ], [ 92.010467530000199, 23.663513183000134 ], [ 92.010063171000013, 23.663682938000079 ], [ 92.009536744000059, 23.663587571000107 ], [ 92.008926392000035, 23.663476944000081 ], [ 92.008422852000137, 23.663730621000184 ], [ 92.007713318000185, 23.664758683000173 ], [ 92.006912231000115, 23.666906357000073 ], [ 92.006645203, 23.667810439000107 ], [ 92.007194519000166, 23.668792725000174 ], [ 92.006599426000037, 23.669412614000066 ], [ 92.00632476800007, 23.670885086 ], [ 92.005172729000037, 23.671714782000095 ], [ 92.003280640000071, 23.671895981000091 ], [ 92.001663207000092, 23.670787811000025 ], [ 92.00123596200018, 23.670747757000129 ], [ 92.000534057000095, 23.670681001000105 ], [ 91.999954224000192, 23.671333314000151 ], [ 92.000099182000099, 23.673303604000125 ], [ 92.000633239000138, 23.673530579000158 ], [ 91.999702453000054, 23.674369812000066 ], [ 91.999450684000067, 23.674594879000097 ], [ 91.9993667600001, 23.675184250000086 ], [ 91.999298096000075, 23.675689697999985 ], [ 91.999137879000045, 23.67816352900013 ], [ 91.999038697, 23.677772523000101 ], [ 91.997955321000063, 23.679206848000035 ], [ 91.997077942000033, 23.679693223000072 ], [ 91.996688842000196, 23.679906846000051 ], [ 91.996734619000165, 23.680233001000147 ], [ 91.996101379000152, 23.68303108200007 ], [ 91.995353699000134, 23.684011460000193 ], [ 91.995452881000176, 23.685056687000099 ], [ 91.994834900000114, 23.686046601000101 ], [ 91.994583130000024, 23.686664582000162 ], [ 91.995033264000142, 23.687494279000191 ], [ 91.993835448000198, 23.687734605000173 ], [ 91.993568420000088, 23.689605713000049 ], [ 91.9941329950002, 23.691299440000137 ], [ 91.993896484000061, 23.692930221000154 ], [ 91.993499755000187, 23.693275452000023 ], [ 91.993133545000092, 23.694826127000169 ], [ 91.991699218000178, 23.696081161000109 ], [ 91.990722657000106, 23.697908402000053 ], [ 91.989845276000096, 23.699905396000077 ], [ 91.988761903000068, 23.701179505000084 ], [ 91.988700867000148, 23.702066421999973 ], [ 91.989074706999986, 23.702573776000065 ], [ 91.988761903000068, 23.703046798000116 ], [ 91.988922120000097, 23.704891204000148 ], [ 91.988189698000042, 23.706052781000039 ], [ 91.987213135000161, 23.708387375000143 ], [ 91.987358094000172, 23.709833146000108 ], [ 91.987052918000131, 23.711336136000114 ], [ 91.987014771000077, 23.711532593000129 ], [ 91.986007691000054, 23.713109969000072 ], [ 91.986236572000109, 23.713699342000098 ], [ 91.986068726000042, 23.715106965000075 ], [ 91.98616027800017, 23.715576172000112 ], [ 91.985130310000045, 23.716505051000127 ], [ 91.985443115000066, 23.719194412000149 ], [ 91.986022949000073, 23.720098497000095 ], [ 91.985366821000184, 23.72186470000014 ], [ 91.985137940000129, 23.72304153500005 ], [ 91.984344483000143, 23.723098755000024 ], [ 91.984016418000067, 23.724098206000178 ], [ 91.983314515000188, 23.723690033000082 ], [ 91.982604979000087, 23.723279953000088 ], [ 91.980895997000061, 23.723127366000142 ], [ 91.980430602000013, 23.723655701000098 ], [ 91.980133056000113, 23.724962235000191 ], [ 91.979637145000197, 23.726320266000187 ], [ 91.979766846000189, 23.727367402000141 ], [ 91.97917175300006, 23.728538512000057 ], [ 91.978027345000044, 23.731332778000137 ], [ 91.978027345000044, 23.731464387000131 ], [ 91.978057861000082, 23.733341217000145 ], [ 91.976844895000113, 23.733068363000143 ], [ 91.977192821000131, 23.731860673000028 ], [ 91.9772949500001, 23.731506174000117 ], [ 91.977211001000171, 23.731491000000119 ], [ 91.976067018000151, 23.731273055000088 ], [ 91.970886, 23.730286 ], [ 91.969737366000061, 23.730132536000156 ], [ 91.968925103000117, 23.730024013000104 ], [ 91.968475206999983, 23.729635160000043 ], [ 91.967132881000168, 23.729635121000115 ], [ 91.96709346200015, 23.729674752999983 ], [ 91.96694899900001, 23.729820001000121 ], [ 91.966639291000149, 23.729791845000079 ], [ 91.966178894000166, 23.729749679000179 ], [ 91.965458670000089, 23.729519207000124 ], [ 91.96427200100004, 23.729139 ], [ 91.962398571000108, 23.727891781000096 ], [ 91.962112427000079, 23.727701188000026 ], [ 91.959320068000011, 23.723409652000043 ], [ 91.957611083000131, 23.720628739000119 ], [ 91.957092730000113, 23.719791234000184 ], [ 91.956688, 23.719136999000114 ], [ 91.956708185000195, 23.718477779000125 ], [ 91.956726066000158, 23.717895756000189 ], [ 91.956786463000128, 23.717674085000056 ], [ 91.95727539000012, 23.715881349000028 ], [ 91.95812952700004, 23.713570154000024 ], [ 91.958313, 23.71307399900013 ], [ 91.958316947000071, 23.712762151000049 ], [ 91.958351135000044, 23.710071564000089 ], [ 91.956657411000094, 23.707950592000145 ], [ 91.956573487000071, 23.707149505000189 ], [ 91.956545225000013, 23.706909283000016 ], [ 91.956528001000038, 23.70676 ], [ 91.957436, 23.703861000000131 ], [ 91.957549050000068, 23.703420699000048 ], [ 91.957565000000102, 23.703287000000103 ], [ 91.957670793000091, 23.702273563000176 ], [ 91.957741000000112, 23.701601 ], [ 91.957596000000194, 23.700748001000079 ], [ 91.957562012000039, 23.700561064000112 ], [ 91.957550001000016, 23.70049500000016 ], [ 91.957527000000198, 23.7003610000001 ], [ 91.957274999000049, 23.699097000000165 ], [ 91.956301245000077, 23.697737368000105 ], [ 91.956200000000138, 23.697596000000146 ], [ 91.956634999000187, 23.697552001000133 ], [ 91.956983723000064, 23.6975173350001 ], [ 91.957138000000157, 23.697502000000156 ], [ 91.957199, 23.696224001000189 ], [ 91.95722097700019, 23.695776592000016 ], [ 91.957291, 23.694350999000108 ], [ 91.95730600100012, 23.69398299900007 ], [ 91.955452, 23.693975 ], [ 91.954303202000062, 23.693583593000028 ], [ 91.953735351000091, 23.693389893000187 ], [ 91.952940922000153, 23.692372182999975 ], [ 91.952506999000036, 23.691815998999971 ], [ 91.952305458000183, 23.691560713000172 ], [ 91.95208699900013, 23.69128400000011 ], [ 91.951675, 23.690975001000027 ], [ 91.951630556999987, 23.690939051999976 ], [ 91.951607001000184, 23.690920001000109 ], [ 91.951037235000115, 23.69046016600015 ], [ 91.949539, 23.689250999000024 ], [ 91.949267147000057, 23.689084323000088 ], [ 91.948929001000124, 23.688877000000105 ], [ 91.948902871000087, 23.688861095000107 ], [ 91.948814393000077, 23.688806533000047 ], [ 91.948463241000127, 23.688501201000179 ], [ 91.94845282100016, 23.688493803000085 ], [ 91.948364257000094, 23.68843078600014 ], [ 91.945644356000059, 23.686461262000023 ], [ 91.94534300000015, 23.686243001000037 ], [ 91.945334286000161, 23.686235225000075 ], [ 91.945213317000196, 23.686126710000053 ], [ 91.944236756000123, 23.685346603000085 ], [ 91.944227964999982, 23.685334416000046 ], [ 91.944152999000039, 23.685230000000161 ], [ 91.942566001000159, 23.683290001000103 ], [ 91.942307000000142, 23.681808001000036 ], [ 91.942408620000037, 23.681444308999971 ], [ 91.94242095900006, 23.681400299000074 ], [ 91.943710327000133, 23.676691055000163 ], [ 91.943737506, 23.676612919000092 ], [ 91.943741001000035, 23.676603 ], [ 91.946846001000097, 23.668255 ], [ 91.946877001000132, 23.668168999000102 ], [ 91.948932417000037, 23.661681187999989 ], [ 91.950073001000078, 23.658081 ], [ 91.951453005000076, 23.649433853000176 ], [ 91.951851001000136, 23.64693999900004 ], [ 91.951569414000176, 23.641174257000102 ], [ 91.951477051000097, 23.639282227000081 ], [ 91.951347352000084, 23.636951446000069 ], [ 91.950958251000145, 23.63286972200018 ], [ 91.95137474500018, 23.631376200000091 ], [ 91.951934999000173, 23.629368001000103 ], [ 91.952023380000071, 23.629046299000095 ], [ 91.952110000000175, 23.628731001000119 ], [ 91.952147999000033, 23.628667999000072 ], [ 91.954895001000125, 23.623717999000121 ], [ 91.956725999000071, 23.61792000000014 ], [ 91.956580999000153, 23.614290001000086 ], [ 91.956520698000077, 23.61051534500001 ], [ 91.956482, 23.608093 ], [ 91.95471199900004, 23.595885999000188 ], [ 91.954233830000192, 23.594555241000023 ], [ 91.953758240000127, 23.59323120199997 ], [ 91.954048117000184, 23.591842838000048 ], [ 91.954211128000111, 23.591618564000157 ], [ 91.955421000000172, 23.589954000999967 ], [ 91.954888176000168, 23.588753755000141 ], [ 91.954079001000082, 23.586930999000174 ], [ 91.954220318000125, 23.586606372 ], [ 91.954254045000198, 23.58652902 ], [ 91.954758, 23.586756001000083 ], [ 91.955672999000171, 23.587171999000191 ], [ 91.956504753000047, 23.587297671000101 ], [ 91.956817960000137, 23.587344994000034 ], [ 91.956833890000041, 23.58733761700006 ], [ 91.95691680800013, 23.587299347000055 ], [ 91.957772081000144, 23.586910586000158 ], [ 91.959015000000193, 23.586346000000162 ], [ 91.95906100100018, 23.586275001000047 ], [ 91.960618820000036, 23.583929721000175 ], [ 91.962340999000162, 23.581337000000133 ], [ 91.963882001000115, 23.578890000000172 ], [ 91.963898870000151, 23.578862749000166 ], [ 91.963921, 23.578827001000036 ], [ 91.963718053000036, 23.575612395000121 ], [ 91.96368400200015, 23.575073033000081 ], [ 91.962212, 23.571743 ], [ 91.962127999000131, 23.571602 ], [ 91.961463999000046, 23.570509 ], [ 91.961460186000181, 23.570498665000173 ], [ 91.961433410000097, 23.570425033000106 ], [ 91.961151124000196, 23.569509506000145 ], [ 91.961141197000188, 23.569463605000124 ], [ 91.961136001000114, 23.569438999000056 ], [ 91.960977113000069, 23.568839751000041 ], [ 91.960510254000098, 23.567077636000192 ], [ 91.960526033000065, 23.566805438000188 ], [ 91.960541000000148, 23.56655100100005 ], [ 91.960611008000114, 23.56641871700009 ], [ 91.960876466, 23.565917969000054 ], [ 91.961273192000192, 23.565109254 ], [ 91.961357115999988, 23.565031053000041 ], [ 91.961498779000067, 23.564848866000148 ], [ 91.962151000000119, 23.564010999000175 ], [ 91.962449986000195, 23.563792171000046 ], [ 91.96252400100019, 23.563737999000182 ], [ 91.96252400100019, 23.562639000000104 ], [ 91.96252400100019, 23.562499999000067 ], [ 91.962554946000182, 23.562284389000126 ], [ 91.962603471000193, 23.561848745000134 ], [ 91.962799071, 23.560092926000095 ], [ 91.962875367000152, 23.559080124000161 ], [ 91.962901167000155, 23.559010785000169 ], [ 91.962906, 23.558998 ], [ 91.963684000000171, 23.556702 ], [ 91.963890000000163, 23.556067 ], [ 91.963982000000101, 23.555991999000184 ], [ 91.964072289000057, 23.555914733000179 ], [ 91.964294000000166, 23.555725001000098 ], [ 91.965698, 23.554077 ], [ 91.965122908000183, 23.551488143000029 ], [ 91.965088001000083, 23.551331 ], [ 91.964904999, 23.550476001000106 ], [ 91.964679375000173, 23.549019108000095 ], [ 91.964485001000071, 23.547764001000075 ], [ 91.964466149000145, 23.547721033000073 ], [ 91.96441699900015, 23.547608999000033 ], [ 91.963356, 23.545549 ], [ 91.963264715000037, 23.545259710000096 ], [ 91.962936402000139, 23.54421806300013 ], [ 91.962861557000053, 23.543979065000087 ], [ 91.962769001000197, 23.543682000000103 ], [ 91.962759876000064, 23.543606154000031 ], [ 91.962753, 23.543549 ], [ 91.96252400100019, 23.54187 ], [ 91.962317779000159, 23.541571290000093 ], [ 91.9620290000002, 23.54115299900019 ], [ 91.962510173000112, 23.540270522000071 ], [ 91.962516895000135, 23.540258195000035 ], [ 91.962784000000113, 23.538831999000024 ], [ 91.963088999000036, 23.537245 ], [ 91.96450796400012, 23.535373930000162 ], [ 91.964378000000181, 23.535117999000192 ], [ 91.963705010000126, 23.533774264000101 ], [ 91.96347800000018, 23.533321001 ], [ 91.961632000000179, 23.533009999000058 ], [ 91.958855, 23.532374999000069 ], [ 91.957931999000039, 23.530475999000146 ], [ 91.957886, 23.53037600000016 ], [ 91.957185901000116, 23.52961219700012 ], [ 91.956787109000174, 23.52917671300014 ], [ 91.956554156000152, 23.527759575000118 ], [ 91.956238, 23.52583499900004 ], [ 91.95782500100006, 23.522326 ], [ 91.959625013000107, 23.519914960000051 ], [ 91.959756317000142, 23.519510678000131 ], [ 91.960068, 23.518551000000173 ], [ 91.960342000000196, 23.518576000999985 ], [ 91.962696064000113, 23.518782052000063 ], [ 91.964431759000092, 23.51893397900011 ], [ 91.963354302000027, 23.517652271000145 ], [ 91.963196028000084, 23.517463954999982 ], [ 91.964218001000177, 23.515880999000103 ], [ 91.965225, 23.515524001000074 ], [ 91.966164000000163, 23.515194001000111 ], [ 91.966092664000143, 23.515081568000141 ], [ 91.966072082000039, 23.515048981 ], [ 91.966313728000159, 23.514902203000133 ], [ 91.968132001000015, 23.513797999000076 ], [ 91.968197932000066, 23.513620877000164 ], [ 91.96862000100009, 23.512487 ], [ 91.96862000100009, 23.512407 ], [ 91.968684772000188, 23.511365011000066 ], [ 91.968712001000085, 23.510927000000152 ], [ 91.968712001000085, 23.510773 ], [ 91.968590001000109, 23.509700999000188 ], [ 91.968987000000141, 23.50896100000017 ], [ 91.970276001000173, 23.508301 ], [ 91.970917452000037, 23.50777606600019 ], [ 91.971878001000164, 23.506990001000077 ], [ 91.973083001000077, 23.505920000000117 ], [ 91.973779274000037, 23.504981572000077 ], [ 91.974236000000133, 23.504366001000051 ], [ 91.974269538000101, 23.504319637000094 ], [ 91.974304, 23.504271999000082 ], [ 91.974060000000179, 23.50362 ], [ 91.974050138000052, 23.503574844000013 ], [ 91.973945756000091, 23.503097740000158 ], [ 91.972488403000057, 23.501779555999974 ], [ 91.972207333000085, 23.500963046000095 ], [ 91.972106999000118, 23.500671000000125 ], [ 91.971818067000186, 23.499759321000056 ], [ 91.971695044000057, 23.499370882000164 ], [ 91.972237001000053, 23.49789 ], [ 91.972365456000091, 23.497621582000022 ], [ 91.972717001000149, 23.496887001000118 ], [ 91.975159001000065, 23.496168001000115 ], [ 91.976074000000153, 23.49596 ], [ 91.976036001000125, 23.495119000000102 ], [ 91.976028701000075, 23.49510329800006 ], [ 91.975983, 23.495005000000106 ], [ 91.975705052000194, 23.494443643000068 ], [ 91.975525001000108, 23.494079999000178 ], [ 91.97451903700005, 23.493372849000139 ], [ 91.973633000000177, 23.492749999000125 ], [ 91.973236, 23.492537999000149 ], [ 91.973053001000039, 23.492441 ], [ 91.97274800100007, 23.490609999000128 ], [ 91.973236211000142, 23.489627716000143 ], [ 91.973747001000106, 23.488600001000123 ], [ 91.973846, 23.488351999000031 ], [ 91.97387700000013, 23.488281 ], [ 91.97451, 23.486704 ], [ 91.974533, 23.486555000000124 ], [ 91.974586001000091, 23.485570999000117 ], [ 91.975188979000052, 23.482410113000071 ], [ 91.973327847000064, 23.480896021000035 ], [ 91.972770510000032, 23.480968664999978 ], [ 91.971924000000172, 23.48107899900009 ], [ 91.971421629000076, 23.481227850000039 ], [ 91.970520001000068, 23.481495000000109 ], [ 91.970431619000067, 23.481522528000085 ], [ 91.970398001000092, 23.481532999000137 ], [ 91.969681, 23.481571001000077 ], [ 91.969511231000126, 23.481590341000128 ], [ 91.969444275000058, 23.481597901000043 ], [ 91.969563831000187, 23.480229169000097 ], [ 91.969704001000082, 23.478628 ], [ 91.969109000000117, 23.476501001000031 ], [ 91.968136325000046, 23.476862321000056 ], [ 91.967125000000124, 23.47723800000017 ], [ 91.967130995000161, 23.477275719000147 ], [ 91.967261983000185, 23.478099897000163 ], [ 91.966374163000069, 23.478328526000155 ], [ 91.966248, 23.478361000000177 ], [ 91.966201832000138, 23.47837287699997 ], [ 91.965423584, 23.478572846000077 ], [ 91.964530379000109, 23.478499865000174 ], [ 91.962296, 23.478317001000164 ], [ 91.961856728000157, 23.478281657000082 ], [ 91.961426000000188, 23.478246999000078 ], [ 91.958191008000028, 23.47966195000015 ], [ 91.958527000000117, 23.477636 ], [ 91.958596023000098, 23.47721277 ], [ 91.958694001000197, 23.476612 ], [ 91.958682626000041, 23.474775109 ], [ 91.958671788000061, 23.473059139000156 ], [ 91.957775947000073, 23.47364003399997 ], [ 91.957008001000133, 23.474138000000153 ], [ 91.956586722000168, 23.47535914600013 ], [ 91.956405822000136, 23.475882953000053 ], [ 91.955116, 23.47553600100008 ], [ 91.954622614000016, 23.475044194000191 ], [ 91.954490890000159, 23.474912869000036 ], [ 91.954284999000095, 23.474670000000117 ], [ 91.953506274000063, 23.47392826100014 ], [ 91.952880859000061, 23.473327636000079 ], [ 91.952232361000085, 23.472480774000189 ], [ 91.952043126000149, 23.471493084000144 ], [ 91.951858800000139, 23.470529985000155 ], [ 91.950426577000201, 23.470422389000134 ], [ 91.949462999000048, 23.470350001000156 ], [ 91.948824275000163, 23.47030162100009 ], [ 91.948486000000173, 23.470276000000183 ], [ 91.948422984000103, 23.470273240000154 ], [ 91.948212, 23.470264001000146 ], [ 91.947874201000047, 23.469930385999987 ], [ 91.947647000000188, 23.469706 ], [ 91.947768999000061, 23.466783998999972 ], [ 91.946676149000041, 23.46637411800009 ], [ 91.945579883000107, 23.465963226000042 ], [ 91.945266141000104, 23.466564868000091 ], [ 91.944633035000095, 23.467778933000091 ], [ 91.942421079000042, 23.466657699000052 ], [ 91.942466999000146, 23.466481999000052 ], [ 91.942461202000118, 23.466447569000024 ], [ 91.942451000000119, 23.466387000000111 ], [ 91.942193510000152, 23.464909682999973 ], [ 91.942055, 23.464115 ], [ 91.942032, 23.464011999000149 ], [ 91.941870048000055, 23.463200632000053 ], [ 91.941528320000032, 23.461486816000047 ], [ 91.941528320000032, 23.460876465000069 ], [ 91.942732426000134, 23.45803039700013 ], [ 91.942871, 23.457703 ], [ 91.943908999000087, 23.455871999000067 ], [ 91.944519015000083, 23.45471196699998 ], [ 91.94470214800009, 23.453918456000167 ], [ 91.945922851000091, 23.450500489000035 ], [ 91.945940154000198, 23.450448276000088 ], [ 91.946251000000132, 23.449511001000076 ], [ 91.946261738000146, 23.449484871000038 ], [ 91.946281000000113, 23.449438000000157 ], [ 91.946927940000194, 23.447746521000113 ], [ 91.946953000000121, 23.447681000000102 ], [ 91.947083001000124, 23.446539 ], [ 91.947083001000124, 23.446289001000139 ], [ 91.947327001000076, 23.444092000000126 ], [ 91.946868614000095, 23.443513608000103 ], [ 91.946861267000088, 23.443504333000135 ], [ 91.946800232000101, 23.443401336000022 ], [ 91.946774357000038, 23.443354895000027 ], [ 91.946502999000131, 23.442867 ], [ 91.946320000000185, 23.441729999000188 ], [ 91.944885000999989, 23.439880000000187 ], [ 91.944325568000181, 23.43949028600008 ], [ 91.942871095000157, 23.438476563000108 ], [ 91.942727815000069, 23.438355089000027 ], [ 91.942696000000183, 23.438328001000116 ], [ 91.942905707000193, 23.437738986000113 ], [ 91.943129999000121, 23.437108999000145 ], [ 91.942891525000107, 23.435987687000079 ], [ 91.942733999000041, 23.435247001000107 ], [ 91.942108001000122, 23.434939999000107 ], [ 91.941138999000032, 23.435228 ], [ 91.94052105500009, 23.435475978000113 ], [ 91.940416406, 23.435292191000087 ], [ 91.940216000000134, 23.434939999000107 ], [ 91.939556094000068, 23.43466158300015 ], [ 91.938544999000158, 23.434235000000115 ], [ 91.937369999000111, 23.432524000000114 ], [ 91.937018374000047, 23.432644461000052 ], [ 91.936325, 23.432882 ], [ 91.935188000000153, 23.433237000000133 ], [ 91.934196000000156, 23.433689 ], [ 91.934602244000189, 23.434756803000028 ], [ 91.934806816000048, 23.435295084000074 ], [ 91.934727672000065, 23.435331797000174 ], [ 91.934074402000192, 23.435634614000094 ], [ 91.93308289100014, 23.436023591000037 ], [ 91.932891953000137, 23.435302977999982 ], [ 91.932318301000123, 23.435040637000043 ], [ 91.931251873000178, 23.434553125000036 ], [ 91.930419994000147, 23.435357992000093 ], [ 91.930217357000174, 23.435085758000127 ], [ 91.929893150000112, 23.434650201000068 ], [ 91.928940000000125, 23.434555001000035 ], [ 91.928808121000088, 23.434460126999966 ], [ 91.928351999000199, 23.434132001000023 ], [ 91.927435910000156, 23.434006848000081 ], [ 91.926727001000074, 23.43391 ], [ 91.926510748000169, 23.434179251000046 ], [ 91.926269532000106, 23.434478760000047 ], [ 91.925887447000036, 23.43443041800009 ], [ 91.925018000000136, 23.43432 ], [ 91.924287185000139, 23.433916693000128 ], [ 91.923996000000102, 23.433756 ], [ 91.923470001000055, 23.434882998999967 ], [ 91.922913, 23.435426999000072 ], [ 91.922261549000041, 23.436313599000073 ], [ 91.922165000000177, 23.436445000000163 ], [ 91.921691966000083, 23.436941062000187 ], [ 91.921760543000175, 23.438089122000122 ], [ 91.921547678000081, 23.438146179000171 ], [ 91.921081999000137, 23.4382710000001 ], [ 91.92035321200018, 23.438783097000112 ], [ 91.920258000000103, 23.43885 ], [ 91.919764441000041, 23.438621879000095 ], [ 91.919319002000066, 23.438416001000121 ], [ 91.918944999000075, 23.439579000000151 ], [ 91.918411032000051, 23.439738991000127 ], [ 91.917464999, 23.438519 ], [ 91.917317647000118, 23.438660411000058 ], [ 91.916969000000108, 23.438995000000148 ], [ 91.916701597000099, 23.438870936000171 ], [ 91.916427788000078, 23.438743673000033 ], [ 91.91637316900011, 23.43865971800011 ], [ 91.916145001000075, 23.438309 ], [ 91.915503999000123, 23.438104999000132 ], [ 91.915101163000031, 23.437715948000175 ], [ 91.914978, 23.437596999 ], [ 91.91479363100018, 23.437455042000067 ], [ 91.914352000000122, 23.437114999000073 ], [ 91.914077285000019, 23.437247234000097 ], [ 91.913521001, 23.437515001000179 ], [ 91.913376000000198, 23.436880001000191 ], [ 91.912898676000111, 23.436868249000099 ], [ 91.911995000000161, 23.436846001000049 ], [ 91.911502350000035, 23.436919534000026 ], [ 91.910568001000115, 23.43705900100008 ], [ 91.910340424000196, 23.436946415000023 ], [ 91.910095000000126, 23.436825000000169 ], [ 91.909324999000091, 23.436707000000183 ], [ 91.908881723000036, 23.436929337000038 ], [ 91.908690999000044, 23.43702499900013 ], [ 91.908508587000085, 23.437055539000141 ], [ 91.908027999000069, 23.437136000000123 ], [ 91.907302999000137, 23.437464 ], [ 91.906464001000188, 23.437031001000094 ], [ 91.906081462000088, 23.437473752000187 ], [ 91.905708001000164, 23.437906001000158 ], [ 91.904884, 23.437677000000122 ], [ 91.904304641000067, 23.438461583000162 ], [ 91.904197873000101, 23.438606018000087 ], [ 91.9040372, 23.438628732000041 ], [ 91.904007, 23.438633 ], [ 91.902954043000193, 23.438777995 ], [ 91.902926284000102, 23.43888949400008 ], [ 91.902778626000156, 23.439481735000186 ], [ 91.902442933000032, 23.439620971000124 ], [ 91.900482178000061, 23.440425874000027 ], [ 91.89964294400005, 23.440721513000085 ], [ 91.899086075000071, 23.440408749000142 ], [ 91.899129663000167, 23.440261661000022 ], [ 91.899345001000199, 23.439535001000138 ], [ 91.899757, 23.439413001000162 ], [ 91.899780214000032, 23.439173368000127 ], [ 91.899787935000063, 23.439092760000051 ], [ 91.899696349000124, 23.438758851000046 ], [ 91.899581909000062, 23.43837356500012 ], [ 91.899719238000159, 23.4382934570001 ], [ 91.901062011000135, 23.437112809000098 ], [ 91.900466918, 23.435937881000029 ], [ 91.898368835000099, 23.435157777000143 ], [ 91.897827149000193, 23.434955598000045 ], [ 91.897659301000147, 23.435049057000072 ], [ 91.897399902000132, 23.434827804000122 ], [ 91.896942138000043, 23.434007646000111 ], [ 91.896469116, 23.433759689000112 ], [ 91.895675658000073, 23.433530808000114 ], [ 91.89601135200013, 23.432590484000116 ], [ 91.895195008000087, 23.431524277000108 ], [ 91.894050596999989, 23.431581497000025 ], [ 91.893630982, 23.432479859000125 ], [ 91.89334869400011, 23.432523728000092 ], [ 91.892784118000122, 23.43261146500015 ], [ 91.892303468000136, 23.433288575000063 ], [ 91.891868592000037, 23.43347358799997 ], [ 91.891380310000159, 23.433683396000106 ], [ 91.890571594, 23.433782578000148 ], [ 91.889938354000037, 23.43351936300013 ], [ 91.888977052000087, 23.433439254000177 ], [ 91.888320923000038, 23.433162689000085 ], [ 91.887351991000173, 23.433111191000137 ], [ 91.887733459000117, 23.432065965000163 ], [ 91.887771606000172, 23.431533814999966 ], [ 91.888145448000159, 23.430837632000191 ], [ 91.888519288, 23.430261613000084 ], [ 91.888648987000181, 23.429456710000181 ], [ 91.888076781999985, 23.429126740000015 ], [ 91.88781738300014, 23.428495407000128 ], [ 91.887077331000171, 23.427833557000042 ], [ 91.886871338000105, 23.426982879000036 ], [ 91.885589600000117, 23.426349640000126 ], [ 91.885086060000162, 23.425960541000165 ], [ 91.884162904000164, 23.425586701000157 ], [ 91.88339233500011, 23.42564010600006 ], [ 91.883041381, 23.425395965000178 ], [ 91.882316590000187, 23.425329209000154 ], [ 91.881866456000068, 23.423995972000057 ], [ 91.880462646000069, 23.423973083000021 ], [ 91.879966735000153, 23.423677444000191 ], [ 91.879753112000174, 23.423091889000148 ], [ 91.878669739000145, 23.423021316000074 ], [ 91.878257752000081, 23.42230987500011 ], [ 91.876380921000134, 23.422420503000183 ], [ 91.87584686200006, 23.420560838000085 ], [ 91.874778747000107, 23.420032501000151 ], [ 91.874015808000081, 23.419265747000111 ], [ 91.873519898000097, 23.416622161000021 ], [ 91.873161316000107, 23.415388108000172 ], [ 91.873092652000082, 23.415145874000189 ], [ 91.873161316000107, 23.414997100000164 ], [ 91.873550414000135, 23.414192200000173 ], [ 91.872962952000194, 23.414335251000182 ], [ 91.872314453000115, 23.414110183000048 ], [ 91.871856690000186, 23.414140702000168 ], [ 91.871536255000194, 23.414159776000133 ], [ 91.871452331000171, 23.414113999000165 ], [ 91.871047974000021, 23.413694381000084 ], [ 91.870521545000088, 23.413034440000104 ], [ 91.870002748000047, 23.413133622000146 ], [ 91.86971282900015, 23.413188935 ], [ 91.869331359, 23.413263321000159 ], [ 91.868713380000145, 23.412656785000024 ], [ 91.868469237999989, 23.412418366000111 ], [ 91.868309021000186, 23.412441253000168 ], [ 91.866882324000187, 23.411682129000042 ], [ 91.86639404400006, 23.411195754000062 ], [ 91.866294861000142, 23.411098480000135 ], [ 91.865570068000125, 23.409826280000061 ], [ 91.865501404000099, 23.409753798999986 ], [ 91.864952088000166, 23.40984153800008 ], [ 91.863998414000093, 23.4091644290001 ], [ 91.863922120000041, 23.408668518000184 ], [ 91.863075256000116, 23.407842637000158 ], [ 91.861900330000083, 23.407604218000074 ], [ 91.860328674000073, 23.406267166000077 ], [ 91.860389710000106, 23.405986785000096 ], [ 91.860542297000052, 23.405315399000131 ], [ 91.858528138000111, 23.405136108000136 ], [ 91.858436584000174, 23.405216217000088 ], [ 91.857589721000181, 23.405931473000123 ], [ 91.856796264000195, 23.405286790000162 ], [ 91.856605530000195, 23.405504227000108 ], [ 91.856178283000133, 23.405998231000126 ], [ 91.855407714000194, 23.405941010000106 ], [ 91.85535430900012, 23.40666580200002 ], [ 91.854743958000199, 23.406810761000031 ], [ 91.853858949000028, 23.40649795600018 ], [ 91.852844239000092, 23.406379701000105 ], [ 91.852859497000111, 23.405576706000147 ], [ 91.851943969000047, 23.405069352000112 ], [ 91.851654053000061, 23.404489518000105 ], [ 91.850852966000105, 23.404212952000137 ], [ 91.85041046200007, 23.404891969000062 ], [ 91.848419189000083, 23.405292510000095 ], [ 91.84503936800013, 23.40476989800004 ], [ 91.845336914000086, 23.402873994000174 ], [ 91.845291137000117, 23.400722504000157 ], [ 91.843048095000142, 23.400312424000163 ], [ 91.843070983000075, 23.399328233000176 ], [ 91.841926575000059, 23.399765013999968 ], [ 91.841041566000115, 23.39985466000013 ], [ 91.840713500000163, 23.398973464000051 ], [ 91.840919495000037, 23.397911072000056 ], [ 91.841506958000082, 23.396923065000124 ], [ 91.841506958000082, 23.3942737590001 ], [ 91.841445922000162, 23.391546249000044 ], [ 91.841857909000055, 23.390974044000018 ], [ 91.842056273000139, 23.38939476000013 ], [ 91.841857909000055, 23.388479232 ], [ 91.838531493000175, 23.387155533 ], [ 91.836853027000188, 23.387426376000121 ], [ 91.836975098000096, 23.386997223000037 ], [ 91.836196899000072, 23.386606217000065 ], [ 91.836357116000102, 23.385547638000105 ], [ 91.836509706000129, 23.383291244000134 ], [ 91.836975098000096, 23.381277085000193 ], [ 91.83779907100012, 23.378755569000077 ], [ 91.837509155000134, 23.37717056300005 ], [ 91.837074280000138, 23.37535476700009 ], [ 91.837585449000073, 23.375089645000173 ], [ 91.837776185000052, 23.374103546000185 ], [ 91.837936400000046, 23.373144151000133 ], [ 91.837898254000095, 23.372873306000031 ], [ 91.83761596700009, 23.370906829000091 ], [ 91.835891724000135, 23.370214462000092 ], [ 91.835487365000176, 23.370132447000174 ], [ 91.832832336000138, 23.369594575000065 ], [ 91.832427978999988, 23.369913102000055 ], [ 91.831878661000189, 23.368457794000051 ], [ 91.832191468000076, 23.367223739 ], [ 91.831779478999977, 23.36591148500014 ], [ 91.831565857000101, 23.365236283000058 ], [ 91.830474853000055, 23.364217758000109 ], [ 91.830032350000124, 23.36467170700007 ], [ 91.828475952000133, 23.366264344000115 ], [ 91.828239441, 23.365272522000112 ], [ 91.827148437000176, 23.365064620000169 ], [ 91.82627105600011, 23.363552094000056 ], [ 91.825561523000147, 23.363292695000041 ], [ 91.825866700000063, 23.362792969000054 ], [ 91.825386047000165, 23.359729768000022 ], [ 91.825325012000178, 23.359319686000163 ], [ 91.82556915300006, 23.358642579000048 ], [ 91.825561523000147, 23.35802841300017 ], [ 91.825233460000049, 23.357269287000065 ], [ 91.825119019000113, 23.356342316000053 ], [ 91.824829101000091, 23.356122971000104 ], [ 91.825180055000033, 23.355997085000183 ], [ 91.825210571000071, 23.355504990000043 ], [ 91.825485229000037, 23.355123519000188 ], [ 91.825157166000167, 23.354896546000134 ], [ 91.824958802000083, 23.354207994000035 ], [ 91.825302123000142, 23.353525161999983 ], [ 91.825050354000041, 23.35245323200013 ], [ 91.82471466100003, 23.352491379000185 ], [ 91.824234008000133, 23.352052688000185 ], [ 91.822990417000199, 23.351932525000109 ], [ 91.822463990000074, 23.351564408000115 ], [ 91.822082520000151, 23.351516722999975 ], [ 91.821617125999978, 23.351457595000056 ], [ 91.821434022000119, 23.351434709000159 ], [ 91.821159364000152, 23.351766587000043 ], [ 91.820213317000082, 23.351346970000066 ], [ 91.81964874300013, 23.351106644000083 ], [ 91.819206238000163, 23.351228714000058 ], [ 91.818962096000064, 23.350784301000147 ], [ 91.818511963000049, 23.350511551000125 ], [ 91.818550109000171, 23.349542618000157 ], [ 91.818367003000105, 23.349096299000109 ], [ 91.818519593000133, 23.348838807000106 ], [ 91.817710877000195, 23.348749161000171 ], [ 91.817420959000174, 23.348077774000103 ], [ 91.817443847000106, 23.347715377000043 ], [ 91.817314149000197, 23.347551346999978 ], [ 91.817893981000054, 23.34746170000011 ], [ 91.817276002000142, 23.347152711000035 ], [ 91.81772613600009, 23.347116471000049 ], [ 91.817611695000153, 23.346981048000146 ], [ 91.817520141000045, 23.346689224000158 ], [ 91.818031310000151, 23.346735001000127 ], [ 91.817962647000058, 23.346498489999988 ], [ 91.817176820000157, 23.346080780000079 ], [ 91.817161559, 23.345643998000185 ], [ 91.816841126000043, 23.345672607000154 ], [ 91.816291809000177, 23.345153809000067 ], [ 91.816444398000101, 23.344890595000095 ], [ 91.815856933000077, 23.344728470000121 ], [ 91.815208435000045, 23.344364167000094 ], [ 91.815383911000197, 23.344100953000122 ], [ 91.814918519000059, 23.343938828000148 ], [ 91.814971924000133, 23.344238282000049 ], [ 91.814620972000057, 23.344156265000095 ], [ 91.814483643000131, 23.344320298000071 ], [ 91.8144454950002, 23.34439277700011 ], [ 91.813499450000165, 23.34366226200018 ], [ 91.813430787000073, 23.343614578000143 ], [ 91.810539246000189, 23.341550828000095 ], [ 91.808822631000169, 23.339406968000162 ], [ 91.80825805700016, 23.338706970000146 ], [ 91.807518005000077, 23.337257385000044 ], [ 91.807746888000054, 23.33736419700017 ], [ 91.807647706000012, 23.337110520000067 ], [ 91.808189390999985, 23.337211610000054 ], [ 91.807128906000116, 23.336488724000105 ], [ 91.807182312000066, 23.335857392000094 ], [ 91.807044983000196, 23.335922242000152 ], [ 91.807144165000011, 23.335697174000188 ], [ 91.806861877000131, 23.335382462000041 ], [ 91.806518555000139, 23.335300445000144 ], [ 91.806518555000139, 23.334850312000071 ], [ 91.806282044, 23.334981918000153 ], [ 91.8059844980001, 23.334363937000091 ], [ 91.806442262000132, 23.33407783600012 ], [ 91.805824280000138, 23.333433151000179 ], [ 91.805328370000154, 23.33298301700006 ], [ 91.805274962000169, 23.332874299000082 ], [ 91.805160522000108, 23.332639693000033 ], [ 91.802635193000185, 23.32894516000016 ], [ 91.802536011000143, 23.328769684000065 ], [ 91.798889160000101, 23.322326660000044 ], [ 91.796081544000174, 23.317504884000016 ], [ 91.79533386200012, 23.316354752000109 ], [ 91.795288087000131, 23.316284179000036 ], [ 91.791740418000131, 23.310726166000165 ], [ 91.79208373900002, 23.312355042000092 ], [ 91.790283202000182, 23.309082032000163 ], [ 91.789909362000174, 23.30810737600018 ], [ 91.789878846000136, 23.308019639000122 ], [ 91.789375305000135, 23.306497573000115 ], [ 91.789321900000061, 23.306371690000105 ], [ 91.788459777000014, 23.304346085000077 ], [ 91.788391113000046, 23.304191590000187 ], [ 91.788085937000176, 23.303527832000157 ], [ 91.786766052000132, 23.30063057100017 ], [ 91.786315919000117, 23.299682617000087 ], [ 91.785339356000065, 23.298629762000076 ], [ 91.785209657000053, 23.298559189000173 ], [ 91.783096313000158, 23.294120788000043 ], [ 91.783058166000103, 23.294015886000068 ], [ 91.782287598000153, 23.291870118000134 ], [ 91.781768798000201, 23.29075050300014 ], [ 91.781127930000139, 23.288513183000134 ], [ 91.780303955000079, 23.287862778000033 ], [ 91.780250550000176, 23.287767411000061 ], [ 91.779884338000045, 23.287122728000099 ], [ 91.779838563000112, 23.287040711000145 ], [ 91.779479981000122, 23.286682130000088 ], [ 91.778305053000054, 23.285291672000142 ], [ 91.778213501000096, 23.285112381000147 ], [ 91.776916503000109, 23.282470703000058 ], [ 91.776145935000102, 23.28007126 ], [ 91.775756836000141, 23.279479980000133 ], [ 91.774848939000094, 23.278060913000047 ], [ 91.774902344000168, 23.276123047000112 ], [ 91.774818420000145, 23.272888183000134 ], [ 91.772888184000124, 23.270080567000036 ], [ 91.772941590000073, 23.269905091000055 ], [ 91.773139954000158, 23.26991081400007 ], [ 91.773292541000103, 23.26988601700009 ], [ 91.773391723000145, 23.269906998000124 ], [ 91.773498535999977, 23.269966126000043 ], [ 91.77359771800019, 23.270158767999988 ], [ 91.77378845200019, 23.270166398000129 ], [ 91.773872376000043, 23.270097733 ], [ 91.773941039000078, 23.270050050000066 ], [ 91.773986816000047, 23.26994705300018 ], [ 91.773925781000059, 23.269840241000054 ], [ 91.773902892000081, 23.269752504000166 ], [ 91.773918153000182, 23.269657135000159 ], [ 91.773994446000188, 23.269529343000045 ], [ 91.774085998000089, 23.269430161 ], [ 91.774169922000112, 23.269374848000155 ], [ 91.77426147400007, 23.269365311000172 ], [ 91.77447509700005, 23.269384384000034 ], [ 91.77458953900009, 23.269403458000056 ], [ 91.774726868000187, 23.269365311000172 ], [ 91.775009156000124, 23.269432069000175 ], [ 91.775108338000166, 23.269647599000052 ], [ 91.775131225000166, 23.26972580000006 ], [ 91.775344849000078, 23.26990318300011 ], [ 91.775527953000108, 23.27008438200005 ], [ 91.77564239600008, 23.270166398000129 ], [ 91.775848388000099, 23.270183564000092 ], [ 91.775947571000017, 23.270122529000105 ], [ 91.776023864000024, 23.270038605000082 ], [ 91.776100158000133, 23.269939423000039 ], [ 91.776229859000125, 23.269865037000102 ], [ 91.776412965000191, 23.269777298000065 ], [ 91.77659606900005, 23.269733428000166 ], [ 91.776664734000121, 23.269693376000021 ], [ 91.77667999200014, 23.26958084100005 ], [ 91.776748658000145, 23.269508362000181 ], [ 91.776916503000109, 23.269437789000108 ], [ 91.776992797, 23.269365311000172 ], [ 91.776954650000164, 23.26923942500008 ], [ 91.776969911000094, 23.269168854000156 ], [ 91.776947022000058, 23.269090652999978 ], [ 91.776870728000119, 23.26901626700004 ], [ 91.776748658000145, 23.268877030000169 ], [ 91.776618957000153, 23.268657685000051 ], [ 91.776557922000165, 23.268554688000165 ], [ 91.776557922000165, 23.268482209000126 ], [ 91.776519775000111, 23.268417359000068 ], [ 91.776458740000123, 23.268270492000113 ], [ 91.77639770400009, 23.268190383000103 ], [ 91.776298522000047, 23.268075943000042 ], [ 91.776245117000144, 23.26796722500012 ], [ 91.776222228000108, 23.267885209000099 ], [ 91.77619171200007, 23.267782211999986 ], [ 91.776138307000167, 23.267633439000065 ], [ 91.776184082000157, 23.267517089000023 ], [ 91.776206970000089, 23.267440796000187 ], [ 91.776199340000176, 23.267343521000043 ], [ 91.776084899000011, 23.267204285000048 ], [ 91.776023864000024, 23.267070771000192 ], [ 91.776000976000091, 23.266967773000033 ], [ 91.776016236000146, 23.266822814000022 ], [ 91.776069641, 23.266716004000102 ], [ 91.776138307000167, 23.266668319000132 ], [ 91.776290894000113, 23.266632080000079 ], [ 91.776458740000123, 23.266609192000146 ], [ 91.776542663000043, 23.266586303000111 ], [ 91.77659606900005, 23.266466140000034 ], [ 91.77659606900005, 23.266349792000142 ], [ 91.776489258000197, 23.266014099000188 ], [ 91.77639770400009, 23.265802384000153 ], [ 91.776321411000083, 23.265695571000094 ], [ 91.776275636000094, 23.265609742000038 ], [ 91.776237489000039, 23.26550102200008 ], [ 91.776161193000121, 23.265441894000162 ], [ 91.776100158000133, 23.265378952000106 ], [ 91.77604675300006, 23.265260696000098 ], [ 91.776123046000066, 23.264987946000076 ], [ 91.776107788000047, 23.264888763000158 ], [ 91.776100158000133, 23.264781951000032 ], [ 91.776168823000035, 23.264518738000163 ], [ 91.776206970000089, 23.264440536999984 ], [ 91.776306152000132, 23.264245987999971 ], [ 91.776420593000068, 23.264060975000064 ], [ 91.77655029400006, 23.263889314000153 ], [ 91.776618957000153, 23.263811111000166 ], [ 91.776634215000172, 23.263704300000086 ], [ 91.776695251000092, 23.263576507000096 ], [ 91.77667999200014, 23.263496398000143 ], [ 91.77659606900005, 23.263422012000035 ], [ 91.776435851000087, 23.263450623000153 ], [ 91.776329041000167, 23.263433458000065 ], [ 91.776153565000186, 23.263298034000059 ], [ 91.776054383000144, 23.263227463000192 ], [ 91.775863647, 23.263116837999974 ], [ 91.775741578000122, 23.263008118000073 ], [ 91.775726318000125, 23.262937546999979 ], [ 91.775756836000141, 23.262826919000076 ], [ 91.775886535000154, 23.262758256000154 ], [ 91.776000976000091, 23.262716294000086 ], [ 91.776107788000047, 23.26262283300008 ], [ 91.776145935000102, 23.262498856000036 ], [ 91.776145935000102, 23.262371063000046 ], [ 91.776062011000079, 23.262268066000104 ], [ 91.775871277000135, 23.262195587000065 ], [ 91.775611877000131, 23.262166976000117 ], [ 91.775444032000053, 23.262187957000151 ], [ 91.775299072000109, 23.262128829000062 ], [ 91.775352478000116, 23.261966706000067 ], [ 91.775352478000116, 23.261859894000111 ], [ 91.7753601080002, 23.261672972999975 ], [ 91.775382996000133, 23.261589051000158 ], [ 91.775436401000036, 23.261514663000014 ], [ 91.775535584000124, 23.261409760000163 ], [ 91.775695801000154, 23.261274339000067 ], [ 91.775772095000093, 23.261228562000099 ], [ 91.775947571000017, 23.26115608300006 ], [ 91.776145935000102, 23.261047363000102 ], [ 91.776283264000199, 23.260959625000112 ], [ 91.77639770400009, 23.260900497000023 ], [ 91.776527405000024, 23.260889054000074 ], [ 91.776702881000176, 23.260885238000071 ], [ 91.776832580000189, 23.260885238000071 ], [ 91.776962280000077, 23.260860442000023 ], [ 91.777030944000046, 23.260784149000187 ], [ 91.777061463000166, 23.260698318999971 ], [ 91.777114868000069, 23.260574341000051 ], [ 91.77722930800013, 23.26045608600009 ], [ 91.777381897000055, 23.260192871000072 ], [ 91.777458191000164, 23.260061265000047 ], [ 91.777412414000196, 23.259847642000068 ], [ 91.777305604000048, 23.259693145000142 ], [ 91.77722930800013, 23.25958442700005 ], [ 91.777008057000046, 23.259595871000101 ], [ 91.776916503000109, 23.259651185000052 ], [ 91.776756286000079, 23.259752273000061 ], [ 91.776657104000037, 23.259782792000181 ], [ 91.776580810000098, 23.259738922000111 ], [ 91.776580810000098, 23.259658813000158 ], [ 91.77653503300013, 23.259601593000184 ], [ 91.776512147, 23.259521484000061 ], [ 91.776466370000037, 23.259414672000105 ], [ 91.776435851000087, 23.259340286000167 ], [ 91.77639770400009, 23.259132386000033 ], [ 91.776313782000045, 23.258979797000109 ], [ 91.776275636000094, 23.258876802000032 ], [ 91.776237489000039, 23.258716584000069 ], [ 91.776245117000144, 23.258554459000095 ], [ 91.776245117000144, 23.258438111000032 ], [ 91.776283264000199, 23.258352280000111 ], [ 91.776374818000136, 23.258256913000139 ], [ 91.776474000000178, 23.258085252000058 ], [ 91.776618957000153, 23.257921219000082 ], [ 91.776863098000035, 23.257625580000024 ], [ 91.776893615000176, 23.257522583000139 ], [ 91.776756286000079, 23.257450104999975 ], [ 91.776634215000172, 23.257385254000042 ], [ 91.776565552000079, 23.257341385000075 ], [ 91.776451111000142, 23.257286072 ], [ 91.776298522000047, 23.257305146000192 ], [ 91.776092530000199, 23.257381439000028 ], [ 91.775978089000091, 23.257545472000174 ], [ 91.775871277000135, 23.257614135000097 ], [ 91.775772095000093, 23.257667542000149 ], [ 91.77564239600008, 23.257539749000159 ], [ 91.775550842000143, 23.257436752000046 ], [ 91.775413513000103, 23.257358551000038 ], [ 91.775321961000145, 23.257341385000075 ], [ 91.77516937200005, 23.257286072 ], [ 91.775024415000019, 23.257196426000064 ], [ 91.774917602000187, 23.257059097000138 ], [ 91.774879455000132, 23.256950379000045 ], [ 91.774917602000187, 23.256805420000035 ], [ 91.775032043000124, 23.25659942700014 ], [ 91.775100708000025, 23.256423950000112 ], [ 91.77513885500008, 23.256250381000029 ], [ 91.775154113000099, 23.25607681300005 ], [ 91.775100708000025, 23.255924226000161 ], [ 91.775100708000025, 23.255832672 ], [ 91.775123597000061, 23.255743027000165 ], [ 91.775222779000103, 23.255670547000022 ], [ 91.775390624000067, 23.255680084000176 ], [ 91.775619507000044, 23.255638122999983 ], [ 91.775787353000112, 23.255615234000174 ], [ 91.775970459000177, 23.255542755000079 ], [ 91.776115418000131, 23.255470277000143 ], [ 91.776336671000081, 23.255352021000135 ], [ 91.776428223000039, 23.255323410000187 ], [ 91.77653503300013, 23.255325318000132 ], [ 91.776611329000048, 23.255298614000083 ], [ 91.776794433000134, 23.255214692000038 ], [ 91.776908875000174, 23.255187989000035 ], [ 91.776992797, 23.25518226600019 ], [ 91.777107240000134, 23.255285263000133 ], [ 91.777206422000177, 23.255439758000023 ], [ 91.777221680000196, 23.255636215000038 ], [ 91.777236938000044, 23.255746842 ], [ 91.777343751000103, 23.255920411000091 ], [ 91.777435303, 23.256069183000136 ], [ 91.777519226000152, 23.256231308000167 ], [ 91.777626037000175, 23.256326675000139 ], [ 91.777717591000112, 23.256425857000181 ], [ 91.777976990000184, 23.256574631000035 ], [ 91.778083801000037, 23.256595612000069 ], [ 91.778152466000108, 23.256532669000137 ], [ 91.778190613000163, 23.256446838000045 ], [ 91.778190613000163, 23.256286621000186 ], [ 91.778205871000182, 23.256166457000177 ], [ 91.778244018000066, 23.256078721000051 ], [ 91.778244018000066, 23.255973816000164 ], [ 91.778198243000077, 23.255811691000133 ], [ 91.778167724000127, 23.255687715000192 ], [ 91.778121948000091, 23.255596161000085 ], [ 91.778091431000121, 23.25549697800011 ], [ 91.778091431000121, 23.255346299 ], [ 91.778129578000176, 23.255187989000035 ], [ 91.778198243000077, 23.2550582880001 ], [ 91.778228760000047, 23.254924774000017 ], [ 91.778289795000035, 23.254816056000095 ], [ 91.778427124000132, 23.254709244000139 ], [ 91.778587342000037, 23.254558564000092 ], [ 91.778678894000166, 23.254528046000075 ], [ 91.778793334000056, 23.254476548000071 ], [ 91.778869630000145, 23.25449180600009 ], [ 91.778968812000187, 23.254417420000152 ], [ 91.779136657000095, 23.254358292000063 ], [ 91.779266358000086, 23.254280091000055 ], [ 91.779342652000196, 23.254236222000088 ], [ 91.77951812800012, 23.254066466999973 ], [ 91.779693603000169, 23.253896713000131 ], [ 91.779701234000186, 23.253789901 ], [ 91.779418946000135, 23.253507615000103 ], [ 91.779335022000112, 23.253452300000049 ], [ 91.779197693000185, 23.253326417000039 ], [ 91.779090880000126, 23.253213884000047 ], [ 91.778968812000187, 23.253049851000071 ], [ 91.778869630000145, 23.252897264000126 ], [ 91.778640747000111, 23.252626419000023 ], [ 91.778564453, 23.252471924000133 ], [ 91.778503418000014, 23.252403259000062 ], [ 91.778457641000045, 23.252311707000104 ], [ 91.778411866000113, 23.252164840000148 ], [ 91.778396607000161, 23.252054215000101 ], [ 91.778404236000199, 23.251920701000074 ], [ 91.778450013000167, 23.251802445000067 ], [ 91.778518676000033, 23.25174522500015 ], [ 91.778640747000111, 23.251777649000132 ], [ 91.778724671000134, 23.251808166000103 ], [ 91.778839111000195, 23.251848220000056 ], [ 91.77901458700012, 23.251846315000137 ], [ 91.779144288000111, 23.251846315000137 ], [ 91.779266358000086, 23.251800538000168 ], [ 91.779350280000131, 23.251754761000029 ], [ 91.779365540000128, 23.251682282000161 ], [ 91.779327394000177, 23.251554489000171 ], [ 91.779312133000076, 23.251436233000163 ], [ 91.779327394000177, 23.251348496000105 ], [ 91.779365540000128, 23.251218795999989 ], [ 91.779388427000185, 23.251050950000149 ], [ 91.779396057000099, 23.25082015900017 ], [ 91.779388427000185, 23.250694276000104 ], [ 91.779449462000173, 23.250513077000164 ], [ 91.779441834000068, 23.250440599000171 ], [ 91.779502869000055, 23.250291824000044 ], [ 91.779449462000173, 23.25018692000009 ], [ 91.779403687000183, 23.25012969900007 ], [ 91.779304505000141, 23.250068664000082 ], [ 91.779190063000101, 23.249980926999967 ], [ 91.779052734000174, 23.24987602200008 ], [ 91.77901458700012, 23.249813080000024 ], [ 91.77901458700012, 23.249715805000108 ], [ 91.779106141000057, 23.249553680000076 ], [ 91.779251098000088, 23.24945068500017 ], [ 91.779335022000112, 23.249357223000061 ], [ 91.779357910000044, 23.249288559999968 ], [ 91.77931976300016, 23.248811722000141 ], [ 91.779342652000196, 23.248649597000167 ], [ 91.779365540000128, 23.248485565000067 ], [ 91.779365540000128, 23.248342513000125 ], [ 91.779388427000185, 23.24819755600015 ], [ 91.77938079900008, 23.247995377 ], [ 91.779449462000173, 23.247947692000082 ], [ 91.779563905000089, 23.247875214000089 ], [ 91.779632568000181, 23.247776032000104 ], [ 91.779685973000085, 23.247642518000021 ], [ 91.779777527000192, 23.247509004 ], [ 91.779853821000131, 23.247470855000131 ], [ 91.779937745000154, 23.247442246000162 ], [ 91.780075074000024, 23.247430801 ], [ 91.780220031000056, 23.247348786000089 ], [ 91.780303955000079, 23.24720573500008 ], [ 91.780342101000031, 23.247121811000056 ], [ 91.780311585000163, 23.246986390000131 ], [ 91.780296326000041, 23.246912003000091 ], [ 91.780212403000121, 23.2468242650001 ], [ 91.780052184999988, 23.24684333800019 ], [ 91.780029297000056, 23.246740341000077 ], [ 91.779914856000119, 23.246715547000179 ], [ 91.779808044000163, 23.246688843000072 ], [ 91.779731750000053, 23.246788025000114 ], [ 91.779594421000127, 23.246786118000045 ], [ 91.779510498000036, 23.246881485000074 ], [ 91.779266358000086, 23.246925354000041 ], [ 91.779174804000149, 23.246913911000092 ], [ 91.779098511000143, 23.246929169000111 ], [ 91.778984070000035, 23.246929169000111 ], [ 91.778892516000099, 23.246896743000093 ], [ 91.778755187000172, 23.2468242650001 ], [ 91.778678894000166, 23.24674987800006 ], [ 91.778602600000056, 23.246643066000104 ], [ 91.778533936000088, 23.246541976000117 ], [ 91.778427124000132, 23.24640464700019 ], [ 91.778366089000144, 23.246269226000095 ], [ 91.778266907000102, 23.245965957000124 ], [ 91.778244018000066, 23.245704652000086 ], [ 91.778175355000144, 23.2456054700001 ], [ 91.778091431000121, 23.245515823 ], [ 91.777976990000184, 23.245462418000159 ], [ 91.777763366000102, 23.245407105000083 ], [ 91.777709961000198, 23.245355606000032 ], [ 91.777687072000163, 23.24522590700019 ], [ 91.777702332, 23.245063782000045 ], [ 91.777832031000173, 23.245033265000075 ], [ 91.777832031000173, 23.244899749000012 ], [ 91.777854920000038, 23.244815828000128 ], [ 91.777870178000057, 23.244707108000171 ], [ 91.777854920000038, 23.244607926000128 ], [ 91.77780914300007, 23.244535447000089 ], [ 91.77774810700015, 23.244474412000102 ], [ 91.777656555000021, 23.244411469000113 ], [ 91.777351379000038, 23.244386673000065 ], [ 91.777214050000111, 23.244361877000131 ], [ 91.777091979000033, 23.24433517500006 ], [ 91.777008057000046, 23.244342803000166 ], [ 91.776870728000119, 23.24434471100011 ], [ 91.776802063000048, 23.244314193999969 ], [ 91.776527405000024, 23.244262695000089 ], [ 91.776344299000186, 23.244192124 ], [ 91.777282715000183, 23.242919922000112 ], [ 91.778305053000054, 23.241237640000179 ], [ 91.778411866000113, 23.241210938999984 ], [ 91.778511048000155, 23.241186143000107 ], [ 91.778640747000111, 23.241140366000138 ], [ 91.778770448000103, 23.241123200000118 ], [ 91.778884888000164, 23.241050721000079 ], [ 91.778984070000035, 23.240938186000108 ], [ 91.779029847000174, 23.240842819000079 ], [ 91.779052734000174, 23.240701675000139 ], [ 91.779083252000021, 23.240493775000175 ], [ 91.779174804000149, 23.240430832000186 ], [ 91.779350280000131, 23.240308762000041 ], [ 91.779579163000108, 23.240322112000115 ], [ 91.77967834500015, 23.240285873 ], [ 91.77970886200012, 23.240158082 ], [ 91.779670715000066, 23.240081788000111 ], [ 91.779907226000034, 23.239913941000168 ], [ 91.779937745000154, 23.240087509000148 ], [ 91.779975891999982, 23.240175248000185 ], [ 91.780075074000024, 23.240320205000046 ], [ 91.780128479000098, 23.24045181300005 ], [ 91.780258180000089, 23.240606308000167 ], [ 91.780403137000121, 23.240774155999986 ], [ 91.780479430000128, 23.240905762000068 ], [ 91.780624390000185, 23.24099159300016 ], [ 91.78073120200014, 23.241050721000079 ], [ 91.780838012000117, 23.241077423000149 ], [ 91.780960083000195, 23.241165162000016 ], [ 91.781005860000164, 23.24123191800004 ], [ 91.78108978400013, 23.24131584100013 ], [ 91.781150817000139, 23.241483689000177 ], [ 91.781211852000126, 23.241563798000129 ], [ 91.781227113000057, 23.241659165000158 ], [ 91.781234741000162, 23.241737366000109 ], [ 91.78121948200004, 23.241836548000151 ], [ 91.78113555900012, 23.24190902700019 ], [ 91.78108215300017, 23.242000581000127 ], [ 91.780967713000109, 23.241992951000043 ], [ 91.780899047999981, 23.24204063500008 ], [ 91.780738830000075, 23.241971970000179 ], [ 91.780517577000126, 23.242052078000029 ], [ 91.78038787800017, 23.242155076000074 ], [ 91.780319213000098, 23.242191315000127 ], [ 91.780204773000037, 23.242227554000181 ], [ 91.780128479000098, 23.242336274000138 ], [ 91.780143737000117, 23.242479324000044 ], [ 91.780113221000079, 23.242645264000089 ], [ 91.780113221000079, 23.242784500000084 ], [ 91.780128479000098, 23.242866516000106 ], [ 91.780281066000043, 23.243066788000192 ], [ 91.780326843000182, 23.243188859000043 ], [ 91.780342101000031, 23.243299484000033 ], [ 91.780487061000088, 23.243444443000044 ], [ 91.780639648000033, 23.243534088000104 ], [ 91.78073120200014, 23.24349784900005 ], [ 91.780899047999981, 23.243579865000072 ], [ 91.780975340999987, 23.243608474000041 ], [ 91.781150817000139, 23.24362564200004 ], [ 91.781311034000169, 23.243608474000041 ], [ 91.781394958000192, 23.243528367000067 ], [ 91.781486512000129, 23.243408204000161 ], [ 91.781562806000011, 23.243333816000074 ], [ 91.781692505000194, 23.243320465000124 ], [ 91.781768798000201, 23.243379593000043 ], [ 91.781860352000137, 23.243543626000189 ], [ 91.781837464000034, 23.24367141700003 ], [ 91.781898499000192, 23.243780137000101 ], [ 91.781974793000131, 23.243774414000086 ], [ 91.782073975000117, 23.243778229000156 ], [ 91.782135010000104, 23.243707656000083 ], [ 91.782272339000031, 23.243562699000051 ], [ 91.782272339000031, 23.243434906000061 ], [ 91.782272339000031, 23.243335724000019 ], [ 91.782302856000172, 23.243261337000035 ], [ 91.782394410000109, 23.243244172000118 ], [ 91.78250885000017, 23.243312834999983 ], [ 91.782638549000126, 23.243404389000148 ], [ 91.782775878000052, 23.243448259000047 ], [ 91.782951356000183, 23.243482590000099 ], [ 91.78314972000004, 23.24348068300003 ], [ 91.783294677000072, 23.243499756000119 ], [ 91.783378601000095, 23.243507386000033 ], [ 91.783485413000051, 23.243427278000127 ], [ 91.783531187999984, 23.243362427000022 ], [ 91.783409118, 23.243188859000043 ], [ 91.783317566000107, 23.243064881000123 ], [ 91.783203125000114, 23.242952348000131 ], [ 91.783050538000055, 23.24280738900012 ], [ 91.783020019000105, 23.242738723000116 ], [ 91.783073425000055, 23.242626190000124 ], [ 91.783218384000065, 23.242456437000044 ], [ 91.783325196000192, 23.242317201000048 ], [ 91.783432006000169, 23.242208481000091 ], [ 91.783500672000173, 23.242162704000123 ], [ 91.783630371000129, 23.24213028000014 ], [ 91.783729553000171, 23.242065428999979 ], [ 91.783821107000108, 23.241977692000091 ], [ 91.783836365000127, 23.24189567600007 ], [ 91.783836365000127, 23.241800309000098 ], [ 91.783836365000127, 23.24158477900005 ], [ 91.783866882000098, 23.241502762000096 ], [ 91.783943175000104, 23.241489410000042 ], [ 91.784210205000136, 23.241481782000108 ], [ 91.784332276000043, 23.241403580000053 ], [ 91.784454346000189, 23.241333007000151 ], [ 91.784484863000159, 23.241182328000036 ], [ 91.784423828000172, 23.241054534000114 ], [ 91.784286499000075, 23.240964890000157 ], [ 91.784164428000167, 23.24084091200001 ], [ 91.784156800000062, 23.240701675000139 ], [ 91.784118653, 23.240510940999968 ], [ 91.784118653, 23.240417482000169 ], [ 91.784156800000062, 23.24029731800016 ], [ 91.784248352000191, 23.240196229000048 ], [ 91.784362792000081, 23.240133286000116 ], [ 91.784515382000109, 23.240049362000093 ], [ 91.784683227000187, 23.239896775000147 ], [ 91.784828186000198, 23.23976516800019 ], [ 91.785064698000042, 23.239637375000029 ], [ 91.785179138000103, 23.239482880000082 ], [ 91.785263062000126, 23.239356995000094 ], [ 91.7853164670002, 23.239257812000119 ], [ 91.785339356000065, 23.239173889000028 ], [ 91.785339356000065, 23.238975524000068 ], [ 91.785278320000145, 23.238924027000166 ], [ 91.785217285000158, 23.238864899000021 ], [ 91.785140991000048, 23.238821030000054 ], [ 91.785064698000042, 23.238815307000039 ], [ 91.784973144000105, 23.238838195000142 ], [ 91.784904480000137, 23.23889732300006 ], [ 91.784873961000187, 23.238965989000064 ], [ 91.784744263000107, 23.23910141000016 ], [ 91.784667969000168, 23.239156723 ], [ 91.784515382000109, 23.23922920300015 ], [ 91.784400939000136, 23.239219666000167 ], [ 91.784263610000039, 23.239152908000165 ], [ 91.784210205000136, 23.23906898600012 ], [ 91.784179688, 23.238992692000068 ], [ 91.784172058000081, 23.238779068000156 ], [ 91.784179688, 23.238702774000046 ], [ 91.784233094000172, 23.238475801000163 ], [ 91.784255982000104, 23.238325119000137 ], [ 91.78432464600013, 23.23819351200018 ], [ 91.784385681000117, 23.238048553000169 ], [ 91.784393311000031, 23.237903596000024 ], [ 91.784416200000067, 23.237739564000094 ], [ 91.784439086000191, 23.23753356900005 ], [ 91.784484863000159, 23.237333297000134 ], [ 91.784561157000041, 23.237194061000025 ], [ 91.784545898000147, 23.236986161 ], [ 91.784515382000109, 23.236904145000153 ], [ 91.784416200000067, 23.236833574000116 ], [ 91.784263610000039, 23.236734391000141 ], [ 91.784141540000064, 23.236625672000116 ], [ 91.784225463000155, 23.236539840000148 ], [ 91.78432464600013, 23.236442566000107 ], [ 91.78729248000019, 23.233520508000083 ], [ 91.788803100000109, 23.232141494000189 ], [ 91.792068481, 23.229167939000092 ], [ 91.792037964000087, 23.229093551000176 ], [ 91.791870117000144, 23.228870392999966 ], [ 91.791587831000015, 23.22871017500006 ], [ 91.791023254000152, 23.226940155000136 ], [ 91.790962219000164, 23.226755142000059 ], [ 91.790931702000194, 23.226613998000062 ], [ 91.790748742000176, 23.225526566000156 ], [ 91.790700792000109, 23.225236309000024 ], [ 91.790649416000122, 23.224924098000031 ], [ 91.790764000000195, 23.224951000000146 ], [ 91.790816680000091, 23.224992738000026 ], [ 91.790893556000071, 23.225053787000036 ], [ 91.790898728000116, 23.225124916000141 ], [ 91.79090099900003, 23.225159000000133 ], [ 91.790878001000124, 23.225245000000143 ], [ 91.79086931900008, 23.225272199000187 ], [ 91.790849735000052, 23.225332586000093 ], [ 91.790901184000177, 23.225704193000013 ], [ 91.791000366, 23.225822448000145 ], [ 91.791114806000053, 23.225786209000091 ], [ 91.791160583000021, 23.225696564000032 ], [ 91.791183472000057, 23.225566864000143 ], [ 91.791145325, 23.225456238000049 ], [ 91.791137695000089, 23.22537994400011 ], [ 91.791130066999983, 23.2252349850001 ], [ 91.791130066999983, 23.224802017000172 ], [ 91.791114806000053, 23.224628449000022 ], [ 91.791114806000053, 23.224441528000114 ], [ 91.791114806000053, 23.224321365000037 ], [ 91.791084290000015, 23.224245071000098 ], [ 91.790840148000086, 23.223924637000039 ], [ 91.790832520000151, 23.223814011000115 ], [ 91.790916442000196, 23.22374153300018 ], [ 91.791053771000065, 23.223745346000044 ], [ 91.791374206000057, 23.223760606000042 ], [ 91.791496277000078, 23.223726272000079 ], [ 91.791618347000053, 23.223680497000089 ], [ 91.791625977000194, 23.223606109000173 ], [ 91.791618347000053, 23.223529816000166 ], [ 91.791587831000015, 23.223342896000133 ], [ 91.791519165000068, 23.223224641000058 ], [ 91.791366578000122, 23.223115921000101 ], [ 91.791328431000068, 23.223007203000179 ], [ 91.791168213000162, 23.22297096200009 ], [ 91.791076660000101, 23.222934723000037 ], [ 91.790870667000036, 23.222951889000058 ], [ 91.790344238000102, 23.22281646700003 ], [ 91.790306091000048, 23.222730638000087 ], [ 91.7903594980001, 23.222555160000184 ], [ 91.790428162000126, 23.222425461000171 ], [ 91.790512085000046, 23.222312928000179 ], [ 91.79054260200013, 23.222209931000123 ], [ 91.790504455000132, 23.222116471 ], [ 91.790466308000077, 23.22195243900012 ], [ 91.790290833000199, 23.221797944000059 ], [ 91.790199281000071, 23.221689224000102 ], [ 91.790153504000102, 23.22157096899997 ], [ 91.790153504000102, 23.221391677999975 ], [ 91.790176392000035, 23.221181870000066 ], [ 91.790222167000195, 23.221023560000106 ], [ 91.790328979000151, 23.220882416000109 ], [ 91.790466308000077, 23.220790862 ], [ 91.790588379000098, 23.220735550000086 ], [ 91.790733338000109, 23.220626832000107 ], [ 91.790840148000086, 23.220554351000089 ], [ 91.791053771000065, 23.220285416000138 ], [ 91.791130066999983, 23.220136644000092 ], [ 91.791305542000032, 23.21984863300014 ], [ 91.791328431000068, 23.219757081000182 ], [ 91.791381836000141, 23.219648361000054 ], [ 91.791519165000068, 23.219501496000078 ], [ 91.791641236000089, 23.219341279000048 ], [ 91.791725160000112, 23.219118119000086 ], [ 91.791793823000035, 23.218669892000037 ], [ 91.791847228000108, 23.218410493000135 ], [ 91.791847228000108, 23.218282700000145 ], [ 91.791717529000096, 23.218101501000149 ], [ 91.791564942000036, 23.217992783000057 ], [ 91.791442871000129, 23.217947006000088 ], [ 91.79125213500015, 23.217838288000166 ], [ 91.791015624000011, 23.217702865000035 ], [ 91.790885925000055, 23.217657090000102 ], [ 91.790718078000111, 23.217634202000113 ], [ 91.7903594980001, 23.217521669000178 ], [ 91.789955139000142, 23.217420579000134 ], [ 91.789779663000161, 23.217372894 ], [ 91.78949737500011, 23.217319489000147 ], [ 91.789299011000196, 23.217258454000159 ], [ 91.789047242000038, 23.217193604000101 ], [ 91.788795470000196, 23.21708488600018 ], [ 91.788452149000136, 23.216959 ], [ 91.788330078000058, 23.216903687000183 ], [ 91.7882385260001, 23.216796875000057 ], [ 91.788154602000077, 23.216667176000044 ], [ 91.788108825000108, 23.216508866000083 ], [ 91.788108825000108, 23.216352464000124 ], [ 91.788131714000144, 23.215961456000116 ], [ 91.788040162000073, 23.215732575000118 ], [ 91.78794098000003, 23.215566635000016 ], [ 91.788223266000102, 23.214937210000073 ], [ 91.788475037000069, 23.214796066000133 ], [ 91.7886734020002, 23.214706422000177 ], [ 91.78878784200009, 23.214651107000122 ], [ 91.78897857600009, 23.214561463000166 ], [ 91.78919219900007, 23.214450837000072 ], [ 91.789314269000045, 23.21439743000019 ], [ 91.789421082000104, 23.214342117000172 ], [ 91.789703370000154, 23.214290620000043 ], [ 91.789878846000136, 23.214252473000045 ], [ 91.790031433000024, 23.21421432600016 ], [ 91.79018402000014, 23.214107514000034 ], [ 91.790260316000058, 23.214052201000129 ], [ 91.790313721000132, 23.213975907000076 ], [ 91.790382385000157, 23.213802337000061 ], [ 91.790412903000174, 23.213626861000137 ], [ 91.790519713000151, 23.213472367000122 ], [ 91.790588379000098, 23.213363647 ], [ 91.790672303000122, 23.213249206000057 ], [ 91.790847779000103, 23.212915421000048 ], [ 91.790954589000023, 23.212812423000059 ], [ 91.791061400999979, 23.212743760000137 ], [ 91.791297912000118, 23.212671279000119 ], [ 91.791404725000177, 23.21262550400013 ], [ 91.791549682000152, 23.212533950000022 ], [ 91.791603089000034, 23.212451934000171 ], [ 91.791603089000034, 23.212362290000044 ], [ 91.791557312000066, 23.212272645000155 ], [ 91.791465760000165, 23.212152482000079 ], [ 91.791389466000055, 23.212072373000126 ], [ 91.791305542000032, 23.212024689000089 ], [ 91.791084290000015, 23.211944580000136 ], [ 91.79090881400009, 23.211910248000095 ], [ 91.79076385500008, 23.211835862000157 ], [ 91.790718078000111, 23.21174812300012 ], [ 91.790740966000044, 23.211635590000128 ], [ 91.790832520000151, 23.211553574000106 ], [ 91.790969849000078, 23.211454392000064 ], [ 91.791091920000156, 23.211418153000182 ], [ 91.791183472000057, 23.211383819000162 ], [ 91.791282654000099, 23.211372376000043 ], [ 91.791404725000177, 23.211326599000074 ], [ 91.791511535000097, 23.211280824000085 ], [ 91.791702271000077, 23.211143495000158 ], [ 91.791778565000186, 23.211072922000085 ], [ 91.791923524000197, 23.210872650000056 ], [ 91.791893005000077, 23.210748672000079 ], [ 91.791870117000144, 23.210618973000123 ], [ 91.791839600000174, 23.210529328000064 ], [ 91.791763306000064, 23.210359573000176 ], [ 91.791641236000089, 23.210170747000177 ], [ 91.791801453000119, 23.210020065000151 ], [ 91.791862488000106, 23.210136413000157 ], [ 91.791969299000186, 23.210165024000105 ], [ 91.792053222999982, 23.210145951000072 ], [ 91.792160035000109, 23.210041046000185 ], [ 91.79227447500017, 23.209924698000123 ], [ 91.792396546000077, 23.209711075000143 ], [ 91.792526245000033, 23.209547043000043 ], [ 91.792564392000088, 23.209421159000158 ], [ 91.792556763000107, 23.209270477000075 ], [ 91.792724609000118, 23.209106445000032 ], [ 91.792907715000183, 23.208496094000054 ], [ 91.792991639000036, 23.207799911000109 ], [ 91.793518066000161, 23.205688477000024 ], [ 91.793891906000169, 23.201477051999973 ], [ 91.793945312000119, 23.201412201000039 ], [ 91.795013429000164, 23.200178146000155 ], [ 91.795127869, 23.200107575000118 ], [ 91.796073914000033, 23.199508667000089 ], [ 91.796127319000107, 23.199440002000188 ], [ 91.79651641900017, 23.198938370000064 ], [ 91.796836854000105, 23.198535919000108 ], [ 91.797210694000114, 23.197948457000166 ], [ 91.797279358000139, 23.197837829000093 ], [ 91.799407960000053, 23.196678162000126 ], [ 91.800094604000037, 23.192686080000044 ], [ 91.80006408800017, 23.192575455000053 ], [ 91.799926757000094, 23.192077637000068 ], [ 91.799331666000114, 23.190303803 ], [ 91.799293517000081, 23.190221787000155 ], [ 91.798973084000124, 23.189220428000169 ], [ 91.798728943000071, 23.187068939000085 ], [ 91.800292969000168, 23.185485840000069 ], [ 91.800567627000135, 23.184131622000109 ], [ 91.800765991000048, 23.184064866000085 ], [ 91.800857545000156, 23.184024812000189 ], [ 91.800971985000047, 23.183912277 ], [ 91.801040649000015, 23.183816910000189 ], [ 91.801109314000144, 23.183637619000024 ], [ 91.801124573000038, 23.183549882000136 ], [ 91.801055907000034, 23.183437347000165 ], [ 91.800979614000028, 23.183332444000087 ], [ 91.800964355000133, 23.183259964000115 ], [ 91.800926208000078, 23.183132172000057 ], [ 91.800987244000169, 23.183029175000115 ], [ 91.801200866000045, 23.182895661000089 ], [ 91.801338195000142, 23.182823181000117 ], [ 91.801460266000049, 23.182735444000059 ], [ 91.801536560000102, 23.182649612000091 ], [ 91.801597595000089, 23.182540894000113 ], [ 91.801734924000186, 23.182451248000177 ], [ 91.801918030000081, 23.182340623000186 ], [ 91.802001954000104, 23.18230438300003 ], [ 91.802131652000185, 23.182209014000023 ], [ 91.802398682000046, 23.182033538999974 ], [ 91.802597047, 23.181932449000158 ], [ 91.802833558000145, 23.181852340000034 ], [ 91.803070069000114, 23.181838989000084 ], [ 91.803184509000118, 23.181823731000065 ], [ 91.803344727000081, 23.18179702700013 ], [ 91.803543091000165, 23.181747437000126 ], [ 91.803695678000054, 23.18165588300019 ], [ 91.803756714000144, 23.181566239000063 ], [ 91.803794860000096, 23.181425095000122 ], [ 91.803833007000151, 23.181285858000024 ], [ 91.803939820000039, 23.181142807000185 ], [ 91.803993225000113, 23.181083679000096 ], [ 91.804122926000048, 23.181053162000126 ], [ 91.804290771000183, 23.181005478000088 ], [ 91.804450989000145, 23.180952073000014 ], [ 91.804550171000187, 23.180912018000186 ], [ 91.804763793000063, 23.180860519000078 ], [ 91.804924011000196, 23.18082237200008 ], [ 91.805053712000188, 23.180751801000156 ], [ 91.805168152000022, 23.180681230000118 ], [ 91.805282593000186, 23.180475235000188 ], [ 91.805335998000089, 23.180334091000077 ], [ 91.805389405000142, 23.180204392000064 ], [ 91.805397033000077, 23.180070877000162 ], [ 91.805351258000087, 23.179862976999971 ], [ 91.805450440000129, 23.179670335000026 ], [ 91.805580139000142, 23.17953300400012 ], [ 91.805717468000182, 23.179428101000042 ], [ 91.805885316000058, 23.179376602000161 ], [ 91.806053161000193, 23.179342270000177 ], [ 91.806182862000185, 23.179264069000169 ], [ 91.806205749000185, 23.179187775000059 ], [ 91.806030273000033, 23.179033280000169 ], [ 91.805847169000174, 23.178913117000093 ], [ 91.805740356000115, 23.178821563000156 ], [ 91.805580139000142, 23.178617478000035 ], [ 91.805473327000186, 23.178543090000119 ], [ 91.805351258000087, 23.178487777000043 ], [ 91.805206299000076, 23.178512573000148 ], [ 91.805030823000152, 23.178537369000082 ], [ 91.804832459000068, 23.178487777000043 ], [ 91.804748535000044, 23.178480149000166 ], [ 91.804656983000143, 23.178421021000077 ], [ 91.804550171000187, 23.17835426400012 ], [ 91.804519654000046, 23.178277970000011 ], [ 91.804458619000059, 23.178157807000105 ], [ 91.804374695000035, 23.178001404000042 ], [ 91.804306029000031, 23.177881241000136 ], [ 91.80426788300008, 23.17763328500007 ], [ 91.804275513000164, 23.177511216000028 ], [ 91.804344176000086, 23.177209855 ], [ 91.804313660000048, 23.177062988000046 ], [ 91.804252624000128, 23.176946639999983 ], [ 91.804145812000172, 23.176887512000064 ], [ 91.8040542600001, 23.176908493000155 ], [ 91.8038635260001, 23.176940917000138 ], [ 91.803604126000153, 23.17697715900016 ], [ 91.803527833000146, 23.177011490000041 ], [ 91.803314208000131, 23.177055360000111 ], [ 91.803184509000118, 23.177043915000127 ], [ 91.803115844000047, 23.176986694000107 ], [ 91.803123474000131, 23.176807404000044 ], [ 91.803184509000118, 23.176691055999981 ], [ 91.803367615000184, 23.176536561000091 ], [ 91.803451539000037, 23.176446914000053 ], [ 91.803565979000098, 23.176284789000022 ], [ 91.803703308000195, 23.176065446000109 ], [ 91.803939820000039, 23.175952911000138 ], [ 91.804061890000185, 23.175956726000152 ], [ 91.80422210800009, 23.175910949000183 ], [ 91.804306029000031, 23.175832748000062 ], [ 91.804374695000035, 23.175737381000033 ], [ 91.804397583000139, 23.17555618300014 ], [ 91.804420472000174, 23.175395965000064 ], [ 91.804443358000128, 23.175268174000053 ], [ 91.804359437000187, 23.175102234000178 ], [ 91.804199219000054, 23.174926758000026 ], [ 91.804069518000119, 23.174776077999979 ], [ 91.8040542600001, 23.174688339000113 ], [ 91.804107665000117, 23.17460441500009 ], [ 91.804237366000109, 23.17460441500009 ], [ 91.804374695000035, 23.174629211000024 ], [ 91.804466247000164, 23.174659730000144 ], [ 91.804595948000156, 23.174659730000144 ], [ 91.804687500000057, 23.174678804000109 ], [ 91.804840087000173, 23.174749375000033 ], [ 91.804954529000042, 23.174856187000159 ], [ 91.805007935000049, 23.174938201000032 ], [ 91.805015565000133, 23.175079345000142 ], [ 91.805023193000068, 23.17515564100006 ], [ 91.805007935000049, 23.175319671000125 ], [ 91.80493164100011, 23.175609590000022 ], [ 91.80496215800008, 23.175720215000069 ], [ 91.805007935000049, 23.175807954000106 ], [ 91.805076598000085, 23.175855637000041 ], [ 91.805236816000047, 23.175867082000025 ], [ 91.805343628000173, 23.175891876000151 ], [ 91.805465699000081, 23.17583084000006 ], [ 91.805557250999982, 23.175777435000157 ], [ 91.805603028000121, 23.175720215000069 ], [ 91.805664063000108, 23.175577163000128 ], [ 91.805740356000115, 23.175441742000032 ], [ 91.805831908000073, 23.175380707000045 ], [ 91.80596923700017, 23.175392151999972 ], [ 91.806098938000162, 23.175464631000068 ], [ 91.806228637000117, 23.175493240000037 ], [ 91.806434631000116, 23.17551612800014 ], [ 91.806541444000175, 23.17550277700019 ], [ 91.806632996000076, 23.175445557000046 ], [ 91.806671143000131, 23.175355911000111 ], [ 91.806671143000131, 23.175264359000153 ], [ 91.806671143000131, 23.175182342000028 ], [ 91.806648254000095, 23.175096511000163 ], [ 91.806457520000151, 23.174879073000113 ], [ 91.806365966000044, 23.17482566800004 ], [ 91.80632781900016, 23.174764633000052 ], [ 91.806190490000063, 23.174629211000024 ], [ 91.805953979000151, 23.174627304000126 ], [ 91.805786133000083, 23.174560548000102 ], [ 91.805557250999982, 23.174526214000139 ], [ 91.805328370000154, 23.174425125000027 ], [ 91.805107117000034, 23.174348831000088 ], [ 91.805030823000152, 23.174283983000066 ], [ 91.805053712000188, 23.174211502 ], [ 91.805076598000085, 23.174142838000023 ], [ 91.80525970400015, 23.17394256700004 ], [ 91.805381775000058, 23.173866273000158 ], [ 91.8054809570001, 23.173849105000158 ], [ 91.805580139000142, 23.173830032000069 ], [ 91.805732726000031, 23.173898697000141 ], [ 91.805854797000109, 23.17396164000013 ], [ 91.805953979000151, 23.173936844000025 ], [ 91.806030273000033, 23.173885346000191 ], [ 91.80607605, 23.173810958000104 ], [ 91.806106566000039, 23.173702240000125 ], [ 91.806106566000039, 23.17361259400019 ], [ 91.80607605, 23.173458099000129 ], [ 91.806022645000155, 23.173316955000132 ], [ 91.805992126000035, 23.173122406000118 ], [ 91.8059844980001, 23.172948837999968 ], [ 91.805992126000035, 23.172780990000149 ], [ 91.806007386000033, 23.172704696000039 ], [ 91.806045533000088, 23.172636033000117 ], [ 91.80614471500013, 23.172613144000081 ], [ 91.806251526000153, 23.172613144000081 ], [ 91.806427001000031, 23.172666550000088 ], [ 91.806632996000076, 23.172698976000106 ], [ 91.806777955000086, 23.172712327000056 ], [ 91.806869507000044, 23.17265892100005 ], [ 91.806892395000148, 23.172576905000028 ], [ 91.806861877000131, 23.172349930000166 ], [ 91.806892395000148, 23.172163011000066 ], [ 91.806892395000148, 23.172027587000059 ], [ 91.806892395000148, 23.171901704000049 ], [ 91.806808472000057, 23.171813965000126 ], [ 91.806701659000169, 23.171785356000157 ], [ 91.80653381400009, 23.171867372 ], [ 91.806114197000056, 23.17214012200003 ], [ 91.805999756000119, 23.172248840000179 ], [ 91.805900574000077, 23.17231369000018 ], [ 91.805763245000151, 23.172359467000149 ], [ 91.805686951000098, 23.172319413000025 ], [ 91.805641174000129, 23.172231674000159 ], [ 91.805595397000161, 23.172134400000118 ], [ 91.805564881000123, 23.172018052000055 ], [ 91.805557250999982, 23.171909332000155 ], [ 91.805572509, 23.171831131000147 ], [ 91.805664063000108, 23.171751022000024 ], [ 91.805732726000031, 23.171632766000187 ], [ 91.805816650000054, 23.171545029000072 ], [ 91.805862427000193, 23.171405793000133 ], [ 91.805938721000132, 23.171304703000089 ], [ 91.806053161000193, 23.171195983000189 ], [ 91.806129455000075, 23.171060562000093 ], [ 91.80616760200013, 23.170928956000182 ], [ 91.806190490000063, 23.170814515000075 ], [ 91.806221009000012, 23.170654298000045 ], [ 91.806243897000172, 23.17042350700001 ], [ 91.806137084999989, 23.170297623000067 ], [ 91.805961609000065, 23.170211792000032 ], [ 91.807037354000158, 23.168989182000075 ], [ 91.80735015900018, 23.166669846000048 ], [ 91.80735015900018, 23.166385650000166 ], [ 91.807571412000129, 23.166254044000084 ], [ 91.807716369000104, 23.166181565000045 ], [ 91.807861328000115, 23.166112900000144 ], [ 91.808029174000183, 23.166057587000125 ], [ 91.808181763000107, 23.166053772000055 ], [ 91.808319092000147, 23.166019440000071 ], [ 91.80844879100016, 23.166000367000152 ], [ 91.80857086200001, 23.165954590000183 ], [ 91.808670044000053, 23.16591835100013 ], [ 91.808753968000076, 23.165882111000144 ], [ 91.808845520000034, 23.165876389 ], [ 91.809036256000184, 23.165817261000086 ], [ 91.809219360000043, 23.16572761700013 ], [ 91.809402466000108, 23.165662766000025 ], [ 91.809608460000106, 23.165542603000119 ], [ 91.809700012, 23.165529252000169 ], [ 91.80982971300017, 23.165525437000099 ], [ 91.809928895000041, 23.165393829000095 ], [ 91.810005189000151, 23.165218353000114 ], [ 91.81002044700017, 23.165094374999967 ], [ 91.810005189000151, 23.165014268 ], [ 91.809936523000147, 23.164920806999987 ], [ 91.809898376000092, 23.16483879000009 ], [ 91.809883118000073, 23.164573670000152 ], [ 91.809837341000105, 23.164495468999974 ], [ 91.809562683000138, 23.164211273000092 ], [ 91.809410096000192, 23.164039613000114 ], [ 91.809242248000146, 23.163547517000097 ], [ 91.809051514000032, 23.163513183000077 ], [ 91.808975220000093, 23.163492202000043 ], [ 91.808853150000118, 23.163442611999983 ], [ 91.808517457000164, 23.163341522000167 ], [ 91.80840301600017, 23.163339615000098 ], [ 91.808319092000147, 23.163293838000129 ], [ 91.808059693000132, 23.163204194000173 ], [ 91.80789947500017, 23.163169862000188 ], [ 91.807655334000117, 23.163129807000132 ], [ 91.807548524000197, 23.163101196000184 ], [ 91.807373048000045, 23.163040161000026 ], [ 91.807167053000171, 23.16287612800005 ], [ 91.807075501000043, 23.162801742000113 ], [ 91.807006836000141, 23.162733079000191 ], [ 91.806907654000099, 23.162643432000152 ], [ 91.806861877000131, 23.16255569599997 ], [ 91.806877137000129, 23.162441253 ], [ 91.806945801000154, 23.162410736000083 ], [ 91.807044983000196, 23.162406921000184 ], [ 91.807128906000116, 23.16238403300008 ], [ 91.807220458000018, 23.162334443000077 ], [ 91.807304382000041, 23.162309647000143 ], [ 91.807418823000035, 23.16221237200017 ], [ 91.807510377000142, 23.162122728000043 ], [ 91.807579040000064, 23.162034989000176 ], [ 91.807624817000033, 23.161939621999977 ], [ 91.807617187000062, 23.161828994000075 ], [ 91.807594299000129, 23.161716461000083 ], [ 91.807571412000129, 23.161623002000113 ], [ 91.80754089300018, 23.161449432000097 ], [ 91.807510377000142, 23.161312103000057 ], [ 91.8074111950001, 23.16097640900017 ], [ 91.80718994199998, 23.160551072000032 ], [ 91.807014466000055, 23.160224914000025 ], [ 91.806777955000086, 23.159847259000173 ], [ 91.806755066000051, 23.159715653000092 ], [ 91.806648254000095, 23.159458161000089 ], [ 91.806556702000194, 23.159238815000094 ], [ 91.806495667000036, 23.15904426600008 ], [ 91.806312561000141, 23.158639907000065 ], [ 91.806297303000122, 23.15853500500009 ], [ 91.806243897000172, 23.158338548000131 ], [ 91.806228637000117, 23.158206940000071 ], [ 91.806213379000098, 23.158096314000147 ], [ 91.806137084999989, 23.157838822000144 ], [ 91.806030273000033, 23.157581329999971 ], [ 91.806030273000033, 23.157449722000138 ], [ 91.806060791000107, 23.157369613000128 ], [ 91.806129455000075, 23.157291412000177 ], [ 91.806205749000185, 23.157217026000069 ], [ 91.806320191000054, 23.157165528000064 ], [ 91.806632996000076, 23.157028199000138 ], [ 91.807067871000129, 23.15680885400019 ], [ 91.807197570000085, 23.156721115000153 ], [ 91.807281494000108, 23.156623840000179 ], [ 91.807495116000041, 23.156496049000168 ], [ 91.807609559000184, 23.156423568000093 ], [ 91.807708741, 23.156332016000192 ], [ 91.807800293000128, 23.156248093000102 ], [ 91.808113097999978, 23.156064987000036 ], [ 91.808204652000086, 23.156009674000131 ], [ 91.808319092000147, 23.15592765800011 ], [ 91.80840301600017, 23.155771255000047 ], [ 91.808456421000074, 23.15570068400018 ], [ 91.808517457000164, 23.155580521000104 ], [ 91.808616638999979, 23.155437470000038 ], [ 91.808776856, 23.155246736000095 ], [ 91.808959960000095, 23.155044556000064 ], [ 91.809051514000032, 23.154935836000107 ], [ 91.809188843000072, 23.154766083000027 ], [ 91.80931091400015, 23.154607773000066 ], [ 91.809463501000096, 23.154455186000121 ], [ 91.809600830000193, 23.154315949000079 ], [ 91.809768678000182, 23.154092789000117 ], [ 91.809951782000098, 23.154010773000039 ], [ 91.810150146000126, 23.153934479000156 ], [ 91.810264588, 23.153911591 ], [ 91.810340882000105, 23.153850555000133 ], [ 91.810485839000137, 23.153720857000053 ], [ 91.810554505000141, 23.153602601000046 ], [ 91.810699464000095, 23.15326118500019 ], [ 91.8107070920002, 23.153106690000129 ], [ 91.810775757000101, 23.152793884000175 ], [ 91.810760499000082, 23.152692796000167 ], [ 91.810539246000189, 23.152603149000129 ], [ 91.810440064000147, 23.152582168000094 ], [ 91.81034851000004, 23.152503967000087 ], [ 91.810264588, 23.152475358000117 ], [ 91.810195923000094, 23.152431489000151 ], [ 91.81012725700009, 23.152353287000039 ], [ 91.810111999000071, 23.152261734000035 ], [ 91.810111999000071, 23.152175904000046 ], [ 91.810142518000021, 23.152048111 ], [ 91.8101806640002, 23.151973725000062 ], [ 91.810234070000149, 23.15189170900004 ], [ 91.810478211000031, 23.151792526000122 ], [ 91.810615540000128, 23.151775360000102 ], [ 91.810897828000179, 23.152202606000117 ], [ 91.811180114000081, 23.152568818000191 ], [ 91.811386109000182, 23.152873992000082 ], [ 91.811668397000062, 23.153301239000143 ], [ 91.812011718000178, 23.153728485000158 ], [ 91.812156677000189, 23.153856278000148 ], [ 91.813407898000037, 23.150888444000088 ], [ 91.81337738000019, 23.149980546000108 ], [ 91.81404113800005, 23.147504808000065 ], [ 91.814086915000189, 23.1472778320001 ], [ 91.814170837000177, 23.145492554000043 ], [ 91.81417846700009, 23.145288467000114 ], [ 91.814117432000103, 23.145011901000146 ], [ 91.814010619000101, 23.144836426000097 ], [ 91.813720703000058, 23.144527436000089 ], [ 91.813659668000071, 23.144472123000071 ], [ 91.813591004000102, 23.144422531000032 ], [ 91.813522339000031, 23.144342422000079 ], [ 91.813354493000134, 23.144290925000178 ], [ 91.813209534000123, 23.144140243000152 ], [ 91.813026428000114, 23.143836976000159 ], [ 91.812881469000104, 23.143899919000148 ], [ 91.81268310500019, 23.144029618000104 ], [ 91.812591553000061, 23.14418602000012 ], [ 91.812561036000147, 23.144260406000058 ], [ 91.812507629000095, 23.144340515000181 ], [ 91.812301636000143, 23.144535064000024 ], [ 91.812225343000136, 23.144590379000078 ], [ 91.812042237000128, 23.144641876000151 ], [ 91.811874389000081, 23.1446723950001 ], [ 91.811424255000134, 23.144746781000038 ], [ 91.811187744, 23.144763947000058 ], [ 91.810989380000137, 23.144742966000024 ], [ 91.810958863000167, 23.144641876000151 ], [ 91.810989380000137, 23.144510270000126 ], [ 91.810989380000137, 23.144382477000079 ], [ 91.810951233000083, 23.144037248000075 ], [ 91.810890198000095, 23.143745422000052 ], [ 91.810821532000091, 23.143648147000079 ], [ 91.810722350000049, 23.143581391000055 ], [ 91.810653687000126, 23.143497468000135 ], [ 91.810607909999987, 23.143417359000182 ], [ 91.810539246000189, 23.143270492 ], [ 91.81049346900005, 23.143148422000024 ], [ 91.810470581000118, 23.143062592000035 ], [ 91.810356140000124, 23.142745972000171 ], [ 91.810310363000156, 23.142639159999987 ], [ 91.810226439000132, 23.142473222000149 ], [ 91.810142518000021, 23.142349244000172 ], [ 91.810066224000138, 23.142204285000162 ], [ 91.809898376000092, 23.142021179000153 ], [ 91.809722901000043, 23.141698838000025 ], [ 91.809494018, 23.141376496000191 ], [ 91.809181213000159, 23.141069412000149 ], [ 91.808822631000169, 23.140615463000188 ], [ 91.808769226000095, 23.140478134000091 ], [ 91.808708191000107, 23.140359878000083 ], [ 91.808708191000107, 23.140205382999966 ], [ 91.808753968000076, 23.139968872000054 ], [ 91.808708191000107, 23.139799119000145 ], [ 91.808708191000107, 23.139715195000122 ], [ 91.808685302000072, 23.139623641000185 ], [ 91.808586120000029, 23.139446258000135 ], [ 91.80844879100016, 23.13941574100005 ], [ 91.80825805700016, 23.139324189000092 ], [ 91.8081054700001, 23.139179230000082 ], [ 91.80825805700016, 23.138774871000123 ], [ 91.808341981000183, 23.13855171300014 ], [ 91.808410644000105, 23.138231278000148 ], [ 91.80844879100016, 23.137962341000048 ], [ 91.808532715000183, 23.13784408500004 ], [ 91.808601380000084, 23.137708664000115 ], [ 91.80880737300015, 23.137521745000186 ], [ 91.808860778000053, 23.137374878000173 ], [ 91.808929443000125, 23.137266158000045 ], [ 91.809059142000137, 23.136880875000088 ], [ 91.80911254900019, 23.136791229000096 ], [ 91.809188843000072, 23.136672973000088 ], [ 91.809196471000178, 23.136568070000067 ], [ 91.809089661000087, 23.136482239000145 ], [ 91.808982849000131, 23.136339187000033 ], [ 91.809020995000083, 23.136234285000057 ], [ 91.808929443000125, 23.136152268000103 ], [ 91.808784484000114, 23.136106491000135 ], [ 91.808616638999979, 23.136037826000063 ], [ 91.808502198000042, 23.135965347000024 ], [ 91.808212280000191, 23.135919570000056 ], [ 91.808036804000096, 23.135787964000144 ], [ 91.808059693000132, 23.135663986 ], [ 91.808143616000052, 23.135437012000068 ], [ 91.808242799000141, 23.135154724000188 ], [ 91.808250427000075, 23.135011673000122 ], [ 91.808357239000031, 23.134845735000113 ], [ 91.808486938000044, 23.134666444000061 ], [ 91.808593750000171, 23.134536743000126 ], [ 91.808700562000126, 23.134321213000192 ], [ 91.808929443000125, 23.134052276999967 ], [ 91.809051514000032, 23.133996965000051 ], [ 91.809219360000043, 23.133947373000183 ], [ 91.809333802000083, 23.133947373000183 ], [ 91.809448243000077, 23.133993150000151 ], [ 91.809539794999978, 23.134000778000086 ], [ 91.809646607000161, 23.13401222300007 ], [ 91.809852599000124, 23.133901596000044 ], [ 91.81002044700017, 23.133827210000106 ], [ 91.810195923000094, 23.133808136000141 ], [ 91.810333252000191, 23.133821487000091 ], [ 91.810546874000124, 23.133939742000166 ], [ 91.810798646000137, 23.134183884000151 ], [ 91.810859681000125, 23.134353639000039 ], [ 91.810882568000181, 23.134550096000055 ], [ 91.810813904000156, 23.134675979000065 ], [ 91.810760499000082, 23.135036469000056 ], [ 91.810791016000053, 23.135641099000168 ], [ 91.810806274000072, 23.13573455900007 ], [ 91.810791016000053, 23.135879516000102 ], [ 91.810836793000192, 23.136026383000058 ], [ 91.810836793000192, 23.136144638000189 ], [ 91.810813904000156, 23.136335372000133 ], [ 91.810768127000188, 23.136438369000075 ], [ 91.810760499000082, 23.136560440000096 ], [ 91.810813904000156, 23.136651992000054 ], [ 91.810806274000072, 23.136869430000104 ], [ 91.810867309000059, 23.13702392700003 ], [ 91.811019897000051, 23.137071609000031 ], [ 91.811126709, 23.137025834000099 ], [ 91.811195374000135, 23.136779785000044 ], [ 91.811248780000085, 23.135953904000189 ], [ 91.811248780000085, 23.135799409000128 ], [ 91.811317443000178, 23.1355819690001 ], [ 91.811325073000091, 23.135328292000111 ], [ 91.811325073000091, 23.13489914000013 ], [ 91.811393739000096, 23.134790420000058 ], [ 91.811431885000047, 23.134582520000095 ], [ 91.811538696000127, 23.13435554400013 ], [ 91.811653136000132, 23.13424301200007 ], [ 91.811851501000149, 23.134246827000084 ], [ 91.812057495000147, 23.134263992000172 ], [ 91.812400818000185, 23.134275436000053 ], [ 91.812538147000112, 23.134300232000157 ], [ 91.812614441000051, 23.13433647100004 ], [ 91.812980651000146, 23.13435554400013 ], [ 91.813179015, 23.134302139000056 ], [ 91.813438415000178, 23.134246827000084 ], [ 91.813583374000189, 23.134208680000029 ], [ 91.813751222, 23.134136199000181 ], [ 91.813888551000105, 23.134099960000128 ], [ 91.814025880000031, 23.134014131000185 ], [ 91.814132690000122, 23.133918762000064 ], [ 91.814292907000151, 23.133811951000155 ], [ 91.814575195000089, 23.13368225 ], [ 91.814636231000179, 23.133588791000022 ], [ 91.814697266000167, 23.133424758000046 ], [ 91.814712524000186, 23.133274079000103 ], [ 91.814697266000167, 23.133083344 ], [ 91.814697266000167, 23.132898331000092 ], [ 91.814758301000154, 23.132678986000144 ], [ 91.814773560000049, 23.132446290000075 ], [ 91.814811707000104, 23.132310868000047 ], [ 91.814796447999981, 23.132207871000162 ], [ 91.814865112000177, 23.131973267000092 ], [ 91.814865112000177, 23.131830216000083 ], [ 91.81472778300008, 23.131584167000028 ], [ 91.814628601000038, 23.131502151000177 ], [ 91.814437866000162, 23.131402969000135 ], [ 91.814292907000151, 23.131376267000064 ], [ 91.813987733000147, 23.131263734000072 ], [ 91.813812255000187, 23.131221772000174 ], [ 91.813575744000048, 23.131238938000024 ], [ 91.813453675000176, 23.131221772000174 ], [ 91.813362121000068, 23.131231308000054 ], [ 91.813148499000135, 23.131187437999984 ], [ 91.812805175000165, 23.131111144999977 ], [ 91.812522889000093, 23.130994797000142 ], [ 91.812355041000046, 23.130931854000153 ], [ 91.812294006000059, 23.130853653000031 ], [ 91.812255859, 23.130752563000158 ], [ 91.812316895000095, 23.13066864100017 ], [ 91.812484740000059, 23.130575180000164 ], [ 91.812522889000093, 23.130403519000083 ], [ 91.812744140000177, 23.130268098000158 ], [ 91.8128280640002, 23.130218506000119 ], [ 91.81313324000007, 23.130027771000073 ], [ 91.813667297999984, 23.129699706000167 ], [ 91.813796997000168, 23.129608154000096 ], [ 91.815010071000188, 23.129381181000042 ], [ 91.815559387000178, 23.129381181000042 ], [ 91.816749572000106, 23.128971100000115 ], [ 91.816711426000154, 23.128295898000033 ], [ 91.8178710950001, 23.127685547000056 ], [ 91.817321777000132, 23.126098632000151 ], [ 91.816337586000145, 23.124834061000058 ], [ 91.816284180000196, 23.123718261000079 ], [ 91.816169738000099, 23.123619079000036 ], [ 91.815048218000072, 23.122730255000022 ], [ 91.81420135500008, 23.122032167000043 ], [ 91.813499450000165, 23.121536256000127 ], [ 91.813796997000168, 23.119071961000031 ], [ 91.813941956000178, 23.119005203000029 ], [ 91.814102173000038, 23.119024276000118 ], [ 91.814353943000071, 23.119096757000136 ], [ 91.814689636000026, 23.119205474000182 ], [ 91.815025329000036, 23.119331360000103 ], [ 91.81527709900007, 23.119321823000121 ], [ 91.815368653000178, 23.119321823000121 ], [ 91.815498351000087, 23.119260789000066 ], [ 91.815567017000092, 23.119192124000108 ], [ 91.81561279400006, 23.119020463000027 ], [ 91.815925599000082, 23.119075776000102 ], [ 91.815979004000155, 23.119146346999969 ], [ 91.817413331000068, 23.120618821000164 ], [ 91.817512513000111, 23.120723725000119 ], [ 91.817565918000184, 23.120805742000073 ], [ 91.818298340000183, 23.121704101000034 ], [ 91.818504334000181, 23.121995925000022 ], [ 91.818725585000095, 23.122314453000115 ], [ 91.819885254000042, 23.123107910000101 ], [ 91.819961548000151, 23.123062135000168 ], [ 91.820861817000093, 23.122533798000063 ], [ 91.820869446000131, 23.122400284000037 ], [ 91.820877076000045, 23.122219086000143 ], [ 91.820922851000034, 23.120910644000048 ], [ 91.820678711000085, 23.11828613400013 ], [ 91.819480895000083, 23.115930558000116 ], [ 91.818870544000106, 23.114681245000043 ], [ 91.818489074000183, 23.11388778800017 ], [ 91.818458557000042, 23.113752365999972 ], [ 91.817985535000162, 23.11231613200016 ], [ 91.818481446000078, 23.111877441000047 ], [ 91.819862366000109, 23.111791612000104 ], [ 91.82116699200003, 23.11174011200012 ], [ 91.822692871000072, 23.111694337000131 ], [ 91.822929382000041, 23.110668182000097 ], [ 91.823158265000075, 23.110153198000091 ], [ 91.823196412000129, 23.108900071000051 ], [ 91.82330322200005, 23.108886718000122 ], [ 91.824523926000154, 23.107482910000158 ], [ 91.824600220000093, 23.107368470000097 ], [ 91.825073242000144, 23.106689453000115 ], [ 91.824569701000144, 23.105688096000108 ], [ 91.824043274000189, 23.10451698300011 ], [ 91.824005127000135, 23.104434967000088 ], [ 91.823150635000161, 23.103837967000061 ], [ 91.823081969000157, 23.103790284000127 ], [ 91.822692871000072, 23.103515624000124 ], [ 91.822364808000032, 23.102886200000114 ], [ 91.822875977000137, 23.102111816000161 ], [ 91.82312011800019, 23.101501465000013 ], [ 91.82330322200005, 23.100891114000092 ], [ 91.824279785000101, 23.100280762000182 ], [ 91.825149536000083, 23.099939347000088 ], [ 91.826927184000056, 23.100151062000123 ], [ 91.829528809000124, 23.100708008000026 ], [ 91.831672669000056, 23.100112915000068 ], [ 91.832702637000182, 23.098876954000048 ], [ 91.834434509000118, 23.096645355000021 ], [ 91.834495544000106, 23.096584320000034 ], [ 91.835510254000042, 23.095520020000095 ], [ 91.835510254000042, 23.093872069999975 ], [ 91.835464477000073, 23.093780518000074 ], [ 91.835563659000115, 23.093660355000168 ], [ 91.835639953, 23.093564987999969 ], [ 91.83571624800004, 23.093425751000098 ], [ 91.835723877000021, 23.093318939000142 ], [ 91.83573913500004, 23.093185425000115 ], [ 91.835693360000107, 23.09303855800016 ], [ 91.835563659000115, 23.092857362000075 ], [ 91.835487365000176, 23.092817308000122 ], [ 91.835502624000128, 23.092741012000033 ], [ 91.835319520000041, 23.092617036000092 ], [ 91.835227966000105, 23.092548370000088 ], [ 91.835105895000083, 23.092494965000185 ], [ 91.835029602000077, 23.092494965000185 ], [ 91.834823609000182, 23.092494965000185 ], [ 91.834602356000062, 23.092493058000116 ], [ 91.834297180000192, 23.092512131000035 ], [ 91.834075927000129, 23.092544555000188 ], [ 91.833831788000055, 23.092582702000072 ], [ 91.833663940000065, 23.092634202000056 ], [ 91.83343505900018, 23.092699052000114 ], [ 91.83327484199998, 23.092702865000149 ], [ 91.833000184000184, 23.09269142200003 ], [ 91.832939148000094, 23.092567444000053 ], [ 91.832908630000077, 23.092441560000111 ], [ 91.83293151800018, 23.092344283000159 ], [ 91.832939148000094, 23.092205047000164 ], [ 91.832984923000083, 23.092126846000042 ], [ 91.833061219000172, 23.092018128000063 ], [ 91.833122254000159, 23.091875076000122 ], [ 91.833206175999976, 23.091718674000163 ], [ 91.833312988000159, 23.091567994000116 ], [ 91.833389282000041, 23.091445923000094 ], [ 91.833450317000199, 23.091285706000065 ], [ 91.83340454000006, 23.091117858000189 ], [ 91.83329773000014, 23.091037750000169 ], [ 91.833236695000153, 23.090984344000162 ], [ 91.833145140999989, 23.090997695000112 ], [ 91.833030700000052, 23.091056823000031 ], [ 91.832939148000094, 23.091131211000175 ], [ 91.832855225000174, 23.09115028500014 ], [ 91.832687377000127, 23.091196060000073 ], [ 91.832557678000171, 23.091190339000093 ], [ 91.832168580000143, 23.091182709000122 ], [ 91.831954955000128, 23.091218948000062 ], [ 91.831809998000097, 23.091190339000093 ], [ 91.83172607400013, 23.091169358 ], [ 91.831619262000174, 23.091140747000054 ], [ 91.831527710000046, 23.09109306400012 ], [ 91.831367492000084, 23.090875627000116 ], [ 91.831336976000046, 23.090734483000176 ], [ 91.8313751230001, 23.090555192000181 ], [ 91.831481933000077, 23.090370178000171 ], [ 91.831481933000077, 23.09024238700016 ], [ 91.831443786000193, 23.090049743000179 ], [ 91.831390381000119, 23.089950560999966 ], [ 91.831321715000115, 23.08989334100005 ], [ 91.831207275000054, 23.089935303000118 ], [ 91.831108093000068, 23.09003448500016 ], [ 91.831108093000068, 23.09016227799998 ], [ 91.831092834000117, 23.09024238700016 ], [ 91.830978394000056, 23.09026908900006 ], [ 91.830940247000171, 23.090387344000135 ], [ 91.830818177000197, 23.090505599999972 ], [ 91.830596924000133, 23.090713502000142 ], [ 91.830520630000194, 23.09088516200012 ], [ 91.830390929000032, 23.091037750000169 ], [ 91.830253600000106, 23.091209412000126 ], [ 91.830131532000166, 23.091407777000143 ], [ 91.829956054000036, 23.091613769000105 ], [ 91.829856872000164, 23.091714859000149 ], [ 91.829673768000134, 23.091791152000155 ], [ 91.829620361000025, 23.091720581000061 ], [ 91.829521179000039, 23.091678619000163 ], [ 91.829360961000077, 23.091596603000085 ], [ 91.829246521000186, 23.091695785000127 ], [ 91.829177857000047, 23.09141731200009 ], [ 91.829147338000098, 23.091199875000143 ], [ 91.829162597, 23.091011048000041 ], [ 91.829162597, 23.090862274000187 ], [ 91.829170227000134, 23.090778351999973 ], [ 91.829032898000037, 23.090547562000097 ], [ 91.832275390000063, 23.089477539000086 ], [ 91.831932069000175, 23.089477539000086 ], [ 91.830619812000066, 23.089330674000109 ], [ 91.829902649000132, 23.08922004700014 ], [ 91.829635621000079, 23.088603973000147 ], [ 91.828903199000024, 23.088409424000076 ], [ 91.828315734, 23.088352204000159 ], [ 91.827651978000176, 23.088171005000163 ], [ 91.827064513000153, 23.087989807000099 ], [ 91.826339722000114, 23.087873459000093 ], [ 91.82542419400005, 23.087755203000086 ], [ 91.825302123000142, 23.087745667000149 ], [ 91.825218201000155, 23.087739945000067 ], [ 91.825057984000125, 23.08760261600014 ], [ 91.824684144000116, 23.087448121000079 ], [ 91.824653625000167, 23.087314605000188 ], [ 91.824424744000112, 23.087175369000022 ], [ 91.824310302000072, 23.087123871000074 ], [ 91.82407379100016, 23.087074281000014 ], [ 91.823677062000058, 23.087032319000116 ], [ 91.823509217000151, 23.087017059000118 ], [ 91.823310852000134, 23.087018966000187 ], [ 91.823081969000157, 23.086977004000062 ], [ 91.822959901000161, 23.086875917000157 ], [ 91.822868347000053, 23.0868358620001 ], [ 91.822799683000028, 23.086759567000115 ], [ 91.822700501000043, 23.08674049300015 ], [ 91.822570800000051, 23.08654403700001 ], [ 91.822494507000044, 23.086416245000123 ], [ 91.822387694000156, 23.086273194000114 ], [ 91.822364808000032, 23.086196900000175 ], [ 91.822196959999985, 23.085849761000134 ], [ 91.822196959999985, 23.085714340000038 ], [ 91.822288514000149, 23.085578919000113 ], [ 91.822349548000034, 23.085483552000142 ], [ 91.822525025000061, 23.085332870000116 ], [ 91.822669982000093, 23.08518409800007 ], [ 91.822959901000161, 23.08498191800004 ], [ 91.823158265000075, 23.084907532000102 ], [ 91.823318482000104, 23.084796907000054 ], [ 91.823478698000031, 23.084722519000138 ], [ 91.823623657000041, 23.084611893000044 ], [ 91.823707581, 23.084529877000023 ], [ 91.823921203000111, 23.084362029000147 ], [ 91.824020386000086, 23.084270477000018 ], [ 91.8241882330002, 23.084123613000145 ], [ 91.824264527000082, 23.083967208000104 ], [ 91.824371337000059, 23.083824159000073 ], [ 91.824272155000187, 23.083580017000088 ], [ 91.824150086000145, 23.083419800000058 ], [ 91.824058532000038, 23.083303452000052 ], [ 91.823959350000166, 23.083250047000149 ], [ 91.823699951000094, 23.083110810000107 ], [ 91.82344818100006, 23.083032609000099 ], [ 91.823097230000087, 23.082881927000074 ], [ 91.822937012000125, 23.082820892000086 ], [ 91.822601319000171, 23.082603454000036 ], [ 91.822502137000129, 23.082506180000166 ], [ 91.822364808000032, 23.08237266600014 ], [ 91.822158813000158, 23.082237244000112 ], [ 91.821983338000109, 23.082073212000068 ], [ 91.821914672000105, 23.082015992000095 ], [ 91.821784973000092, 23.081909179000036 ], [ 91.821670533000088, 23.08180427700006 ], [ 91.821479797000109, 23.081703187000073 ], [ 91.821174622000171, 23.081399918000102 ], [ 91.821083068000064, 23.081329347000064 ], [ 91.820877076000045, 23.08114624100017 ], [ 91.820602418000078, 23.08094215400007 ], [ 91.82052612200016, 23.080862045000117 ], [ 91.820434570000032, 23.080759048 ], [ 91.820312499000124, 23.080650330000083 ], [ 91.820152282000095, 23.080484390000038 ], [ 91.820098877000078, 23.080348969000113 ], [ 91.819984436000084, 23.080236436000121 ], [ 91.819908143000077, 23.080146789000082 ], [ 91.819740295000031, 23.079978944000118 ], [ 91.819541931000174, 23.079900742000063 ], [ 91.819435120000094, 23.079912186000115 ], [ 91.819351197000174, 23.079948425000168 ], [ 91.819274903000064, 23.080057145000126 ], [ 91.819206238000163, 23.080257417000155 ], [ 91.819221496000182, 23.080450058000054 ], [ 91.819236756000066, 23.08057022100013 ], [ 91.819183349000127, 23.08078765900018 ], [ 91.81912231400014, 23.080905915000187 ], [ 91.819038392000152, 23.081142426000099 ], [ 91.818954468000129, 23.081382752000138 ], [ 91.818931580000196, 23.08146476800016 ], [ 91.818878174000019, 23.081794739000031 ], [ 91.818885803000057, 23.081871032000038 ], [ 91.818817139000032, 23.082094193000103 ], [ 91.818794251000099, 23.082263946000182 ], [ 91.818702699000198, 23.08243751599997 ], [ 91.818634033000194, 23.082548142000064 ], [ 91.818542481000065, 23.082715989 ], [ 91.818443299000194, 23.082996368000067 ], [ 91.818351745000086, 23.083108903000038 ], [ 91.818206788000111, 23.08314323400009 ], [ 91.818122864000088, 23.083145142000092 ], [ 91.818031310000151, 23.083158493000042 ], [ 91.817924500000174, 23.083158493000042 ], [ 91.817802429000096, 23.083137512000178 ], [ 91.817657470000086, 23.083145142000092 ], [ 91.817420959000174, 23.083095550000053 ], [ 91.817260742000144, 23.083055496000156 ], [ 91.817199706000054, 23.082984925000062 ], [ 91.817123413000047, 23.082933427000057 ], [ 91.817024230000129, 23.082786560000102 ], [ 91.816993714000091, 23.082675935000111 ], [ 91.816947937000123, 23.082551957000135 ], [ 91.81684875500008, 23.082416535000107 ], [ 91.816841126000043, 23.082265854000184 ], [ 91.816879273000097, 23.082056046000048 ], [ 91.81678771900016, 23.081714630000022 ], [ 91.816764831000057, 23.081548692000183 ], [ 91.816711426000154, 23.081319809000149 ], [ 91.81665039000012, 23.081192018000138 ], [ 91.816444398000101, 23.080921173000036 ], [ 91.816322327000023, 23.080911637000099 ], [ 91.81616211, 23.080947877000085 ], [ 91.816062928000179, 23.081024170000092 ], [ 91.815917968000065, 23.081012727000143 ], [ 91.815635680000184, 23.081003189000057 ], [ 91.815254212000013, 23.080934526000135 ], [ 91.81508636500007, 23.08090973000003 ], [ 91.814865112000177, 23.080856323000148 ], [ 91.814689636000026, 23.080715180000141 ], [ 91.814613342000143, 23.080585480000025 ], [ 91.814636231000179, 23.080511094000087 ], [ 91.814666747, 23.080415727000116 ], [ 91.814712524000186, 23.080331803000092 ], [ 91.814834595000036, 23.08023262100005 ], [ 91.815055848000156, 23.080146789000082 ], [ 91.815185547000112, 23.080108642000027 ], [ 91.81527709900007, 23.080080033000058 ], [ 91.815383911000197, 23.080049515000042 ], [ 91.816024781000124, 23.079713821000155 ], [ 91.816215515000067, 23.079616547000057 ], [ 91.816528320000145, 23.079532623000091 ], [ 91.816658020000034, 23.079494476000036 ], [ 91.81684875500008, 23.079446794000148 ], [ 91.816986084000177, 23.079372405000129 ], [ 91.817062377000184, 23.079317093000157 ], [ 91.817161559, 23.07920456 ], [ 91.817214966000108, 23.079101563000108 ], [ 91.817268372000058, 23.078903198000148 ], [ 91.817344665000064, 23.078577043000053 ], [ 91.817375184000184, 23.078441619000046 ], [ 91.817459106000058, 23.07814407300009 ], [ 91.817573548000098, 23.077901841000141 ], [ 91.817642212000067, 23.077638626000123 ], [ 91.81769561700014, 23.077478409000094 ], [ 91.817771913000058, 23.077241898000182 ], [ 91.817825318000132, 23.076890946000049 ], [ 91.817817688000048, 23.076673509000102 ], [ 91.81781005900001, 23.076562881000029 ], [ 91.817848206000065, 23.076438903000053 ], [ 91.817832946000067, 23.076284408000163 ], [ 91.81781005900001, 23.075952530000052 ], [ 91.817756652000128, 23.075824737000062 ], [ 91.817642212000067, 23.07571220400007 ], [ 91.817520141000045, 23.07563972500003 ], [ 91.817413331000068, 23.075677872000085 ], [ 91.817337035000151, 23.075662614000066 ], [ 91.817222595000089, 23.075675965000187 ], [ 91.817077638000114, 23.075611114000026 ], [ 91.81681823800011, 23.075521470000069 ], [ 91.81650543100011, 23.075391769000134 ], [ 91.816375732000097, 23.075328828000124 ], [ 91.816200257000048, 23.075262070000122 ], [ 91.816062928000179, 23.07513236900013 ], [ 91.81595611500012, 23.075048447000142 ], [ 91.815841675000058, 23.074920654000096 ], [ 91.815841675000058, 23.074810029000105 ], [ 91.81591034000013, 23.074680328000113 ], [ 91.816024781000124, 23.074573518000022 ], [ 91.816116333000025, 23.074419021000097 ], [ 91.816215515000067, 23.07431602600019 ], [ 91.816375732000097, 23.074172974000078 ], [ 91.816558838000162, 23.074062347000051 ], [ 91.816864013000099, 23.073942186000181 ], [ 91.81697845500014, 23.073886871000127 ], [ 91.817306518, 23.073850632000074 ], [ 91.817779541000164, 23.073850632000074 ], [ 91.81791687000009, 23.073833466000053 ], [ 91.818107606000069, 23.07381248500019 ], [ 91.818252563000044, 23.073663713000144 ], [ 91.818336487000067, 23.073459626000044 ], [ 91.818382264000036, 23.073265076000098 ], [ 91.818328857000154, 23.072948457000109 ], [ 91.81822204600013, 23.072778701000061 ], [ 91.818061829000101, 23.072624207000104 ], [ 91.818008424000197, 23.072542190000149 ], [ 91.817901611000138, 23.072429657000157 ], [ 91.817832946000067, 23.072340011000051 ], [ 91.817733764000195, 23.072294236000062 ], [ 91.817459106000058, 23.07216835000014 ], [ 91.817344665000064, 23.072137834000102 ], [ 91.817062377000184, 23.072084426000117 ], [ 91.816825866000045, 23.072031021000043 ], [ 91.816589355000133, 23.072011948000124 ], [ 91.816383363000114, 23.071983337000177 ], [ 91.816215515000067, 23.071994782000161 ], [ 91.815948487000185, 23.072000505000176 ], [ 91.815856933000077, 23.072048187000064 ], [ 91.815696716000048, 23.072084426000117 ], [ 91.815475463000155, 23.07215499900019 ], [ 91.815330506000123, 23.072216035000054 ], [ 91.815223693000064, 23.072299957000098 ], [ 91.815078736000089, 23.072439193000037 ], [ 91.814910889000146, 23.072662353000055 ], [ 91.814796447999981, 23.072883606000175 ], [ 91.814712524000186, 23.072992324000097 ], [ 91.814659119000112, 23.073101044 ], [ 91.814544677000015, 23.073226930000146 ], [ 91.814430236000078, 23.073318482000047 ], [ 91.814224244000059, 23.073465348000127 ], [ 91.814147950000176, 23.073560715000156 ], [ 91.813949586000092, 23.073675156000093 ], [ 91.813728333000199, 23.073772430000133 ], [ 91.813545227000134, 23.073787689000085 ], [ 91.813392640000188, 23.073770523000064 ], [ 91.813262939000197, 23.073753357000101 ], [ 91.813194276000104, 23.073701859000096 ], [ 91.813110352000137, 23.073648452000043 ], [ 91.813026428000114, 23.073537827 ], [ 91.812927246000072, 23.073369979000176 ], [ 91.812904357000036, 23.073265076000098 ], [ 91.812850952000133, 23.073158264000142 ], [ 91.812751770000091, 23.072990419000178 ], [ 91.81260681100008, 23.072740555000109 ], [ 91.812538147000112, 23.072679519000076 ], [ 91.812431335000156, 23.07237243700007 ], [ 91.812416077000137, 23.072267532000183 ], [ 91.81246948200004, 23.072202682000125 ], [ 91.812507629000095, 23.072095872000148 ], [ 91.812614441000051, 23.072011948000124 ], [ 91.812705993000122, 23.071933747000173 ], [ 91.812782287000061, 23.071889877000103 ], [ 91.812889099000188, 23.071828842000116 ], [ 91.812988281000059, 23.071746826000037 ], [ 91.81313324000007, 23.071660996000048 ], [ 91.813346863000049, 23.071443559000102 ], [ 91.813484192000146, 23.071285249000141 ], [ 91.813575744000048, 23.071210861000054 ], [ 91.813644409000176, 23.071107865000045 ], [ 91.813705445000039, 23.07098198 ], [ 91.813758850000113, 23.070833207000078 ], [ 91.813781738000046, 23.070728303000067 ], [ 91.813720703000058, 23.070646286000112 ], [ 91.813598632000037, 23.070550919000141 ], [ 91.813468934000127, 23.070484161000138 ], [ 91.813301086000081, 23.070501327000102 ], [ 91.813072205000083, 23.07056045500002 ], [ 91.81291198700012, 23.070577621000041 ], [ 91.812782287000061, 23.070562363000192 ], [ 91.812507629000095, 23.070558547000076 ], [ 91.812339783000198, 23.070531846000051 ], [ 91.812088014000096, 23.070425034000095 ], [ 91.812011718000178, 23.070367813000075 ], [ 91.811935424000069, 23.070327759000179 ], [ 91.811882019000166, 23.070268631000033 ], [ 91.811813354000094, 23.070161819000077 ], [ 91.811721802000136, 23.07010078400009 ], [ 91.81159210300018, 23.069978715000047 ], [ 91.811531068000193, 23.069812775000173 ], [ 91.811508179000157, 23.069650649999971 ], [ 91.811531068000193, 23.069543840000051 ], [ 91.811569214000144, 23.06918335000006 ], [ 91.811569214000144, 23.069065095000155 ], [ 91.811584473000096, 23.068967820000182 ], [ 91.811653136000132, 23.068864823000069 ], [ 91.811660766000102, 23.068782807000048 ], [ 91.811706543000071, 23.068702698000095 ], [ 91.811912536000136, 23.06847381700004 ], [ 91.812026978000176, 23.068313599000135 ], [ 91.812103272000115, 23.068132401000071 ], [ 91.812217712000177, 23.068031311000027 ], [ 91.812240600999985, 23.067934037000157 ], [ 91.812294006000059, 23.067834855000115 ], [ 91.812347411000133, 23.067747116000078 ], [ 91.812385558000187, 23.06757927000001 ], [ 91.81242370700005, 23.067403794000086 ], [ 91.812431335000156, 23.067167283000117 ], [ 91.812454224000192, 23.06707954400008 ], [ 91.812408447000053, 23.067003251000074 ], [ 91.812408447000053, 23.066686631000152 ], [ 91.812324525000179, 23.066427231000034 ], [ 91.81224822900009, 23.066343307000182 ], [ 91.812049865, 23.066240310000069 ], [ 91.811798095000142, 23.066135407000047 ], [ 91.811470032000102, 23.066238403 ], [ 91.811096192000093, 23.066328049000163 ], [ 91.810981750000053, 23.066400528000031 ], [ 91.810768127000188, 23.066509247000056 ], [ 91.810623168, 23.066555021999989 ], [ 91.810455322000166, 23.066673280000032 ], [ 91.810325622000107, 23.066699982000102 ], [ 91.810203553, 23.066709519000085 ], [ 91.80998992800005, 23.066781998000124 ], [ 91.809875488000159, 23.066791536000039 ], [ 91.809707642000149, 23.066818237 ], [ 91.809570313000052, 23.066804886000057 ], [ 91.809242248000146, 23.066755294000075 ], [ 91.808830261000082, 23.066692353000121 ], [ 91.808631897, 23.06667137200003 ], [ 91.808387756000172, 23.066602707000129 ], [ 91.808174133000136, 23.066600799000184 ], [ 91.80809020900017, 23.066598892000115 ], [ 91.807830810000098, 23.066673280000032 ], [ 91.807472230000087, 23.066719055000192 ], [ 91.807281494000108, 23.066814422000164 ], [ 91.807083130000024, 23.066926957000135 ], [ 91.80702209400016, 23.06698227000004 ], [ 91.806938172000116, 23.067050933000075 ], [ 91.80680084100004, 23.06710624800013 ], [ 91.806709289000082, 23.067108155000028 ], [ 91.806564330000128, 23.067144395000184 ], [ 91.806350708000195, 23.066987992000122 ], [ 91.806159974000025, 23.067131042000085 ], [ 91.805931091000048, 23.067113876000064 ], [ 91.805847169000174, 23.067041397000025 ], [ 91.805679321000127, 23.066839218000098 ], [ 91.80562591600011, 23.06671714700019 ], [ 91.805610658000091, 23.066600799000184 ], [ 91.805664063000108, 23.066438674000153 ], [ 91.805809022000119, 23.066236497000034 ], [ 91.805931091000048, 23.066036225000175 ], [ 91.80607605, 23.066066742000089 ], [ 91.806304931000057, 23.06568336600003 ], [ 91.806480408000084, 23.065530777000106 ], [ 91.806594849000078, 23.065240861000063 ], [ 91.806694031000063, 23.065097809000122 ], [ 91.806739808000032, 23.064979553000114 ], [ 91.806793213000105, 23.064867020000122 ], [ 91.806808472000057, 23.064598083000192 ], [ 91.806823730000076, 23.064044952000188 ], [ 91.806770325000173, 23.063936234000039 ], [ 91.806724548000034, 23.063766479000151 ], [ 91.806648254000095, 23.063669205000053 ], [ 91.806625366000162, 23.063568115000066 ], [ 91.806571960000042, 23.063455582000074 ], [ 91.80638885500008, 23.063327789000084 ], [ 91.806205749000185, 23.063274384000181 ], [ 91.806106566000039, 23.063236237000126 ], [ 91.805976868000187, 23.063161851000189 ], [ 91.805809022000119, 23.06320381200004 ], [ 91.805564881000123, 23.063241959000095 ], [ 91.805053712000188, 23.063268661000166 ], [ 91.804695130000141, 23.063297272000113 ], [ 91.804603576000034, 23.063293457000043 ], [ 91.804237366000109, 23.063392639000085 ], [ 91.804130554000153, 23.063419343000191 ], [ 91.803939820000039, 23.063457489000143 ], [ 91.803817749000132, 23.063489914000058 ], [ 91.803733825000108, 23.063518525000063 ], [ 91.803627015000188, 23.063533783000082 ], [ 91.803398132000154, 23.063695908000057 ], [ 91.803047180000078, 23.063957215000073 ], [ 91.80284118600008, 23.064058305000117 ], [ 91.802612305000025, 23.064199447000078 ], [ 91.802429199000187, 23.064275743000167 ], [ 91.802299500000174, 23.064352036000173 ], [ 91.802078247000111, 23.064403534000178 ], [ 91.801849364000077, 23.064514160999977 ], [ 91.801475524000068, 23.064624787000071 ], [ 91.801353454000093, 23.064697265000063 ], [ 91.801124573000038, 23.064764023000066 ], [ 91.800827026000036, 23.06487464900016 ], [ 91.800575257000105, 23.064908982000077 ], [ 91.800285339000084, 23.065023423000014 ], [ 91.799842835000049, 23.065107347000037 ], [ 91.799530030000199, 23.065090179000038 ], [ 91.799095153000167, 23.065101624000192 ], [ 91.798652649000189, 23.065027238000084 ], [ 91.798233032000155, 23.064952850000168 ], [ 91.79797363300014, 23.064792632000035 ], [ 91.797859192000146, 23.064750672000116 ], [ 91.797737121000068, 23.06464386000016 ], [ 91.797576904000039, 23.064437866000162 ], [ 91.797500610000156, 23.064369201999966 ], [ 91.797416687000066, 23.064256669000031 ], [ 91.797264099000188, 23.064168930000108 ], [ 91.797134398000026, 23.064041137000117 ], [ 91.797073365000074, 23.063951493000161 ], [ 91.796661376000145, 23.063570022000135 ], [ 91.796546936000084, 23.06346512000016 ], [ 91.796371460000159, 23.063249586999973 ], [ 91.796089172000052, 23.063009263000026 ], [ 91.795845033000035, 23.062768936999987 ], [ 91.795768737000117, 23.062717437000174 ], [ 91.795410157000106, 23.062419891000104 ], [ 91.795288087000131, 23.062345505000167 ], [ 91.795135497000103, 23.062267304000159 ], [ 91.794975280000074, 23.062246323000124 ], [ 91.79463958700012, 23.062261581000143 ], [ 91.794296265000128, 23.062314988000026 ], [ 91.79417419400005, 23.062391282000135 ], [ 91.794006347000106, 23.062427521000188 ], [ 91.793853760000047, 23.062557219999974 ], [ 91.793739319000053, 23.062751771000023 ], [ 91.793640137000011, 23.062923432000105 ], [ 91.793487550000123, 23.063323976 ], [ 91.793426514000032, 23.063682557000106 ], [ 91.793380737000064, 23.063917161000177 ], [ 91.793388367000148, 23.064237594000133 ], [ 91.793441773000154, 23.064714431000027 ], [ 91.793518066000161, 23.065013885000155 ], [ 91.793632507000098, 23.0652236950001 ], [ 91.793640137000011, 23.065343858000176 ], [ 91.79373168900014, 23.065519334000101 ], [ 91.793891906000169, 23.065778733000172 ], [ 91.794082642000149, 23.065971375000117 ], [ 91.794357300000115, 23.066205978000085 ], [ 91.794464111000195, 23.066259384000091 ], [ 91.794555665000132, 23.066297530000043 ], [ 91.794677735000107, 23.066307068000128 ], [ 91.794876098000088, 23.066331864 ], [ 91.794570923000151, 23.066642761000082 ], [ 91.793678284000066, 23.067680360000054 ], [ 91.794052124000075, 23.069013595000115 ], [ 91.793960572000174, 23.069053649000068 ], [ 91.793663025000171, 23.069175720000146 ], [ 91.793556212999988, 23.069169997000131 ], [ 91.793457031000173, 23.069185258000061 ], [ 91.793281555000192, 23.069169997000131 ], [ 91.793151856000065, 23.069129943000178 ], [ 91.792915343000118, 23.069068910000169 ], [ 91.792617799000197, 23.068998337000096 ], [ 91.792465210000046, 23.068988801000046 ], [ 91.792289734000121, 23.068944932000022 ], [ 91.792099000000121, 23.068918228000143 ], [ 91.791839600000174, 23.06887817400019 ], [ 91.791549682000152, 23.068826676000015 ], [ 91.791244507000044, 23.068813323000086 ], [ 91.790939331, 23.068761826000184 ], [ 91.790725708000195, 23.068767548000096 ], [ 91.790321349000067, 23.068748475000064 ], [ 91.790176392000035, 23.068773271000168 ], [ 91.789978028000178, 23.068765641000027 ], [ 91.789764405000142, 23.068870545000038 ], [ 91.789672851000034, 23.068969728000127 ], [ 91.78963470399998, 23.069076538000104 ], [ 91.789535522000165, 23.069307328000036 ], [ 91.789512634, 23.069446565000078 ], [ 91.789505006000127, 23.069816590000073 ], [ 91.78949737500011, 23.069982528000082 ], [ 91.78949737500011, 23.0702457430001 ], [ 91.789573669, 23.070722580000051 ], [ 91.78963470399998, 23.070898055999976 ], [ 91.789726256000108, 23.071041107000042 ], [ 91.789741517000039, 23.071187974000168 ], [ 91.789726256000108, 23.071447372000137 ], [ 91.789680481000119, 23.071659088999979 ], [ 91.789535522000165, 23.071802140000045 ], [ 91.789382935000049, 23.071817399000111 ], [ 91.789283753000177, 23.071798325000145 ], [ 91.789085388000046, 23.0716724400001 ], [ 91.788932801000101, 23.071508407000124 ], [ 91.788772584000071, 23.071344376000184 ], [ 91.788497926000105, 23.071186067000099 ], [ 91.788383483000132, 23.071075439000026 ], [ 91.788276673000155, 23.070913314 ], [ 91.788162231000115, 23.070587159000127 ], [ 91.788070679000157, 23.070276261000174 ], [ 91.788032532000102, 23.070039750000035 ], [ 91.78806304800014, 23.069826126000123 ], [ 91.78810119700006, 23.06963539200018 ], [ 91.788139344000058, 23.069519043000014 ], [ 91.788269043000071, 23.069364549000056 ], [ 91.788345336000077, 23.069240569999977 ], [ 91.788482665000174, 23.06905174200017 ], [ 91.788551331000178, 23.068899155000054 ], [ 91.788650513, 23.068761826000184 ], [ 91.788772584000071, 23.068630219000056 ], [ 91.788917541000103, 23.068410874000108 ], [ 91.789039611000078, 23.068233491000058 ], [ 91.789070130000198, 23.06815910500012 ], [ 91.789199829000154, 23.067857743000047 ], [ 91.789199829000154, 23.067745208000076 ], [ 91.789176940000118, 23.06762886000007 ], [ 91.789031983000143, 23.06740570200003 ], [ 91.788894652000067, 23.067348480000135 ], [ 91.78878784200009, 23.067378998000152 ], [ 91.788619994000044, 23.067464830000176 ], [ 91.788459777000014, 23.067487716000073 ], [ 91.788177491000113, 23.067533493000042 ], [ 91.787887573000148, 23.06762504500017 ], [ 91.787689208000131, 23.067718507000109 ], [ 91.787528991000102, 23.067811966000079 ], [ 91.787422181000181, 23.067827224000098 ], [ 91.787307740000188, 23.067874909000068 ], [ 91.787200928000061, 23.067893982000157 ], [ 91.787025452000137, 23.067968368000095 ], [ 91.786865234000174, 23.068058015000133 ], [ 91.786361694000107, 23.068183899000076 ], [ 91.786277772000062, 23.068174363000139 ], [ 91.786186218000125, 23.068241119000163 ], [ 91.78600311200006, 23.068367005000084 ], [ 91.785942079000108, 23.068456649000041 ], [ 91.785858155000085, 23.068496703000164 ], [ 91.785789489000081, 23.068714141000044 ], [ 91.785743714000091, 23.06900596700001 ], [ 91.785797119000165, 23.069454193000183 ], [ 91.785858155000085, 23.070102690999988 ], [ 91.78586578300019, 23.07026481600019 ], [ 91.78586578300019, 23.070531846000051 ], [ 91.785842896000133, 23.070661545000064 ], [ 91.785827636000135, 23.070734025000036 ], [ 91.785743714000091, 23.070968629000049 ], [ 91.785606385000051, 23.071186067000099 ], [ 91.785507203000179, 23.071340561000113 ], [ 91.785415649000072, 23.071384431000183 ], [ 91.785331725000049, 23.071409225000082 ], [ 91.785133361000135, 23.071456909000119 ], [ 91.78498840400016, 23.071527480000043 ], [ 91.784744263000107, 23.071624757000166 ], [ 91.784507752000138, 23.071586608000132 ], [ 91.784370423000098, 23.071586608000132 ], [ 91.783973694000053, 23.071636200000171 ], [ 91.783821107000108, 23.071659088999979 ], [ 91.783584596000139, 23.071655274000136 ], [ 91.782829285000105, 23.071575165000183 ], [ 91.782409668000128, 23.071523667000179 ], [ 91.782043456, 23.071430206000173 ], [ 91.781791687000066, 23.071374893000097 ], [ 91.781539917000032, 23.071390151000116 ], [ 91.781257629000095, 23.071367265 ], [ 91.780754088000094, 23.071317673000181 ], [ 91.780471802000193, 23.071311950000165 ], [ 91.78015136700003, 23.071266175000176 ], [ 91.780021667000142, 23.071264268000107 ], [ 91.779769897000108, 23.071228028000121 ], [ 91.779144288000111, 23.071151733000136 ], [ 91.778816223000092, 23.071088792000126 ], [ 91.778724671000134, 23.071041107000042 ], [ 91.778617858000075, 23.071033477000128 ], [ 91.778160094000043, 23.070919037000067 ], [ 91.77794647200011, 23.070770265000192 ], [ 91.777870178000057, 23.07076835700019 ], [ 91.777313232000154, 23.070615768000096 ], [ 91.777008057000046, 23.070539474000157 ], [ 91.776702881000176, 23.070505142000172 ], [ 91.776458740000123, 23.070503235000103 ], [ 91.776329041000167, 23.070457458000135 ], [ 91.776199340000176, 23.070398330000046 ], [ 91.776016236000146, 23.070394517000182 ], [ 91.775657654000099, 23.070276261000174 ], [ 91.775024415000019, 23.069990158 ], [ 91.774681091000048, 23.069822313000088 ], [ 91.774459838000155, 23.069717408000031 ], [ 91.774223327000186, 23.069454193000183 ], [ 91.774024963000102, 23.069211959000029 ], [ 91.773941039000078, 23.069099426000037 ], [ 91.773872376000043, 23.068918228000143 ], [ 91.773742675000051, 23.068672181000125 ], [ 91.773674011000196, 23.068538665000119 ], [ 91.773590088000105, 23.068368912000153 ], [ 91.773513794, 23.067977906000124 ], [ 91.773468017000027, 23.067665099000124 ], [ 91.773399353000059, 23.067411422000191 ], [ 91.773345948000156, 23.067110061 ], [ 91.77340698200004, 23.06674766600014 ], [ 91.773529052000015, 23.066444397000168 ], [ 91.773765563000154, 23.066030503000036 ], [ 91.773925781000059, 23.065778733000172 ], [ 91.774169922000112, 23.065525054000034 ], [ 91.774284363000106, 23.065404893000164 ], [ 91.774497984999982, 23.065174103000061 ], [ 91.774826050000058, 23.064884186000143 ], [ 91.774909974000082, 23.064863205000108 ], [ 91.775344849000078, 23.064437866000162 ], [ 91.775527953000108, 23.064317703000086 ], [ 91.775634766000167, 23.064189910999971 ], [ 91.775733948000038, 23.064119338000125 ], [ 91.775794983000196, 23.064039232000027 ], [ 91.775871277000135, 23.063920974000041 ], [ 91.776100158000133, 23.063726425000027 ], [ 91.776336671000081, 23.063568115000066 ], [ 91.776542663000043, 23.063360215000102 ], [ 91.776672364000035, 23.063283921000163 ], [ 91.776893615000176, 23.063121796000189 ], [ 91.777107240000134, 23.062980652000192 ], [ 91.777221680000196, 23.062841416000083 ], [ 91.777473449000183, 23.062614440000118 ], [ 91.777572632000101, 23.062486649000107 ], [ 91.777687072000163, 23.062414170000068 ], [ 91.777824401000089, 23.062276839000162 ], [ 91.778060912000171, 23.062040328000023 ], [ 91.778266907000102, 23.061870575000114 ], [ 91.778350830000193, 23.061775208000142 ], [ 91.778434754000045, 23.061733246000188 ], [ 91.778556823000088, 23.061614991000113 ], [ 91.778648377000195, 23.061443330000031 ], [ 91.778800964000141, 23.061233520000087 ], [ 91.778991698000084, 23.060970306000115 ], [ 91.779060364000088, 23.060853958000109 ], [ 91.779083252000021, 23.060743332000186 ], [ 91.779182434000063, 23.060487748000185 ], [ 91.779228211000031, 23.060255052000116 ], [ 91.779357910000044, 23.06008720400007 ], [ 91.779411315000118, 23.05987358100009 ], [ 91.779418946000135, 23.059690476000128 ], [ 91.779441834000068, 23.059562684000184 ], [ 91.779441834000068, 23.059379578000176 ], [ 91.779609680000078, 23.059259415000042 ], [ 91.779357910000044, 23.05903625500008 ], [ 91.779350280000131, 23.058961869000143 ], [ 91.779281617000038, 23.058794021000097 ], [ 91.779212951000034, 23.058414458000072 ], [ 91.779197693000185, 23.05819130000009 ], [ 91.779136657000095, 23.057895661000032 ], [ 91.779060364000088, 23.057727814000089 ], [ 91.778968812000187, 23.057596207000131 ], [ 91.778892516000099, 23.057518006000123 ], [ 91.778732301000048, 23.057359696000162 ], [ 91.778587342000037, 23.05731010400018 ], [ 91.778022765000117, 23.057113647000165 ], [ 91.777610778000053, 23.056968688000154 ], [ 91.781097412000065, 23.055557252000085 ], [ 91.782470703000115, 23.053283692999969 ], [ 91.782958984000118, 23.052829742000029 ], [ 91.784713746000136, 23.051317216000086 ], [ 91.784797668000181, 23.051246643000184 ], [ 91.786682129000042, 23.048889160000101 ], [ 91.786926270000095, 23.047975541000085 ], [ 91.787322998000036, 23.045761108000079 ], [ 91.787475586000028, 23.042114257000094 ], [ 91.786979675000168, 23.040277481000146 ], [ 91.787033080000015, 23.036649704000126 ], [ 91.785888671000123, 23.033508301000154 ], [ 91.78509521400008, 23.031677246000072 ], [ 91.783782960000053, 23.031549454000185 ], [ 91.783325196000192, 23.031494142000042 ], [ 91.780517577000126, 23.031127930000082 ], [ 91.780372620000151, 23.031393052 ], [ 91.780334473000096, 23.031005859000061 ], [ 91.78041839500014, 23.030715943000018 ], [ 91.780509949000077, 23.030460358000141 ], [ 91.780540466000161, 23.030115127000045 ], [ 91.780593873000043, 23.029687882000133 ], [ 91.78055572400018, 23.029350281000177 ], [ 91.780502319000107, 23.029218675000152 ], [ 91.780433655000138, 23.029190063999977 ], [ 91.780357362000132, 23.029134751000129 ], [ 91.780281066000043, 23.028972626000098 ], [ 91.780120849000184, 23.028787613000191 ], [ 91.779998780000142, 23.028671265000128 ], [ 91.779716492000034, 23.028537751000101 ], [ 91.779617310000162, 23.028470993000099 ], [ 91.779434204000154, 23.028390884000146 ], [ 91.779113769000162, 23.028205872000115 ], [ 91.778984070000035, 23.028135299000041 ], [ 91.778846741000109, 23.028095245000088 ], [ 91.778434754000045, 23.027917862000095 ], [ 91.777397156000177, 23.027482986000166 ], [ 91.777145386000086, 23.027374268000017 ], [ 91.777000427000132, 23.027318954000066 ], [ 91.776893615000176, 23.027309418000186 ], [ 91.776611329000048, 23.027210236000144 ], [ 91.776374818000136, 23.027067184000032 ], [ 91.776184082000157, 23.027036668000164 ], [ 91.775840760000165, 23.027000428000179 ], [ 91.775382996000133, 23.02701187200006 ], [ 91.774681091000048, 23.027009964000115 ], [ 91.774238586000138, 23.027250290000097 ], [ 91.773826599000074, 23.027673722000145 ], [ 91.773658753000177, 23.027957916 ], [ 91.773536682000156, 23.028219223000065 ], [ 91.773376465000126, 23.028976441000168 ], [ 91.773139954000158, 23.029338836000022 ], [ 91.77302551300005, 23.029664994000029 ], [ 91.772972106000111, 23.029829026000129 ], [ 91.772964478000063, 23.030035019000024 ], [ 91.772872924000126, 23.030410766000102 ], [ 91.772827149000136, 23.030889511000169 ], [ 91.772895813000105, 23.031047821000129 ], [ 91.772941590000073, 23.031480789000057 ], [ 91.772789002000081, 23.031860351000034 ], [ 91.772781372000168, 23.032249451999974 ], [ 91.772850038000172, 23.032732010000132 ], [ 91.772827149000136, 23.033081056000071 ], [ 91.772979736000082, 23.033491135000133 ], [ 91.773086549000084, 23.033830644000091 ], [ 91.773101807000103, 23.034008027000084 ], [ 91.773254394000048, 23.034534454000038 ], [ 91.773330688000158, 23.034694672000171 ], [ 91.773262024000132, 23.034835816000111 ], [ 91.773338318000071, 23.034938813000053 ], [ 91.773315430000139, 23.035043716000075 ], [ 91.773361207000107, 23.03520965600012 ], [ 91.773612976000038, 23.036043167000116 ], [ 91.773933411000201, 23.03678703200012 ], [ 91.774108887000125, 23.036960603000182 ], [ 91.774078369999984, 23.03712844800009 ], [ 91.774124145000144, 23.037244796000152 ], [ 91.771217346000071, 23.03679466300008 ], [ 91.770782471000075, 23.036132812000119 ], [ 91.77096557700014, 23.035871507000081 ], [ 91.7711181640002, 23.035593034000044 ], [ 91.771598816, 23.034801484000127 ], [ 91.771842956000171, 23.034235000000137 ], [ 91.771919251000156, 23.03398704600005 ], [ 91.772003173000144, 23.03347396900017 ], [ 91.771972657000106, 23.033361433999971 ], [ 91.771858216000169, 23.033201217000169 ], [ 91.771652222000171, 23.03309631400009 ], [ 91.771499634000179, 23.03299904000005 ], [ 91.770851134000168, 23.033010483000169 ], [ 91.770309449000194, 23.032997132000048 ], [ 91.769966125, 23.03309249900019 ], [ 91.7696914670002, 23.033243179000067 ], [ 91.769470214000137, 23.033540724999966 ], [ 91.769210815000065, 23.033733369000117 ], [ 91.769081116000052, 23.033826828000144 ], [ 91.768745423000098, 23.034044266000024 ], [ 91.768356322000159, 23.034332275000111 ], [ 91.768142700000055, 23.034400940000182 ], [ 91.768043518000184, 23.034313202000021 ], [ 91.767898560000106, 23.034160614000029 ], [ 91.767669678000175, 23.033895492000113 ], [ 91.767501832000164, 23.03381347800007 ], [ 91.767387389000191, 23.033733369000117 ], [ 91.767227172000162, 23.033586502000162 ], [ 91.766983033000088, 23.03340721100011 ], [ 91.766845704000048, 23.033208847000083 ], [ 91.766624451000098, 23.033037186000172 ], [ 91.766410828000119, 23.032804488000068 ], [ 91.766090393000127, 23.032482148000042 ], [ 91.765716553000118, 23.032058716000051 ], [ 91.765579224000021, 23.03191566400011 ], [ 91.765495301000101, 23.031879425 ], [ 91.765396118000183, 23.031847001000187 ], [ 91.76479339500014, 23.031335832000082 ], [ 91.764396667000142, 23.031070709000062 ], [ 91.76408386200012, 23.030918122000173 ], [ 91.763542174000065, 23.03083419800015 ], [ 91.763145448000103, 23.030740739000123 ], [ 91.762710570000195, 23.030683519000036 ], [ 91.761688232000154, 23.030464173000155 ], [ 91.761024476000102, 23.029991151000104 ], [ 91.760932922, 23.029737471999965 ], [ 91.760925294000117, 23.029521942000088 ], [ 91.760993956999982, 23.029413224000166 ], [ 91.760993956999982, 23.029224396000188 ], [ 91.761367797000048, 23.027647019000142 ], [ 91.761436463, 23.027404785000158 ], [ 91.761466980000137, 23.026775361000148 ], [ 91.76147461000005, 23.026531219000162 ], [ 91.761413574000187, 23.026348113000154 ], [ 91.760986329000104, 23.025821686000029 ], [ 91.76028442400019, 23.025032044000056 ], [ 91.759948731, 23.024826049000126 ], [ 91.759384154000145, 23.024616242000093 ], [ 91.759109497000054, 23.024614334000091 ], [ 91.757743835000042, 23.024578095000038 ], [ 91.757484435000038, 23.024541856000155 ], [ 91.757820129000095, 23.021173478000151 ], [ 91.757995606000179, 23.020681382000134 ], [ 91.758041381000112, 23.020313263000162 ], [ 91.758110047000116, 23.019903184000043 ], [ 91.756088257000158, 23.015693664000082 ], [ 91.756034850000106, 23.015632629000095 ], [ 91.75109863300014, 23.010070800000108 ], [ 91.74627685500019, 23.006713868000134 ], [ 91.7457275390002, 23.006286621000072 ], [ 91.74169159000013, 23.005144119000192 ], [ 91.741569519000052, 23.005121231000089 ], [ 91.739318847000163, 23.004669190000072 ], [ 91.739242553000111, 23.00463676600009 ], [ 91.738960266999982, 23.004467010000042 ], [ 91.733703613000102, 23.001281739000035 ], [ 91.728942870000083, 22.997550964000141 ], [ 91.728088378000109, 22.996887208000146 ], [ 91.727478027000132, 22.994873048000102 ], [ 91.727371216000108, 22.994541168000183 ], [ 91.727111817000036, 22.993713379000155 ], [ 91.726905822000106, 22.992631913000025 ], [ 91.726074218000065, 22.989929199000073 ], [ 91.725860596000132, 22.989578248000043 ], [ 91.725708009000073, 22.989408492000052 ], [ 91.7255935660001, 22.989276885999971 ], [ 91.724037170000088, 22.988710404000187 ], [ 91.72342681900011, 22.989656449000051 ], [ 91.722419739000088, 22.989290237000091 ], [ 91.721450807000053, 22.988845826000045 ], [ 91.721321106000062, 22.988357545000042 ], [ 91.721237182000039, 22.988208771000188 ], [ 91.721138, 22.988063812000178 ], [ 91.720832825000059, 22.987781526000049 ], [ 91.720527649000076, 22.98755073500007 ], [ 91.720306396000126, 22.987461091000114 ], [ 91.720046996000178, 22.987386705000176 ], [ 91.719779968000125, 22.987279892000117 ], [ 91.719314574000123, 22.987136841000108 ], [ 91.718780517000084, 22.986906052000109 ], [ 91.718452454000044, 22.986808778000068 ], [ 91.718315125000117, 22.986736297 ], [ 91.718109130000073, 22.986719131000029 ], [ 91.717529298000045, 22.986745835000079 ], [ 91.716972352000141, 22.986787797000034 ], [ 91.716567993000183, 22.986862183000142 ], [ 91.71624755800002, 22.986974716000134 ], [ 91.715606690000129, 22.987264634000098 ], [ 91.714767456000118, 22.987667083000133 ], [ 91.714408874000128, 22.987859727000057 ], [ 91.714149475000056, 22.988080978000141 ], [ 91.713607789000037, 22.988407135000045 ], [ 91.713378906000173, 22.988554002000058 ], [ 91.713211060000162, 22.988615037000045 ], [ 91.713104248000036, 22.988695144000189 ], [ 91.712959289000196, 22.988805771000159 ], [ 91.712837218000118, 22.988916397000082 ], [ 91.712661743000069, 22.988988877000054 ], [ 91.712463378000109, 22.988992690000089 ], [ 91.712287902000128, 22.988988877000054 ], [ 91.712051391000045, 22.989074707000043 ], [ 91.711807250000163, 22.988954544000137 ], [ 91.711891174000186, 22.988895416000048 ], [ 91.711479187000123, 22.988687516000084 ], [ 91.711318970000093, 22.988489151000067 ], [ 91.711151124000082, 22.988225937000152 ], [ 91.711013795000156, 22.987966537000034 ], [ 91.711082458000078, 22.987762452000084 ], [ 91.71123504600007, 22.987499238000169 ], [ 91.711303711000141, 22.987314224000158 ], [ 91.711318970000093, 22.987178803 ], [ 91.711280823000038, 22.986862183000142 ], [ 91.711288453000122, 22.986633302000087 ], [ 91.711318970000093, 22.986171723000041 ], [ 91.711372375000167, 22.985883712000089 ], [ 91.71134948800011, 22.985700608 ], [ 91.711463929000104, 22.985172271000124 ], [ 91.711524964000091, 22.984773635000181 ], [ 91.71154022200011, 22.984531403000176 ], [ 91.711555481000062, 22.98442840600012 ], [ 91.711608886000079, 22.984100341000044 ], [ 91.711601258000201, 22.983919145000129 ], [ 91.711578369000165, 22.983711243000187 ], [ 91.711425782000049, 22.983646392000082 ], [ 91.711318970000093, 22.98344993600017 ], [ 91.711151124000082, 22.983083726000018 ], [ 91.711158752000188, 22.982986451000102 ], [ 91.71099090600012, 22.98266983100018 ], [ 91.710815431000071, 22.982530595000185 ], [ 91.710556031000124, 22.982376098000088 ], [ 91.709915161000197, 22.982112885000106 ], [ 91.709770202000186, 22.982089997000173 ], [ 91.709342957000104, 22.982015611000065 ], [ 91.709014892000084, 22.982017518000134 ], [ 91.708915710000042, 22.982011795000062 ], [ 91.708747863999974, 22.981985092000116 ], [ 91.708564758000136, 22.98200225800008 ], [ 91.708404541000107, 22.982057572000031 ], [ 91.708152771000073, 22.982156755000176 ], [ 91.707984923000197, 22.982347489000119 ], [ 91.707824707999976, 22.982425690000127 ], [ 91.707641602000137, 22.982475280000131 ], [ 91.70758056700015, 22.982547761000035 ], [ 91.707351684000116, 22.982692720000045 ], [ 91.707160950000116, 22.982780457000104 ], [ 91.706932069000118, 22.983047486000089 ], [ 91.70664978100001, 22.983337403000178 ], [ 91.706527710000159, 22.983646392000082 ], [ 91.706176758000083, 22.984046936000141 ], [ 91.705871582000043, 22.984458923000034 ], [ 91.705810546000123, 22.984600067000031 ], [ 91.705436706000114, 22.985025407000023 ], [ 91.705223084000011, 22.985317230000078 ], [ 91.705139159999987, 22.985416413000053 ], [ 91.705047608000086, 22.985557557000163 ], [ 91.704818725000052, 22.985935212000072 ], [ 91.704711915000075, 22.985942840000178 ], [ 91.70459747200016, 22.986169815000039 ], [ 91.704452515000128, 22.98649787800008 ], [ 91.704284667000081, 22.986734390000095 ], [ 91.704200744000161, 22.986766816000113 ], [ 91.703971863000163, 22.986991882000098 ], [ 91.703765868000062, 22.987239838 ], [ 91.70369720500014, 22.98739624000018 ], [ 91.703613281000173, 22.98772430300005 ], [ 91.703506471000196, 22.987981796000099 ], [ 91.703430175000108, 22.988178254000047 ], [ 91.70333862300015, 22.988277436000089 ], [ 91.703170775000103, 22.988388062000183 ], [ 91.702987671000074, 22.988456727000084 ], [ 91.702789306999989, 22.988546372000144 ], [ 91.702537536000023, 22.988639831000114 ], [ 91.702239989000191, 22.98880386400009 ], [ 91.701927185000102, 22.988912582000069 ], [ 91.701629638000043, 22.989048005000143 ], [ 91.701484681000068, 22.989048005000143 ], [ 91.701118469000164, 22.989103318 ], [ 91.700904846000128, 22.989151 ], [ 91.700683594000111, 22.989175796000154 ], [ 91.700134278000178, 22.989053726000179 ], [ 91.699943542000199, 22.989011764000054 ], [ 91.699577332000104, 22.988929750000068 ], [ 91.699241638, 22.988830567000093 ], [ 91.699050902000067, 22.988792421000142 ], [ 91.698730469000111, 22.988794326 ], [ 91.69828033400006, 22.988748551000072 ], [ 91.697937012000068, 22.988739013000156 ], [ 91.697723390000135, 22.98866653500005 ], [ 91.697059631000059, 22.988422394000168 ], [ 91.69666290300006, 22.988367081000092 ], [ 91.696250916000167, 22.988348007000127 ], [ 91.696083068000178, 22.988319396000179 ], [ 91.695907592000196, 22.988361358000077 ], [ 91.695663453000179, 22.988439559000085 ], [ 91.695297241000048, 22.988494874000139 ], [ 91.695060730000137, 22.988447190000102 ], [ 91.694831847000103, 22.988447190000102 ], [ 91.694366455000136, 22.988489151000067 ], [ 91.693855286000201, 22.988418578000051 ], [ 91.693611144999977, 22.988447190000102 ], [ 91.693298340000126, 22.988281250000057 ], [ 91.692909242000098, 22.98813057000018 ], [ 91.69264221200001, 22.988002776000087 ], [ 91.692428589000031, 22.987819673000104 ], [ 91.692161559000112, 22.987510681000117 ], [ 91.691925048000201, 22.98719215300008 ], [ 91.691802978000055, 22.987071990000175 ], [ 91.691642762000129, 22.986820221000187 ], [ 91.691581727000141, 22.986639023000123 ], [ 91.691528320000032, 22.986331940000014 ], [ 91.691406249000181, 22.985757828000146 ], [ 91.69145202600015, 22.98542976300007 ], [ 91.69145202600015, 22.985307693000095 ], [ 91.69145202600015, 22.984970094000175 ], [ 91.691429138000046, 22.984586716000081 ], [ 91.691314697000053, 22.984201431000088 ], [ 91.691139221000128, 22.983972550000033 ], [ 91.691009521000012, 22.983741761000033 ], [ 91.690910338000094, 22.983411789000115 ], [ 91.690895080000075, 22.983142853000061 ], [ 91.690597534000119, 22.982887269000059 ], [ 91.690299987000117, 22.98266601600011 ], [ 91.689743041000042, 22.982286453000086 ], [ 91.68931579600013, 22.982105255000192 ], [ 91.689224244, 22.982069016000082 ], [ 91.688827515000128, 22.981805801000064 ], [ 91.688568116000113, 22.981805801000064 ], [ 91.688232422, 22.981803894 ], [ 91.688049317000036, 22.981740953000042 ], [ 91.687850952000076, 22.981634139999983 ], [ 91.687683105000133, 22.981578828000067 ], [ 91.687507628999981, 22.981489181000029 ], [ 91.68719482400013, 22.981338501000153 ], [ 91.686744690000012, 22.981117249000135 ], [ 91.686584472999982, 22.981065751000131 ], [ 91.686431886000094, 22.981021882000164 ], [ 91.686264038000047, 22.981000901000129 ], [ 91.686096192000036, 22.981060028000115 ], [ 91.685836793000135, 22.980955124000161 ], [ 91.685630798000034, 22.980840683000167 ], [ 91.685455322000109, 22.980686188000107 ], [ 91.685302735000164, 22.980581284000095 ], [ 91.685058594000168, 22.980432511000174 ], [ 91.684982300000058, 22.980377197 ], [ 91.684898376000035, 22.980297088000043 ], [ 91.684669495000037, 22.980018616999985 ], [ 91.684608460000049, 22.979923248000034 ], [ 91.684509278000178, 22.979755401999967 ], [ 91.684349061000148, 22.979587555000023 ], [ 91.684165955000083, 22.979320527000141 ], [ 91.68367767400008, 22.978544236000118 ], [ 91.683609009000179, 22.978443146000131 ], [ 91.68350982600009, 22.978305817000034 ], [ 91.68336486700008, 22.978197097000134 ], [ 91.683128356000111, 22.97797012400008 ], [ 91.682991027000071, 22.977897645000041 ], [ 91.68268585300018, 22.977691651000043 ], [ 91.682434081000167, 22.977569580000136 ], [ 91.682159423000144, 22.977506636999976 ], [ 91.681907654000042, 22.97743415900004 ], [ 91.681686401000093, 22.977388382000072 ], [ 91.681350708000139, 22.97743415900004 ], [ 91.681022645000098, 22.977493286000026 ], [ 91.680946351000159, 22.977523803000167 ], [ 91.68078613400013, 22.977588653000055 ], [ 91.680664063000052, 22.977743148000116 ], [ 91.680519104000041, 22.97797012400008 ], [ 91.680313111000146, 22.978160858000024 ], [ 91.680252076000158, 22.97823715100003 ], [ 91.680122375, 22.978397369000163 ], [ 91.680015565000076, 22.978485108000029 ], [ 91.679878234000171, 22.978569032000053 ], [ 91.679801940000061, 22.978677749000099 ], [ 91.679725647000055, 22.97880363500019 ], [ 91.679672241000048, 22.97894859400003 ], [ 91.679618836000031, 22.979095459000177 ], [ 91.679504394000105, 22.979393005000134 ], [ 91.679466247000107, 22.97952651900016 ], [ 91.679389953000168, 22.979684829000121 ], [ 91.679267883000193, 22.979927063000048 ], [ 91.679191589000084, 22.980102539000029 ], [ 91.679031372000054, 22.980293275000179 ], [ 91.678886414000146, 22.980413438000085 ], [ 91.678779602000191, 22.980503082000041 ], [ 91.678550718999986, 22.980638504000069 ], [ 91.678352357000108, 22.98074722399997 ], [ 91.67827606100019, 22.980785370000149 ], [ 91.67809295700016, 22.980875015000152 ], [ 91.677955628000063, 22.980892181000172 ], [ 91.677482603999977, 22.980955124000161 ], [ 91.677055359000065, 22.980947495000123 ], [ 91.676834106000172, 22.980955124000161 ], [ 91.67671966600011, 22.980928422000034 ], [ 91.676422119000108, 22.980810166000026 ], [ 91.676162720000036, 22.98073577800011 ], [ 91.675918578000108, 22.980634689000169 ], [ 91.675697328000069, 22.980546952000111 ], [ 91.675476075000176, 22.980440140000155 ], [ 91.675170898000033, 22.980382919000135 ], [ 91.674766541000054, 22.980295182000077 ], [ 91.67459869400011, 22.980255128000124 ], [ 91.674446106000119, 22.98007393000006 ], [ 91.674278259000175, 22.979873658000031 ], [ 91.674194335000152, 22.979755401999967 ], [ 91.67391204900008, 22.979518891000055 ], [ 91.673774720000154, 22.979408264000028 ], [ 91.673484802000132, 22.97919845600012 ], [ 91.673164367000197, 22.978910445000167 ], [ 91.67301941, 22.978719711000167 ], [ 91.672874451000041, 22.978565216000106 ], [ 91.672660828000176, 22.978343964000089 ], [ 91.672561646000133, 22.978219986000113 ], [ 91.672477722000167, 22.978059768000037 ], [ 91.672225953000179, 22.977792740000154 ], [ 91.672035216000097, 22.977611542000091 ], [ 91.671745300000111, 22.977489471000183 ], [ 91.671531678, 22.977401734000125 ], [ 91.671295166000164, 22.977317811000034 ], [ 91.671104430000184, 22.977256775000114 ], [ 91.670921326000155, 22.977191925000056 ], [ 91.670776367000144, 22.977184297000179 ], [ 91.670677185000102, 22.977239609000094 ], [ 91.670501709000177, 22.977268218000063 ], [ 91.670394897000051, 22.977252960000044 ], [ 91.670227051000154, 22.977293014000168 ], [ 91.670074462000059, 22.977376938000191 ], [ 91.669914247000065, 22.977483751000079 ], [ 91.669754029000103, 22.977582931000086 ], [ 91.669471741000052, 22.977684020000027 ], [ 91.66934204000006, 22.97696876599997 ], [ 91.669204711000134, 22.977996827000084 ], [ 91.669052124000018, 22.978082657000073 ], [ 91.668777466000051, 22.978336334000176 ], [ 91.668640137000125, 22.978424072000166 ], [ 91.668457031000116, 22.9784889230001 ], [ 91.668380737000177, 22.978527070000155 ], [ 91.668251039000097, 22.978601456000092 ], [ 91.668052674000137, 22.978614807000042 ], [ 91.667915343000061, 22.978708268000048 ], [ 91.667816161000189, 22.978746415000103 ], [ 91.667625427000189, 22.978824616000054 ], [ 91.667266845000199, 22.978946687000132 ], [ 91.667282104000151, 22.979103089000091 ], [ 91.66706085300001, 22.979310989000055 ], [ 91.666900635000104, 22.979492188000052 ], [ 91.666740418000074, 22.979671478000171 ], [ 91.666496277000022, 22.97988891600005 ], [ 91.666351318000011, 22.980087280000077 ], [ 91.666236877000074, 22.980268479000074 ], [ 91.666122437000183, 22.980440140000155 ], [ 91.66603851300016, 22.980581284000095 ], [ 91.665893556000185, 22.980726243000106 ], [ 91.665802002000078, 22.980846406000182 ], [ 91.665641784000115, 22.981010436000076 ], [ 91.665443420000031, 22.981153488000189 ], [ 91.665237427000136, 22.981317520000118 ], [ 91.664985656, 22.981546401000116 ], [ 91.664787292000142, 22.981721879000077 ], [ 91.664657593000129, 22.98177528400015 ], [ 91.664505006000013, 22.981792450000114 ], [ 91.664299011000139, 22.981811524000136 ], [ 91.664184571000078, 22.981779099 ], [ 91.664070130000141, 22.981674195000039 ], [ 91.663932801000044, 22.981464387000074 ], [ 91.663833619000172, 22.98128318900018 ], [ 91.663757323000084, 22.981046678000098 ], [ 91.663665771000126, 22.980916977000106 ], [ 91.663635255000088, 22.980775833000109 ], [ 91.663574219000054, 22.980621338000049 ], [ 91.663497924000183, 22.980491639000093 ], [ 91.663368225000056, 22.98034095700001 ], [ 91.663238526000043, 22.980186463000052 ], [ 91.663124084000174, 22.980009079000126 ], [ 91.662971496000182, 22.979738236000173 ], [ 91.662788391000049, 22.97955703800011 ], [ 91.662612915000068, 22.979448318000152 ], [ 91.662490844, 22.979429245000119 ], [ 91.662292480000133, 22.979375840000046 ], [ 91.662048341000059, 22.97933960000006 ], [ 91.661766052000075, 22.979326247000074 ], [ 91.661605835000046, 22.979368209000029 ], [ 91.661407471000189, 22.979446411000083 ], [ 91.661193848000153, 22.979619981000042 ], [ 91.66109466600011, 22.979677201000186 ], [ 91.660850525000114, 22.97988510100015 ], [ 91.660644532, 22.980051041000024 ], [ 91.660568237000177, 22.980121612000119 ], [ 91.660476685000049, 22.980298995000112 ], [ 91.660392761000026, 22.980428696000104 ], [ 91.660148621000076, 22.980709077000142 ], [ 91.659866333000195, 22.980985642000178 ], [ 91.659820556000057, 22.981176376000121 ], [ 91.659652711000092, 22.98128318900018 ], [ 91.659530640000014, 22.981327056000168 ], [ 91.65938568100006, 22.981391907000102 ], [ 91.659187317000146, 22.981538773000182 ], [ 91.659004211000081, 22.981609344000105 ], [ 91.65883636500007, 22.981660844000089 ], [ 91.658546447000049, 22.981794358000116 ], [ 91.658317566000051, 22.981836320000014 ], [ 91.658042908000027, 22.981885910000074 ], [ 91.657867432000103, 22.981880189000037 ], [ 91.657661438000105, 22.981899263000173 ], [ 91.65729522800018, 22.981885910000074 ], [ 91.657119750000049, 22.981800080000085 ], [ 91.657012940000072, 22.981760026000131 ], [ 91.656845092000083, 22.981681825000123 ], [ 91.656684875000053, 22.981592178000085 ], [ 91.656600953000179, 22.981500626000127 ], [ 91.656478882000158, 22.981302262000099 ], [ 91.656364442000097, 22.98113823000017 ], [ 91.656295776000093, 22.980960846000073 ], [ 91.656257629000038, 22.98077774 ], [ 91.656280518000074, 22.980607987000099 ], [ 91.656387328, 22.980451585000139 ], [ 91.656455994, 22.980361938000101 ], [ 91.656517028999986, 22.980276109000158 ], [ 91.656623841000112, 22.980144501000098 ], [ 91.656692505000137, 22.98011970500005 ], [ 91.656784057000095, 22.980108261000169 ], [ 91.656951904000039, 22.980083465000064 ], [ 91.65710449200003, 22.980033875 ], [ 91.657211304000157, 22.979986190999966 ], [ 91.65729522800018, 22.979896546000134 ], [ 91.657569886000147, 22.979703903000086 ], [ 91.657707215000073, 22.979578019000144 ], [ 91.657821655000134, 22.979482652000172 ], [ 91.657905579000158, 22.97936630200013 ], [ 91.657943725999985, 22.979249954000068 ], [ 91.6580047610002, 22.979009628000085 ], [ 91.6580047610002, 22.978853225000023 ], [ 91.6580047610002, 22.978374482000106 ], [ 91.65802765, 22.978265763000081 ], [ 91.657943725999985, 22.978227616000083 ], [ 91.657852174000084, 22.978212357000132 ], [ 91.65765381000017, 22.97807884100007 ], [ 91.657508850000113, 22.978027344000168 ], [ 91.657394410000052, 22.97795677300013 ], [ 91.657241821000127, 22.97781562900019 ], [ 91.657058717000041, 22.977668762000178 ], [ 91.656860352000081, 22.977540971000167 ], [ 91.656776429000161, 22.977371216000051 ], [ 91.656669616000102, 22.977308273000119 ], [ 91.656616211000198, 22.977216721000161 ], [ 91.656517028999986, 22.977140427000052 ], [ 91.656402588000049, 22.977094650000083 ], [ 91.656105042000092, 22.97688484300005 ], [ 91.65600586000005, 22.976831436000168 ], [ 91.655448913999976, 22.976703644000111 ], [ 91.655090332000157, 22.976642609000123 ], [ 91.654930115000127, 22.976648332000138 ], [ 91.654747009000118, 22.976675033000106 ], [ 91.6542663580002, 22.976703644000111 ], [ 91.653686524000193, 22.976772308000079 ], [ 91.653495788000043, 22.976808549000168 ], [ 91.653320312000119, 22.976819992000117 ], [ 91.653106689000083, 22.976865769000085 ], [ 91.65291595500014, 22.976892471000156 ], [ 91.652801515000078, 22.976886750000119 ], [ 91.652626037000118, 22.976861954000015 ], [ 91.652366637000171, 22.976821900000118 ], [ 91.652130126000031, 22.976804734000098 ], [ 91.651947022000172, 22.976810455000134 ], [ 91.651817321000181, 22.976818085000048 ], [ 91.6516876230001, 22.97682762200003 ], [ 91.651504517000035, 22.976842881000152 ], [ 91.651298522000161, 22.976881028000037 ], [ 91.651153565000129, 22.976972580000108 ], [ 91.651062011000192, 22.977035522 ], [ 91.650901794000163, 22.977136612000038 ], [ 91.650840760000108, 22.97727966400015 ], [ 91.650802611000074, 22.977550507000103 ], [ 91.650749206000171, 22.977737428000182 ], [ 91.650680543000078, 22.977901458000076 ], [ 91.650588989000141, 22.978214265000133 ], [ 91.650566100000106, 22.978378295000027 ], [ 91.65060424700016, 22.978574751999986 ], [ 91.65060424700016, 22.978691102000028 ], [ 91.650596619000055, 22.978973388000099 ], [ 91.650596619000055, 22.979099274000077 ], [ 91.650588989000141, 22.979375840000046 ], [ 91.650566100000106, 22.979627609000147 ], [ 91.650558472, 22.97988891600005 ], [ 91.650543213999981, 22.980112076000182 ], [ 91.650566100000106, 22.980432511000174 ], [ 91.650573730000019, 22.98060608000003 ], [ 91.650581361000036, 22.980936050000139 ], [ 91.650588989000141, 22.981170654000039 ], [ 91.65060424700016, 22.981351852000103 ], [ 91.65060424700016, 22.981504441000027 ], [ 91.650550842000087, 22.981685637999988 ], [ 91.650512695000032, 22.98178482000003 ], [ 91.650352478, 22.982013703000064 ], [ 91.650215149000132, 22.982219695000026 ], [ 91.65011596700009, 22.982280731000117 ], [ 91.650016784000115, 22.982431413000143 ], [ 91.649940491000109, 22.982521057000099 ], [ 91.649955749000128, 22.982656478000024 ], [ 91.649841309000124, 22.982774734000031 ], [ 91.649650575000123, 22.983016968000186 ], [ 91.649513246000026, 22.983190536000166 ], [ 91.649398803000054, 22.98335647600004 ], [ 91.649276732000033, 22.983489990000066 ], [ 91.649055482000165, 22.983619691000058 ], [ 91.648780824000198, 22.983776093000017 ], [ 91.648582459000011, 22.983945846000154 ], [ 91.648292541000046, 22.98412704500015 ], [ 91.648078919000113, 22.984312058000057 ], [ 91.647834777000185, 22.984560013000078 ], [ 91.647720337000123, 22.984647751000068 ], [ 91.647514342000193, 22.984735488000126 ], [ 91.647369385000047, 22.984830857000077 ], [ 91.647010803, 22.985033035000129 ], [ 91.646682738000152, 22.98516273600012 ], [ 91.646415710999975, 22.985244752000142 ], [ 91.646301270000038, 22.985263825000061 ], [ 91.646118164000143, 22.985298157000045 ], [ 91.645843506000176, 22.985307693000095 ], [ 91.645713805000184, 22.98528671400004 ], [ 91.645599365000123, 22.985252380000077 ], [ 91.645462036000026, 22.985197067 ], [ 91.645324707000157, 22.985126496000134 ], [ 91.645202636000079, 22.985015869000108 ], [ 91.645210267000095, 22.984807969000144 ], [ 91.645149231000175, 22.984689713000137 ], [ 91.64515685900011, 22.984426499000051 ], [ 91.645118713000159, 22.984064102000161 ], [ 91.645141601000091, 22.983959199000083 ], [ 91.645172120000041, 22.983692169000051 ], [ 91.645202636000079, 22.983282090000102 ], [ 91.64521789500003, 22.98305511500007 ], [ 91.645248413000047, 22.982931136000047 ], [ 91.645286560000102, 22.982637405000162 ], [ 91.645317077000016, 22.982557295999982 ], [ 91.645370484000125, 22.982437133000076 ], [ 91.645446778, 22.981929779000041 ], [ 91.645469666000167, 22.981554032000133 ], [ 91.645507813, 22.981245042000126 ], [ 91.645599365000123, 22.980886460000136 ], [ 91.645599365000123, 22.980640411000138 ], [ 91.645629884000073, 22.980516433000162 ], [ 91.64573669400005, 22.980361938000101 ], [ 91.645759582000153, 22.980270386000143 ], [ 91.645744324000134, 22.980138778000082 ], [ 91.64573669400005, 22.980007172000057 ], [ 91.645706177000079, 22.979814530000112 ], [ 91.645675659000062, 22.979551315000094 ], [ 91.645652770000197, 22.979457856000067 ], [ 91.645668030000195, 22.979345323000075 ], [ 91.645706177000079, 22.97903442400019 ], [ 91.645721436000031, 22.978776932000017 ], [ 91.645805359000121, 22.978477478000116 ], [ 91.645759582000153, 22.97826766999998 ], [ 91.645790101000102, 22.978080749000071 ], [ 91.645729066000115, 22.978021621000153 ], [ 91.645683289000146, 22.977796555000168 ], [ 91.645698547000165, 22.977571488000137 ], [ 91.645698547000165, 22.977481843000078 ], [ 91.645721436000031, 22.977172851000091 ], [ 91.64573669400005, 22.977041245000066 ], [ 91.645668030000195, 22.976751327000045 ], [ 91.645469666000167, 22.976408005000053 ], [ 91.645362853999984, 22.976350785000136 ], [ 91.645195008000144, 22.976205826000125 ], [ 91.645019530000184, 22.976131440000188 ], [ 91.644943237000177, 22.976091386000064 ], [ 91.644851685000106, 22.97605705400008 ], [ 91.644783019000101, 22.976018904999989 ], [ 91.644584655000187, 22.97599029600002 ], [ 91.644363404000103, 22.975997926000161 ], [ 91.644157410000105, 22.976041793000149 ], [ 91.643882752000138, 22.976085663000049 ], [ 91.643753051000147, 22.976087570000118 ], [ 91.643363953000062, 22.976091386000064 ], [ 91.643249512000125, 22.976085663000049 ], [ 91.642875672000116, 22.97605705400008 ], [ 91.642349243000126, 22.976018904999989 ], [ 91.64218902500005, 22.975969315000157 ], [ 91.642059326000037, 22.975902557000154 ], [ 91.641868590000058, 22.975870133000114 ], [ 91.64171600300017, 22.975847244000079 ], [ 91.641441344999976, 22.975717545000123 ], [ 91.64131164600019, 22.975639344000115 ], [ 91.641204834000064, 22.975542070000074 ], [ 91.640922546000127, 22.975206374000038 ], [ 91.640800475000106, 22.975095749 ], [ 91.640747070000032, 22.975017548000039 ], [ 91.640731812000183, 22.974794387000145 ], [ 91.640716553000061, 22.974496841000189 ], [ 91.640693665000128, 22.974304199000073 ], [ 91.640701293000063, 22.974206925000033 ], [ 91.640731812000183, 22.973682403000112 ], [ 91.640731812000183, 22.973443984000028 ], [ 91.640708923000147, 22.973152160000041 ], [ 91.640716553000061, 22.973024369000029 ], [ 91.640708923000147, 22.972808839000152 ], [ 91.640701293000063, 22.97250557000018 ], [ 91.640716553000061, 22.972150803000034 ], [ 91.640624999000124, 22.971683502000189 ], [ 91.640602111000192, 22.971389770000087 ], [ 91.640586853000173, 22.971206664000192 ], [ 91.640533447, 22.970754623000175 ], [ 91.640457153999989, 22.970476150000138 ], [ 91.640411377000021, 22.970409394000114 ], [ 91.640335083000139, 22.970346451000182 ], [ 91.640258790000132, 22.970329285000162 ], [ 91.640159607000157, 22.970251084000154 ], [ 91.640228271000183, 22.970138549000183 ], [ 91.640197754000042, 22.970067978000145 ], [ 91.640121461000035, 22.969921112000065 ], [ 91.639999390000128, 22.969659806000095 ], [ 91.639907836000191, 22.969501497000067 ], [ 91.6398010260001, 22.96933555600009 ], [ 91.639717102000077, 22.969209671000044 ], [ 91.639617920000035, 22.969049453000139 ], [ 91.639511109000182, 22.968896866000023 ], [ 91.639373778000049, 22.968683243000044 ], [ 91.639282226000148, 22.968608857000106 ], [ 91.639205933000142, 22.968566894999981 ], [ 91.639122009000118, 22.968568803000153 ], [ 91.639053345000093, 22.96845436000018 ], [ 91.638992310000106, 22.96835708600014 ], [ 91.638908386000139, 22.968320847000086 ], [ 91.638710022000055, 22.967990876000044 ], [ 91.638610840000183, 22.967830658000082 ], [ 91.638458253000067, 22.967679977000159 ], [ 91.638328552000075, 22.967479707000109 ], [ 91.638198853000119, 22.967285156000059 ], [ 91.63803863600009, 22.967115402000047 ], [ 91.637931823000031, 22.966993332000072 ], [ 91.637634277000132, 22.966587068000081 ], [ 91.637573241000041, 22.966524125000092 ], [ 91.637466431000064, 22.96641349700019 ], [ 91.637413024000182, 22.966266633000089 ], [ 91.637336730000129, 22.96615982000003 ], [ 91.637229920000152, 22.966049195000039 ], [ 91.637115478000112, 22.965898513000184 ], [ 91.63710021900016, 22.96573829800019 ], [ 91.637016295000137, 22.965503692000141 ], [ 91.636955262000185, 22.965341569000145 ], [ 91.637069703000122, 22.9649848950001 ], [ 91.63710021900016, 22.9647769930001 ], [ 91.637123108000196, 22.964519501000154 ], [ 91.63716125500008, 22.964406968000162 ], [ 91.637191773000097, 22.964197158000047 ], [ 91.637222290000068, 22.964120865000041 ], [ 91.637222290000068, 22.963905335000106 ], [ 91.637214660000154, 22.963701248 ], [ 91.637084961000141, 22.963394166 ], [ 91.637062072000106, 22.963256837000131 ], [ 91.637062072000106, 22.963167190000092 ], [ 91.636909485, 22.963071823000064 ], [ 91.636817931000053, 22.962930679000124 ], [ 91.636734009000065, 22.962774277000165 ], [ 91.636619569000175, 22.96254921100018 ], [ 91.636505126000031, 22.962434768000037 ], [ 91.636405943999989, 22.96221351600019 ], [ 91.636253357000101, 22.96201515100006 ], [ 91.635955811000144, 22.961717605000104 ], [ 91.635864259000016, 22.961627960000101 ], [ 91.635696411000197, 22.961435319000032 ], [ 91.635650634000058, 22.96133995200006 ], [ 91.635604859000068, 22.961254120000035 ], [ 91.635505677000197, 22.96116828900017 ], [ 91.635383606000175, 22.961053848000176 ], [ 91.635299682000152, 22.961069107000128 ], [ 91.635238647000165, 22.961025237000058 ], [ 91.635169984000072, 22.960979462000068 ], [ 91.634887695000089, 22.960739136000086 ], [ 91.634674073000156, 22.96060562200006 ], [ 91.634544372000164, 22.960571289000143 ], [ 91.634429932000103, 22.960586549000141 ], [ 91.634193420000088, 22.960458756000151 ], [ 91.634048461000077, 22.960355758000162 ], [ 91.633903504000102, 22.96030426100009 ], [ 91.633758545000092, 22.960264206000033 ], [ 91.633567811000091, 22.960166932000163 ], [ 91.633117675000165, 22.959953309000184 ], [ 91.632751465000069, 22.959815980000087 ], [ 91.632598876000145, 22.959762573000035 ], [ 91.632408142000145, 22.959688187000097 ], [ 91.632156372000111, 22.959569931000033 ], [ 91.631813049000016, 22.959417344000144 ], [ 91.631675720000146, 22.959394456000041 ], [ 91.631477356000062, 22.959299089000012 ], [ 91.631156921000127, 22.959239961000094 ], [ 91.630821228000116, 22.959207535000075 ], [ 91.630699157000095, 22.959211350000146 ], [ 91.630340577000084, 22.959299089000012 ], [ 91.629730224000127, 22.959625244000108 ], [ 91.629554748000146, 22.959705353000061 ], [ 91.629318237, 22.959850312000071 ], [ 91.629104614000198, 22.959939956000028 ], [ 91.628829956000061, 22.960117340000124 ], [ 91.628654481000183, 22.96027374200014 ], [ 91.628547668000124, 22.960374832000127 ], [ 91.628425598000149, 22.960456848000149 ], [ 91.628173828000115, 22.960714340000152 ], [ 91.62805175800014, 22.960838318000128 ], [ 91.627418518000127, 22.960161209000148 ], [ 91.627342224000074, 22.959558488000084 ], [ 91.627326966000055, 22.95940971400006 ], [ 91.627929687000062, 22.957885742000087 ], [ 91.629089356000179, 22.956909178999979 ], [ 91.627677918000131, 22.955085754000038 ], [ 91.627555847000053, 22.954954148000127 ], [ 91.625579834000064, 22.952810287000148 ], [ 91.625373840000066, 22.952587127000129 ], [ 91.625335693000011, 22.952501298000072 ], [ 91.625061035000044, 22.952171325000052 ], [ 91.624938964000137, 22.952024460000018 ], [ 91.624870301000044, 22.951807023000072 ], [ 91.624626160000048, 22.951499938000154 ], [ 91.624382018000063, 22.951101302000041 ], [ 91.624206543000014, 22.95084953300011 ], [ 91.623992920000035, 22.950534821000133 ], [ 91.62380981400014, 22.950271606000115 ], [ 91.623725890000173, 22.950117111000054 ], [ 91.623641968000129, 22.950025559000096 ], [ 91.623573303000057, 22.949853896000036 ], [ 91.623504639000032, 22.949699402000022 ], [ 91.623443604000045, 22.949541092000118 ], [ 91.62345123200015, 22.94937324600005 ], [ 91.62346649300008, 22.94921875100016 ], [ 91.623504639000032, 22.949119569000118 ], [ 91.62345123200015, 22.948970795000093 ], [ 91.623504639000032, 22.948669433000191 ], [ 91.623588561000076, 22.948537827000109 ], [ 91.623565675000123, 22.948463441000172 ], [ 91.62380981400014, 22.948246003000122 ], [ 91.623916626000096, 22.948133468000151 ], [ 91.623977662000186, 22.947982788000104 ], [ 91.624076844000058, 22.947885514000063 ], [ 91.624160768000081, 22.947776794000106 ], [ 91.62428283600002, 22.947616577000133 ], [ 91.624366760000044, 22.94748306300005 ], [ 91.624397279, 22.947378158 ], [ 91.624565124000128, 22.947172165000097 ], [ 91.624679565000122, 22.94711113000011 ], [ 91.624816894000162, 22.946962356000085 ], [ 91.624885559000063, 22.946840286999986 ], [ 91.625152587000173, 22.946474075000083 ], [ 91.625160217000087, 22.94622039800015 ], [ 91.625335693000011, 22.945850373000155 ], [ 91.625465394000173, 22.945497512000031 ], [ 91.62554168700018, 22.945131302000107 ], [ 91.625549316000047, 22.944749832000127 ], [ 91.625534057000095, 22.944459916000142 ], [ 91.625473022000108, 22.944181443000105 ], [ 91.625320435, 22.943944931999965 ], [ 91.625183106000122, 22.943761826000127 ], [ 91.624961853000173, 22.943725586000141 ], [ 91.624923706000118, 22.943635939999979 ], [ 91.624771119000059, 22.943386078000117 ], [ 91.624526977000073, 22.943193436000172 ], [ 91.624382018000063, 22.94312095600003 ], [ 91.624229431000174, 22.943017961000123 ], [ 91.624114991000113, 22.942848205000075 ], [ 91.623725890000173, 22.942667007000011 ], [ 91.623313903000053, 22.942333221000126 ], [ 91.622825622999983, 22.941875457000094 ], [ 91.622360229000037, 22.941421509000179 ], [ 91.622123718000125, 22.94114494300004 ], [ 91.621955872000058, 22.940893174000053 ], [ 91.621749877000184, 22.940641404000189 ], [ 91.621498108000196, 22.94029426600008 ], [ 91.621406556000068, 22.940141678000089 ], [ 91.621315002000131, 22.940055847000167 ], [ 91.62120819200004, 22.940004349000162 ], [ 91.62120819200004, 22.939882279000187 ], [ 91.621131896000122, 22.939819336000028 ], [ 91.620712281000124, 22.93928909400006 ], [ 91.620544433000077, 22.939071656000181 ], [ 91.620422363000102, 22.93888664200017 ], [ 91.620223998000142, 22.938674927000136 ], [ 91.620002746000125, 22.938587188000042 ], [ 91.619880677000026, 22.938545226000144 ], [ 91.619720460000053, 22.938539506000041 ], [ 91.619346619000112, 22.938510895000036 ], [ 91.619026185000052, 22.938489914000172 ], [ 91.618789673000038, 22.938526153000055 ], [ 91.618499755000187, 22.93856430000011 ], [ 91.618232727000134, 22.938579560000164 ], [ 91.617935181000178, 22.938653946000102 ], [ 91.617576599000188, 22.938802719000023 ], [ 91.617286683000032, 22.939001083000107 ], [ 91.617179871000076, 22.939125061000084 ], [ 91.6170120230002, 22.939350129000047 ], [ 91.616821289000029, 22.939693450000107 ], [ 91.616691590000073, 22.940090179000151 ], [ 91.616622925000172, 22.940469742000062 ], [ 91.616615294000155, 22.941022873000065 ], [ 91.616683960000159, 22.941595077000159 ], [ 91.616783141999974, 22.942262650000032 ], [ 91.616905213000052, 22.942762376000189 ], [ 91.616958618000126, 22.943197251000186 ], [ 91.616996765000181, 22.943464279000068 ], [ 91.616981506000059, 22.943717956000057 ], [ 91.616943360000107, 22.943939209000121 ], [ 91.616889954000158, 22.944179535000103 ], [ 91.616821289000029, 22.944225312000071 ], [ 91.616600036000136, 22.944240571000023 ], [ 91.616073609000182, 22.944379807000189 ], [ 91.615859985999975, 22.944480897000176 ], [ 91.615608215000066, 22.944665908000104 ], [ 91.615280152000139, 22.944843292000087 ], [ 91.614669800000115, 22.945137025000122 ], [ 91.614112854000041, 22.945392609000123 ], [ 91.613899232000108, 22.945550919000084 ], [ 91.613716126000099, 22.945642471000042 ], [ 91.613403321000021, 22.945976257000098 ], [ 91.613204957000164, 22.94607543900014 ], [ 91.612983704000044, 22.946285249000084 ], [ 91.612892150000107, 22.946662904000164 ], [ 91.612670899000193, 22.947193146000131 ], [ 91.612678527000128, 22.947317125000041 ], [ 91.612686158000145, 22.947496413000124 ], [ 91.61261749200014, 22.947607041000026 ], [ 91.612602234000121, 22.947679519000189 ], [ 91.612602234000121, 22.947752 ], [ 91.612548829000048, 22.947996139000054 ], [ 91.612487793000128, 22.948310852000077 ], [ 91.612541198000031, 22.948617936000119 ], [ 91.612533570000096, 22.948905944000103 ], [ 91.612609864000035, 22.949333192000097 ], [ 91.612701416000164, 22.949422836000053 ], [ 91.612770081000065, 22.949535371000081 ], [ 91.612922669000056, 22.94972038200018 ], [ 91.613090514000191, 22.949771882000164 ], [ 91.613395691000107, 22.949821472 ], [ 91.613769531000116, 22.949733735000109 ], [ 91.614089966000108, 22.949670792000177 ], [ 91.614471436000031, 22.949636459000089 ], [ 91.614654540000117, 22.949542999000187 ], [ 91.614982605000137, 22.949382782000157 ], [ 91.615242005000141, 22.949352265000186 ], [ 91.615608215000066, 22.949247360000129 ], [ 91.615745544000106, 22.949237825000125 ], [ 91.615852356000062, 22.949228287000039 ], [ 91.616127014000085, 22.949153901000102 ], [ 91.616294862000075, 22.949199676000092 ], [ 91.616401672000052, 22.949262619000081 ], [ 91.616355897000062, 22.949613572000032 ], [ 91.616516112000113, 22.949827195000069 ], [ 91.616638183000191, 22.949962616000164 ], [ 91.616630555000086, 22.950162888000023 ], [ 91.616531373000043, 22.950407029000075 ], [ 91.616409302000136, 22.950645448000159 ], [ 91.616340637000064, 22.950834275000091 ], [ 91.616264343000125, 22.950922013000024 ], [ 91.616210938000108, 22.950973511000029 ], [ 91.61611938600015, 22.951152802000024 ], [ 91.616004943000178, 22.951297761000035 ], [ 91.615783691000161, 22.951587677000077 ], [ 91.615386962000116, 22.951896667000028 ], [ 91.615264893000074, 22.951990129000137 ], [ 91.615020752000191, 22.952127458000064 ], [ 91.614768983000033, 22.952295303000142 ], [ 91.61432647700002, 22.952493667000056 ], [ 91.613761903000068, 22.952564240000129 ], [ 91.613601685000106, 22.952548980000074 ], [ 91.61333465600012, 22.952474593999966 ], [ 91.613243104, 22.952362060999974 ], [ 91.613197327000023, 22.952264786000057 ], [ 91.613044739000031, 22.95219993600017 ], [ 91.61294555700016, 22.952135086000112 ], [ 91.612777710000046, 22.952136993000011 ], [ 91.612289429000043, 22.952020645000175 ], [ 91.611900331000186, 22.951963425000031 ], [ 91.61170959400016, 22.951887131000149 ], [ 91.611495972000057, 22.951782226999967 ], [ 91.611335754000095, 22.95169639500017 ], [ 91.61121368400012, 22.951602936000143 ], [ 91.610984803000122, 22.951488495000035 ], [ 91.610588074000077, 22.951274873000102 ], [ 91.610069275000058, 22.951089859000092 ], [ 91.609794617000034, 22.950895310000078 ], [ 91.609489440000118, 22.95067596500013 ], [ 91.608070374000135, 22.95047187800003 ], [ 91.608612061000088, 22.95028686600017 ], [ 91.608146667000142, 22.950181961000112 ], [ 91.607833863000167, 22.950109483000119 ], [ 91.607429504000038, 22.950088502000085 ], [ 91.607162476000155, 22.950145722 ], [ 91.6070556640002, 22.950162888000023 ], [ 91.606948854000052, 22.950271606000115 ], [ 91.606887818000132, 22.950403214000175 ], [ 91.606719971000018, 22.95067596500013 ], [ 91.606613158000187, 22.950944900000081 ], [ 91.606727601000159, 22.951208115000099 ], [ 91.606765747999987, 22.951480865000121 ], [ 91.606788636000147, 22.951725006000117 ], [ 91.606880188000048, 22.951980591000051 ], [ 91.606903077000084, 22.952138901000183 ], [ 91.607009887000061, 22.952297211000143 ], [ 91.607070922000048, 22.952474593999966 ], [ 91.607124329000101, 22.952579499000024 ], [ 91.607177734000174, 22.952716828000121 ], [ 91.607345580000185, 22.953052521000131 ], [ 91.607627868000122, 22.95353698800011 ], [ 91.607849121000186, 22.953815460000101 ], [ 91.608009338000045, 22.954105378000065 ], [ 91.608283996000011, 22.954393387000039 ], [ 91.608604431000174, 22.954778672000032 ], [ 91.608795165000117, 22.95502471900005 ], [ 91.608947755000145, 22.955169678000061 ], [ 91.609321594999983, 22.955709458000115 ], [ 91.609443665000128, 22.955879211000024 ], [ 91.609474182000099, 22.956020355000192 ], [ 91.609313965000069, 22.956115722000163 ], [ 91.608886719000054, 22.956481934000067 ], [ 91.606689454000104, 22.956115722000163 ], [ 91.605812073000038, 22.956121445000178 ], [ 91.605506896000122, 22.955896377000045 ], [ 91.605354309000177, 22.955757140000173 ], [ 91.605018616000052, 22.95551109400003 ], [ 91.604904175000058, 22.955406189000144 ], [ 91.604454040000064, 22.955032349000135 ], [ 91.60437011800019, 22.954938889000061 ], [ 91.604293824000138, 22.954845428000056 ], [ 91.604011536000201, 22.954647064000142 ], [ 91.60386657700019, 22.954551696000067 ], [ 91.603492737000181, 22.95417594900016 ], [ 91.603080750000117, 22.953819275000114 ], [ 91.602737426000147, 22.953546524000046 ], [ 91.602546692000146, 22.953464508000025 ], [ 91.602363586000081, 22.953382492000117 ], [ 91.602165222000053, 22.95345688000009 ], [ 91.601982116000158, 22.953414918000135 ], [ 91.601905823000152, 22.953353882999977 ], [ 91.601799012000129, 22.953346252000188 ], [ 91.601539613000057, 22.953437806000125 ], [ 91.601425170000084, 22.953445435000106 ], [ 91.601310730000193, 22.953464508000025 ], [ 91.601272583000139, 22.953538894000133 ], [ 91.600883484, 22.953828812000097 ], [ 91.600776672000052, 22.953931810000142 ], [ 91.600524903000121, 22.954139710000106 ], [ 91.60037994400011, 22.954229356000042 ], [ 91.600250245000097, 22.954452514000025 ], [ 91.6002120980001, 22.954629898000121 ], [ 91.600120544000163, 22.954841615000191 ], [ 91.60002136200012, 22.955080033000172 ], [ 91.600044250000053, 22.955280305000031 ], [ 91.600013734000186, 22.955423355000164 ], [ 91.600028992000034, 22.956007004000071 ], [ 91.600059509000175, 22.956150056000183 ], [ 91.600135802000182, 22.956241608000084 ], [ 91.600173951000045, 22.956344605000027 ], [ 91.60031890800019, 22.956491470000174 ], [ 91.600326538000104, 22.956682206000153 ], [ 91.60034942700014, 22.956768035000039 ], [ 91.600509644000169, 22.957014084000036 ], [ 91.600791930000071, 22.957498552000175 ], [ 91.601051330000075, 22.957910539000068 ], [ 91.601303101000042, 22.958242417000179 ], [ 91.601524352000126, 22.95851135200013 ], [ 91.601791381999988, 22.958948135000128 ], [ 91.601860046000184, 22.959114075000173 ], [ 91.602073670000095, 22.959331513000052 ], [ 91.602180480000072, 22.959480285000097 ], [ 91.602401733000136, 22.959659576000092 ], [ 91.602561951000098, 22.959787369000082 ], [ 91.602638244000104, 22.959905625000147 ], [ 91.602783203000115, 22.960039139000173 ], [ 91.602951049000126, 22.960311888999968 ], [ 91.603042603000063, 22.960475921000068 ], [ 91.603309631000116, 22.960750579000035 ], [ 91.603424071000177, 22.960929870000029 ], [ 91.603614807000156, 22.961149216000081 ], [ 91.603874207000104, 22.961395264000032 ], [ 91.604248047000169, 22.961753846000192 ], [ 91.604690553000182, 22.96221351600019 ], [ 91.604789735, 22.962310792000096 ], [ 91.604927064000094, 22.96237754800012 ], [ 91.605056763000107, 22.962394714000084 ], [ 91.60520935, 22.962436676000038 ], [ 91.60536193900009, 22.962451934000057 ], [ 91.605476380000084, 22.962514877 ], [ 91.605728149000015, 22.962446214000124 ], [ 91.605995179000104, 22.962356567000029 ], [ 91.606201171000123, 22.962310792000096 ], [ 91.606414794000102, 22.962276458000076 ], [ 91.60667419400005, 22.96218681400012 ], [ 91.606796264000025, 22.962148667000065 ], [ 91.607299805000025, 22.963317872000118 ], [ 91.608009338000045, 22.964235305000045 ], [ 91.607864379000034, 22.964286805000086 ], [ 91.606697081999982, 22.964685441000029 ], [ 91.60631561200006, 22.964860917000124 ], [ 91.605957032000049, 22.965057374000139 ], [ 91.605613709000181, 22.965303420000055 ], [ 91.605323792000092, 22.965808869000057 ], [ 91.605194091999977, 22.966157913000188 ], [ 91.605163575000063, 22.966438293000067 ], [ 91.605186461000187, 22.966764451000074 ], [ 91.605262757000105, 22.967319488999976 ], [ 91.60536193900009, 22.967849732000104 ], [ 91.605537415000072, 22.968500137000149 ], [ 91.605773925999983, 22.969326019000107 ], [ 91.606124878000116, 22.970239639 ], [ 91.606201171000123, 22.970472335000068 ], [ 91.606239318000121, 22.970777512000041 ], [ 91.60629272500006, 22.971128463000184 ], [ 91.606285095000089, 22.971437455000171 ], [ 91.606231690000072, 22.971660612999983 ], [ 91.606117247999975, 22.971906662000038 ], [ 91.606033326000158, 22.972038268000063 ], [ 91.605842590000179, 22.972124100000087 ], [ 91.605560303000175, 22.972169877000056 ], [ 91.604820252000138, 22.972030640000128 ], [ 91.603881835000038, 22.971912385000053 ], [ 91.60365295400004, 22.971824646000186 ], [ 91.603271484000061, 22.971679689000155 ], [ 91.599670410000044, 22.969726562000119 ], [ 91.597290039000143, 22.970520020000038 ], [ 91.597473145000038, 22.972473144000162 ], [ 91.598281860000043, 22.975141526000129 ], [ 91.597679139000036, 22.975713730000052 ], [ 91.597450256000172, 22.975612641000168 ], [ 91.597274780000021, 22.975412369000082 ], [ 91.596847535000109, 22.975164414000119 ], [ 91.596382141000163, 22.974828721000108 ], [ 91.595893861000093, 22.974439621000101 ], [ 91.595329284000172, 22.974002838000104 ], [ 91.594795227000134, 22.97362137000016 ], [ 91.594535827000186, 22.973405837000143 ], [ 91.594367982000051, 22.973293305000084 ], [ 91.59402465800008, 22.973066331000155 ], [ 91.59367370700005, 22.972948074000044 ], [ 91.593490601000042, 22.972784043000047 ], [ 91.593368530000134, 22.972715378000146 ], [ 91.593193053999983, 22.972690582000041 ], [ 91.592849731000115, 22.972764970000185 ], [ 91.592643738000049, 22.972965241000111 ], [ 91.592422486000032, 22.973131180000109 ], [ 91.592330934000074, 22.973402024000109 ], [ 91.592231751000156, 22.97359085100004 ], [ 91.59209442000008, 22.973983764000081 ], [ 91.592010499000139, 22.97445487900012 ], [ 91.591873170000042, 22.975090026000146 ], [ 91.591728211000031, 22.975685119000104 ], [ 91.591667175000168, 22.97605705400008 ], [ 91.591598512000076, 22.976285935000078 ], [ 91.591453553000065, 22.976600647000168 ], [ 91.591339112000071, 22.976715088000162 ], [ 91.591064452000126, 22.976911544000075 ], [ 91.590827941000157, 22.977018357000077 ], [ 91.590606690000072, 22.977052688000185 ], [ 91.590385437000123, 22.97705841100003 ], [ 91.590179443000125, 22.976978302000077 ], [ 91.589988709000181, 22.976875305000192 ], [ 91.589851380000084, 22.976768495000044 ], [ 91.589790345000097, 22.976449967000121 ], [ 91.589492798000094, 22.975980758000162 ], [ 91.588829040000064, 22.975273132000041 ], [ 91.588615417000085, 22.975046159000158 ], [ 91.588485718000072, 22.974792480000076 ], [ 91.587669373000097, 22.974060058000191 ], [ 91.586929321000184, 22.973421098000074 ], [ 91.586387635000108, 22.973005296000167 ], [ 91.585502624000185, 22.972299576000182 ], [ 91.584983825000165, 22.971889496000188 ], [ 91.584487916000057, 22.971549988000163 ], [ 91.583625793000067, 22.970888137000031 ], [ 91.582443238000167, 22.969926834000148 ], [ 91.580856324000138, 22.968650817000025 ], [ 91.579681396000069, 22.967702865000092 ], [ 91.578880311000148, 22.967115402000047 ], [ 91.578666686000133, 22.966939927000055 ], [ 91.578239441000051, 22.966583252000078 ], [ 91.577789307000103, 22.966293334000113 ], [ 91.577362060000041, 22.965955735000136 ], [ 91.576950073000148, 22.965591431000178 ], [ 91.576759339000148, 22.965373993000128 ], [ 91.57635498000019, 22.965637208000146 ], [ 91.576240540000128, 22.965898513000184 ], [ 91.575538635000044, 22.967493058000059 ], [ 91.575004577000129, 22.968828202000054 ], [ 91.574562073000095, 22.969036103000121 ], [ 91.567687989000092, 22.972290040000132 ], [ 91.567291260000047, 22.972785951000048 ], [ 91.566314697000166, 22.973331451000035 ], [ 91.566070556000113, 22.973470688000134 ], [ 91.565635681000117, 22.973722457000065 ], [ 91.564056396000126, 22.974603653000145 ], [ 91.562316895000151, 22.975618363000081 ], [ 91.560928345000036, 22.976373674000115 ], [ 91.559906007000166, 22.976982117000148 ], [ 91.558433533000198, 22.977857591000088 ], [ 91.557174682000039, 22.978603363000161 ], [ 91.557121276000032, 22.979877473000045 ], [ 91.557075501000099, 22.981054305999976 ], [ 91.557052613000167, 22.981637955000053 ], [ 91.557014466000112, 22.983247756000139 ], [ 91.556961059, 22.985744476000093 ], [ 91.556922912000175, 22.987693787000183 ], [ 91.556953431000125, 22.989995957000076 ], [ 91.556968689000144, 22.991144181000038 ], [ 91.556968689000144, 22.991395949999969 ], [ 91.557006836000198, 22.99212074400009 ], [ 91.556999206000057, 22.992837906000091 ], [ 91.552917480000019, 22.992675781000116 ], [ 91.549018859000114, 22.994754792000094 ], [ 91.547462464000034, 22.994361877000188 ], [ 91.546981811000194, 22.994852067000068 ], [ 91.546844482000097, 22.994998932000044 ], [ 91.545951843000012, 22.995920182000077 ], [ 91.545669555000131, 22.996221542000114 ], [ 91.544853211000088, 22.997091294000143 ], [ 91.543624879000049, 22.998392106000097 ], [ 91.543144226000152, 22.998905182000101 ], [ 91.542449951000037, 22.999652862000175 ], [ 91.542701721000071, 23.00057220500014 ], [ 91.542724609000174, 23.000646591000077 ], [ 91.54319000300012, 23.002225875000136 ], [ 91.543586732, 23.003585816000168 ], [ 91.543975830000079, 23.004949570000178 ], [ 91.544357301000105, 23.006250381000086 ], [ 91.544654847000174, 23.007278442000143 ], [ 91.545341492000091, 23.009609223000155 ], [ 91.545684815000129, 23.010837556000126 ], [ 91.546470642000088, 23.013568879000047 ], [ 91.546653748000097, 23.014204026000129 ], [ 91.546890259000065, 23.015041351000036 ], [ 91.545486451000102, 23.014881133000074 ], [ 91.545600891000106, 23.015195848000133 ], [ 91.546386718000065, 23.017303467000147 ], [ 91.544128418000071, 23.017883301000154 ], [ 91.545127869000055, 23.019376754000177 ], [ 91.543411254000034, 23.019372941000142 ], [ 91.540924072000166, 23.019365311000058 ], [ 91.539649963000159, 23.019357681000145 ], [ 91.53834533700001, 23.019355773000143 ], [ 91.538635255000031, 23.01977539000012 ], [ 91.539108277000082, 23.020458222000116 ], [ 91.539268495000044, 23.020748138000158 ], [ 91.539482117000148, 23.021121978000167 ], [ 91.540451050000115, 23.02247238200016 ], [ 91.540618896000126, 23.022699357000192 ], [ 91.541213989000084, 23.023563385000102 ], [ 91.541732788000104, 23.024316788000192 ], [ 91.542282104000094, 23.025119781000114 ], [ 91.542907715000069, 23.026041031000148 ], [ 91.5440979010001, 23.028160095000146 ], [ 91.545211791000099, 23.03012848000003 ], [ 91.54607391400009, 23.031557082000063 ], [ 91.546813966000059, 23.032781602000171 ], [ 91.547500611000089, 23.033926011000062 ], [ 91.54761505100015, 23.034126282000045 ], [ 91.548095703000115, 23.034933089999981 ], [ 91.548500060000094, 23.035608292000063 ], [ 91.548782348000032, 23.036081314000171 ], [ 91.549339294000106, 23.037008285000184 ], [ 91.550285339000141, 23.038547516999984 ], [ 91.550117493000073, 23.038547516999984 ], [ 91.548652649000019, 23.038555145000089 ], [ 91.546432495000033, 23.038568496000039 ], [ 91.544517518000134, 23.038579941000023 ], [ 91.542556764000039, 23.03858947700013 ], [ 91.541709899000068, 23.038595200000145 ], [ 91.541374206000114, 23.038597107000044 ], [ 91.540885925999987, 23.038555145000089 ], [ 91.540634156000124, 23.038536072000056 ], [ 91.539978028, 23.038520813000105 ], [ 91.538597106000168, 23.03849601700017 ], [ 91.53608703600014, 23.038478852000082 ], [ 91.535873413000161, 23.038476944000138 ], [ 91.533905029000152, 23.038463593000188 ], [ 91.531562806000068, 23.038444520000098 ], [ 91.530700683000077, 23.038438797000083 ], [ 91.530433656000071, 23.038436890000185 ], [ 91.530906678000179, 23.040182114000174 ], [ 91.531410217000143, 23.042036056000086 ], [ 91.531440735000047, 23.042139052999971 ], [ 91.531562806000068, 23.04258918700009 ], [ 91.532104492000144, 23.043901443000152 ], [ 91.532745362000071, 23.045457841000143 ], [ 91.533363343000133, 23.04694557300013 ], [ 91.533729553000057, 23.047904968000182 ], [ 91.534278869, 23.049417496000103 ], [ 91.534683227000073, 23.050605775000122 ], [ 91.535057068000185, 23.051589966000108 ], [ 91.535263062000183, 23.052145004000181 ], [ 91.535293579000154, 23.052228928000034 ], [ 91.532287598000039, 23.053100587000131 ], [ 91.531311035000101, 23.053283692999969 ], [ 91.531173706000061, 23.053306579000093 ], [ 91.530113000000199, 23.05348000000015 ], [ 91.530069006000133, 23.053461476000052 ], [ 91.52999031100012, 23.053433274000042 ], [ 91.52858, 23.05364 ], [ 91.529161000000158, 23.054785000000152 ], [ 91.529517275000046, 23.055485573999988 ], [ 91.529136658000084, 23.055488586000081 ], [ 91.528396606000115, 23.055488586000081 ], [ 91.527572632000158, 23.055488586000081 ], [ 91.526038531000154, 23.055493600000148 ], [ 91.525238, 23.055496000000176 ], [ 91.524910000000148, 23.055498000000171 ], [ 91.525116000000139, 23.056719000000101 ], [ 91.525177, 23.057106000000147 ], [ 91.525322000000131, 23.057808000000136 ], [ 91.525597000000118, 23.059126000000106 ], [ 91.525739802000032, 23.059946093000065 ], [ 91.525766855000029, 23.060101257999975 ], [ 91.525772, 23.060131000000126 ], [ 91.525971000000141, 23.060201 ], [ 91.527542634000156, 23.060756397000091 ], [ 91.527554039000108, 23.060760431000119 ], [ 91.52860010500018, 23.061131388000149 ], [ 91.52902221700009, 23.061281205 ], [ 91.52973175000011, 23.061532974000158 ], [ 91.533218384000122, 23.062763214000142 ], [ 91.535254903000123, 23.063480191000053 ], [ 91.535225666000088, 23.063538669000081 ], [ 91.535209655000131, 23.063570022000135 ], [ 91.534858703000054, 23.064220428000112 ], [ 91.533973694000053, 23.065874100000144 ], [ 91.5338287350001, 23.066148758000168 ], [ 91.533271789000196, 23.067190170000174 ], [ 91.532592774000022, 23.068468094000025 ], [ 91.532561000000101, 23.06853000000018 ], [ 91.53247800500003, 23.068690989000061 ], [ 91.532472075000101, 23.068702706000067 ], [ 91.532150125000101, 23.06933855200009 ], [ 91.531998, 23.069639000000109 ], [ 91.531556, 23.070513000000119 ], [ 91.531242000000191, 23.071134999000151 ], [ 91.5306851590002, 23.072202800000127 ], [ 91.530173455000124, 23.073184036000157 ], [ 91.529674735000071, 23.074130682000145 ], [ 91.529526000000146, 23.074413 ], [ 91.529317, 23.07481300000012 ], [ 91.528587, 23.076212 ], [ 91.528015000000153, 23.077244000000178 ], [ 91.527720750000185, 23.077802103000067 ], [ 91.527259870000023, 23.07867625199998 ], [ 91.527179813000089, 23.078830747000097 ], [ 91.526733000000149, 23.079693 ], [ 91.526138000000117, 23.080839 ], [ 91.525047, 23.082966 ], [ 91.527130000000113, 23.084244 ], [ 91.528427000000136, 23.085020000000156 ], [ 91.528816001000109, 23.085253001000126 ], [ 91.529113326000072, 23.085435627000152 ], [ 91.529883999000162, 23.08590907100006 ], [ 91.529864, 23.086906 ], [ 91.529854146000105, 23.087409742000148 ], [ 91.529838563000169, 23.088184356000113 ], [ 91.529825634000076, 23.088678079000033 ], [ 91.529810000000168, 23.089256000000148 ], [ 91.529808, 23.089350000000138 ], [ 91.52978546200012, 23.090473003000056 ], [ 91.529784989000177, 23.090496490000135 ], [ 91.529776000000197, 23.090905000000191 ], [ 91.529770311, 23.091164817000106 ], [ 91.529769999000166, 23.091179000000125 ], [ 91.529767703000175, 23.091299021000168 ], [ 91.529762006000112, 23.091596652000192 ], [ 91.529197693000071, 23.091701507999971 ], [ 91.528912602, 23.091695219000087 ], [ 91.528735, 23.091691 ], [ 91.528419, 23.091684000000157 ], [ 91.526603794000096, 23.092199040000139 ], [ 91.5264150000001, 23.092236000000185 ], [ 91.52635543100007, 23.092248231000042 ], [ 91.525368822000075, 23.092513832000066 ], [ 91.524681, 23.092699 ], [ 91.52401, 23.09288000000015 ], [ 91.522942000000171, 23.093164 ], [ 91.52205, 23.093401 ], [ 91.521576000000152, 23.093527 ], [ 91.520102577000159, 23.093920125000182 ], [ 91.519666129000143, 23.09404865800002 ], [ 91.518867000000171, 23.09428400000013 ], [ 91.519142, 23.095026 ], [ 91.519207402000063, 23.095202114000074 ], [ 91.519294739000145, 23.09543800300014 ], [ 91.519404629000178, 23.095739253000033 ], [ 91.519537000000184, 23.096103 ], [ 91.519737000000191, 23.096651 ], [ 91.520477000000142, 23.098831000000132 ], [ 91.521011000000101, 23.100391001000162 ], [ 91.521165, 23.100845000000163 ], [ 91.521190987000182, 23.10092158000009 ], [ 91.521522521000065, 23.101900101000126 ], [ 91.521583556000053, 23.102083207000192 ], [ 91.521331974000191, 23.102371001000051 ], [ 91.519867880000049, 23.1024799220001 ], [ 91.51902, 23.102543000000139 ], [ 91.517560700999979, 23.103165669000077 ], [ 91.517089774, 23.103711820000058 ], [ 91.516624113000148, 23.104251869000052 ], [ 91.515647888000103, 23.104272842000114 ], [ 91.514449738000053, 23.104289535000134 ], [ 91.513183999000091, 23.104306999000187 ], [ 91.513027371000078, 23.104310836000025 ], [ 91.512939453000058, 23.104312897000113 ], [ 91.512620022000192, 23.104318653000064 ], [ 91.511757250000073, 23.10433407 ], [ 91.511246000000199, 23.104343 ], [ 91.51137400000016, 23.10556 ], [ 91.511482, 23.106581000000119 ], [ 91.51165, 23.108215000000143 ], [ 91.511666244000139, 23.108351368000058 ], [ 91.511687992000191, 23.108533930000078 ], [ 91.511695707, 23.108605371000181 ], [ 91.511710999000059, 23.108747000999983 ], [ 91.511742964000121, 23.10902738700014 ], [ 91.511947999000142, 23.110826001000078 ], [ 91.511949679000054, 23.110840760000144 ], [ 91.512029000000155, 23.11153800000011 ], [ 91.512115000000165, 23.112293 ], [ 91.51217576800002, 23.11282361300016 ], [ 91.512238, 23.113367 ], [ 91.514778, 23.113750001000085 ], [ 91.515988000000164, 23.113935 ], [ 91.51620478000018, 23.113967967000178 ], [ 91.517798998999979, 23.11421600000017 ], [ 91.51831834900014, 23.114295223000056 ], [ 91.518447239000182, 23.114314883000077 ], [ 91.51861, 23.114339 ], [ 91.520160184000076, 23.114568557000098 ], [ 91.520331999000121, 23.114594001000114 ], [ 91.520269302000031, 23.11476499500003 ], [ 91.520233, 23.114864000000125 ], [ 91.520204313000079, 23.114948011000081 ], [ 91.520148999000128, 23.115110001000176 ], [ 91.519447000000184, 23.117107 ], [ 91.51933366600008, 23.117427911999982 ], [ 91.51925659200009, 23.117645264000032 ], [ 91.519172810000043, 23.117888996000147 ], [ 91.517973, 23.117861000000119 ], [ 91.517143001000079, 23.117841999000063 ], [ 91.516697539000177, 23.117831247000083 ], [ 91.516273000000126, 23.117821 ], [ 91.515343, 23.117798 ], [ 91.515305000000126, 23.117975000000172 ], [ 91.515139, 23.118704 ], [ 91.515128998000137, 23.118748009000058 ], [ 91.515126, 23.11876 ], [ 91.515076000000192, 23.118971000000158 ], [ 91.515014975000042, 23.119206598000062 ], [ 91.514954, 23.119442 ], [ 91.514904149000131, 23.119655261000162 ], [ 91.514641, 23.120781000000136 ], [ 91.514502000000164, 23.121345 ], [ 91.514427000000126, 23.121651 ], [ 91.514361000000179, 23.121942000000104 ], [ 91.514191000000153, 23.122692 ], [ 91.515256621000162, 23.123521443000129 ], [ 91.515891000000124, 23.12401522100015 ], [ 91.514862060999974, 23.124921800000095 ], [ 91.513732973000174, 23.12537 ], [ 91.512718386000188, 23.125410912000063 ], [ 91.511749, 23.125450000000114 ], [ 91.511127000000158, 23.12575100000015 ], [ 91.510117, 23.126240000000109 ], [ 91.509845, 23.126401000000101 ], [ 91.509712, 23.12648 ], [ 91.509597, 23.126587 ], [ 91.509577297000078, 23.126605389000019 ], [ 91.509552002000191, 23.12662887700003 ], [ 91.509453390000033, 23.126641929000073 ], [ 91.509163000000171, 23.126679998999975 ], [ 91.508090431000142, 23.12681979600012 ], [ 91.507828000000188, 23.126854 ], [ 91.507325000000151, 23.126921000000152 ], [ 91.50572808700008, 23.127134120000164 ], [ 91.505714, 23.127136000000178 ], [ 91.504708000000164, 23.127268 ], [ 91.503745955000056, 23.127394225000103 ], [ 91.503726, 23.127495000000181 ], [ 91.503600891000133, 23.128143519000105 ], [ 91.503556526000068, 23.128352340000106 ], [ 91.503501884000173, 23.12860958400006 ], [ 91.503396000000123, 23.129142 ], [ 91.503203299000063, 23.130113012000095 ], [ 91.503082, 23.130634 ], [ 91.503594780000071, 23.130986268000072 ], [ 91.504395, 23.131536 ], [ 91.506332, 23.132875000000183 ], [ 91.507629, 23.133762 ], [ 91.509018, 23.134729000000107 ], [ 91.510639, 23.135848000000124 ], [ 91.511688, 23.136572000000172 ], [ 91.512132571000109, 23.136872359000108 ], [ 91.512618665, 23.137201070000174 ], [ 91.5120999990001, 23.137310000000127 ], [ 91.509036687000105, 23.137965200000167 ], [ 91.508594000000187, 23.138499000000138 ], [ 91.508425776000081, 23.138701901000104 ], [ 91.507453919000056, 23.139873505000082 ], [ 91.507311408000078, 23.139888944000177 ], [ 91.507225, 23.139898 ], [ 91.50715700000012, 23.139932 ], [ 91.507118, 23.139952 ], [ 91.507076061000078, 23.139993939000078 ], [ 91.507034, 23.140036000000123 ], [ 91.506958000000168, 23.140182 ], [ 91.506927, 23.140331000000174 ], [ 91.506894812000098, 23.140378926000039 ], [ 91.506881715000134, 23.140398025000138 ], [ 91.506863881000072, 23.140406942000084 ], [ 91.506804782000074, 23.140435976000163 ], [ 91.50676, 23.140431 ], [ 91.506722613000136, 23.140427116000126 ], [ 91.506683350000174, 23.140422821000016 ], [ 91.506527197000139, 23.140353755000035 ], [ 91.506485000000112, 23.140335000000164 ], [ 91.506452204000027, 23.140315107 ], [ 91.506363000000135, 23.140261 ], [ 91.50627100000014, 23.14023200000014 ], [ 91.506157000000144, 23.140226 ], [ 91.506071000000134, 23.140234000000135 ], [ 91.506050000000187, 23.140236000000129 ], [ 91.506037000000163, 23.140244 ], [ 91.505952450000109, 23.140296030000115 ], [ 91.50592, 23.140316000000155 ], [ 91.50576000000018, 23.140396 ], [ 91.505500652000194, 23.140491094000083 ], [ 91.505346, 23.140533000000175 ], [ 91.505285393000065, 23.140549703000033 ], [ 91.505218507000052, 23.140567780000026 ], [ 91.505104064000079, 23.140609742000152 ], [ 91.50498199499998, 23.140611650000096 ], [ 91.504905700000165, 23.140611650000096 ], [ 91.504783631000123, 23.140573501000063 ], [ 91.504752470000085, 23.140554891000136 ], [ 91.504718, 23.140534000000116 ], [ 91.504640573000188, 23.14049012300012 ], [ 91.504448000000139, 23.140459 ], [ 91.50443300000012, 23.140577000000121 ], [ 91.504426, 23.140651000000162 ], [ 91.504425000000197, 23.140665 ], [ 91.504431872000055, 23.140677848000109 ], [ 91.504470824000066, 23.140750886000092 ], [ 91.504464606000113, 23.140769544000023 ], [ 91.504461000000163, 23.140780000000177 ], [ 91.504439999000112, 23.140842000000191 ], [ 91.504396, 23.14084 ], [ 91.504375264000146, 23.14083948200016 ], [ 91.504356384000175, 23.14083862300015 ], [ 91.504304827000112, 23.140806706000092 ], [ 91.504253000000176, 23.140774 ], [ 91.504196, 23.140739000000167 ], [ 91.504166, 23.140756000000181 ], [ 91.504128000000151, 23.140778 ], [ 91.504133609000121, 23.140866122000034 ], [ 91.504134836000162, 23.140888651000012 ], [ 91.504104, 23.141011000000105 ], [ 91.504100318000155, 23.141025727000169 ], [ 91.504096984000057, 23.141038895 ], [ 91.50403594900007, 23.141185762000191 ], [ 91.503921509000179, 23.141347885000187 ], [ 91.503866518000166, 23.141401816000155 ], [ 91.503822, 23.141445000000147 ], [ 91.503677, 23.14157899900016 ], [ 91.503623999000069, 23.141667999000049 ], [ 91.503609568000059, 23.14170121900014 ], [ 91.503570557000103, 23.141790390000153 ], [ 91.503501891000099, 23.14188766500007 ], [ 91.503387451000037, 23.141931534000094 ], [ 91.503351621000093, 23.141947382000126 ], [ 91.503295000000151, 23.141972 ], [ 91.503189, 23.142019 ], [ 91.503120160000037, 23.142072874000064 ], [ 91.502968, 23.142172 ], [ 91.502845960000116, 23.14225003100006 ], [ 91.50276289400017, 23.142313594000086 ], [ 91.502731, 23.142338000000166 ], [ 91.502594, 23.142427 ], [ 91.502527000000157, 23.142486000000133 ], [ 91.502517867000051, 23.142494057000192 ], [ 91.502434000000108, 23.14253 ], [ 91.502388, 23.142549 ], [ 91.50235, 23.142565000000104 ], [ 91.502318000000116, 23.142598000000135 ], [ 91.502281, 23.142637 ], [ 91.502257746000112, 23.142674740000132 ], [ 91.502220000000193, 23.142736 ], [ 91.502052000000106, 23.142807 ], [ 91.502005531000123, 23.14283390200012 ], [ 91.501900000000148, 23.142895 ], [ 91.501865000000123, 23.142937000000131 ], [ 91.501823000000172, 23.142988000000116 ], [ 91.501755, 23.143070000000137 ], [ 91.501747132000105, 23.143079758000056 ], [ 91.501670838000052, 23.143144608000114 ], [ 91.501579284000115, 23.143205644000147 ], [ 91.501520237000079, 23.14321369400011 ], [ 91.501495240000054, 23.14321696900015 ], [ 91.50148547100008, 23.143207471000039 ], [ 91.501475000000198, 23.143197000000157 ], [ 91.501427001000195, 23.143150001000095 ], [ 91.501389000000188, 23.143064000000152 ], [ 91.501297000000193, 23.142990000000111 ], [ 91.501289, 23.143119999000078 ], [ 91.501280457000178, 23.143149451000056 ], [ 91.501250990000131, 23.143251001000124 ], [ 91.501185883000119, 23.143259587000102 ], [ 91.501159669000117, 23.143262864000121 ], [ 91.501075969000112, 23.143245659000172 ], [ 91.501071000000138, 23.143191 ], [ 91.501067975000183, 23.143159824000122 ], [ 91.501060000000109, 23.143104000000108 ], [ 91.501052739000158, 23.143058585000176 ], [ 91.50102202700009, 23.143009673000051 ], [ 91.500998685000127, 23.142972790000101 ], [ 91.500960000000191, 23.142947000000106 ], [ 91.500890394000123, 23.142902480000146 ], [ 91.500779000000136, 23.142923 ], [ 91.500724665000178, 23.142933073000108 ], [ 91.50066100000015, 23.142947000000106 ], [ 91.500504000000149, 23.142982000000131 ], [ 91.50041844600014, 23.142953701000181 ], [ 91.500373707000108, 23.142938914000126 ], [ 91.500289000000123, 23.142914000000189 ], [ 91.500267, 23.142907999000158 ], [ 91.500206000000162, 23.142868000000135 ], [ 91.500192, 23.142848 ], [ 91.500158005000173, 23.142800057999978 ], [ 91.500114440000061, 23.14273834200003 ], [ 91.500114440000061, 23.142646790000128 ], [ 91.500109238000164, 23.142583048000176 ], [ 91.50010700100006, 23.142553001000067 ], [ 91.500131335000106, 23.142460144000097 ], [ 91.500145, 23.142408 ], [ 91.500160000000108, 23.142317000000162 ], [ 91.500160000000108, 23.142227 ], [ 91.5001335, 23.142200500000115 ], [ 91.500106793000043, 23.142173833000129 ], [ 91.500076, 23.142149000000131 ], [ 91.500030812000034, 23.142113068000185 ], [ 91.499878000000194, 23.142168 ], [ 91.499864000000116, 23.14218 ], [ 91.499664, 23.142355000000123 ], [ 91.499458, 23.142561000000114 ], [ 91.499418000000162, 23.142607 ], [ 91.499404287000175, 23.142622864000089 ], [ 91.499366760000157, 23.142665864000094 ], [ 91.499267578000115, 23.142749787000184 ], [ 91.499215978000109, 23.142777571000181 ], [ 91.499168, 23.142803 ], [ 91.498947000000101, 23.142839 ], [ 91.498871001000111, 23.142805 ], [ 91.498795000000143, 23.142736 ], [ 91.498665000000187, 23.142679000000101 ], [ 91.498674, 23.142733000000135 ], [ 91.498694991000093, 23.142850951000014 ], [ 91.498700134999979, 23.142868862000171 ], [ 91.498718000000167, 23.142931 ], [ 91.498727917000167, 23.142962045000161 ], [ 91.498740999000177, 23.143003001000181 ], [ 91.498703000000148, 23.14311399900015 ], [ 91.4986189990002, 23.143169000000171 ], [ 91.498539511000047, 23.14327498300014 ], [ 91.49852, 23.143301 ], [ 91.498524766000116, 23.143315619000134 ], [ 91.49855, 23.143393001000106 ], [ 91.498624842000083, 23.143448381999974 ], [ 91.498649597000053, 23.143466949000185 ], [ 91.498802185999978, 23.143539429000157 ], [ 91.498824603000173, 23.143566049000071 ], [ 91.498862999000153, 23.143612 ], [ 91.498877000000164, 23.14365800000013 ], [ 91.498886877000189, 23.143688793000081 ], [ 91.498893738000106, 23.143711090000068 ], [ 91.498939515000075, 23.143829346000075 ], [ 91.49893, 23.143885 ], [ 91.498923999000056, 23.143919 ], [ 91.498862999000153, 23.143978000000118 ], [ 91.49879496200009, 23.144035 ], [ 91.498703000000148, 23.144037 ], [ 91.498627001000159, 23.144041000000186 ], [ 91.498577512000054, 23.144028503000129 ], [ 91.498527996000064, 23.144016 ], [ 91.498487155000134, 23.144012597000028 ], [ 91.498443604000158, 23.14400863700007 ], [ 91.49838446300015, 23.143981179000093 ], [ 91.498368176000156, 23.143973593 ], [ 91.498337, 23.143959000000166 ], [ 91.498253, 23.144009 ], [ 91.498254000000145, 23.144024 ], [ 91.498259923000148, 23.144094127000074 ], [ 91.498229, 23.144145 ], [ 91.498221700000101, 23.144157515000131 ], [ 91.498214721000181, 23.1441688540001 ], [ 91.498130947000163, 23.14422413900013 ], [ 91.498122784000088, 23.144245203000139 ], [ 91.498100000000193, 23.144304 ], [ 91.49804699200007, 23.144388010000114 ], [ 91.498036000000184, 23.144403000000125 ], [ 91.497978, 23.144484 ], [ 91.497954929000173, 23.144554110000172 ], [ 91.497937, 23.144582000000185 ], [ 91.49792941600009, 23.144594078000125 ], [ 91.49790954700012, 23.144624710000187 ], [ 91.497825623000097, 23.144628526000133 ], [ 91.497741699000073, 23.144649506000064 ], [ 91.497673000000191, 23.144701 ], [ 91.497604000000138, 23.144787 ], [ 91.497588573000201, 23.144820289999984 ], [ 91.497566, 23.144869000000142 ], [ 91.497553326000059, 23.144924658000093 ], [ 91.497543, 23.144970000000114 ], [ 91.497482, 23.145132 ], [ 91.497403831000042, 23.145238594000148 ], [ 91.497383000000184, 23.145267 ], [ 91.497246000000189, 23.145353 ], [ 91.497093000000177, 23.145445000000166 ], [ 91.496986, 23.145449000000156 ], [ 91.496902000000148, 23.14543 ], [ 91.496887750000042, 23.145427625000082 ], [ 91.496787847000064, 23.145411013000114 ], [ 91.496730000000127, 23.145416 ], [ 91.496712, 23.145418 ], [ 91.496628, 23.145441 ], [ 91.496600650000119, 23.145462521000127 ], [ 91.496566957000084, 23.145489092000105 ], [ 91.496553, 23.145519 ], [ 91.496536000000106, 23.145557 ], [ 91.496521, 23.145641 ], [ 91.49648012900019, 23.145698542 ], [ 91.496444800000177, 23.145748004000041 ], [ 91.496345938000161, 23.145750022000186 ], [ 91.496326463000059, 23.145756643000141 ], [ 91.496246, 23.145784000000162 ], [ 91.49625946000009, 23.14583023299997 ], [ 91.496269, 23.145863000000134 ], [ 91.496298, 23.145927 ], [ 91.496318674000065, 23.145971364000047 ], [ 91.496345521000023, 23.146030426000095 ], [ 91.496373645000062, 23.146248391000142 ], [ 91.496376000000168, 23.146267000000137 ], [ 91.496323, 23.146355000000142 ], [ 91.496277000000134, 23.146416 ], [ 91.496290802000033, 23.146480208000014 ], [ 91.496299960999977, 23.146522817000118 ], [ 91.496390639000026, 23.146579774000088 ], [ 91.496433694000132, 23.146620374000065 ], [ 91.496482730000139, 23.146667365000155 ], [ 91.496428388000083, 23.146740301000136 ], [ 91.496366470000112, 23.146770618000062 ], [ 91.49628448500016, 23.146810533000121 ], [ 91.496101380000198, 23.146867753000038 ], [ 91.495956198000044, 23.146905948999972 ], [ 91.495804, 23.146886999 ], [ 91.495606109000164, 23.14685589000004 ], [ 91.495574999000041, 23.14685100000014 ], [ 91.495450937000101, 23.146855547000087 ], [ 91.495384000000172, 23.146857999000133 ], [ 91.495333064000192, 23.14686269200007 ], [ 91.495232, 23.146872000000144 ], [ 91.495163000000161, 23.146912 ], [ 91.49511, 23.146999000000164 ], [ 91.49503238300008, 23.147099210000079 ], [ 91.494945, 23.147129 ], [ 91.494896, 23.147146 ], [ 91.49482, 23.14717300000018 ], [ 91.494682000000182, 23.147223 ], [ 91.495829475000164, 23.14775228100001 ], [ 91.496050000000196, 23.147854 ], [ 91.496807151000041, 23.148203304000162 ], [ 91.496826000000112, 23.148212000000171 ], [ 91.498008000000198, 23.148756 ], [ 91.498382614000093, 23.148927823000122 ], [ 91.499162000000126, 23.149286000000188 ], [ 91.500333159000093, 23.149823313000127 ], [ 91.501091003000113, 23.150171280000052 ], [ 91.501708985000107, 23.150459289000025 ], [ 91.502868652000188, 23.151000977000081 ], [ 91.50406646800019, 23.151691437000181 ], [ 91.506530761000079, 23.153120041000079 ], [ 91.506835938000165, 23.153297424000073 ], [ 91.507003294000185, 23.153395285000101 ], [ 91.507076000000154, 23.153438000000165 ], [ 91.5072855680001, 23.153560747000142 ], [ 91.507179000000122, 23.154264000000126 ], [ 91.507165839000038, 23.154388587000028 ], [ 91.507164001000035, 23.154405594000139 ], [ 91.505287170000088, 23.15411186200015 ], [ 91.503845215000069, 23.153871536000167 ], [ 91.501937866000105, 23.153562547000092 ], [ 91.501655699000139, 23.153517251999972 ], [ 91.501432000000193, 23.15348100000017 ], [ 91.501212962000182, 23.153445994000151 ], [ 91.501097913000137, 23.153428532000135 ], [ 91.50087738100018, 23.153394699000046 ], [ 91.500306140000077, 23.153304026000114 ], [ 91.500124000000142, 23.153275000000178 ], [ 91.499916000000155, 23.153242000000148 ], [ 91.498744465000129, 23.153057916000023 ], [ 91.497574001000089, 23.152874 ], [ 91.497502830000144, 23.152862855000137 ], [ 91.496284000000173, 23.152672 ], [ 91.494286000000102, 23.152363 ], [ 91.494090000000199, 23.15268 ], [ 91.493988000000115, 23.152845000000127 ], [ 91.493835, 23.153088 ], [ 91.493239422000158, 23.154041931000165 ], [ 91.492862673000161, 23.154647875000023 ], [ 91.492736817000036, 23.15485000700005 ], [ 91.492641660000118, 23.154999762999978 ], [ 91.49227100000013, 23.155582 ], [ 91.491432, 23.156914 ], [ 91.491393000000187, 23.156974 ], [ 91.491095397000151, 23.157434409000189 ], [ 91.490882993000127, 23.15776278800007 ], [ 91.490989939000144, 23.157904005000148 ], [ 91.491378689000157, 23.158417327000166 ], [ 91.491935729000033, 23.159152984000173 ], [ 91.492568969000047, 23.159996033000027 ], [ 91.492598835000194, 23.160036041000126 ], [ 91.492607, 23.160047 ], [ 91.492973000000177, 23.160538 ], [ 91.493248000000165, 23.160574000000167 ], [ 91.493303218000108, 23.160624170000062 ], [ 91.493331910000165, 23.160650254000075 ], [ 91.493331910000165, 23.161500931000035 ], [ 91.493344689000082, 23.161543740000127 ], [ 91.493370000000141, 23.161628999000129 ], [ 91.493413655000097, 23.161651163000045 ], [ 91.493499618000044, 23.161694805000081 ], [ 91.493576000000132, 23.161551001000078 ], [ 91.493672028000105, 23.161517021000122 ], [ 91.493705999000156, 23.161505 ], [ 91.493971000000101, 23.161656000000164 ], [ 91.494447813000079, 23.16192649400017 ], [ 91.494766148, 23.162107418 ], [ 91.494838641000058, 23.162312679000024 ], [ 91.495032999000159, 23.162863000000186 ], [ 91.495285000000138, 23.163578 ], [ 91.496207999000035, 23.166206 ], [ 91.496643, 23.167448000000149 ], [ 91.496971, 23.168383 ], [ 91.497206783000081, 23.16905545100019 ], [ 91.497497558000077, 23.169885636 ], [ 91.497995539000158, 23.171399318000056 ], [ 91.498123000000135, 23.171787000000108 ], [ 91.496951000000138, 23.171860000000152 ], [ 91.496346000000187, 23.171898 ], [ 91.4962230000001, 23.171906 ], [ 91.496116999000151, 23.171912998999971 ], [ 91.495598, 23.17193 ], [ 91.493988000000115, 23.172012000000109 ], [ 91.492287, 23.172092000000134 ], [ 91.492188, 23.172951000000182 ], [ 91.492177000000197, 23.173068 ], [ 91.492172000000153, 23.173126 ], [ 91.492170876000046, 23.173136427000145 ], [ 91.492127972000048, 23.17353386800005 ], [ 91.492081, 23.173969 ], [ 91.491995104000068, 23.174712022000051 ], [ 91.491897999000116, 23.175552 ], [ 91.49180965700009, 23.176373013000045 ], [ 91.491805999000121, 23.176406999000051 ], [ 91.491761934000124, 23.176831925000045 ], [ 91.491722, 23.177217000000155 ], [ 91.491701, 23.177411 ], [ 91.491669, 23.177711 ], [ 91.492544407000139, 23.17805639900007 ], [ 91.493285999000193, 23.178349001000129 ], [ 91.494509540000081, 23.178827417000093 ], [ 91.494621278000125, 23.178871154999968 ], [ 91.49633789100011, 23.179552079000189 ], [ 91.496384482000167, 23.179570549000118 ], [ 91.496551, 23.179637 ], [ 91.496870979000164, 23.179763596000043 ], [ 91.497012291000146, 23.179820182000071 ], [ 91.497292989000073, 23.179932591000068 ], [ 91.498466, 23.180019000000186 ], [ 91.499664, 23.180101 ], [ 91.500816, 23.180183001000159 ], [ 91.501083, 23.180204 ], [ 91.501201, 23.180213 ], [ 91.501304776000097, 23.180219985000065 ], [ 91.502033586000039, 23.180269192000139 ], [ 91.502089999000191, 23.18027300100016 ], [ 91.502498530000139, 23.180299502000139 ], [ 91.502907000000164, 23.180326 ], [ 91.503342, 23.180353000000139 ], [ 91.503374, 23.180351000000144 ], [ 91.503464, 23.180344000000105 ], [ 91.503559000000109, 23.180336000000125 ], [ 91.50367736700008, 23.180326461000163 ], [ 91.504081726000038, 23.180294037000124 ], [ 91.504837036000197, 23.180233002000136 ], [ 91.506668049000041, 23.180084233000173 ], [ 91.506675822000091, 23.180120954000131 ], [ 91.506736755000077, 23.180410385000187 ], [ 91.506765213000108, 23.180547930000102 ], [ 91.506782000000157, 23.180630000000122 ], [ 91.506828, 23.180853000000127 ], [ 91.507019, 23.181826000000115 ], [ 91.507035693000091, 23.181896400000085 ], [ 91.50706481900005, 23.182020188000024 ], [ 91.507106301000078, 23.182213198 ], [ 91.507155000000125, 23.182441 ], [ 91.507201961000192, 23.182658821000018 ], [ 91.507309, 23.183146000000136 ], [ 91.507319000000166, 23.183191 ], [ 91.507342668000035, 23.183291588000088 ], [ 91.507354737000014, 23.183343887000035 ], [ 91.507290074000082, 23.18336598000019 ], [ 91.507163, 23.183409 ], [ 91.506897, 23.1835 ], [ 91.506294, 23.184143000000176 ], [ 91.506042, 23.184206 ], [ 91.506025549000185, 23.184210546000088 ], [ 91.505966000000171, 23.184227000000192 ], [ 91.50589, 23.184245 ], [ 91.505172410000057, 23.184418145000109 ], [ 91.504337149000094, 23.184623615000078 ], [ 91.504112, 23.184679000000131 ], [ 91.503453887000035, 23.184843341000146 ], [ 91.503234999000028, 23.184898000000146 ], [ 91.503165417000162, 23.184914350000042 ], [ 91.502869, 23.184984000000156 ], [ 91.501564, 23.18529500000011 ], [ 91.501030000000128, 23.185419 ], [ 91.501984, 23.186621 ], [ 91.502158629000178, 23.186838019000163 ], [ 91.501752000000181, 23.186859 ], [ 91.500748, 23.186911 ], [ 91.497043000000133, 23.187200000000189 ], [ 91.495621, 23.187311000000136 ], [ 91.494559, 23.187409 ], [ 91.49384287800018, 23.187475212000038 ], [ 91.491920471000185, 23.187652589000038 ], [ 91.490861566000092, 23.187149608000084 ], [ 91.490547000000163, 23.187000000000126 ], [ 91.489682000000187, 23.187113 ], [ 91.488708, 23.187241 ], [ 91.488150453000173, 23.187367555000094 ], [ 91.48712197499998, 23.187601003000054 ], [ 91.485908686000073, 23.187768174000098 ], [ 91.483856, 23.188050999000154 ], [ 91.481499, 23.185871000000134 ], [ 91.480513, 23.18603800000011 ], [ 91.478912, 23.18631 ], [ 91.47885, 23.186341000000141 ], [ 91.474777, 23.188398000000177 ], [ 91.474536019000141, 23.188596109000116 ], [ 91.474243000000115, 23.188837 ], [ 91.475477, 23.191207 ], [ 91.47602164, 23.192252292000035 ], [ 91.476158142000145, 23.192514420000066 ], [ 91.476493757000071, 23.193155140000158 ], [ 91.475791999000137, 23.193563000000154 ], [ 91.475308302000144, 23.193848549000052 ], [ 91.475066998999978, 23.193990999000107 ], [ 91.474647536000191, 23.194235979000098 ], [ 91.474224945000117, 23.194482812000047 ], [ 91.473760688000198, 23.194757943000127 ], [ 91.473305000000153, 23.195028 ], [ 91.472519, 23.195484 ], [ 91.472259000000122, 23.195637000000147 ], [ 91.471820606000051, 23.195896529000038 ], [ 91.47163391100014, 23.196006776000161 ], [ 91.471087569000076, 23.196328806000167 ], [ 91.470695, 23.196560000000147 ], [ 91.471393, 23.196685000000173 ], [ 91.471809000000178, 23.196760000000154 ], [ 91.47245, 23.196872 ], [ 91.473259, 23.197014 ], [ 91.47392055600011, 23.197124978000147 ], [ 91.474487, 23.197220000000186 ], [ 91.474991, 23.197308000000191 ], [ 91.47549968400017, 23.197394329000133 ], [ 91.475922001000015, 23.197466001 ], [ 91.476562000000172, 23.197575 ], [ 91.47728598100008, 23.197698096000124 ], [ 91.47735595600011, 23.197710038000082 ], [ 91.477430917, 23.197722978000058 ], [ 91.477737, 23.197776 ], [ 91.478317, 23.197876000000122 ], [ 91.478500931000099, 23.197907216000033 ], [ 91.479244734000076, 23.198033445000078 ], [ 91.480583000000138, 23.198263000000168 ], [ 91.481372416000056, 23.198392288000036 ], [ 91.481621001000121, 23.198433001000126 ], [ 91.481687000000193, 23.198445000000106 ], [ 91.482011362000037, 23.198501963000126 ], [ 91.482376083000077, 23.198566436000021 ], [ 91.482498000000135, 23.19920900000011 ], [ 91.48254, 23.19944 ], [ 91.482674000000145, 23.200174000000175 ], [ 91.482895, 23.201372 ], [ 91.483114599000089, 23.20255819700003 ], [ 91.483139, 23.202690000000189 ], [ 91.48333700000012, 23.203745 ], [ 91.483489, 23.204582 ], [ 91.48362, 23.20530100000019 ], [ 91.483849000000191, 23.206503000000168 ], [ 91.48390090100014, 23.206786987000157 ], [ 91.483955, 23.207083001000115 ], [ 91.484084999000061, 23.20776 ], [ 91.484219, 23.208457 ], [ 91.484229570000025, 23.20851081100011 ], [ 91.484367, 23.209335000000181 ], [ 91.483990000000119, 23.209785000000124 ], [ 91.483704000000102, 23.21012700000017 ], [ 91.483654365000177, 23.210187975000167 ], [ 91.483437, 23.210454999000035 ], [ 91.483192031999977, 23.210761586000103 ], [ 91.482948, 23.211067000000128 ], [ 91.482437418000075, 23.211699272000089 ], [ 91.482153209000103, 23.212051221000138 ], [ 91.481809000000169, 23.212478 ], [ 91.481688475000055, 23.212627657000041 ], [ 91.481597900000111, 23.212739945000123 ], [ 91.481254579, 23.213171005000049 ], [ 91.480773924000118, 23.213766097000075 ], [ 91.480758601, 23.213785254000186 ], [ 91.480094910000048, 23.214614868000069 ], [ 91.480025388000172, 23.214701770000147 ], [ 91.479953, 23.214792000000159 ], [ 91.47980499900018, 23.2149769990001 ], [ 91.479248000000155, 23.215658 ], [ 91.478966001000174, 23.216004999000063 ], [ 91.478798185000187, 23.215994646000183 ], [ 91.478577, 23.215981000000113 ], [ 91.475386191000098, 23.214885226000035 ], [ 91.473717000000136, 23.214312 ], [ 91.471857107000176, 23.2137853750001 ], [ 91.467148000000179, 23.212452000000155 ], [ 91.465599, 23.212393 ], [ 91.464287, 23.21221 ], [ 91.464007000000151, 23.212587000000156 ], [ 91.463806, 23.212858 ], [ 91.462158000000102, 23.213060001000144 ], [ 91.461962702000108, 23.213572592000162 ], [ 91.461776734000182, 23.214059829000064 ], [ 91.461426255000049, 23.214178045999972 ], [ 91.46126, 23.214234 ], [ 91.460815131000118, 23.214383956000177 ], [ 91.460075378999989, 23.214075090000165 ], [ 91.459574019000115, 23.213865807000161 ], [ 91.459240751000038, 23.213726660000134 ], [ 91.459164, 23.213695 ], [ 91.458565000000192, 23.213448000000142 ], [ 91.458496000000139, 23.213572000000113 ], [ 91.458382000000142, 23.213675000000137 ], [ 91.458279000000175, 23.213733000000104 ], [ 91.458229, 23.213762 ], [ 91.458091988000149, 23.213865050000038 ], [ 91.458078652000097, 23.213919255000178 ], [ 91.458060919000161, 23.213991961000147 ], [ 91.458046, 23.214168 ], [ 91.45805, 23.214228 ], [ 91.458060945000113, 23.214377245000037 ], [ 91.458073550000051, 23.214465443000051 ], [ 91.458091736000085, 23.214593887000035 ], [ 91.458084849000159, 23.214628324000103 ], [ 91.458077000000117, 23.214666 ], [ 91.45806097600007, 23.214746244000082 ], [ 91.458048, 23.214877000000115 ], [ 91.458046, 23.214903000000106 ], [ 91.45813, 23.215157000000147 ], [ 91.458221000000151, 23.215364 ], [ 91.4582690000002, 23.215547000000129 ], [ 91.458274059000189, 23.215565551000111 ], [ 91.458274842000151, 23.21567154000013 ], [ 91.458262078000189, 23.215705844000126 ], [ 91.458254, 23.215727 ], [ 91.458244115000184, 23.215753688000177 ], [ 91.458183913000198, 23.215791711000179 ], [ 91.458099000000175, 23.215845 ], [ 91.458009000000175, 23.21588300000019 ], [ 91.457999600000107, 23.215886974000171 ], [ 91.457885741000041, 23.215934754000045 ], [ 91.457565, 23.216015 ], [ 91.457552, 23.216022000000123 ], [ 91.457497496000144, 23.216052078000132 ], [ 91.457252502000131, 23.216186524000079 ], [ 91.456756591000044, 23.216447831000096 ], [ 91.45642089800009, 23.216615677000163 ], [ 91.45627050100012, 23.216689662000135 ], [ 91.456184000000178, 23.216731999 ], [ 91.45592403600017, 23.216881589000138 ], [ 91.455825805000131, 23.216938019000168 ], [ 91.455791863000172, 23.216953172000103 ], [ 91.455754000000127, 23.21697 ], [ 91.45550500000013, 23.217081000000178 ], [ 91.455409934999977, 23.217108519000078 ], [ 91.455314999000109, 23.217136000000153 ], [ 91.45516584000012, 23.217222684000035 ], [ 91.45512396100014, 23.217247026000052 ], [ 91.455111889000193, 23.217254767000099 ], [ 91.455032, 23.217306000000178 ], [ 91.455005496000183, 23.217335504000118 ], [ 91.454978888000142, 23.217365070000085 ], [ 91.454903, 23.217413000000136 ], [ 91.45484565400011, 23.217450238000026 ], [ 91.454826355000193, 23.217462541000032 ], [ 91.454483032000155, 23.217496873000073 ], [ 91.454200744000048, 23.217638017000183 ], [ 91.454078675000176, 23.217660905000116 ], [ 91.454055417000177, 23.217673826000066 ], [ 91.45402200000018, 23.217692000000113 ], [ 91.454009975000133, 23.217699008000181 ], [ 91.453997779000019, 23.217702580000093 ], [ 91.453911, 23.217728 ], [ 91.453871000000106, 23.217792 ], [ 91.453840495000179, 23.217843403000131 ], [ 91.453796000000125, 23.217944 ], [ 91.453779000000168, 23.217984000000115 ], [ 91.453735, 23.218126000000154 ], [ 91.453784, 23.218153 ], [ 91.453903, 23.218218000000149 ], [ 91.45407100000017, 23.21830000000017 ], [ 91.454147, 23.218409000000122 ], [ 91.454132056000049, 23.218488702000116 ], [ 91.454074510000055, 23.218507883000029 ], [ 91.453994999000145, 23.218534000000147 ], [ 91.453911, 23.218533 ], [ 91.45387127000015, 23.218533 ], [ 91.453834534000123, 23.21853256300011 ], [ 91.453679344000079, 23.218512538000141 ], [ 91.453622000000109, 23.218505 ], [ 91.453598000000113, 23.218502000000171 ], [ 91.453562000000147, 23.218493000000137 ], [ 91.453368768000132, 23.218444967000153 ], [ 91.453286, 23.218433000000175 ], [ 91.453147999000066, 23.218413999000063 ], [ 91.453068892000033, 23.218435576 ], [ 91.452949525000179, 23.218467713000109 ], [ 91.452812030000075, 23.218496877000177 ], [ 91.452735, 23.218513 ], [ 91.45269799100015, 23.218521002000159 ], [ 91.4526697, 23.218525794000186 ], [ 91.452514999000073, 23.218552 ], [ 91.452361861000043, 23.218628093000063 ], [ 91.45235300000013, 23.218634 ], [ 91.452194, 23.218742000000134 ], [ 91.452147551000053, 23.218800699000099 ], [ 91.45210265999998, 23.218856811000137 ], [ 91.452018739000096, 23.21898079000016 ], [ 91.451969005000024, 23.219015163000108 ], [ 91.451959, 23.219022 ], [ 91.451889000000108, 23.219070000000102 ], [ 91.451674828000137, 23.219137061000026 ], [ 91.451630000000137, 23.219153 ], [ 91.451573496000094, 23.21917336600012 ], [ 91.451488, 23.21922 ], [ 91.451423999000042, 23.219255000000146 ], [ 91.451263000000154, 23.219318 ], [ 91.451129003000176, 23.219308788000149 ], [ 91.451103210999975, 23.219306945000085 ], [ 91.451067374000161, 23.219289773000071 ], [ 91.451012001000095, 23.219262998999966 ], [ 91.450946994000105, 23.219249499000114 ], [ 91.450882, 23.219236000000137 ], [ 91.450840003000053, 23.219258825000168 ], [ 91.45079, 23.219286 ], [ 91.450776013000109, 23.219327962000136 ], [ 91.450761957000168, 23.21937012900014 ], [ 91.450744671000166, 23.21942126600004 ], [ 91.450719000000106, 23.219442000000129 ], [ 91.450681164000173, 23.219473312000048 ], [ 91.450660705000132, 23.21949005100015 ], [ 91.450565495000092, 23.21955465800005 ], [ 91.450512773000185, 23.219590354000161 ], [ 91.4505, 23.219599000000187 ], [ 91.45055860400015, 23.219719545000089 ], [ 91.450623000000121, 23.219852000000117 ], [ 91.450676000000101, 23.220060000000103 ], [ 91.45068811900012, 23.220178556000178 ], [ 91.450699, 23.220285000000104 ], [ 91.450722000000155, 23.220417000000168 ], [ 91.450785, 23.220452 ], [ 91.450798, 23.220459000000119 ], [ 91.450893675000088, 23.220466263000048 ], [ 91.450973509999983, 23.220472337000047 ], [ 91.451011657000038, 23.220603943000071 ], [ 91.451095581000061, 23.220748902000082 ], [ 91.451201322000031, 23.220809325000062 ], [ 91.451309001000141, 23.220871001000148 ], [ 91.451514999000153, 23.220993 ], [ 91.451531221000039, 23.221040383000172 ], [ 91.45155300000016, 23.221104 ], [ 91.451614, 23.22121 ], [ 91.451665, 23.221230000000105 ], [ 91.451698, 23.221243000000129 ], [ 91.451797000000113, 23.221249000000114 ], [ 91.452019000000178, 23.221209000000158 ], [ 91.452100405000067, 23.221200166000131 ], [ 91.452148437000119, 23.221195221000187 ], [ 91.452232361000142, 23.221149444000048 ], [ 91.452369690000069, 23.221128463000127 ], [ 91.452438021000148, 23.221155037000017 ], [ 91.452452103000041, 23.221179227999983 ], [ 91.452476501000092, 23.221221925000066 ], [ 91.452482559000089, 23.221285539000178 ], [ 91.452483999000037, 23.221302 ], [ 91.452483999000037, 23.221384 ], [ 91.452437949000114, 23.221460068000169 ], [ 91.452396000000135, 23.221516000000179 ], [ 91.45237, 23.221552 ], [ 91.452385000000106, 23.221626000000185 ], [ 91.452412, 23.22166900000019 ], [ 91.4524380000002, 23.22171 ], [ 91.452745, 23.221679000000165 ], [ 91.452796730000045, 23.221674026000073 ], [ 91.452800000000138, 23.221717 ], [ 91.452811969000152, 23.221862619000149 ], [ 91.452896, 23.222044000000153 ], [ 91.452906, 23.222066 ], [ 91.452950000000101, 23.222164000000134 ], [ 91.452997, 23.222190000000126 ], [ 91.453032597000117, 23.22220977600017 ], [ 91.453068698000152, 23.222214337000139 ], [ 91.453140259000122, 23.222223282000073 ], [ 91.453247071000078, 23.222261429000127 ], [ 91.453330993000122, 23.222349167000061 ], [ 91.453361512000072, 23.222589494000147 ], [ 91.453277588000049, 23.222690583000087 ], [ 91.45322738800013, 23.222682486000053 ], [ 91.453171000000111, 23.222673000000157 ], [ 91.453041, 23.222652 ], [ 91.452985511000122, 23.222672740000121 ], [ 91.452942000000178, 23.222689 ], [ 91.452942000000178, 23.222792 ], [ 91.453041, 23.223015 ], [ 91.453078882000113, 23.223093019000146 ], [ 91.453124815000081, 23.223187617000178 ], [ 91.453201, 23.223291000000131 ], [ 91.4534, 23.223362000000122 ], [ 91.453554248000046, 23.223397256 ], [ 91.453574710000112, 23.223401931000126 ], [ 91.453587674000119, 23.223404144000085 ], [ 91.453834603000018, 23.22344593300005 ], [ 91.453933716000165, 23.223505019000129 ], [ 91.453951795000137, 23.223524105000138 ], [ 91.454002000000116, 23.223578001000135 ], [ 91.454176879000102, 23.223512062000111 ], [ 91.454269000000181, 23.223660000000109 ], [ 91.454945361000114, 23.223833155000136 ], [ 91.455098546000102, 23.22387237099997 ], [ 91.456360000000188, 23.224201000000107 ], [ 91.458571999000128, 23.224773 ], [ 91.460410999000089, 23.225250000000187 ], [ 91.460901840000076, 23.225377453000192 ], [ 91.462791, 23.225868000000162 ], [ 91.46309900000017, 23.225946 ], [ 91.463722000000189, 23.226103 ], [ 91.465645000000166, 23.226597001000187 ], [ 91.466772864, 23.226886334000028 ], [ 91.467941285000165, 23.227186204000191 ], [ 91.470244787000127, 23.227777334000052 ], [ 91.46965, 23.228708000000154 ], [ 91.469604583000091, 23.228779118000148 ], [ 91.46952056900011, 23.228910447000089 ], [ 91.46906678900001, 23.229618819999985 ], [ 91.468208000000118, 23.230958999000165 ], [ 91.467216000000121, 23.232521000000133 ], [ 91.466549148000183, 23.233564504000185 ], [ 91.465896607000104, 23.234584808000022 ], [ 91.464736938000158, 23.236396791000118 ], [ 91.463386536000144, 23.238512040000046 ], [ 91.462478637000061, 23.23999977200009 ], [ 91.46226027300014, 23.239996696000162 ], [ 91.462148000000184, 23.239995000000192 ], [ 91.461937000000148, 23.239992000000143 ], [ 91.461151, 23.241171000000179 ], [ 91.460457, 23.242207999000073 ], [ 91.460387600000161, 23.242312354000092 ], [ 91.46031982500017, 23.242414015000065 ], [ 91.458596000000114, 23.242561 ], [ 91.45833531, 23.242583500000137 ], [ 91.458259815000076, 23.242589931000055 ], [ 91.456703000000118, 23.242008000000112 ], [ 91.455750000000137, 23.241659 ], [ 91.453717879000124, 23.24197155000013 ], [ 91.453048, 23.242461000000162 ], [ 91.451683000000116, 23.24346 ], [ 91.451721432000056, 23.243742474000101 ], [ 91.45184286000017, 23.244635966000146 ], [ 91.451533221000034, 23.244561568000051 ], [ 91.451405845000181, 23.244530768000175 ], [ 91.451378, 23.244524000000126 ], [ 91.450699, 23.244295 ], [ 91.450111, 23.244184 ], [ 91.449545118000117, 23.244077508000146 ], [ 91.449111938000158, 23.243995667000036 ], [ 91.448539733000189, 23.243886947000078 ], [ 91.44885253800004, 23.244598388000043 ], [ 91.452043254000046, 23.252005952000104 ], [ 91.453169000000116, 23.25462 ], [ 91.453620125000043, 23.25566696900006 ], [ 91.453674790000036, 23.255794798000068 ], [ 91.453933706000157, 23.256401039000082 ], [ 91.453216000000111, 23.256496 ], [ 91.452229455000122, 23.25662703200004 ], [ 91.452049255000134, 23.256650925000145 ], [ 91.443443299000194, 23.258100510000077 ], [ 91.436607362000075, 23.258420945000012 ], [ 91.432609557000148, 23.25838470400015 ], [ 91.430504319000022, 23.258365992 ], [ 91.429286850000096, 23.258355001999973 ], [ 91.429176, 23.258354000000111 ], [ 91.428895541000145, 23.258351016 ], [ 91.428612, 23.258348000000126 ], [ 91.42635722, 23.258329161000063 ], [ 91.426336288000073, 23.258327249000104 ], [ 91.425853253000128, 23.257832970000152 ], [ 91.425049001000048, 23.25701 ], [ 91.424153090000061, 23.255704830000127 ], [ 91.423683, 23.255020000000115 ], [ 91.421776, 23.257240000000138 ], [ 91.421874769000112, 23.25828167700007 ], [ 91.422011935000114, 23.259728316000121 ], [ 91.422019, 23.261192 ], [ 91.422019669000065, 23.261318534000054 ], [ 91.422019958000135, 23.261381025000162 ], [ 91.421836672000097, 23.261494519000166 ], [ 91.421134949000191, 23.261928559000182 ], [ 91.42108854300011, 23.261825596000108 ], [ 91.421073000000149, 23.261791 ], [ 91.420952, 23.261522000000184 ], [ 91.420624, 23.260796 ], [ 91.41982254800007, 23.259024926000166 ], [ 91.419655199000147, 23.258626592000098 ], [ 91.419418000000178, 23.258062000000109 ], [ 91.418777001000137, 23.256546001000174 ], [ 91.418628887000125, 23.256194414000106 ], [ 91.418372999000098, 23.255587000000105 ], [ 91.418317722000097, 23.255597874000159 ], [ 91.41828716700013, 23.255603982000082 ], [ 91.418251, 23.255611000000158 ], [ 91.418342999000117, 23.255809999000178 ], [ 91.418427, 23.255939001 ], [ 91.418494986000155, 23.256063047000168 ], [ 91.41847, 23.256149000000107 ], [ 91.418458948000193, 23.256187683000178 ], [ 91.418441773000097, 23.256246566000186 ], [ 91.418319307000104, 23.256355561000191 ], [ 91.418250999000122, 23.256415999000069 ], [ 91.418233633000114, 23.256458959000042 ], [ 91.418213, 23.256510000000105 ], [ 91.418223172000069, 23.256535652000082 ], [ 91.418259, 23.256626 ], [ 91.418335, 23.256794000000184 ], [ 91.418396000000143, 23.256979000000172 ], [ 91.418380899000056, 23.257133232000172 ], [ 91.418333572000165, 23.257240918000036 ], [ 91.418312041000036, 23.257289907000086 ], [ 91.418278882000038, 23.25731063000012 ], [ 91.418250971000134, 23.257328008000115 ], [ 91.418232566000142, 23.25733265100007 ], [ 91.418144226000095, 23.257354736000025 ], [ 91.418086847000041, 23.257382730000188 ], [ 91.418037607000088, 23.257363745000134 ], [ 91.417966, 23.257331000000192 ], [ 91.417956000000174, 23.257313000000124 ], [ 91.417935118000059, 23.257279839000148 ], [ 91.41791415900019, 23.257263826000155 ], [ 91.41781600000013, 23.257189000000153 ], [ 91.417801031000067, 23.257188770000141 ], [ 91.417686001000106, 23.257187000000158 ], [ 91.417648, 23.257252 ], [ 91.417786000000149, 23.25734100000011 ], [ 91.417881000000193, 23.257374 ], [ 91.41801499900015, 23.25741800100019 ], [ 91.418217176000098, 23.257530103000022 ], [ 91.418327088000126, 23.257591112000057 ], [ 91.418388, 23.257669 ], [ 91.418510000000197, 23.257921000000124 ], [ 91.418572189000088, 23.258089058 ], [ 91.418677917000139, 23.258375222000097 ], [ 91.418657, 23.258431 ], [ 91.418645901000161, 23.258461521000186 ], [ 91.418632507000098, 23.258497239000121 ], [ 91.418559985000115, 23.258564724000109 ], [ 91.418495007999979, 23.258624992000136 ], [ 91.418396000000143, 23.258623000000171 ], [ 91.418383000000119, 23.258617000000186 ], [ 91.418327000000147, 23.258593000000133 ], [ 91.418167, 23.258469 ], [ 91.418091000000118, 23.258429 ], [ 91.418006, 23.258436000000131 ], [ 91.41798400000016, 23.258438000000126 ], [ 91.41798400000016, 23.258551 ], [ 91.418091000000118, 23.258572000000186 ], [ 91.418167, 23.258627000000104 ], [ 91.418227888000104, 23.258829040000137 ], [ 91.418177000000128, 23.258847 ], [ 91.418083000000195, 23.258881 ], [ 91.41803, 23.258906000000138 ], [ 91.417976, 23.258932000000129 ], [ 91.417976, 23.259066000000189 ], [ 91.41806904800012, 23.259153830000173 ], [ 91.418082967000089, 23.259166969000148 ], [ 91.417969000000198, 23.259264 ], [ 91.417969000000198, 23.259344000000112 ], [ 91.417824, 23.259497000000181 ], [ 91.417725, 23.259628000000191 ], [ 91.417671, 23.259705000000167 ], [ 91.417658000000188, 23.259882 ], [ 91.417655962000197, 23.259916069000099 ], [ 91.417564, 23.260084 ], [ 91.417441993000182, 23.260071499000162 ], [ 91.417320000000132, 23.260059000000126 ], [ 91.417143, 23.260002 ], [ 91.416968904000043, 23.259946973000183 ], [ 91.416926479000153, 23.259934691000069 ], [ 91.416854048000118, 23.259914283000114 ], [ 91.416771000000153, 23.259939000000145 ], [ 91.41674611600007, 23.260079138000037 ], [ 91.416733, 23.260153 ], [ 91.416719000000114, 23.260309 ], [ 91.416702000000157, 23.260498 ], [ 91.416641063000156, 23.260753734000048 ], [ 91.416610780000042, 23.260771629000033 ], [ 91.416557, 23.260803 ], [ 91.416397000000131, 23.260803 ], [ 91.416328000000135, 23.260830000000169 ], [ 91.416303000000198, 23.260862000000145 ], [ 91.416283000000135, 23.260889 ], [ 91.416245000000174, 23.261021000000142 ], [ 91.416245000000174, 23.261324000000172 ], [ 91.416214, 23.261536 ], [ 91.416188, 23.261578 ], [ 91.416168000000198, 23.261612000000184 ], [ 91.416137000000106, 23.261632 ], [ 91.416113635000045, 23.261647187000165 ], [ 91.416076756000109, 23.261671004999982 ], [ 91.415999657000043, 23.26167254700016 ], [ 91.415977, 23.261673 ], [ 91.415695000000142, 23.261730000000171 ], [ 91.415682000000118, 23.261776 ], [ 91.41566500000016, 23.261837000000128 ], [ 91.415766000000133, 23.261964 ], [ 91.415786827000034, 23.261989786000186 ], [ 91.415795977000073, 23.262010947000078 ], [ 91.415802983000106, 23.262027294000063 ], [ 91.415817000000118, 23.262060000000133 ], [ 91.415785000000142, 23.262189000000149 ], [ 91.415764000000138, 23.262274 ], [ 91.415878000000191, 23.26235000000014 ], [ 91.415947000000187, 23.262333000000183 ], [ 91.4161, 23.262295 ], [ 91.416229000000101, 23.262312000000179 ], [ 91.416288000000179, 23.262347 ], [ 91.416315935000114, 23.26236340600019 ], [ 91.416351198000086, 23.262384345000044 ], [ 91.416366222000079, 23.262410497000076 ], [ 91.416404725000177, 23.262477875000172 ], [ 91.416236877000131, 23.2627029410001 ], [ 91.416221810000195, 23.262706222000133 ], [ 91.416204000000164, 23.26271 ], [ 91.416000000000167, 23.262754 ], [ 91.41584, 23.262691000000132 ], [ 91.415747193000129, 23.262655617000121 ], [ 91.415679911000041, 23.262630066000042 ], [ 91.415621, 23.262674000000118 ], [ 91.415573000000165, 23.262711 ], [ 91.415603000000146, 23.262848000000133 ], [ 91.415641919000109, 23.263024632000167 ], [ 91.415809999000146, 23.263115001000131 ], [ 91.415839000000176, 23.263151000000164 ], [ 91.415877853000097, 23.263199409000151 ], [ 91.415849771000069, 23.263277299000038 ], [ 91.415824890000067, 23.263345719000029 ], [ 91.415734743000144, 23.263394888000107 ], [ 91.415656999000078, 23.263437000000181 ], [ 91.415572999000062, 23.263460000000123 ], [ 91.41540874500015, 23.263478580000083 ], [ 91.415352, 23.263485 ], [ 91.415381, 23.263517 ], [ 91.415436, 23.263575 ], [ 91.415924, 23.263756000000114 ], [ 91.416267005000122, 23.263958004000131 ], [ 91.416305000000136, 23.263995 ], [ 91.416315956000176, 23.264005603000101 ], [ 91.416366578000122, 23.264055252 ], [ 91.416396996000117, 23.264137005000123 ], [ 91.416379854000127, 23.26416245900009 ], [ 91.416298, 23.264284 ], [ 91.416296000000102, 23.264317000000176 ], [ 91.416290000000174, 23.264431 ], [ 91.416339501000095, 23.264485501000024 ], [ 91.416389, 23.264540000000181 ], [ 91.416389, 23.264627 ], [ 91.41636999800005, 23.264699006000171 ], [ 91.416350999000144, 23.264770999000177 ], [ 91.416357838000067, 23.264882986000089 ], [ 91.416358994000177, 23.264901883000164 ], [ 91.416364562000126, 23.264917206000121 ], [ 91.416388970000185, 23.264983917000052 ], [ 91.416471, 23.265059000000122 ], [ 91.416481000000147, 23.265067999000053 ], [ 91.416538014000082, 23.264935468000033 ], [ 91.4165950000002, 23.264803 ], [ 91.416625000000181, 23.264723 ], [ 91.416690985000059, 23.264680009000131 ], [ 91.416756001000067, 23.264641000000154 ], [ 91.416917000000183, 23.264597 ], [ 91.416993447000038, 23.264575962000094 ], [ 91.417175293000128, 23.26452636700003 ], [ 91.417220063000116, 23.264548321000063 ], [ 91.417282000000171, 23.264579 ], [ 91.41737361700001, 23.264623813000071 ], [ 91.417350769000109, 23.264719010000022 ], [ 91.417236000000116, 23.26485300000013 ], [ 91.417258941000114, 23.26494775600014 ], [ 91.417232503000093, 23.264983996000126 ], [ 91.417206, 23.265020000000106 ], [ 91.417136800000037, 23.265046944000176 ], [ 91.417087136000021, 23.265032719000146 ], [ 91.416930383000135, 23.264988617000085 ], [ 91.416921597000112, 23.264996784000118 ], [ 91.416855, 23.265059000000122 ], [ 91.41684, 23.265137000000152 ], [ 91.416900490000046, 23.265620216000173 ], [ 91.416877871000054, 23.265762490000043 ], [ 91.416869999000085, 23.265812 ], [ 91.416824000000133, 23.265999 ], [ 91.416769603000148, 23.266078211000149 ], [ 91.416709899000182, 23.266164781000043 ], [ 91.416669, 23.266199 ], [ 91.416580000000181, 23.266273000000183 ], [ 91.416496000000166, 23.266413 ], [ 91.41649564100004, 23.266544785 ], [ 91.416328000000135, 23.266912000000104 ], [ 91.41673094600003, 23.266648344000146 ], [ 91.416847001000178, 23.266582001000074 ], [ 91.417046000000198, 23.266557 ], [ 91.417067898000028, 23.266554014000178 ], [ 91.417091000000198, 23.266626 ], [ 91.417106628000056, 23.266675950000149 ], [ 91.417106628000056, 23.266801833000159 ], [ 91.417022704000033, 23.267007828000089 ], [ 91.416938782000045, 23.267126083000164 ], [ 91.416847, 23.26722 ], [ 91.416861609000136, 23.26728038400006 ], [ 91.416876873000149, 23.267344468000033 ], [ 91.416900636000037, 23.26744461100003 ], [ 91.416923522000161, 23.267780304000041 ], [ 91.41691622400009, 23.267888866000135 ], [ 91.416914, 23.26792 ], [ 91.416908000000149, 23.268007000000125 ], [ 91.416862, 23.268272 ], [ 91.416785351000044, 23.268356523000023 ], [ 91.416596, 23.268509000000108 ], [ 91.416534000000127, 23.268559000000153 ], [ 91.41645, 23.268728000000124 ], [ 91.416483000000142, 23.268788 ], [ 91.416497585, 23.268814187000032 ], [ 91.4165267260002, 23.268867370000066 ], [ 91.416481227000077, 23.2689288790001 ], [ 91.416472999000121, 23.268940001000146 ], [ 91.416403739000089, 23.269008866000092 ], [ 91.416297913, 23.269113541000138 ], [ 91.416003536000062, 23.269398009000042 ], [ 91.41596, 23.26944 ], [ 91.415900938000107, 23.269498109000153 ], [ 91.415899000000138, 23.269533 ], [ 91.415894, 23.269625 ], [ 91.415990750000105, 23.269662136000136 ], [ 91.416466000000185, 23.269276000000161 ], [ 91.416517000000113, 23.269257 ], [ 91.41656494199998, 23.26923942500008 ], [ 91.416687011000079, 23.269258498000113 ], [ 91.416700804000072, 23.2692860840001 ], [ 91.416716, 23.269317000000171 ], [ 91.416747938000015, 23.269380876000128 ], [ 91.416770711000083, 23.269413346000135 ], [ 91.416847, 23.269522 ], [ 91.416902000000164, 23.269541 ], [ 91.416984588000105, 23.269568861000153 ], [ 91.417404000000147, 23.26963400000011 ], [ 91.417542000000196, 23.269639000000154 ], [ 91.417671, 23.269644 ], [ 91.417741000000149, 23.269648000000188 ], [ 91.417756478000172, 23.269648860000075 ], [ 91.417831422000177, 23.269653321000192 ], [ 91.417930604, 23.269659042000058 ], [ 91.417996623000079, 23.269687926000131 ], [ 91.418082591000086, 23.269725819000143 ], [ 91.418122905000189, 23.269770105000077 ], [ 91.418159, 23.269810001 ], [ 91.418170500000144, 23.269898497000042 ], [ 91.418182, 23.269986999000082 ], [ 91.418177056000161, 23.270020049000152 ], [ 91.418144, 23.270241 ], [ 91.418158344, 23.270554657000162 ], [ 91.418159, 23.270569 ], [ 91.418186003000073, 23.270622506000166 ], [ 91.418213, 23.270676000000151 ], [ 91.418280640000035, 23.270761698000172 ], [ 91.418433999000172, 23.270956001000172 ], [ 91.418618387000151, 23.271230857000148 ], [ 91.418647797000119, 23.271274698000127 ], [ 91.418670654000152, 23.271369935000109 ], [ 91.418670654000152, 23.271478652000155 ], [ 91.418658623000113, 23.27155234300011 ], [ 91.418644, 23.271639000000107 ], [ 91.41864, 23.271666 ], [ 91.418602000000135, 23.271820000000162 ], [ 91.418633, 23.272005 ], [ 91.41865885500016, 23.272092907000058 ], [ 91.418677999000124, 23.272157999000115 ], [ 91.418709603000082, 23.272258994000026 ], [ 91.418724000000111, 23.272305000000131 ], [ 91.418752, 23.272348000000136 ], [ 91.418761366000183, 23.272362050000027 ], [ 91.418769836000195, 23.27237510700013 ], [ 91.418930053, 23.272354126000096 ], [ 91.419151306000117, 23.272350311000082 ], [ 91.419342040000117, 23.272520066000141 ], [ 91.419517516000042, 23.272747039000024 ], [ 91.419525357000055, 23.272796049000192 ], [ 91.419530000000179, 23.272827000000177 ], [ 91.419539995000036, 23.272889968000015 ], [ 91.419547979000185, 23.273052251000024 ], [ 91.419545000000198, 23.273088 ], [ 91.41953895000006, 23.273164632000032 ], [ 91.419517516000042, 23.273429871000189 ], [ 91.41928100500013, 23.273639679000155 ], [ 91.419197083000086, 23.273675918000038 ], [ 91.419185815000048, 23.273684605000142 ], [ 91.419106000000113, 23.273746000000187 ], [ 91.419085495000104, 23.273758303000022 ], [ 91.41905133, 23.273778801000105 ], [ 91.419005999000092, 23.27380600000015 ], [ 91.418949554000108, 23.273806990000082 ], [ 91.418892000000142, 23.273808000000145 ], [ 91.418857000000116, 23.273819000000174 ], [ 91.418822999000042, 23.27383 ], [ 91.418787503000146, 23.27388898900017 ], [ 91.418755, 23.273943000000145 ], [ 91.418746000000169, 23.274016000000131 ], [ 91.418738999000198, 23.274078 ], [ 91.418719576000115, 23.27415569600015 ], [ 91.418693542000085, 23.274257660000046 ], [ 91.418579102000194, 23.274272918000065 ], [ 91.418535861000066, 23.27427864100008 ], [ 91.418449000000123, 23.27429 ], [ 91.418399357000169, 23.274303637 ], [ 91.418358, 23.274315000000172 ], [ 91.418368000000157, 23.274392000000148 ], [ 91.418372957000088, 23.274428683000053 ], [ 91.418391999000107, 23.274589492000132 ], [ 91.418411000000162, 23.27475 ], [ 91.418417, 23.274814 ], [ 91.418418044000191, 23.274824436000017 ], [ 91.418349563000106, 23.274848533000181 ], [ 91.418333, 23.27485200000018 ], [ 91.418205000000171, 23.274879000000112 ], [ 91.41815, 23.274877000000117 ], [ 91.418128989000195, 23.274876522000113 ], [ 91.418106080000143, 23.274875641000108 ], [ 91.418036208000046, 23.274868654000159 ], [ 91.417992001000016, 23.274864 ], [ 91.417936054000108, 23.274852012 ], [ 91.417823999000177, 23.274828000000184 ], [ 91.417664000000173, 23.274857 ], [ 91.417668674000197, 23.274931789000107 ], [ 91.417671, 23.274969000999988 ], [ 91.417685508000147, 23.275011118 ], [ 91.417701721000185, 23.275058747000173 ], [ 91.417729109000106, 23.275150691000135 ], [ 91.417736000000104, 23.275174 ], [ 91.417754890000026, 23.275237630000106 ], [ 91.417747004000091, 23.275342941000019 ], [ 91.417427, 23.275305000000174 ], [ 91.417327970000088, 23.275372366000056 ], [ 91.417324940000185, 23.27540756500008 ], [ 91.417319999000199, 23.275465000000111 ], [ 91.417325000000176, 23.275509 ], [ 91.41733599100013, 23.275601922000078 ], [ 91.417397000000108, 23.275692 ], [ 91.417436000000123, 23.275766000000147 ], [ 91.417465, 23.275820000000181 ], [ 91.417495891000044, 23.275841936 ], [ 91.417533875000117, 23.27586937000018 ], [ 91.417570568000087, 23.27590377100006 ], [ 91.417594745000031, 23.275926756000104 ], [ 91.417671, 23.275988 ], [ 91.417714779, 23.27603043199997 ], [ 91.417800999000065, 23.276114001000053 ], [ 91.417815419000192, 23.276167943000075 ], [ 91.417823792000036, 23.276199341000051 ], [ 91.417800903000057, 23.276273727000159 ], [ 91.417790546000163, 23.276284454000063 ], [ 91.41777900000011, 23.276296000000116 ], [ 91.417747, 23.276329 ], [ 91.417641, 23.27632099900012 ], [ 91.417500096000083, 23.276289899000062 ], [ 91.417419433000077, 23.27627182000009 ], [ 91.41730499200014, 23.276229858000136 ], [ 91.41725367500004, 23.276213821000169 ], [ 91.417213000000174, 23.276201 ], [ 91.417175, 23.276186 ], [ 91.417115690000117, 23.27616323500007 ], [ 91.417076111000085, 23.276147843000047 ], [ 91.417007446000184, 23.276111602000128 ], [ 91.416969896000126, 23.276054338 ], [ 91.416931001000194, 23.275995001000183 ], [ 91.416900506000047, 23.27596150700009 ], [ 91.416870000000188, 23.275928 ], [ 91.41686, 23.275909 ], [ 91.416823171000146, 23.275842620999981 ], [ 91.416741253000112, 23.275805017000096 ], [ 91.416702000000157, 23.275787 ], [ 91.416557, 23.275791 ], [ 91.416702000000157, 23.275908000000186 ], [ 91.416730000000143, 23.275998000000129 ], [ 91.416743656000051, 23.276040543000192 ], [ 91.41675567600015, 23.276079178000145 ], [ 91.416793823000035, 23.276248933000034 ], [ 91.416802791000066, 23.276311705000069 ], [ 91.416824000000133, 23.276463 ], [ 91.416831000000172, 23.276604000000191 ], [ 91.416832, 23.276617 ], [ 91.416878000000168, 23.276833000000124 ], [ 91.416977000000145, 23.276850000000138 ], [ 91.417078761000141, 23.276844346000189 ], [ 91.417228699000134, 23.276836396000078 ], [ 91.417279898000174, 23.276884395000025 ], [ 91.417289771000185, 23.276893783000105 ], [ 91.417320640000185, 23.277031591000139 ], [ 91.417342982000093, 23.277131917000077 ], [ 91.417341, 23.277155000000164 ], [ 91.417336, 23.277237000000184 ], [ 91.417606000000148, 23.277316000000155 ], [ 91.417671, 23.277361000000155 ], [ 91.417624, 23.277427000000102 ], [ 91.417575282000087, 23.277496806000158 ], [ 91.417556762000174, 23.277523041000109 ], [ 91.41747938900005, 23.277557859000183 ], [ 91.417439, 23.277576000000181 ], [ 91.41729000000015, 23.277643000000182 ], [ 91.417068, 23.277748 ], [ 91.417133, 23.27788 ], [ 91.417154399000196, 23.277992768000161 ], [ 91.417173417000186, 23.278122844000109 ], [ 91.417142107000075, 23.278218612000046 ], [ 91.417106628000056, 23.278326035000134 ], [ 91.416999818000079, 23.278512954000064 ], [ 91.416938782000045, 23.278579712000067 ], [ 91.416879645, 23.278593697000076 ], [ 91.416835000000162, 23.278604000000144 ], [ 91.41665599900017, 23.278646001000141 ], [ 91.416580000000181, 23.278723000000184 ], [ 91.416580000000181, 23.278826 ], [ 91.416618000000142, 23.278931000000171 ], [ 91.416671947000054, 23.279038895000156 ], [ 91.416717530000199, 23.279130936 ], [ 91.416709917000162, 23.279245112000069 ], [ 91.416669961000082, 23.279299127000172 ], [ 91.416654083000196, 23.279318338000053 ], [ 91.416639, 23.279321 ], [ 91.416579927999976, 23.279332970000041 ], [ 91.416563, 23.279326 ], [ 91.416389, 23.279257000000143 ], [ 91.416320942000084, 23.279310093 ], [ 91.416366578000122, 23.279411316000107 ], [ 91.416358947999981, 23.27952766400017 ], [ 91.416305543000135, 23.279638290000094 ], [ 91.416244597000059, 23.279722091000167 ], [ 91.416214, 23.279729000000145 ], [ 91.416158993000067, 23.279742335000094 ], [ 91.416114807000156, 23.279752732000134 ], [ 91.416069350000043, 23.279730814000118 ], [ 91.416008, 23.279701000000102 ], [ 91.415955000000167, 23.27964 ], [ 91.415962224000054, 23.279616427000121 ], [ 91.415993000000128, 23.279516000000115 ], [ 91.415996000000177, 23.279483 ], [ 91.415999986000145, 23.279430182000112 ], [ 91.415980413000057, 23.279391196000063 ], [ 91.415947000000187, 23.279325 ], [ 91.415843934, 23.279309539000167 ], [ 91.415787001000183, 23.279300999000156 ], [ 91.415665958000034, 23.279351892000022 ], [ 91.415611000000126, 23.27937500000013 ], [ 91.415553000000102, 23.27942400000012 ], [ 91.415535, 23.27944 ], [ 91.415482000000111, 23.279617 ], [ 91.415436, 23.279753000000142 ], [ 91.415438, 23.279789000000108 ], [ 91.415443, 23.279863 ], [ 91.415466001000084, 23.279940007999983 ], [ 91.415473501000179, 23.280018752000103 ], [ 91.415473225000198, 23.280032132000144 ], [ 91.415472000000136, 23.280045000000143 ], [ 91.415466, 23.280114998999977 ], [ 91.415434762000075, 23.28018159800007 ], [ 91.415413, 23.280228 ], [ 91.415388514000199, 23.280309973000158 ], [ 91.415367000000174, 23.280382000000145 ], [ 91.415344, 23.280497 ], [ 91.415344, 23.280594000000121 ], [ 91.415360000000135, 23.280667000000108 ], [ 91.415375000000154, 23.280735 ], [ 91.415459000000169, 23.281031 ], [ 91.41551, 23.281207 ], [ 91.415588000000184, 23.281472999000073 ], [ 91.415527000000111, 23.281621999000151 ], [ 91.415471006000075, 23.281664985000191 ], [ 91.415427877000127, 23.281698159000086 ], [ 91.415398058000108, 23.281736611000042 ], [ 91.415352, 23.281796 ], [ 91.41531700000013, 23.281881 ], [ 91.415306000000101, 23.281908000000101 ], [ 91.415278206000096, 23.281965603000174 ], [ 91.415237000000104, 23.282051 ], [ 91.41526, 23.282129000000111 ], [ 91.415270000000135, 23.282139 ], [ 91.41532100000012, 23.28218800000019 ], [ 91.415450999000086, 23.28227800000019 ], [ 91.415465916000187, 23.282287145000112 ], [ 91.415588000000184, 23.282362 ], [ 91.415597, 23.282404 ], [ 91.4156014510001, 23.282422439000129 ], [ 91.41560363800005, 23.282432556000174 ], [ 91.415596007000033, 23.282514572000025 ], [ 91.415589835000048, 23.282539262000114 ], [ 91.415565, 23.282637 ], [ 91.415565, 23.282736 ], [ 91.415595925000048, 23.282813812000086 ], [ 91.415596000000107, 23.282899859000054 ], [ 91.415527344000111, 23.282924651000144 ], [ 91.41543188300011, 23.282882887000028 ], [ 91.415396000000101, 23.282867 ], [ 91.415314, 23.282830999 ], [ 91.415222, 23.282742999 ], [ 91.415108, 23.282642000000124 ], [ 91.415044204000139, 23.282601780000164 ], [ 91.41497, 23.282555000000173 ], [ 91.414728, 23.282507000000123 ], [ 91.414580673000046, 23.282477824000182 ], [ 91.414527499000087, 23.282449193000048 ], [ 91.414489745000139, 23.282428743000139 ], [ 91.414283753000177, 23.282245637000074 ], [ 91.414169312000183, 23.282121658000051 ], [ 91.41398620700005, 23.281867981000119 ], [ 91.413965021000081, 23.281824853000103 ], [ 91.413933, 23.281759 ], [ 91.413955, 23.281721000000118 ], [ 91.413985566000122, 23.281666922000056 ], [ 91.413993835000156, 23.281652451000184 ], [ 91.414056047000145, 23.281596220999973 ], [ 91.414092735000168, 23.281563236000181 ], [ 91.414108000000112, 23.281466000000137 ], [ 91.414024, 23.281431000000111 ], [ 91.41391, 23.281427000000122 ], [ 91.413807040000052, 23.281458488000055 ], [ 91.413704, 23.28149000000019 ], [ 91.413596956999982, 23.28153501800017 ], [ 91.413489992000109, 23.281580003000045 ], [ 91.413469000000191, 23.281587 ], [ 91.413360885000031, 23.281626173000177 ], [ 91.413307004999979, 23.281707991000189 ], [ 91.413297574000183, 23.281799116000172 ], [ 91.413292, 23.281853000000183 ], [ 91.413276999000175, 23.282011000000125 ], [ 91.413228091000065, 23.282130083000084 ], [ 91.413208, 23.282179000000156 ], [ 91.413132000000189, 23.282309 ], [ 91.413086, 23.282488000000171 ], [ 91.413084544000128, 23.282513287000029 ], [ 91.413078000000155, 23.282626993000179 ], [ 91.413072546000024, 23.282659580000143 ], [ 91.413039999000091, 23.282854 ], [ 91.413026975000093, 23.282855973000153 ], [ 91.41294100000016, 23.282869 ], [ 91.412850136000145, 23.282852865000052 ], [ 91.412834, 23.28285 ], [ 91.412781000000109, 23.282912 ], [ 91.412752866000062, 23.282945639000104 ], [ 91.412734986000032, 23.282966613000042 ], [ 91.412718060000032, 23.282986360000166 ], [ 91.412707000000182, 23.282999000000132 ], [ 91.412642999000127, 23.283072999000126 ], [ 91.412593214000196, 23.283098144000178 ], [ 91.412544094, 23.283122952000099 ], [ 91.412460328000179, 23.28308868400012 ], [ 91.412414774000183, 23.283045031000142 ], [ 91.412388, 23.283019 ], [ 91.412369000000126, 23.283001000000127 ], [ 91.412331224000184, 23.282900814000186 ], [ 91.412321907000035, 23.282875430000047 ], [ 91.412308, 23.28283 ], [ 91.412262000000112, 23.282686000000183 ], [ 91.412203, 23.282671 ], [ 91.412140000000136, 23.282656 ], [ 91.41211200000015, 23.282686000000183 ], [ 91.412086000000158, 23.28271500000011 ], [ 91.412059483000178, 23.282804558000066 ], [ 91.412032742000179, 23.282894536000015 ], [ 91.411955000000148, 23.283056 ], [ 91.411938541000097, 23.283090486000106 ], [ 91.411933898000143, 23.283100129000104 ], [ 91.41192505000015, 23.28311656000011 ], [ 91.411826999000084, 23.283298 ], [ 91.411732206000181, 23.283421544000134 ], [ 91.411705, 23.283457 ], [ 91.411590999000111, 23.283602000000144 ], [ 91.411566775000097, 23.283652934000088 ], [ 91.411552000000199, 23.283684001000097 ], [ 91.411560791000113, 23.28373289700005 ], [ 91.411567688000048, 23.283773423000184 ], [ 91.41158294700017, 23.283966065000129 ], [ 91.411577507000061, 23.283975090000069 ], [ 91.411498996000034, 23.284105004000025 ], [ 91.411465754000176, 23.284133580000059 ], [ 91.411384581999982, 23.284202576000098 ], [ 91.411332032000075, 23.28422775700011 ], [ 91.411293001000161, 23.284245999 ], [ 91.411064000000124, 23.284208 ], [ 91.410980000000109, 23.284206 ], [ 91.41083047300009, 23.284228853000059 ], [ 91.410751343000129, 23.284240723000153 ], [ 91.410636902000135, 23.284196853000026 ], [ 91.410499573000038, 23.284139633000109 ], [ 91.41048340500015, 23.284137359999988 ], [ 91.410456, 23.284133000000168 ], [ 91.410378, 23.284122 ], [ 91.410262991000195, 23.284153055000161 ], [ 91.41025900000011, 23.284177000000113 ], [ 91.410251294000034, 23.284230941000033 ], [ 91.410247802000072, 23.284254074000103 ], [ 91.410186849000127, 23.284412174000181 ], [ 91.410116000000187, 23.284494 ], [ 91.410045835000176, 23.284575739000161 ], [ 91.410018921000074, 23.284606935000056 ], [ 91.409927369000116, 23.284631729000125 ], [ 91.40988868200003, 23.284619639000027 ], [ 91.409865, 23.284612 ], [ 91.409836000000155, 23.284603000000175 ], [ 91.409737000000121, 23.284520999000051 ], [ 91.409673110000142, 23.284453915000029 ], [ 91.409633979000034, 23.284414596000033 ], [ 91.409537713000077, 23.284369968000078 ], [ 91.409447000000114, 23.284360000000163 ], [ 91.409332000000177, 23.284348 ], [ 91.409271000000103, 23.284386000000154 ], [ 91.409267694000164, 23.284418232000178 ], [ 91.409258737000073, 23.284502908000036 ], [ 91.409256, 23.284529 ], [ 91.409286000000122, 23.284641000000136 ], [ 91.409293999000113, 23.284737001000167 ], [ 91.409286000000122, 23.284838 ], [ 91.409248000000161, 23.284914000000128 ], [ 91.409172, 23.285078 ], [ 91.409160000000156, 23.285092000000134 ], [ 91.40913560000007, 23.285121342000082 ], [ 91.409080505000077, 23.285186767000084 ], [ 91.409001191000073, 23.285251541000093 ], [ 91.408966, 23.28528 ], [ 91.408872482000163, 23.285310213000173 ], [ 91.408836383000107, 23.285321876000125 ], [ 91.408844094000131, 23.285186924000186 ], [ 91.408852001000184, 23.285055000000114 ], [ 91.408856246000084, 23.284876037000117 ], [ 91.408859254000163, 23.284759522000172 ], [ 91.408905029000096, 23.283739089 ], [ 91.408911341000078, 23.283622860999969 ], [ 91.408974001000104, 23.282475001000023 ], [ 91.409081000000185, 23.280489001000035 ], [ 91.409110000000112, 23.279917 ], [ 91.409110923000071, 23.279893926000113 ], [ 91.409112330000141, 23.279866741000092 ], [ 91.409141995000198, 23.279303094000056 ], [ 91.409203000000161, 23.278126 ], [ 91.409227465000129, 23.277593733000117 ], [ 91.409248000000161, 23.277147000000184 ], [ 91.409309, 23.275877 ], [ 91.409327000000133, 23.275477 ], [ 91.409348, 23.275007 ], [ 91.409386, 23.274284 ], [ 91.409409000000153, 23.273867 ], [ 91.409462, 23.272894000000178 ], [ 91.409480000000144, 23.272641 ], [ 91.409509618000129, 23.272222320000026 ], [ 91.409561157000041, 23.271495820000155 ], [ 91.409622192000199, 23.270853043000159 ], [ 91.40966144700019, 23.270477390000053 ], [ 91.409760001000166, 23.269539001000169 ], [ 91.409859, 23.268579 ], [ 91.409943000000112, 23.267742 ], [ 91.410034000000167, 23.266929000000118 ], [ 91.410056047000126, 23.266731299000185 ], [ 91.41009521400008, 23.26638221800016 ], [ 91.410217285000158, 23.265266419000113 ], [ 91.410263062000126, 23.264831543000014 ], [ 91.410339356, 23.26412391700012 ], [ 91.410461425999983, 23.262989044000108 ], [ 91.410466861000032, 23.262940808000167 ], [ 91.41047, 23.262915000000191 ], [ 91.410476970000047, 23.262854265000044 ], [ 91.410549434000188, 23.262171585000033 ], [ 91.410553000000107, 23.262138 ], [ 91.410583000000145, 23.261843000000113 ], [ 91.410593486000096, 23.261746666000136 ], [ 91.410690000000102, 23.26086000000015 ], [ 91.41073199900012, 23.260467507999977 ], [ 91.410774000000117, 23.260075 ], [ 91.410823497000194, 23.259764018000055 ], [ 91.410873001000027, 23.259453 ], [ 91.410920398000144, 23.259034477000171 ], [ 91.410973, 23.258570000000191 ], [ 91.411028000000158, 23.258023 ], [ 91.411079000000143, 23.257515000000126 ], [ 91.4111860000001, 23.256443 ], [ 91.411225000000115, 23.255915 ], [ 91.411232000000155, 23.255816 ], [ 91.410110290000091, 23.255979856000124 ], [ 91.409691, 23.255972 ], [ 91.408493000000192, 23.256096000000127 ], [ 91.408091000000184, 23.256137000000138 ], [ 91.407730101000084, 23.256173989000104 ], [ 91.40770721500013, 23.253980637000154 ], [ 91.40770721500013, 23.253562928000179 ], [ 91.408493042000032, 23.252769471000136 ], [ 91.409088135000161, 23.252172470000062 ], [ 91.409710108000183, 23.251549892000071 ], [ 91.410395, 23.250865 ], [ 91.411048999000059, 23.250210001000141 ], [ 91.411094298000137, 23.250179987000138 ], [ 91.41316200000017, 23.24881 ], [ 91.4156720000002, 23.244883000000186 ], [ 91.414856001000089, 23.24458900000019 ], [ 91.412214420000112, 23.243977532000031 ], [ 91.407257001000175, 23.24283000000014 ], [ 91.407244681000066, 23.24281505200014 ], [ 91.404291000000171, 23.239231 ], [ 91.403297816000077, 23.23802618000019 ], [ 91.403038024000068, 23.237710953000146 ], [ 91.40304647500011, 23.237694800000156 ], [ 91.406120000000158, 23.231821000000139 ], [ 91.406471, 23.231159000000105 ], [ 91.406466031000093, 23.231148917000041 ], [ 91.40476, 23.227687 ], [ 91.404007, 23.226160000000164 ], [ 91.395821001000058, 23.22344 ], [ 91.396973001000163, 23.218620000000158 ], [ 91.396940433000111, 23.218325691000075 ], [ 91.396919250000053, 23.218132020000098 ], [ 91.396905679000099, 23.218129625000188 ], [ 91.396787377000066, 23.218108274000087 ], [ 91.396583814000167, 23.21805197000009 ], [ 91.396415711000031, 23.218053819000147 ], [ 91.396301270000095, 23.218055726000046 ], [ 91.396171569000103, 23.218057632000182 ], [ 91.396098173000041, 23.218050872000163 ], [ 91.396027000000117, 23.218044000000134 ], [ 91.395851000000107, 23.218046000000129 ], [ 91.395691, 23.218048 ], [ 91.395544793000113, 23.218003713000087 ], [ 91.395401329000151, 23.21796807000004 ], [ 91.395390000000191, 23.217965000000163 ], [ 91.39527868800019, 23.217936826000141 ], [ 91.39517700000016, 23.21788 ], [ 91.395149000000117, 23.217865 ], [ 91.395127372000104, 23.217853097000045 ], [ 91.395020000000102, 23.217794 ], [ 91.394969092000167, 23.217765805000113 ], [ 91.394890001000078, 23.217721999000048 ], [ 91.39479800100014, 23.217649000000108 ], [ 91.394739508000157, 23.217607641000143 ], [ 91.394699098000046, 23.217578889000094 ], [ 91.394615174000194, 23.217519761000176 ], [ 91.394601122000097, 23.217500692000101 ], [ 91.394592, 23.217488000000117 ], [ 91.394562, 23.217447000000107 ], [ 91.394517, 23.217375000000175 ], [ 91.394508, 23.217361 ], [ 91.394432000000108, 23.217302000000188 ], [ 91.394371, 23.217216000000178 ], [ 91.394324, 23.217167000000188 ], [ 91.394286697000098, 23.217129022000108 ], [ 91.394231535000131, 23.217132839000158 ], [ 91.394157282000151, 23.217137980000132 ], [ 91.394145691000176, 23.217109726999979 ], [ 91.394133, 23.217078000000129 ], [ 91.394126940000092, 23.217063970000027 ], [ 91.393806458000086, 23.217065811999987 ], [ 91.393417358000193, 23.217046739000125 ], [ 91.393338931000187, 23.216954737000151 ], [ 91.393317857000056, 23.216930019000074 ], [ 91.393005754000058, 23.21697174000002 ], [ 91.392929077000019, 23.216981888000191 ], [ 91.392895428000031, 23.216953224000122 ], [ 91.392859, 23.216922000000181 ], [ 91.392723000000103, 23.21680600000019 ], [ 91.39259200000015, 23.216796 ], [ 91.392574721000187, 23.216795712000021 ], [ 91.392334000000119, 23.216847999000038 ], [ 91.392128000000127, 23.216932 ], [ 91.391950736000183, 23.217008993000036 ], [ 91.391928261000032, 23.217018681000127 ], [ 91.391907000000117, 23.217027 ], [ 91.391769, 23.217083000000173 ], [ 91.391464, 23.217186 ], [ 91.391106, 23.217306000000178 ], [ 91.391087000000141, 23.217314000000101 ], [ 91.390723999000045, 23.21747 ], [ 91.390266074000067, 23.217669967000177 ], [ 91.390172039000163, 23.217540952000036 ], [ 91.389626000000192, 23.216790999000068 ], [ 91.388947001000076, 23.215821999000013 ], [ 91.388645975000031, 23.215404926000076 ], [ 91.388526258000184, 23.215239058 ], [ 91.388519, 23.215229 ], [ 91.388229, 23.214819 ], [ 91.387428, 23.214198999000018 ], [ 91.386688001000039, 23.213592999000184 ], [ 91.385422001000109, 23.212521 ], [ 91.384521, 23.211767000000179 ], [ 91.383865000000128, 23.211218 ], [ 91.3834414640001, 23.210865970000043 ], [ 91.383018, 23.210513999000113 ], [ 91.382757515000094, 23.210295051000116 ], [ 91.382276009, 23.20989033800015 ], [ 91.382065673000056, 23.209714533000067 ], [ 91.381340000000137, 23.209108 ], [ 91.381075, 23.208884000000182 ], [ 91.380700000000104, 23.208567 ], [ 91.38205, 23.208462000000111 ], [ 91.383415, 23.208357 ], [ 91.383789844000148, 23.208328405000145 ], [ 91.38462066600016, 23.208265305000054 ], [ 91.384760850000191, 23.208254921000105 ], [ 91.384843, 23.208249 ], [ 91.385031856000069, 23.208235084000137 ], [ 91.385803489000011, 23.208173472 ], [ 91.385872001, 23.208168001 ], [ 91.386452000000133, 23.208124000000169 ], [ 91.387680000000159, 23.208023 ], [ 91.387618922000058, 23.207408275000034 ], [ 91.387585000000115, 23.207093000000157 ], [ 91.387558000000183, 23.20685 ], [ 91.387491708000198, 23.206397298000127 ], [ 91.387482, 23.206331000000148 ], [ 91.387421000000188, 23.205919000000165 ], [ 91.387346, 23.205401000000109 ], [ 91.387304596000149, 23.205117915000073 ], [ 91.387260437000123, 23.204813003000083 ], [ 91.38718414300007, 23.204238892000092 ], [ 91.387146610000059, 23.203974371000129 ], [ 91.387055, 23.203326 ], [ 91.387024, 23.20311 ], [ 91.38701500000019, 23.203038 ], [ 91.386909000000117, 23.202234 ], [ 91.38679100000013, 23.201468000000148 ], [ 91.386719001000131, 23.20100200000013 ], [ 91.38657400000011, 23.199982 ], [ 91.38649, 23.199364000000116 ], [ 91.386468812000089, 23.199208404000046 ], [ 91.386292, 23.19791 ], [ 91.386161976000096, 23.197215833000143 ], [ 91.386118, 23.196910000000116 ], [ 91.386081772000068, 23.196660260000044 ], [ 91.386024474000124, 23.19626236 ], [ 91.385903486000075, 23.195321677000095 ], [ 91.385872001, 23.195075999000153 ], [ 91.385849273000076, 23.194893196000066 ], [ 91.385826, 23.194706 ], [ 91.385704, 23.193604000000164 ], [ 91.38562, 23.193035000000123 ], [ 91.385599230000082, 23.192884166999988 ], [ 91.385475, 23.191982 ], [ 91.385323878000065, 23.191973045000111 ], [ 91.385204816000169, 23.191965886000162 ], [ 91.384972, 23.191952 ], [ 91.384638433000077, 23.191932880000081 ], [ 91.383995, 23.191896 ], [ 91.38345704600016, 23.191865503000088 ], [ 91.382919001000118, 23.19183500000014 ], [ 91.382298719000119, 23.191800926000155 ], [ 91.382027000000107, 23.191785999000103 ], [ 91.381788131000178, 23.191774210000119 ], [ 91.381558922000124, 23.191762913000161 ], [ 91.381368681000083, 23.191754898999989 ], [ 91.380920374000198, 23.191736016000107 ], [ 91.380873381000129, 23.191462449000142 ], [ 91.3808140000001, 23.191114 ], [ 91.380644976000156, 23.190047718000073 ], [ 91.380541159000188, 23.189410352999971 ], [ 91.380409241000109, 23.18859863300014 ], [ 91.38030242800005, 23.187940598000182 ], [ 91.380191204000084, 23.187061916000118 ], [ 91.38015, 23.186735 ], [ 91.380012818000068, 23.185697625000103 ], [ 91.379945289000091, 23.185183730000119 ], [ 91.37989, 23.184762999000043 ], [ 91.379879470000049, 23.18469072500011 ], [ 91.379868048, 23.184612337000033 ], [ 91.3802032050001, 23.184654230000035 ], [ 91.380630000000167, 23.184708001000104 ], [ 91.380751712000119, 23.184725125000114 ], [ 91.380828858000086, 23.18473625200005 ], [ 91.380917977000081, 23.184749416999978 ], [ 91.381081000000165, 23.184774000000175 ], [ 91.381165, 23.184786 ], [ 91.381508000000167, 23.184792 ], [ 91.381899, 23.184750000000122 ], [ 91.382254844000158, 23.184711126000138 ], [ 91.382957000000147, 23.184629 ], [ 91.382881140999984, 23.184135624000078 ], [ 91.382827813, 23.18378851000017 ], [ 91.382746000000111, 23.183138000000156 ], [ 91.382652000000121, 23.182398 ], [ 91.38260112200004, 23.182011872000089 ], [ 91.382523001000038, 23.181419001000108 ], [ 91.382377450000149, 23.18044779000013 ], [ 91.382303, 23.179878 ], [ 91.382283823000137, 23.179731890000085 ], [ 91.382240296000191, 23.179397583000025 ], [ 91.382216145000029, 23.179165306000073 ], [ 91.382183, 23.178842000000145 ], [ 91.382111000000123, 23.17815 ], [ 91.382026982000127, 23.177310797000189 ], [ 91.381958000000111, 23.176538000000107 ], [ 91.381929658000047, 23.176224388000094 ], [ 91.381912231000115, 23.17602920500002 ], [ 91.381851196000127, 23.175367356000095 ], [ 91.38183940100015, 23.175200738000171 ], [ 91.381836000000135, 23.175152005000086 ], [ 91.382282, 23.175182000000177 ], [ 91.382658377000041, 23.175206893000052 ], [ 91.383172000000172, 23.175235000000157 ], [ 91.383621, 23.175259000000153 ], [ 91.38381, 23.17526800100012 ], [ 91.383843991000106, 23.175269415000059 ], [ 91.383857727000134, 23.175270081000122 ], [ 91.38454342700004, 23.17530817700009 ], [ 91.384778465000124, 23.175320359000182 ], [ 91.385036849000187, 23.175333867000063 ], [ 91.38517000000013, 23.175341 ], [ 91.385169000000189, 23.175331 ], [ 91.385155000000111, 23.175177001000066 ], [ 91.38525833500006, 23.175162238000155 ], [ 91.385288000000116, 23.175158000000181 ], [ 91.385414, 23.175140000000113 ], [ 91.385625149000191, 23.175099094000075 ], [ 91.385765000000163, 23.175072000000171 ], [ 91.385956000000135, 23.175055000000157 ], [ 91.38600200000019, 23.175078 ], [ 91.386085880000053, 23.175118941000051 ], [ 91.386226, 23.175128 ], [ 91.386314, 23.175133 ], [ 91.386472677000143, 23.17513934700014 ], [ 91.386588691000156, 23.175143987000183 ], [ 91.386662323000053, 23.175139418000072 ], [ 91.386765, 23.175133 ], [ 91.386902, 23.175154000000191 ], [ 91.387151986000163, 23.17514804800004 ], [ 91.387237548000144, 23.175146103000145 ], [ 91.387250391, 23.175146715000039 ], [ 91.387290000000178, 23.175149000000147 ], [ 91.387398, 23.175154000000191 ], [ 91.387560022000173, 23.175163198000064 ], [ 91.387626649000083, 23.175167084 ], [ 91.387771774999976, 23.175254874000188 ], [ 91.387824187000092, 23.175244834000068 ], [ 91.387849457000016, 23.175239993000105 ], [ 91.387931823000088, 23.175224304000153 ], [ 91.388031006000062, 23.175224304000153 ], [ 91.388259888000164, 23.175268174000053 ], [ 91.38831907500014, 23.175279270999965 ], [ 91.388411639000196, 23.175296930000115 ], [ 91.388573000000122, 23.175297000000114 ], [ 91.388603000000103, 23.175304000000153 ], [ 91.388695, 23.1753250000001 ], [ 91.388827984999978, 23.175350373000185 ], [ 91.388846950000072, 23.175353989000143 ], [ 91.388901996000186, 23.175366112000177 ], [ 91.389183044000163, 23.175428391000082 ], [ 91.389253963000044, 23.175456385000075 ], [ 91.389328, 23.175486000000149 ], [ 91.389437140000041, 23.175550411000017 ], [ 91.389450074000024, 23.175558090000038 ], [ 91.389564515000188, 23.175571443000024 ], [ 91.38964835500019, 23.175612315000024 ], [ 91.38968, 23.175628000000131 ], [ 91.389717, 23.175646 ], [ 91.389780000000144, 23.175673000000131 ], [ 91.389820505000046, 23.175689927 ], [ 91.38984680100009, 23.17570114200015 ], [ 91.389866061000077, 23.17571053000006 ], [ 91.389887000000158, 23.175721 ], [ 91.389999000000159, 23.175776000000155 ], [ 91.390129, 23.175848 ], [ 91.390142, 23.175856000000181 ], [ 91.390305, 23.175964 ], [ 91.390358, 23.17511 ], [ 91.392937, 23.167650000000151 ], [ 91.390846, 23.157619 ], [ 91.390892000000179, 23.15729 ], [ 91.391472000000192, 23.15258 ], [ 91.391571, 23.152462 ], [ 91.393196, 23.150579 ], [ 91.394356, 23.149981000000139 ], [ 91.395836000000145, 23.1475200000001 ], [ 91.395950000000141, 23.147165 ], [ 91.395996, 23.14703 ], [ 91.395973, 23.146860000000174 ], [ 91.395950000000141, 23.146742000000188 ], [ 91.395958000000121, 23.146549 ], [ 91.395950000000141, 23.146355000000142 ], [ 91.395935000000122, 23.146206 ], [ 91.395935000000122, 23.146029000000169 ], [ 91.395927000000199, 23.145819 ], [ 91.395935000000122, 23.145712 ], [ 91.395927000000199, 23.145535000000166 ], [ 91.395927000000199, 23.14543 ], [ 91.395935000000122, 23.145325000000184 ], [ 91.395927000000199, 23.145159000000149 ], [ 91.395905000000141, 23.144953000000157 ], [ 91.39591200000018, 23.14484 ], [ 91.395943000000102, 23.144703 ], [ 91.395988000000102, 23.14456900000016 ], [ 91.396057, 23.144409 ], [ 91.396126000000152, 23.144247000000178 ], [ 91.396172, 23.144093 ], [ 91.396233000000109, 23.143862000000126 ], [ 91.396278000000109, 23.143713 ], [ 91.396309, 23.143415 ], [ 91.396317000000124, 23.143206000000191 ], [ 91.396317000000124, 23.143044 ], [ 91.396309, 23.142895 ], [ 91.396286, 23.142746000000159 ], [ 91.396286, 23.142582 ], [ 91.396233000000109, 23.142466 ], [ 91.396111000000133, 23.142218000000184 ], [ 91.396049000000176, 23.142088 ], [ 91.396004000000175, 23.141985 ], [ 91.395950000000141, 23.141897 ], [ 91.395889, 23.141781 ], [ 91.395844, 23.141651000000138 ], [ 91.395798000000184, 23.141520000000128 ], [ 91.395767, 23.141373 ], [ 91.395767, 23.141254000000174 ], [ 91.395767, 23.141121000000169 ], [ 91.395775, 23.141018 ], [ 91.395775, 23.140915000000177 ], [ 91.395775, 23.140812 ], [ 91.395821000000126, 23.140692 ], [ 91.395859, 23.140587 ], [ 91.39591200000018, 23.140497 ], [ 91.395958000000121, 23.140364 ], [ 91.396004000000175, 23.140244 ], [ 91.396049000000176, 23.140154000000109 ], [ 91.396103, 23.14002 ], [ 91.396194, 23.139957000000152 ], [ 91.396324000000163, 23.139910000000157 ], [ 91.396492, 23.139858000000117 ], [ 91.396599, 23.139824000000146 ], [ 91.39679000000018, 23.139761 ], [ 91.396904, 23.139774000000102 ], [ 91.397072, 23.139795 ], [ 91.397232, 23.139788000000181 ], [ 91.397339000000159, 23.139784000000191 ], [ 91.397461000000135, 23.13978 ], [ 91.397591, 23.139791 ], [ 91.397713000000181, 23.139801 ], [ 91.397835000000157, 23.139795 ], [ 91.397942000000114, 23.139822000000152 ], [ 91.398048000000188, 23.139849 ], [ 91.398209000000179, 23.139887 ], [ 91.398399, 23.139925000000176 ], [ 91.398613, 23.139977 ], [ 91.401192, 23.135191000000134 ], [ 91.403107, 23.129143000000113 ], [ 91.403158, 23.127834000000178 ], [ 91.403187000000116, 23.127074000000164 ], [ 91.403259, 23.125221000000181 ], [ 91.403374000000156, 23.122228000000121 ], [ 91.403400000000147, 23.121546 ], [ 91.403496000000132, 23.119041 ], [ 91.403809, 23.1179810000001 ], [ 91.405037, 23.1159 ], [ 91.405053284000189, 23.115873442000179 ], [ 91.405411001, 23.115290001000119 ], [ 91.406655018000038, 23.114034124000057 ], [ 91.406669905000115, 23.114019099000132 ], [ 91.407108411000138, 23.113568298000018 ], [ 91.407485993000137, 23.113180008000086 ], [ 91.408256500000164, 23.111482278000096 ], [ 91.408897, 23.110071001000108 ], [ 91.409661333000145, 23.1078032530001 ], [ 91.409805, 23.107377 ], [ 91.409995965000121, 23.106809914000053 ], [ 91.409027103000085, 23.104459776000112 ], [ 91.409111136000035, 23.104277348000096 ], [ 91.409302001000071, 23.103863001000036 ], [ 91.408985230000098, 23.10163736200019 ], [ 91.408457309000198, 23.097925725000096 ], [ 91.408058166000103, 23.095119475999979 ], [ 91.408012389000135, 23.094730377000076 ], [ 91.408210754000152, 23.094690323000123 ], [ 91.408500753000055, 23.094645293000099 ], [ 91.408722866000062, 23.094611021000105 ], [ 91.409439000000134, 23.0945 ], [ 91.411987000000124, 23.094739000000118 ], [ 91.412368269000126, 23.094774404000077 ], [ 91.412406911000119, 23.094777991000058 ], [ 91.412979000000121, 23.093571000000111 ], [ 91.412574000000177, 23.092627 ], [ 91.412240000000111, 23.091847000000143 ], [ 91.412163000000135, 23.091669000000138 ], [ 91.41217897700011, 23.09165714500017 ], [ 91.41241500000018, 23.091482000000155 ], [ 91.412849, 23.091160000000116 ], [ 91.412506, 23.086571 ], [ 91.412335000000155, 23.084333000000129 ], [ 91.412262022000107, 23.083370277000142 ], [ 91.412834036000049, 23.082841995000138 ], [ 91.412865447000058, 23.082837133000112 ], [ 91.412918211000147, 23.082828968000058 ], [ 91.413195309000173, 23.082786336000083 ], [ 91.413269043000071, 23.082775117000097 ], [ 91.413391114000092, 23.082756044000064 ], [ 91.413537415000064, 23.082733462000135 ], [ 91.414000253000154, 23.082662022000079 ], [ 91.41426366100012, 23.082621664000101 ], [ 91.414390683000136, 23.082569134000039 ], [ 91.414779664000093, 23.082609177000052 ], [ 91.4149439790001, 23.082647096000073 ], [ 91.414977675000046, 23.082654924000053 ], [ 91.414993367000079, 23.082662513000059 ], [ 91.415113000000133, 23.082721000000163 ], [ 91.415236434, 23.082780726000124 ], [ 91.41531300000014, 23.08288 ], [ 91.415320920999989, 23.082889901000044 ], [ 91.415352296000037, 23.082972841000128 ], [ 91.415372, 23.083025001000181 ], [ 91.415388673000109, 23.083067966000101 ], [ 91.415397971000175, 23.083091924000144 ], [ 91.415436, 23.083131000000151 ], [ 91.41545054400018, 23.083146513000145 ], [ 91.415588000000184, 23.083185000000185 ], [ 91.416233, 23.08310500000016 ], [ 91.416358000000116, 23.083090000000141 ], [ 91.416374000000189, 23.083088000000146 ], [ 91.4164213090001, 23.083024922000106 ], [ 91.416527, 23.082884000000149 ], [ 91.416585, 23.082850000000178 ], [ 91.416595033000078, 23.082844028000068 ], [ 91.41675833, 23.082983997000156 ], [ 91.41684, 23.083054000000175 ], [ 91.41725200000019, 23.083031 ], [ 91.417419000000166, 23.082993000000101 ], [ 91.417479849000131, 23.082759535000093 ], [ 91.417457, 23.082689000000187 ], [ 91.417450022000025, 23.082668065000121 ], [ 91.417525970000099, 23.082521060000147 ], [ 91.417268, 23.082252 ], [ 91.417152000000101, 23.082132000000115 ], [ 91.416489000000126, 23.08161500000017 ], [ 91.416306, 23.081141999000181 ], [ 91.416301859000157, 23.081100138000181 ], [ 91.416260000000193, 23.080677000000151 ], [ 91.416262428000039, 23.080645085000072 ], [ 91.416267001000108, 23.080585 ], [ 91.416278951000038, 23.080426516000045 ], [ 91.416290000000174, 23.080280000000187 ], [ 91.416291471000193, 23.080260931000112 ], [ 91.416346, 23.079554000000144 ], [ 91.41635900000017, 23.079386000000113 ], [ 91.416353, 23.079323 ], [ 91.416336, 23.079140000000166 ], [ 91.416320000000155, 23.079078 ], [ 91.416242116000092, 23.078789593000067 ], [ 91.416081, 23.078543 ], [ 91.415962214000047, 23.07836822500019 ], [ 91.415924072000109, 23.078311921000136 ], [ 91.415840157000162, 23.077886627000112 ], [ 91.415848, 23.077868 ], [ 91.415923773000145, 23.077684551000118 ], [ 91.416069000000164, 23.077543 ], [ 91.416122000000144, 23.077389 ], [ 91.416142, 23.07726700000012 ], [ 91.416161000000159, 23.077152000000183 ], [ 91.416152945000078, 23.077023713000131 ], [ 91.416133000000116, 23.076919 ], [ 91.416107000000125, 23.076786 ], [ 91.416052278000052, 23.076669379000123 ], [ 91.416046, 23.076656000000185 ], [ 91.414780000000121, 23.076435000000174 ], [ 91.413881000000174, 23.076231000000178 ], [ 91.413737922000053, 23.076198666000153 ], [ 91.413703946000055, 23.076190955000129 ], [ 91.413694577000115, 23.076183132000153 ], [ 91.413498001000164, 23.076018999000155 ], [ 91.413449118000131, 23.07590151800008 ], [ 91.413322448000145, 23.075595856 ], [ 91.413322448000145, 23.075294494000161 ], [ 91.413374318000137, 23.075189944000044 ], [ 91.413412, 23.075115 ], [ 91.413444840000125, 23.075048325000125 ], [ 91.413642400000128, 23.074962599000116 ], [ 91.413640349000048, 23.074925261000033 ], [ 91.413635, 23.074831000000188 ], [ 91.413490000000138, 23.07344600000016 ], [ 91.413391000000104, 23.072495000000174 ], [ 91.413246000000186, 23.071039 ], [ 91.413124, 23.069885 ], [ 91.413126, 23.069829 ], [ 91.413131321000037, 23.06967912600004 ], [ 91.413132000000189, 23.06966 ], [ 91.412766, 23.069515000000138 ], [ 91.412667436000106, 23.069140456000071 ], [ 91.412651000000153, 23.069078 ], [ 91.41259, 23.068632 ], [ 91.412555, 23.068578 ], [ 91.41229200000015, 23.068180000000154 ], [ 91.411860993000062, 23.067698389000043 ], [ 91.411686, 23.067497000000174 ], [ 91.411357893, 23.067119417000072 ], [ 91.411306882000133, 23.067061042000148 ], [ 91.411161000000163, 23.066936000000112 ], [ 91.41114710800008, 23.066923711000072 ], [ 91.411139000000105, 23.066912 ], [ 91.411011, 23.066734 ], [ 91.410915505, 23.066580508000186 ], [ 91.410820000000172, 23.066426999000157 ], [ 91.410817167000062, 23.066396459000146 ], [ 91.410797120000097, 23.066179275000081 ], [ 91.4108394120002, 23.066085880000117 ], [ 91.410900370000093, 23.066032385000028 ], [ 91.41108694400009, 23.065884045000189 ], [ 91.411443716000122, 23.065760349000072 ], [ 91.411964417000092, 23.065580369000088 ], [ 91.412162484000078, 23.065579492000097 ], [ 91.412355, 23.065579 ], [ 91.412827000000163, 23.065577 ], [ 91.412878155000044, 23.065566230000115 ], [ 91.412903, 23.065561001000106 ], [ 91.413186, 23.065503 ], [ 91.413727, 23.065392 ], [ 91.414000225000166, 23.065324254000132 ], [ 91.414215088000105, 23.065271377000101 ], [ 91.414417573000037, 23.065222443000152 ], [ 91.414482000000135, 23.065207 ], [ 91.414673000000107, 23.06516100000016 ], [ 91.415283000000159, 23.065056000000141 ], [ 91.415549519000081, 23.065107294000143 ], [ 91.415786882000077, 23.065152977000082 ], [ 91.416397000000131, 23.065271000000166 ], [ 91.416826000000128, 23.065242 ], [ 91.416870000000188, 23.06523900000019 ], [ 91.417168000000174, 23.06515700000017 ], [ 91.417313, 23.064997 ], [ 91.417160000000194, 23.064701 ], [ 91.41681700100014, 23.064404999000033 ], [ 91.416573001000017, 23.064093 ], [ 91.416715399999987, 23.063983962000066 ], [ 91.416748046000066, 23.063959123000075 ], [ 91.416893005000077, 23.063875199000051 ], [ 91.416927252000107, 23.063851350000107 ], [ 91.417, 23.063801 ], [ 91.417075999000076, 23.06372500100008 ], [ 91.417137738000122, 23.063696937000032 ], [ 91.417240943000081, 23.063650026000175 ], [ 91.417274476000102, 23.063634873000069 ], [ 91.417388916000164, 23.063566207000065 ], [ 91.417549134000069, 23.063478470000177 ], [ 91.417739868000069, 23.063381196000137 ], [ 91.417749241000195, 23.063376148000089 ], [ 91.417780000000164, 23.063360000000159 ], [ 91.41783878300015, 23.063328118000186 ], [ 91.417969000000198, 23.063269000000105 ], [ 91.418009459000075, 23.063242910000042 ], [ 91.418076000000156, 23.0632 ], [ 91.418101850000141, 23.063195068000027 ], [ 91.418228150000118, 23.063171386000192 ], [ 91.418395996000129, 23.063089370000171 ], [ 91.418487548000087, 23.063108445000012 ], [ 91.418610265000041, 23.063103110000043 ], [ 91.418663, 23.063101 ], [ 91.418769870000176, 23.063097005000145 ], [ 91.418786, 23.063100000000134 ], [ 91.418938, 23.063124000000187 ], [ 91.41909, 23.063107000000173 ], [ 91.419891358000086, 23.061410904000184 ], [ 91.421664235000094, 23.059591454000099 ], [ 91.421982080000021, 23.059265278000112 ], [ 91.421996991000128, 23.05924999299998 ], [ 91.417655944000046, 23.055610657000159 ], [ 91.412467956000114, 23.054082870000116 ], [ 91.412559510000051, 23.054409028000123 ], [ 91.41258141600008, 23.054465012000151 ], [ 91.412599000000114, 23.054511 ], [ 91.412627973000099, 23.05458493000009 ], [ 91.412649808000083, 23.054644770999971 ], [ 91.412681580000196, 23.054733276000093 ], [ 91.412694591000104, 23.054789659000051 ], [ 91.4127039990002, 23.054832 ], [ 91.412733, 23.054976000000124 ], [ 91.412734000000114, 23.054988 ], [ 91.412712, 23.055086000000188 ], [ 91.412708056000099, 23.055227984 ], [ 91.412704000000133, 23.055374 ], [ 91.412724259000072, 23.055523740000126 ], [ 91.412726404000182, 23.055544629 ], [ 91.412636000000191, 23.05564 ], [ 91.412620933000085, 23.0556561840001 ], [ 91.41260069000009, 23.05571103300008 ], [ 91.41259, 23.055740000000128 ], [ 91.412598, 23.055937 ], [ 91.412617000000182, 23.056054000000131 ], [ 91.412628, 23.05611800000014 ], [ 91.412616500000127, 23.056194500000061 ], [ 91.412605, 23.056271000000152 ], [ 91.412600767000185, 23.056294005000041 ], [ 91.412581999000054, 23.05639600100011 ], [ 91.412567000000138, 23.056506999000078 ], [ 91.412558665000063, 23.056577012000105 ], [ 91.412551880000137, 23.056632995000029 ], [ 91.412536621000186, 23.056770326000105 ], [ 91.412514854000108, 23.056847867000045 ], [ 91.412506, 23.056879001000084 ], [ 91.412524646000179, 23.056953986000167 ], [ 91.412551880000137, 23.057064057000161 ], [ 91.412540843000045, 23.057073943000091 ], [ 91.412460000000181, 23.057146000000103 ], [ 91.412354000000107, 23.057146000000103 ], [ 91.412132990000089, 23.057196913000098 ], [ 91.41197116900014, 23.057234291000043 ], [ 91.411804044000064, 23.057292984000185 ], [ 91.411712999000088, 23.057314000000133 ], [ 91.411684859000047, 23.057322928000133 ], [ 91.411568000000102, 23.057360000000187 ], [ 91.411497, 23.057392 ], [ 91.411461, 23.057408999000074 ], [ 91.411345999000105, 23.057455 ], [ 91.411228154000014, 23.057510726000089 ], [ 91.411217000000192, 23.057516000000135 ], [ 91.411118000000158, 23.057619000000159 ], [ 91.411076015000162, 23.057684977000179 ], [ 91.411033974000134, 23.057751091000171 ], [ 91.411015815000155, 23.057813949000035 ], [ 91.410995000000128, 23.057886 ], [ 91.410938577000138, 23.058048586000155 ], [ 91.410919, 23.058105 ], [ 91.410907924000185, 23.05813991499997 ], [ 91.410872972000107, 23.058250221000037 ], [ 91.410861593000163, 23.058337112000061 ], [ 91.410851, 23.058418000000188 ], [ 91.410851, 23.058538000000169 ], [ 91.410856000000138, 23.058626000000174 ], [ 91.410858000000133, 23.058656995000149 ], [ 91.410861616000091, 23.058720727000093 ], [ 91.410865783000133, 23.058797836000167 ], [ 91.410865783000133, 23.058879853000121 ], [ 91.410865783000133, 23.05906867900012 ], [ 91.410866736000173, 23.059090358000049 ], [ 91.410868, 23.059127 ], [ 91.410873000000151, 23.059242000000154 ], [ 91.410881, 23.059336 ], [ 91.410882000000186, 23.059361 ], [ 91.410889, 23.059513 ], [ 91.410926999000083, 23.059626 ], [ 91.410934, 23.059664 ], [ 91.410956894000151, 23.059783446000154 ], [ 91.410980000000109, 23.059858000000133 ], [ 91.411018, 23.060007 ], [ 91.411043000000177, 23.06006200000013 ], [ 91.411051864000171, 23.060081257000036 ], [ 91.411071778000064, 23.060125351000124 ], [ 91.411102754000126, 23.060222928000144 ], [ 91.411109999000132, 23.060245999000188 ], [ 91.411139999000113, 23.060381 ], [ 91.411157861000163, 23.06044312500012 ], [ 91.411162999000055, 23.060461011000029 ], [ 91.411159000000168, 23.060514 ], [ 91.411156000000119, 23.060558000000128 ], [ 91.411200000000179, 23.060699 ], [ 91.411208931000147, 23.060727777000068 ], [ 91.411232000000155, 23.060986000000185 ], [ 91.411246, 23.061061000000166 ], [ 91.411252698000112, 23.061095976000047 ], [ 91.41125488400013, 23.061107637000021 ], [ 91.411259634000146, 23.061144450000143 ], [ 91.411270000000115, 23.061226000000147 ], [ 91.411272925999981, 23.061266947999968 ], [ 91.411277770000027, 23.061338425000145 ], [ 91.411300659000062, 23.061494828000036 ], [ 91.411275853000177, 23.06164832200011 ], [ 91.411270067000032, 23.061683589000097 ], [ 91.410774231000062, 23.061252594000052 ], [ 91.410652899000127, 23.061215942000047 ], [ 91.410591084000089, 23.061197026000059 ], [ 91.410579496000196, 23.061124020000079 ], [ 91.410559, 23.060994000000164 ], [ 91.410553000000107, 23.060957 ], [ 91.410298000000182, 23.060878000000116 ], [ 91.409805011000117, 23.06072600300007 ], [ 91.409309, 23.060440000000142 ], [ 91.409237394000172, 23.060412136000139 ], [ 91.409088, 23.060354000000132 ], [ 91.408982000000151, 23.060350000000142 ], [ 91.408923375000199, 23.060347992000175 ], [ 91.408836365000127, 23.060344696000072 ], [ 91.408645629000148, 23.060180663999972 ], [ 91.408538819000171, 23.060117723000189 ], [ 91.408510312000033, 23.060115130999975 ], [ 91.408479000000114, 23.060112000000174 ], [ 91.408371, 23.060102 ], [ 91.407471, 23.060089 ], [ 91.406990000000178, 23.060081 ], [ 91.406868, 23.059986 ], [ 91.406852107000077, 23.059961643000065 ], [ 91.406776, 23.059845000000109 ], [ 91.406749000000161, 23.059808 ], [ 91.406731, 23.059784 ], [ 91.406525000000101, 23.059471 ], [ 91.406280978000154, 23.059361686000102 ], [ 91.406270495000058, 23.059207043000185 ], [ 91.406265, 23.059126000000106 ], [ 91.405571, 23.059133999000153 ], [ 91.405056494000064, 23.059091509000041 ], [ 91.405013861000043, 23.059087878000184 ], [ 91.404932319000011, 23.059015763000161 ], [ 91.404693845, 23.058804921000103 ], [ 91.404621272000156, 23.058767909000096 ], [ 91.404594, 23.058754 ], [ 91.404031000000145, 23.059033 ], [ 91.403691774000151, 23.059201820000169 ], [ 91.403602796000087, 23.059245968000084 ], [ 91.403433271000154, 23.059219069000108 ], [ 91.403061001000083, 23.05915999900003 ], [ 91.402755669000044, 23.058854669000141 ], [ 91.402603000000113, 23.058702 ], [ 91.402298, 23.058483 ], [ 91.402066000000104, 23.058471000000111 ], [ 91.401962000000196, 23.058465999000134 ], [ 91.401817764000157, 23.058436484000083 ], [ 91.401703000000111, 23.058413 ], [ 91.401429000000178, 23.058366000000149 ], [ 91.401108, 23.058311 ], [ 91.400932, 23.058578 ], [ 91.400772000000131, 23.058547 ], [ 91.400687730000129, 23.058531045 ], [ 91.400597, 23.058546 ], [ 91.400536000000159, 23.058534000000179 ], [ 91.400494094000067, 23.05852725800014 ], [ 91.400407242000142, 23.058534510000015 ], [ 91.400245666000103, 23.058547974000078 ], [ 91.400062562000073, 23.058553695000114 ], [ 91.39986432600017, 23.058557896000025 ], [ 91.399808000000121, 23.058559000000116 ], [ 91.399612000000104, 23.058563000000106 ], [ 91.399338000000171, 23.05856800000015 ], [ 91.399261694000074, 23.058569496000075 ], [ 91.399185181000064, 23.058570863000114 ], [ 91.398994446000131, 23.057542802000057 ], [ 91.398731261000137, 23.056806512000037 ], [ 91.398674, 23.056646000000114 ], [ 91.39860320300005, 23.056629752000163 ], [ 91.398551941000051, 23.056617737000181 ], [ 91.398338318000071, 23.056657791000077 ], [ 91.398278444000084, 23.056627854 ], [ 91.398176, 23.056576000000177 ], [ 91.398117, 23.056547 ], [ 91.397797000000196, 23.056461 ], [ 91.397751000000142, 23.05643 ], [ 91.39772, 23.056410000000142 ], [ 91.397125000000187, 23.056372000000181 ], [ 91.397011000000191, 23.056269000000157 ], [ 91.396644597000147, 23.056143358999975 ], [ 91.396527000000106, 23.056248 ], [ 91.396515000000193, 23.056259 ], [ 91.396156910000059, 23.056230945000152 ], [ 91.395813, 23.056203999000047 ], [ 91.39573694000012, 23.056297038000025 ], [ 91.395699561000129, 23.056320754000183 ], [ 91.395592000000192, 23.056388999000092 ], [ 91.395081000000175, 23.05673000000013 ], [ 91.39429500000017, 23.057247 ], [ 91.393143, 23.058008 ], [ 91.393030000000124, 23.05809 ], [ 91.391525000000115, 23.059183 ], [ 91.390366000000142, 23.06002 ], [ 91.390038000000175, 23.06004 ], [ 91.38977100000011, 23.060057 ], [ 91.389099000000101, 23.060446000000127 ], [ 91.38784800000019, 23.061165 ], [ 91.387641999000095, 23.061285 ], [ 91.387298529000077, 23.061482483000134 ], [ 91.386955000000171, 23.06168 ], [ 91.386131, 23.062159 ], [ 91.38573700000012, 23.062387000000115 ], [ 91.384918, 23.062862000000166 ], [ 91.384327742000039, 23.063183682000158 ], [ 91.384140015000071, 23.063285829000165 ], [ 91.383848528000044, 23.063442311000131 ], [ 91.383575000000121, 23.063589 ], [ 91.383415, 23.063675000000103 ], [ 91.382492, 23.064163000000178 ], [ 91.382480731000101, 23.064168980000147 ], [ 91.381904, 23.064475 ], [ 91.381546000000128, 23.064665000000105 ], [ 91.381393, 23.064746 ], [ 91.380943000000116, 23.064985000000149 ], [ 91.380280000000141, 23.065334 ], [ 91.379332595000051, 23.065830220000066 ], [ 91.379214649000062, 23.065893899000116 ], [ 91.379119873000036, 23.065944671000068 ], [ 91.378735931000051, 23.066149791000157 ], [ 91.378563, 23.066242 ], [ 91.378403000000105, 23.066364000000192 ], [ 91.378164890000107, 23.066549716000111 ], [ 91.377966000000185, 23.066678 ], [ 91.377861, 23.066746 ], [ 91.377502000000163, 23.066786 ], [ 91.376717, 23.066874 ], [ 91.376321804000042, 23.067069834000165 ], [ 91.376044208000167, 23.067207417000077 ], [ 91.375668836000045, 23.067404837000083 ], [ 91.375350951000087, 23.067571640000097 ], [ 91.37511678400017, 23.06769052400017 ], [ 91.374855000000196, 23.067823000000146 ], [ 91.374259644000119, 23.06813018500003 ], [ 91.373954826000158, 23.068287648000023 ], [ 91.37362700000017, 23.068457 ], [ 91.3733170000001, 23.068636 ], [ 91.373076999000091, 23.068775000000187 ], [ 91.372896006000076, 23.068867302 ], [ 91.372726, 23.068954 ], [ 91.372330000000147, 23.069162 ], [ 91.372189, 23.069237 ], [ 91.372130196000171, 23.069268362000173 ], [ 91.371963500000049, 23.06935691800004 ], [ 91.371894837000127, 23.069395065000094 ], [ 91.371885871000075, 23.069399949000115 ], [ 91.371681000000137, 23.069511000000148 ], [ 91.371574489000068, 23.069582507000121 ], [ 91.371468, 23.069653999000025 ] ], [ [ 91.161201477000077, 23.664005281000186 ], [ 91.161621094000111, 23.663967134000131 ], [ 91.162047914000027, 23.66392911100013 ], [ 91.161532998999974, 23.664590001000079 ], [ 91.161330386000031, 23.664850359000127 ], [ 91.161133021000126, 23.665103641000144 ], [ 91.161152065000067, 23.66479587300006 ], [ 91.161201477000077, 23.664005281000186 ] ], [ [ 91.160667419000163, 23.666465759 ], [ 91.160682550000047, 23.666399558000137 ], [ 91.160689, 23.666372 ], [ 91.160709968, 23.666281139000034 ], [ 91.160717760000125, 23.666246993000016 ], [ 91.16074399900009, 23.666132001000108 ], [ 91.160827589000064, 23.666135981000082 ], [ 91.160743713000045, 23.666484832000094 ], [ 91.160667419000163, 23.666465759 ] ], [ [ 91.877898999000138, 24.150272 ], [ 91.877914, 24.15038300100008 ], [ 91.877884, 24.150581 ], [ 91.877776999000162, 24.150354001000153 ], [ 91.877815001000101, 24.15029000100003 ], [ 91.877898999000138, 24.150272 ] ], [ [ 91.572723639, 24.075011707000101 ], [ 91.572548258000154, 24.074937965 ], [ 91.572663398000088, 24.074922459000163 ], [ 91.572845001000132, 24.074898001000065 ], [ 91.57286712299998, 24.075000676000172 ], [ 91.572872624000183, 24.07502680000016 ], [ 91.572883576000038, 24.075078822000023 ], [ 91.572723639, 24.075011707000101 ] ] ] ] } }
]
}
